nº Co2(scd40) temp(scd40) hum(scd40) raw_signla(sgp40) aiq(ens160) tvoc(ens160) eco2(ens160) rs1(ens160) rs3(ens160) rs4(ens160) temp(ens160) rmox(zmod4410) etoh(zmod4410) tvoc(zmod4410) eco2(zmod4410) iaq(zmod4410) temperatura(bme688) humedad(bme688) presion(bme688) resistencia(bme688) Aire/muestra
1 1057 26,65 37,03 31544 3 314 806 345,88 363,15 76,86 25,14 5,37 0,0084 0,0159  400  1 29,39 31,24 100085,76 455313,468750 0
2 1056 26,63 36,99 31549 3 332 812 343,20 372,11 75,62 25,14 5,37 0,0084 0,0159  400  1 29,39 31,24 100085,76 455313,468750 0
3 1056 26,63 36,99 31549 3 332 812 343,20 372,11 75,62 25,14 5,37 0,0084 0,0159  400  1 29,39 31,24 100085,13 455313,468750 0
4 1057 26,65 37,03 31552 3 340 815 343,66 372,24 75,11 25,14 5,37 0,0084 0,0159  400  1 29,39 31,24 100085,13 455313,468750 0
5 1057 26,65 37,03 31552 3 340 815 343,66 372,24 75,11 25,14 5,37 0,0084 0,0159  400  1 29,39 31,24 100085,13 455313,468750 0
6 1057 26,61 37,05 31552 3 330 815 343,66 372,24 75,11 25,14 5,37 0,0084 0,0159  400  1 29,40 31,24 100085,17 455010,000000 0
7 1057 26,61 37,05 31552 3 330 816 344,48 364,75 74,86 25,14 5,37 0,0084 0,0159  400  1 29,40 31,24 100085,17 455010,000000 0
8 1056 26,62 37,05 31553 3 330 816 344,48 364,75 74,86 25,14 5,37 0,0084 0,0159  400  1 29,40 31,24 100084,84 452896,937500 0
9 1056 26,62 37,05 31553 3 344 816 341,00 367,73 74,86 25,14 5,37 0,0084 0,0159  400  1 29,40 31,24 100084,84 452896,937500 0
10 1056 26,62 37,05 31553 3 344 816 341,00 367,73 74,86 25,14 5,37 0,0084 0,0159  400  1 29,39 31,28 100084,23 453197,625000 0
11 1056 26,64 37,07 31556 3 348 818 340,77 368,48 74,58 25,14 5,37 0,0084 0,0159  400  1 29,39 31,28 100084,23 453197,625000 0
12 1056 26,64 37,07 31556 3 348 818 340,77 368,48 74,58 25,14 5,37 0,0084 0,0159  400  1 29,39 31,28 100084,29 451997,343750 0
13 1056 26,64 37,07 31548 3 338 814 341,57 365,25 75,24 25,14 5,37 0,0084 0,0159  400  1 29,39 31,28 100084,29 451997,343750 0
14 1056 26,64 37,07 31548 3 338 814 341,57 365,25 75,24 25,14 5,37 0,0084 0,0159  400  1 29,39 31,28 100084,29 451997,343750 0
15 1056 26,62 37,11 31546 3 358 814 341,57 365,25 75,24 25,14 5,37 0,0084 0,0159  400  1 29,40 31,28 100083,99 453800,125000 0
16 1056 26,62 37,11 31546 3 358 815 348,11 363,64 75,14 25,14 5,37 0,0084 0,0159  400  1 29,40 31,28 100083,99 453800,125000 0
17 1056 26,63 37,08 31545 3 358 815 348,11 363,64 75,14 25,14 5,37 0,0084 0,0159  400  1 29,40 31,32 100083,62 454102,000000 0
18 1056 26,63 37,08 31545 3 361 822 346,58 358,88 73,80 25,14 5,37 0,0084 0,0159  400  1 29,40 31,32 100083,62 454102,000000 0
19 1056 26,63 37,08 31545 3 361 822 346,58 358,88 73,80 25,14 5,37 0,0084 0,0159  400  1 29,40 31,33 100083,06 454102,000000 0
20 1057 26,64 37,09 31538 3 361 822 347,76 364,75 73,80 25,14 5,37 0,0084 0,0159  400  1 29,40 31,33 100083,06 454102,000000 0
21 1057 26,64 37,09 31538 3 361 822 347,76 364,75 73,80 25,14 5,37 0,0084 0,0159  400  1 29,40 31,33 100082,68 453800,125000 0
22 1057 26,66 37,10 31540 3 336 813 345,99 370,60 75,37 25,14 5,37 0,0084 0,0159  400  1 29,40 31,33 100082,68 453800,125000 0
23 1057 26,66 37,10 31540 3 336 813 345,99 370,60 75,37 25,14 5,37 0,0084 0,0159  400  1 29,40 31,33 100082,68 453800,125000 0
24 1059 26,67 37,05 31538 3 315 813 345,99 370,60 75,37 25,14 5,37 0,0084 0,0159  400  1 29,41 31,29 100082,62 451698,281250 0
25 1059 26,67 37,05 31538 3 315 810 350,71 367,23 76,01 25,14 5,37 0,0084 0,0159  400  1 29,41 31,29 100082,62 451698,281250 0
26 1059 26,71 37,03 31542 3 315 810 350,71 367,23 76,01 25,14 5,37 0,0084 0,0159  400  1 29,41 31,31 100082,74 453800,125000 0
27 1059 26,71 37,03 31542 3 307 804 346,70 365,62 77,31 25,14 5,37 0,0084 0,0159  400  1 29,41 31,31 100082,74 453800,125000 0
28 1059 26,71 37,03 31542 3 307 804 346,70 365,62 77,31 25,14 5,37 0,0084 0,0159  400  1 29,42 31,31 100083,10 452596,687500 0
29 1060 26,73 37,05 31539 3 344 816 350,71 370,73 74,86 25,14 5,37 0,0084 0,0159  400  1 29,42 31,31 100083,10 452596,687500 0
30 1060 26,73 37,05 31539 3 344 816 350,71 370,73 74,86 25,14 5,37 0,0084 0,0159  400  1 29,43 31,28 100083,34 451399,593750 0
31 1062 26,74 37,00 31536 3 360 821 349,29 362,54 73,88 25,14 5,37 0,0084 0,0159  400  1 29,43 31,28 100083,34 451399,593750 0
32 1062 26,74 37,00 31536 3 360 821 349,29 362,54 73,88 25,14 5,37 0,0084 0,0159  400  1 29,43 31,28 100083,34 451399,593750 0
33 1066 26,77 36,98 31538 3 350 821 349,29 362,54 73,88 25,14 5,37 0,0084 0,0159  400  1 29,44 31,29 100083,44 451698,281250 0
34 1066 26,77 36,98 31538 3 350 816 347,64 363,89 74,81 25,14 5,37 0,0084 0,0159  400  1 29,44 31,29 100083,44 451698,281250 0
35 1066 26,80 36,99 31536 3 350 816 347,64 363,89 74,81 25,14 5,37 0,0084 0,0159  400  1 29,45 31,27 100083,69 453197,625000 0
36 1066 26,80 36,99 31536 3 336 813 343,31 371,98 75,37 25,14 5,37 0,0084 0,0159  400  1 29,45 31,27 100083,69 453197,625000 0
37 1066 26,80 36,99 31536 3 336 813 343,31 371,98 75,37 25,14 5,37 0,0084 0,0159  400  1 29,46 31,26 100083,64 449615,812500 0
38 1066 26,85 36,92 31536 3 310 804 344,59 366,73 77,12 25,14 5,37 0,0084 0,0159  400  1 29,46 31,26 100083,64 449615,812500 0
39 1066 26,85 36,92 31536 3 310 804 344,59 366,73 77,12 25,14 5,37 0,0084 0,0159  400  1 29,48 31,25 100084,03 453498,656250 0
40 1067 26,87 36,88 31533 3 358 821 347,52 364,38 73,98 25,14 5,37 0,0084 0,0159  400  1 29,48 31,25 100084,03 453498,656250 0
41 1067 26,87 36,88 31533 3 358 821 347,52 364,38 73,98 25,14 5,37 0,0084 0,0159  400  1 29,48 31,25 100084,03 453498,656250 0
42 1067 26,87 36,88 31529 3 332 821 347,52 364,38 73,98 25,14 5,37 0,0084 0,0159  400  1 29,49 31,25 100084,02 452596,687500 0
43 1067 26,87 36,88 31529 3 332 821 342,96 364,38 74,00 25,14 5,37 0,0084 0,0159  400  1 29,49 31,25 100084,02 452596,687500 0
44 1068 26,90 36,84 31526 3 332 821 342,96 364,38 74,00 25,14 5,37 0,0084 0,0159  400  1 29,50 31,23 100084,22 449319,875000 0
45 1068 26,90 36,84 31526 3 348 818 339,96 366,24 74,58 25,14 5,37 0,0084 0,0159  400  1 29,50 31,23 100084,22 449319,875000 0
46 1068 26,90 36,84 31526 3 348 818 339,96 366,24 74,58 25,14 5,37 0,0084 0,0159  400  1 29,52 31,17 100084,13 452596,687500 0
47 1067 26,92 36,83 31532 3 338 814 350,00 362,05 75,24 25,14 5,37 0,0084 0,0159  400  1 29,52 31,17 100084,13 452596,687500 0
48 1067 26,92 36,83 31532 3 338 814 350,00 362,05 75,24 25,14 5,37 0,0084 0,0159  400  1 29,54 31,17 100083,60 451698,281250 0
49 1067 26,98 36,79 31527 3 357 820 340,30 358,63 74,05 25,14 5,37 0,0084 0,0159  400  1 29,54 31,17 100083,60 451698,281250 0
50 1067 26,98 36,79 31527 3 357 820 340,30 358,63 74,05 25,14 5,37 0,0084 0,0159  400  1 29,54 31,17 100083,60 451698,281250 0
51 1067 26,98 36,74 31522 3 355 820 340,30 358,63 74,05 25,14 5,37 0,0084 0,0159  400  1 29,55 31,15 100083,23 451399,593750 0
52 1067 26,98 36,74 31522 3 355 815 348,11 361,07 75,04 25,14 5,37 0,0084 0,0159  400  1 29,55 31,15 100083,23 451399,593750 0
53 1067 27,04 36,72 31523 3 355 815 348,11 361,07 75,04 25,14 5,37 0,0084 0,0159  400  1 29,57 31,13 100083,21 451399,593750 0
54 1067 27,04 36,72 31523 3 335 813 342,62 359,00 75,42 25,14 5,37 0,0084 0,0159  400  1 29,57 31,13 100083,21 451399,593750 0
55 1067 27,04 36,72 31523 3 335 813 342,62 359,00 75,42 25,14 5,37 0,0084 0,0159  400  1 29,59 31,12 100082,92 452596,687500 0
56 1066 27,06 36,64 31517 3 357 821 343,78 365,74 74,03 25,14 5,37 0,0084 0,0159  400  1 29,59 31,12 100082,92 452596,687500 0
57 1066 27,06 36,64 31517 3 357 821 343,78 365,74 74,03 25,14 5,37 0,0084 0,0159  400  1 29,61 31,09 100083,37 450505,937500 0
58 1066 27,10 36,63 31517 3 330 811 344,71 364,26 75,78 25,14 5,37 0,0084 0,0159  400  1 29,61 31,09 100083,37 450505,937500 0
59 1066 27,10 36,63 31517 3 330 811 344,71 364,26 75,78 25,14 5,37 0,0084 0,0159  400  1 29,61 31,09 100083,37 450505,937500 0
60 1066 27,13 36,58 31515 3 320 811 344,71 364,26 75,78 25,14 5,37 0,0084 0,0159  400  1 29,63 31,07 100083,58 451399,593750 1
61 1066 27,13 36,58 31515 3 320 808 345,76 363,28 76,42 25,14 5,37 0,0086 0,0162  400  1 29,63 31,07 100083,58 451399,593750 1
62 1065 27,18 36,54 29237 3 320 808 345,76 363,28 76,42 25,14 5,37 0,0086 0,0162  400  1 29,66 31,02 100083,57 386488,031250 1
63 1065 27,18 36,54 29237 5 15230 6117 305,06 236,19 8,96 25,14 5,37 0,0086 0,0162  400  1 29,66 31,02 100083,57 386488,031250 1
64 1065 27,18 36,54 29237 5 15230 6117 305,06 236,19 8,96 25,14 5,37 0,0166 0,0311  400  1 29,68 32,83 100084,04 279019,062500 1
65 1066 27,21 36,96 27553 5 24367 11324 244,66 128,05 5,60 25,14 5,37 0,0166 0,0311  400  1 29,68 32,83 100084,04 279019,062500 1
66 1066 27,21 36,96 27553 5 24367 11324 244,66 128,05 5,60 25,14 5,37 0,1226 0,2305  401  1 29,70 36,12 100084,92 225550,656250 1
67 1067 27,28 38,33 27332 5 22919 10436 222,38 94,94 6,20 25,14 5,37 0,1226 0,2305  401  1 29,70 36,12 100084,92 225550,656250 1
68 1067 27,28 38,33 27332 5 22919 10436 222,38 94,94 6,20 25,14 5,37 0,2293 0,4310  404  2 29,70 36,12 100084,92 225550,656250 1
69 1072 27,36 39,92 27364 5 19952 10436 222,38 94,94 6,20 25,14 5,37 0,2293 0,4310  404  2 29,73 38,98 100085,78 200156,375000 1
70 1072 27,36 39,92 27364 5 19952 8687 208,18 86,26 6,84 25,14 5,37 0,3102 0,5832  407  2 29,73 38,98 100085,78 200156,375000 1
71 1072 27,36 39,92 27383 5 19952 8687 208,18 86,26 6,84 25,14 5,37 0,3102 0,5832  407  2 29,75 41,25 100086,89 182857,140625 1
72 1072 27,36 39,92 27383 5 18403 7813 199,36 83,28 7,41 25,14 5,37 0,3102 0,5832  407  2 29,75 41,25 100086,89 182857,140625 1
73 1072 27,36 39,92 27383 5 18403 7813 199,36 83,28 7,41 25,14 5,37 0,3764 0,7076  408  2 29,78 42,88 100087,84 174982,906250 1
74 1080 27,46 41,44 27443 5 16471 6765 195,68 81,47 8,28 25,14 5,37 0,3764 0,7076  408  2 29,78 42,88 100087,84 174982,906250 1
75 1080 27,46 41,44 27443 5 16471 6765 195,68 81,47 8,28 25,14 5,37 0,4376 0,8227  410  2 29,81 44,05 100088,89 171812,078125 1
76 1084 27,54 42,81 27502 5 15966 6100 188,27 83,85 8,98 25,14 5,37 0,4376 0,8227  410  2 29,81 44,05 100088,89 171812,078125 1
77 1084 27,54 42,81 27502 5 15966 6100 188,27 83,85 8,98 25,14 5,37 0,4927 0,9262  411  2 29,81 44,05 100088,89 171812,078125 1
78 1088 27,63 44,06 27565 5 14505 6100 188,27 83,85 8,98 25,14 5,37 0,4927 0,9262  411  2 29,84 44,90 100089,51 171639,296875 1
79 1088 27,63 44,06 27565 5 14505 5747 187,89 84,62 9,41 25,14 5,37 0,5371 1,0098  411  2 29,84 44,90 100089,51 171639,296875 1
80 1093 27,74 45,19 27623 5 14505 5747 187,89 84,62 9,41 25,14 5,37 0,5371 1,0098  411  2 29,88 45,57 100090,98 172158,703125 1
81 1093 27,74 45,19 27623 5 13447 5222 185,49 87,44 10,15 25,14 5,37 0,5371 1,0098  411  2 29,88 45,57 100090,98 172158,703125 1
82 1093 27,74 45,19 27623 5 13447 5222 185,49 87,44 10,15 25,14 5,37 0,5825 1,0951  412  2 29,91 46,12 100091,27 173736,000000 1
83 1099 27,83 46,15 27682 5 12713 4867 185,30 87,89 10,73 25,14 5,37 0,5825 1,0951  412  2 29,91 46,12 100091,27 173736,000000 1
84 1099 27,83 46,15 27682 5 12713 4867 185,30 87,89 10,73 25,14 5,37 0,6154 1,1569  412  2 29,95 46,49 100092,15 175703,500000 1
85 1103 27,93 47,01 27729 5 11955 4598 183,99 90,24 11,23 25,14 5,37 0,6154 1,1569  412  2 29,95 46,49 100092,15 175703,500000 1
86 1103 27,93 47,01 27729 5 11955 4598 183,99 90,24 11,23 25,14 5,37 0,6492 1,2205  413  2 29,95 46,49 100092,15 175703,500000 1
87 1106 28,02 47,73 27773 5 11663 4598 183,99 90,24 11,23 25,14 5,37 0,6492 1,2205  413  2 29,99 46,82 100093,17 178272,984375 1
88 1106 28,02 47,73 27773 5 11663 4373 180,72 91,47 11,70 25,14 5,37 0,6742 1,2676  413  3 29,99 46,82 100093,17 178272,984375 1
89 1111 28,11 48,42 27809 5 11663 4373 180,72 91,47 11,70 25,14 5,37 0,6742 1,2676  413  3 30,03 47,11 100093,84 180727,140625 1
90 1111 28,11 48,42 27809 5 11124 4126 179,50 95,65 12,27 25,14 5,37 0,6742 1,2676  413  3 30,03 47,11 100093,84 180727,140625 1
91 1111 28,11 48,42 27809 5 11124 4126 179,50 95,65 12,27 25,14 5,37 0,6947 1,3060  413  3 30,08 47,28 100094,08 183053,265625 1
92 1113 28,19 48,93 27844 5 10450 3824 179,13 94,84 13,06 25,14 5,37 0,6947 1,3060  413  3 30,08 47,28 100094,08 183053,265625 1
93 1113 28,19 48,93 27844 5 10450 3824 179,13 94,84 13,06 25,14 5,37 0,7205 1,3546  413  3 30,12 47,45 100094,58 185641,765625 1
94 1114 28,29 49,39 27877 5 10147 3681 177,03 97,67 13,48 25,14 5,37 0,7205 1,3546  413  3 30,12 47,45 100094,58 185641,765625 1
95 1114 28,29 49,39 27877 5 10147 3681 177,03 97,67 13,48 25,14 5,37 0,7295 1,3714  413  3 30,12 47,45 100094,58 185641,765625 1
96 1114 28,35 49,80 27906 5 9883 3681 177,03 97,67 13,48 25,14 5,37 0,7295 1,3714  413  3 30,17 47,62 100095,33 192589,812500 1
97 1114 28,35 49,80 27906 5 9883 3577 176,85 98,20 13,81 25,14 5,37 0,7474 1,4051  413  3 30,17 47,62 100095,33 192589,812500 1
98 1116 28,48 50,21 27935 5 9883 3577 176,85 98,20 13,81 25,14 5,37 0,7474 1,4051  413  3 30,22 47,78 100095,55 195233,562500 1
99 1116 28,48 50,21 27935 5 9423 3380 177,20 98,97 14,48 25,14 5,37 0,7474 1,4051  413  3 30,22 47,78 100095,55 195233,562500 1
100 1116 28,48 50,21 27935 5 9423 3380 177,20 98,97 14,48 25,14 5,37 0,7493 1,4087  413  3 30,27 47,86 100095,73 198757,765625 1
101 1116 28,48 50,21 27949 5 9122 3253 173,11 99,27 14,96 25,14 5,37 0,7493 1,4087  413  3 30,27 47,86 100095,73 198757,765625 1
102 1116 28,48 50,21 27949 5 9122 3253 173,11 99,27 14,96 25,14 5,37 0,7628 1,4341  414  3 30,32 47,95 100096,35 198757,765625 1
103 1116 28,56 50,49 27971 5 8994 3231 175,24 100,52 15,05 25,14 5,37 0,7628 1,4341  414  3 30,32 47,95 100096,35 198757,765625 1
104 1116 28,56 50,49 27971 5 8994 3231 175,24 100,52 15,05 25,14 5,37 0,7725 1,4523  414  3 30,32 47,95 100096,35 198757,765625 1
105 1116 28,61 50,73 27987 5 8754 3231 175,24 100,52 15,05 25,14 5,37 0,7725 1,4523  414  3 30,37 48,01 100097,03 201099,765625 1
106 1116 28,61 50,73 27987 5 8754 3100 172,18 101,00 15,59 25,14 5,37 0,7882 1,4818  414  3 30,37 48,01 100097,03 201099,765625 1
107 1116 28,70 50,97 28003 5 8754 3100 172,18 101,00 15,59 25,14 5,37 0,7882 1,4818  414  3 30,42 48,10 100096,68 203619,015625 1
108 1116 28,70 50,97 28003 5 8495 2994 172,00 101,21 16,07 25,14 5,37 0,7882 1,4818  414  3 30,42 48,10 100096,68 203619,015625 1
109 1116 28,70 50,97 28003 5 8495 2994 172,00 101,21 16,07 25,14 5,37 0,7906 1,4862  414  3 30,47 48,06 100096,30 205953,343750 1
110 1116 28,78 51,17 28022 5 8440 2971 171,54 101,52 16,17 25,14 5,37 0,7906 1,4862  414  3 30,47 48,06 100096,30 205953,343750 1
111 1116 28,78 51,17 28022 5 8440 2971 171,54 101,52 16,17 25,14 5,37 0,7978 1,4999  414  3 30,52 48,06 100095,71 205581,203125 1
112 1117 28,87 51,37 28043 5 8262 2912 171,19 103,95 16,46 25,14 5,37 0,7978 1,4999  414  3 30,52 48,06 100095,71 205581,203125 1
113 1117 28,87 51,37 28043 5 8262 2912 171,19 103,95 16,46 25,14 5,37 0,7999 1,5038  414  3 30,52 48,06 100095,71 205581,203125 1
114 1117 28,93 51,49 28062 5 7991 2912 171,19 103,95 16,46 25,14 5,37 0,7999 1,5038  414  3 30,57 48,09 100094,90 207961,000000 1
115 1117 28,93 51,49 28062 5 7991 2791 174,29 102,97 17,09 25,14 5,37 0,8062 1,5157  414  3 30,57 48,09 100094,90 207961,000000 1
116 1117 29,00 51,63 28083 5 7991 2791 174,29 102,97 17,09 25,14 5,37 0,8062 1,5157  414  3 30,62 48,11 100095,23 209750,109375 1
117 1117 29,00 51,63 28083 5 7937 2770 171,83 104,73 17,20 25,14 5,37 0,8062 1,5157  414  3 30,62 48,11 100095,23 209750,109375 1
118 1117 29,00 51,63 28083 5 7937 2770 171,83 104,73 17,20 25,14 5,37 0,8050 1,5134  414  3 30,67 48,09 100094,65 210786,328125 1
119 1118 29,07 51,72 28099 5 7640 2653 172,82 104,55 17,87 25,14 5,37 0,8050 1,5134  414  3 30,67 48,09 100094,65 210786,328125 1
120 1118 29,07 51,72 28099 5 7640 2653 172,82 104,55 17,87 25,14 5,37 0,8073 1,5178  414  3 30,73 48,06 100094,70 212624,578125 0
121 1117 29,15 51,79 28117 5 7606 2517 172,65 105,76 18,74 25,14 5,37 0,8073 1,5178  414  3 30,73 48,06 100094,70 212624,578125 0
122 1117 29,15 51,79 28117 5 7606 2517 172,65 105,76 18,74 25,14 5,37 0,7849 1,4756  414  3 30,73 48,06 100094,70 212624,578125 0
123 1117 29,21 51,61 29006 5 2904 2517 172,65 105,76 18,74 25,14 5,37 0,7849 1,4756  414  3 30,77 46,47 100094,98 226900,062500 0
124 1117 29,21 51,61 29006 5 2904 1379 185,30 115,84 34,39 25,14 5,37 0,7573 1,4237  414  3 30,77 46,47 100094,98 226900,062500 0
125 1116 29,24 49,88 29822 5 2904 1379 185,30 115,84 34,39 25,14 5,37 0,7573 1,4237  414  3 30,83 41,76 100095,23 246213,031250 0
126 1116 29,24 49,88 29822 4 1197 1049 195,68 131,92 48,92 25,14 5,37 0,7573 1,4237  414  3 30,83 41,76 100095,23 246213,031250 0
127 1116 29,24 49,88 29822 4 1197 1049 195,68 131,92 48,92 25,14 5,37 0,7300 1,3724  414  3 30,87 38,17 100094,65 264121,750000 0
128 1116 29,24 49,88 30268 4 764 941 201,39 153,98 58,14 25,14 5,37 0,7300 1,3724  414  3 30,87 38,17 100094,65 264121,750000 0
129 1116 29,24 49,88 30268 4 764 941 201,39 153,98 58,14 25,14 5,37 0,7040 1,3234  414  3 30,92 36,05 100094,37 279247,343750 0
130 1116 29,28 47,79 30491 3 624 903 211,02 166,73 61,96 25,14 5,37 0,7040 1,3234  414  3 30,92 36,05 100094,37 279247,343750 0
131 1116 29,28 47,79 30491 3 624 903 211,02 166,73 61,96 25,14 5,37 0,6774 1,2734  414  3 30,92 36,05 100094,37 279247,343750 0
132 1115 29,32 46,00 30541 3 573 903 211,02 166,73 61,96 25,14 5,37 0,6774 1,2734  414  3 30,97 34,66 100094,16 287478,937500 0
133 1115 29,32 46,00 30541 3 573 888 215,71 175,65 63,74 25,14 5,37 0,6512 1,2242  414  3 30,97 34,66 100094,16 287478,937500 0
134 1115 29,31 44,48 30601 3 573 888 215,71 175,65 63,74 25,14 5,37 0,6512 1,2242  414  3 31,01 33,71 100093,59 298020,968750 0
135 1115 29,31 44,48 30601 3 541 878 222,84 182,87 65,01 25,14 5,37 0,6512 1,2242  414  3 31,01 33,71 100093,59 298020,968750 0
136 1115 29,31 44,48 30601 3 541 878 222,84 182,87 65,01 25,14 5,37 0,6245 1,1740  414  3 31,06 33,00 100092,62 306311,687500 0
137 1115 29,30 43,32 30672 3 508 859 223,21 191,68 67,72 25,14 5,37 0,6245 1,1740  414  3 31,06 33,00 100092,62 306311,687500 0
138 1115 29,30 43,32 30672 3 508 859 223,21 191,68 67,72 25,14 5,37 0,5968 1,1220  414  3 31,09 32,51 100091,08 313917,843750 0
139 1113 29,33 42,31 30734 3 436 846 228,72 204,20 69,68 25,14 5,37 0,5968 1,1220  414  3 31,09 32,51 100091,08 313917,843750 0
140 1113 29,33 42,31 30734 3 436 846 228,72 204,20 69,68 25,14 5,37 0,5671 1,0662  413  3 31,09 32,51 100091,08 313917,843750 0
141 1113 29,31 41,42 30794 3 442 846 228,72 204,20 69,68 25,14 5,37 0,5671 1,0662  413  3 31,13 32,10 100090,44 320100,031250 0
142 1113 29,31 41,42 30794 3 442 848 234,60 207,55 69,35 25,14 5,37 0,5376 1,0108  411  3 31,13 32,10 100090,44 320100,031250 0
143 1112 29,29 40,69 30844 3 442 848 234,60 207,55 69,35 25,14 5,37 0,5376 1,0108  411  3 31,17 31,74 100090,15 325285,906250 0
144 1112 29,29 40,69 30844 3 417 840 240,22 220,73 70,65 25,14 5,37 0,5376 1,0108  411  3 31,17 31,74 100090,15 325285,906250 0
145 1112 29,29 40,69 30844 3 417 840 240,22 220,73 70,65 25,14 5,37 0,5065 0,9522  409  3 31,20 31,46 100089,56 325907,062500 0
146 1113 29,30 40,03 30892 3 471 843 245,15 225,26 70,15 25,14 5,37 0,5065 0,9522  409  3 31,20 31,46 100089,56 325907,062500 0
147 1113 29,30 40,03 30892 3 471 843 245,15 225,26 70,15 25,14 5,37 0,4749 0,8928  406  3 31,23 31,24 100089,47 331928,687500 0
148 1111 29,28 39,48 30931 3 440 848 242,18 231,76 69,46 25,14 5,37 0,4749 0,8928  406  3 31,23 31,24 100089,47 331928,687500 0
149 1111 29,28 39,48 30931 3 440 848 242,18 231,76 69,46 25,14 5,37 0,4447 0,8361  405  3 31,23 31,24 100089,47 331928,687500 0
150 1110 29,30 39,00 30965 3 400 848 242,18 231,76 69,46 25,14 5,37 0,4447 0,8361  405  3 31,25 31,03 100089,34 336842,093750 0
151 1110 29,30 39,00 30965 3 400 835 247,07 238,20 71,54 25,14 5,37 0,4149 0,7801  404  3 31,25 31,03 100089,34 336842,093750 0
152 1110 29,29 38,65 30996 3 400 835 247,07 238,20 71,54 25,14 5,37 0,4149 0,7801  404  3 31,28 30,84 100089,22 340538,750000 0
153 1110 29,29 38,65 30996 3 417 840 251,46 241,45 70,65 25,14 5,37 0,4149 0,7801  404  3 31,28 30,84 100089,22 340538,750000 0
154 1110 29,29 38,65 30996 3 417 840 251,46 241,45 70,65 25,14 5,37 0,3866 0,7268  403  2 31,30 30,69 100088,91 341561,031250 0
155 1108 29,28 38,21 31026 3 441 837 254,80 250,01 71,18 25,14 5,37 0,3866 0,7268  403  2 31,30 30,69 100088,91 341561,031250 0
156 1108 29,28 38,21 31026 3 441 837 254,80 250,01 71,18 25,14 5,37 0,3595 0,6759  402  2 31,32 30,58 100088,32 345362,562500 0
157 1108 29,28 38,21 31062 3 382 829 252,39 248,24 72,54 25,14 5,37 0,3595 0,6759  402  2 31,32 30,58 100088,32 345362,562500 0
158 1108 29,28 38,21 31062 3 382 829 252,39 248,24 72,54 25,14 5,37 0,3336 0,6271  402  2 31,32 30,58 100088,32 345362,562500 0
159 1107 29,29 37,90 31083 3 367 829 252,39 248,24 72,54 25,14 5,37 0,3336 0,6271  402  2 31,33 30,41 100088,04 347118,656250 0
160 1107 29,29 37,90 31083 3 367 824 260,55 253,08 73,40 25,14 5,37 0,3092 0,5813  401  2 31,33 30,41 100088,04 347118,656250 0
161 1107 29,28 37,61 31106 3 367 824 260,55 253,08 73,40 25,14 5,37 0,3092 0,5813  401  2 31,35 30,30 100088,21 349607,375000 0
162 1107 29,28 37,61 31106 3 367 824 255,75 258,09 73,40 25,14 5,37 0,3092 0,5813  401  2 31,35 30,30 100088,21 349607,375000 0
163 1107 29,28 37,61 31106 3 367 824 255,75 258,09 73,40 25,14 5,37 0,2862 0,5380  401  2 31,37 30,20 100088,34 352860,093750 0
164 1106 29,27 37,36 31126 3 368 822 263,75 260,20 73,78 25,14 5,37 0,2862 0,5380  401  2 31,37 30,20 100088,34 352860,093750 0
165 1106 29,27 37,36 31126 3 368 822 263,75 260,20 73,78 25,14 5,37 0,2650 0,4982  401  2 31,38 30,14 100088,52 356173,906250 0
166 1106 29,28 37,06 31141 3 370 825 265,27 260,46 73,26 25,14 5,37 0,2650 0,4982  401  2 31,38 30,14 100088,52 356173,906250 0
167 1106 29,28 37,06 31141 3 370 825 265,27 260,46 73,26 25,14 5,37 0,2455 0,4615  400  2 31,38 30,14 100088,52 356173,906250 0
168 1104 29,25 36,86 31156 3 378 825 265,27 260,46 73,26 25,14 5,37 0,2455 0,4615  400  2 31,39 30,07 100088,52 356918,781250 0
169 1104 29,25 36,86 31156 3 378 827 263,84 264,82 72,79 25,14 5,37 0,2275 0,4277  400  2 31,39 30,07 100088,52 356918,781250 0
170 1104 29,26 36,67 31176 3 378 827 263,84 264,82 72,79 25,14 5,37 0,2275 0,4277  400  2 31,41 29,99 100088,74 353957,843750 0
171 1104 29,26 36,67 31176 3 385 830 265,72 263,12 72,37 25,14 5,37 0,2275 0,4277  400  2 31,41 29,99 100088,74 353957,843750 0
172 1104 29,26 36,67 31176 3 385 830 265,72 263,12 72,37 25,14 5,37 0,2106 0,3959  400  2 31,41 29,90 100088,48 361837,468750 0
173 1103 29,25 36,45 31190 3 378 831 269,79 268,34 72,10 25,14 5,37 0,2106 0,3959  400  2 31,41 29,90 100088,48 361837,468750 0
174 1103 29,25 36,45 31190 3 378 831 269,79 268,34 72,10 25,14 5,37 0,1949 0,3664  400  2 31,42 29,85 100088,30 361837,468750 0
175 1103 29,25 36,33 31203 3 358 821 274,12 271,17 73,98 25,14 5,37 0,1949 0,3664  400  2 31,42 29,85 100088,30 361837,468750 0
176 1103 29,25 36,33 31203 3 358 821 274,12 271,17 73,98 25,14 5,37 0,1807 0,3398  400  2 31,42 29,85 100088,30 361837,468750 0
177 1103 29,25 36,18 31214 3 362 821 274,12 271,17 73,98 25,14 5,37 0,1807 0,3398  400  2 31,43 29,82 100088,22 365714,281250 0
178 1103 29,25 36,18 31214 3 362 822 272,64 277,76 73,70 25,14 5,37 0,1673 0,3146  400  2 31,43 29,82 100088,22 365714,281250 0
179 1101 29,24 36,00 31225 3 362 822 272,64 277,76 73,70 25,14 5,37 0,1673 0,3146  400  2 31,44 29,75 100088,12 367288,375000 0
180 1101 29,24 36,00 31225 3 347 817 275,61 273,84 74,63 25,14 5,37 0,1673 0,3146  400  2 31,44 29,75 100088,12 367288,375000 1
181 1101 29,24 36,00 31225 3 347 817 275,61 273,84 74,63 25,14 5,37 0,1553 0,2919  400  2 31,45 29,70 100087,80 364932,281250 1
182 1101 29,26 35,93 30730 3 617 1212 266,17 254,54 40,24 25,14 5,37 0,1553 0,2919  400  2 31,45 29,70 100087,80 364932,281250 1
183 1101 29,26 35,93 30730 3 617 1212 266,17 254,54 40,24 25,14 5,37 0,1600 0,3009  400  2 31,45 32,05 100087,92 319500,781250 1
184 1100 29,25 36,58 28598 5 8341 2931 246,23 190,97 16,37 25,14 5,37 0,1600 0,3009  400  2 31,45 32,05 100087,92 319500,781250 1
185 1100 29,25 36,58 28598 5 8341 2931 246,23 190,97 16,37 25,14 5,37 0,1983 0,3729  400  2 31,45 32,05 100087,92 319500,781250 1
186 1100 29,25 36,58 28032 5 9477 2931 246,23 190,97 16,37 25,14 5,37 0,1983 0,3729  400  2 31,46 36,25 100088,80 285316,250000 1
187 1100 29,25 36,58 28032 5 9477 3402 223,82 158,16 14,40 25,14 5,37 0,2403 0,4518  400  2 31,46 36,25 100088,80 285316,250000 1
188 1100 29,25 38,35 27990 5 9477 3402 223,82 158,16 14,40 25,14 5,37 0,2403 0,4518  400  2 31,47 39,28 100089,01 261091,281250 1
189 1100 29,25 38,35 27990 5 9541 3430 213,82 139,82 14,30 25,14 5,37 0,2403 0,4518  400  2 31,47 39,28 100089,01 261091,281250 1
190 1100 29,25 38,35 27990 5 9541 3430 213,82 139,82 14,30 25,14 5,37 0,2784 0,5234  400  2 31,48 41,14 100089,66 250734,578125 1
191 1099 29,34 40,01 27954 5 9261 3222 206,64 128,39 15,09 25,14 5,37 0,2784 0,5234  400  2 31,48 41,14 100089,66 250734,578125 1
192 1099 29,34 40,01 27954 5 9261 3222 206,64 128,39 15,09 25,14 5,37 0,3198 0,6011  400  2 31,49 42,32 100090,17 241509,437500 1
193 1099 29,39 41,47 27933 5 8981 3194 201,39 123,74 15,20 25,14 5,37 0,3198 0,6011  400  2 31,49 42,32 100090,17 241509,437500 1
194 1099 29,39 41,47 27933 5 8981 3194 201,39 123,74 15,20 25,14 5,37 0,3549 0,6672  400  2 31,49 42,32 100090,17 241509,437500 1
195 1099 29,44 42,67 27928 5 8732 3194 201,39 123,74 15,20 25,14 5,37 0,3549 0,6672  400  2 31,50 43,14 100090,38 232780,171875 1
196 1099 29,44 42,67 27928 5 8732 3091 197,81 118,98 15,63 25,14 5,37 0,3986 0,7493  401  2 31,50 43,14 100090,38 232780,171875 1
197 1099 29,50 43,83 27939 5 8732 3091 197,81 118,98 15,63 25,14 5,37 0,3986 0,7493  401  2 31,51 43,72 100090,84 231674,203125 1
198 1099 29,50 43,83 27939 5 8491 2992 193,70 119,58 16,08 25,14 5,37 0,3986 0,7493  401  2 31,51 43,72 100090,84 231674,203125 1
199 1099 29,50 43,83 27939 5 8491 2992 193,70 119,58 16,08 25,14 5,37 0,4268 0,8023  403  2 31,52 44,25 100091,08 230423,046875 1
200 1100 29,56 44,70 27958 5 8003 2796 188,85 115,18 17,06 25,14 5,37 0,4268 0,8023  403  2 31,52 44,25 100091,08 230423,046875 1
201 1100 29,56 44,70 27958 5 8003 2796 188,85 115,18 17,06 25,14 5,37 0,4551 0,8557  405  3 31,54 44,59 100091,77 228418,468750 1
202 1099 29,59 45,44 27974 5 8082 2827 187,83 115,21 16,89 25,14 5,37 0,4551 0,8557  405  3 31,54 44,59 100091,77 228418,468750 1
203 1099 29,59 45,44 27974 5 8082 2827 187,83 115,21 16,89 25,14 5,37 0,4795 0,9014  408  3 31,54 44,59 100091,77 228418,468750 1
204 1100 29,66 46,18 27992 5 7806 2827 187,83 115,21 16,89 25,14 5,37 0,4795 0,9014  408  3 31,56 44,88 100092,48 225998,671875 1
205 1100 29,66 46,18 27992 5 7806 2718 187,76 113,09 17,49 25,14 5,37 0,5031 0,9459  411  3 31,56 44,88 100092,48 225998,671875 1
206 1100 29,75 46,75 28015 5 7806 2718 187,76 113,09 17,49 25,14 5,37 0,5031 0,9459  411  3 31,58 45,12 100092,39 227051,000000 1
207 1100 29,75 46,75 28015 5 7756 2698 182,75 114,86 17,60 25,14 5,37 0,5031 0,9459  411  3 31,58 45,12 100092,39 227051,000000 1
208 1100 29,75 46,75 28015 5 7756 2698 182,75 114,86 17,60 25,14 5,37 0,5243 0,9856  412  3 31,60 45,30 100093,22 225104,421875 1
209 1100 29,80 47,26 28038 5 7420 2568 180,84 111,99 18,40 25,14 5,37 0,5243 0,9856  412  3 31,60 45,30 100093,22 225104,421875 1
210 1100 29,80 47,26 28038 5 7420 2568 180,84 111,99 18,40 25,14 5,37 0,5468 1,0281  414  3 31,62 45,44 100093,84 227051,000000 1
211 1100 29,88 47,74 28054 5 7340 2537 181,82 111,27 18,60 25,14 5,37 0,5468 1,0281  414  3 31,62 45,44 100093,84 227051,000000 1
212 1100 29,88 47,74 28054 5 7340 2537 181,82 111,27 18,60 25,14 5,37 0,5704 1,0724  415  3 31,62 45,44 100093,84 227051,000000 1
213 1100 29,88 47,74 28071 5 7352 2537 181,82 111,27 18,60 25,14 5,37 0,5704 1,0724  415  3 31,65 45,55 100094,06 225104,421875 1
214 1100 29,88 47,74 28071 5 7352 2542 181,45 111,31 18,57 25,14 5,37 0,5924 1,1138  415  3 31,65 45,55 100094,06 225104,421875 1
215 1100 29,93 48,09 28091 5 7352 2542 181,45 111,31 18,57 25,14 5,37 0,5924 1,1138  415  3 31,68 45,62 100094,42 226900,062500 1
216 1100 29,93 48,09 28091 5 7220 2521 181,64 113,51 18,71 25,14 5,37 0,5924 1,1138  415  3 31,68 45,62 100094,42 226900,062500 1
217 1100 29,93 48,09 28091 5 7220 2521 181,64 113,51 18,71 25,14 5,37 0,6190 1,1637  416  3 31,70 45,76 100094,77 225849,140625 1
218 1100 29,96 48,38 28112 5 7108 2449 177,93 111,12 19,21 25,14 5,37 0,6190 1,1637  416  3 31,70 45,76 100094,77 225849,140625 1
219 1100 29,96 48,38 28112 5 7108 2449 177,93 111,12 19,21 25,14 5,37 0,6348 1,1935  416  3 31,73 45,79 100095,68 227051,000000 1
220 1100 30,03 48,61 28129 5 6863 2356 180,35 112,67 19,90 25,14 5,37 0,6348 1,1935  416  3 31,73 45,79 100095,68 227051,000000 1
221 1100 30,03 48,61 28129 5 6863 2356 180,35 112,67 19,90 25,14 5,37 0,6498 1,2217  417  3 31,73 45,79 100095,68 227051,000000 1
222 1101 30,06 48,91 28147 5 6812 2356 180,35 112,67 19,90 25,14 5,37 0,6498 1,2217  417  3 31,76 45,92 100095,75 225401,718750 1
223 1101 30,06 48,91 28147 5 6812 2337 175,59 112,67 20,05 25,14 5,37 0,6610 1,2427  417  3 31,76 45,92 100095,75 225401,718750 1
224 1102 30,14 49,14 28161 5 6812 2337 175,59 112,67 20,05 25,14 5,37 0,6610 1,2427  417  3 31,80 45,91 100095,78 225699,796875 1
225 1102 30,14 49,14 28161 5 6784 2408 175,12 110,67 19,50 25,14 5,37 0,6610 1,2427  417  3 31,80 45,91 100095,78 225699,796875 1
226 1102 30,14 49,14 28161 5 6784 2408 175,12 110,67 19,50 25,14 5,37 0,6676 1,2551  417  3 31,83 45,98 100096,15 228571,421875 1
227 1102 30,19 49,31 28177 5 6730 2307 175,65 112,17 20,29 25,14 5,37 0,6676 1,2551  417  3 31,83 45,98 100096,15 228571,421875 1
228 1102 30,19 49,31 28177 5 6730 2307 175,65 112,17 20,29 25,14 5,37 0,6699 1,2594  417  3 31,86 46,02 100096,20 225849,140625 1
229 1102 30,24 49,48 28195 5 6786 2328 170,38 111,72 20,12 25,14 5,37 0,6699 1,2594  417  3 31,86 46,02 100096,20 225849,140625 1
230 1102 30,24 49,48 28195 5 6786 2328 170,38 111,72 20,12 25,14 5,37 0,6886 1,2945  417  3 31,86 46,02 100096,20 225849,140625 1
231 1104 30,28 49,63 28202 5 6773 2328 170,38 111,72 20,12 25,14 5,37 0,6886 1,2945  417  3 31,89 46,02 100096,60 227051,000000 1
232 1104 30,28 49,63 28202 5 6773 2323 179,20 111,46 20,16 25,14 5,37 0,6957 1,3079  417  3 31,89 46,02 100096,60 227051,000000 1
233 1106 30,34 49,75 28215 5 6773 2323 179,20 111,46 20,16 25,14 5,37 0,6957 1,3079  417  3 31,92 46,00 100097,22 227656,734375 1
234 1106 30,34 49,75 28215 5 6641 2275 174,17 111,68 20,55 25,14 5,37 0,6957 1,3079  417  3 31,92 46,00 100097,22 227656,734375 1
235 1106 30,34 49,75 28215 5 6641 2275 174,17 111,68 20,55 25,14 5,37 0,7047 1,3248  417  3 31,96 46,00 100097,34 227656,734375 1
236 1106 30,38 49,84 28229 5 6637 2272 175,89 113,05 20,58 25,14 5,37 0,7047 1,3248  417  3 31,96 46,00 100097,34 227656,734375 1
237 1106 30,38 49,84 28229 5 6637 2272 175,89 113,05 20,58 25,14 5,37 0,7087 1,3324  417  3 31,99 46,02 100097,45 225550,656250 1
238 1107 30,44 49,97 28237 5 6539 2236 172,00 111,34 20,88 25,14 5,37 0,7087 1,3324  417  3 31,99 46,02 100097,45 225550,656250 1
239 1107 30,44 49,97 28237 5 6539 2236 172,00 111,34 20,88 25,14 5,37 0,7109 1,3365  417  3 31,99 46,02 100097,45 225550,656250 1
240 1107 30,47 50,00 28251 5 6499 2236 172,00 111,34 20,88 25,14 5,37 0,7109 1,3365  417  3 32,03 46,02 100097,84 226448,468750 0
241 1107 30,47 50,00 28251 5 6499 2222 171,42 111,27 21,01 25,14 5,37 0,7093 1,3335  417  3 32,03 46,02 100097,84 226448,468750 0
242 1107 30,47 50,00 28785 5 6499 2222 171,42 111,27 21,01 25,14 5,37 0,7093 1,3335  417  3 32,06 45,60 100097,34 236162,359375 0
243 1107 30,47 50,00 28785 5 4746 1438 178,17 121,13 32,77 25,14 5,37 0,7093 1,3335  417  3 32,06 45,60 100097,34 236162,359375 0
244 1107 30,47 50,00 28785 5 4746 1438 178,17 121,13 32,77 25,14 5,37 0,6898 1,2968  417  3 32,09 41,23 100097,04 253905,281250 0
245 1109 30,52 49,91 29709 4 987 999 193,57 135,68 52,58 25,14 5,37 0,6898 1,2968  417  3 32,09 41,23 100097,04 253905,281250 0
246 1109 30,52 49,91 29709 4 987 999 193,57 135,68 52,58 25,14 5,37 0,6697 1,2590  417  3 32,12 37,29 100096,37 271258,281250 0
247 1112 30,56 48,29 30224 3 607 898 197,47 152,33 62,50 25,14 5,37 0,6697 1,2590  417  3 32,12 37,29 100096,37 271258,281250 0
248 1112 30,56 48,29 30224 3 607 898 197,47 152,33 62,50 25,14 5,37 0,6491 1,2204  418  3 32,12 37,29 100096,37 271258,281250 0
249 1114 30,58 46,27 30461 3 499 898 197,47 152,33 62,50 25,14 5,37 0,6491 1,2204  418  3 32,15 34,88 100095,54 284128,750000 0
250 1114 30,58 46,27 30461 3 499 866 207,97 162,11 66,72 25,14 5,37 0,6283 1,1813  419  3 32,15 34,88 100095,54 284128,750000 0
251 1114 30,56 44,55 30509 3 499 866 207,97 162,11 66,72 25,14 5,37 0,6283 1,1813  419  3 32,18 33,47 100095,31 296983,750000 0
252 1114 30,56 44,55 30509 3 417 840 211,66 177,32 70,70 25,14 5,37 0,6283 1,1813  419  3 32,18 33,47 100095,31 296983,750000 0
253 1114 30,56 44,55 30509 3 417 840 211,66 177,32 70,70 25,14 5,37 0,6069 1,1409  420  3 32,21 32,49 100094,53 305216,093750 0
254 1114 30,55 43,15 30578 3 356 820 214,62 186,81 74,03 25,14 5,37 0,6069 1,1409  420  3 32,21 32,49 100094,53 305216,093750 0
255 1114 30,55 43,15 30578 3 356 820 214,62 186,81 74,03 25,14 5,37 0,5845 1,0989  420  3 32,24 31,80 100093,36 310491,218750 0
256 1115 30,52 41,94 30648 3 364 823 219,84 192,53 73,58 25,14 5,37 0,5845 1,0989  420  3 32,24 31,80 100093,36 310491,218750 0
257 1115 30,52 41,94 30648 3 364 823 219,84 192,53 73,58 25,14 5,37 0,5607 1,0540  420  3 32,24 31,80 100093,36 310491,218750 0
258 1114 30,50 40,98 30712 3 325 823 219,84 192,53 73,58 25,14 5,37 0,5607 1,0540  420  3 32,26 31,31 100092,73 319202,000000 0
259 1114 30,50 40,98 30712 3 325 810 228,26 199,96 76,03 25,14 5,37 0,5362 1,0080  419  3 32,26 31,31 100092,73 319202,000000 0
260 1114 30,50 40,16 30770 3 325 810 228,26 199,96 76,03 25,14 5,37 0,5362 1,0080  419  3 32,28 30,90 100092,25 324667,093750 0
261 1114 30,50 40,16 30770 3 347 812 226,33 213,46 75,60 25,14 5,37 0,5362 1,0080  419  3 32,28 30,90 100092,25 324667,093750 0
262 1114 30,50 40,16 30770 3 347 812 226,33 213,46 75,60 25,14 5,37 0,5096 0,9580  418  3 32,31 30,59 100092,08 328731,937500 0
263 1114 30,46 39,41 30823 3 355 820 227,48 217,84 74,10 25,14 5,37 0,5096 0,9580  418  3 32,31 30,59 100092,08 328731,937500 0
264 1114 30,46 39,41 30823 3 355 820 227,48 217,84 74,10 25,14 5,37 0,4822 0,9064  416  3 32,32 30,31 100091,21 333876,750000 0
265 1114 30,46 38,86 30870 3 324 809 233,10 223,59 76,09 25,14 5,37 0,4822 0,9064  416  3 32,32 30,31 100091,21 333876,750000 0
266 1114 30,46 38,86 30870 3 324 809 233,10 223,59 76,09 25,14 5,37 0,4555 0,8564  413  3 32,32 30,31 100091,21 333876,750000 0
267 1115 30,46 38,28 30908 3 320 809 233,10 223,59 76,09 25,14 5,37 0,4555 0,8564  413  3 32,34 30,08 100090,39 338512,406250 0
268 1115 30,46 38,28 30908 3 320 808 237,64 226,79 76,37 25,14 5,37 0,4287 0,8060  410  3 32,34 30,08 100090,39 338512,406250 0
269 1114 30,42 37,81 30946 3 320 808 237,64 226,79 76,37 25,14 5,37 0,4287 0,8060  410  3 32,35 29,90 100090,47 341219,593750 0
270 1114 30,42 37,81 30946 3 328 798 240,96 232,78 78,17 25,14 5,37 0,4287 0,8060  410  3 32,35 29,90 100090,47 341219,593750 0
271 1114 30,42 37,81 30946 3 328 798 240,96 232,78 78,17 25,14 5,37 0,4021 0,7559  407  3 32,37 29,71 100089,68 343624,156250 0
272 1114 30,42 37,81 30987 3 332 812 240,79 241,37 75,60 25,14 5,37 0,4021 0,7559  407  3 32,37 29,71 100089,68 343624,156250 0
273 1114 30,42 37,81 30987 3 332 812 240,79 241,37 75,60 25,14 5,37 0,3763 0,7075  405  2 32,38 29,58 100089,13 348892,687500 0
274 1114 30,40 37,40 31019 3 300 801 250,27 243,00 77,80 25,14 5,37 0,3763 0,7075  405  2 32,38 29,58 100089,13 348892,687500 0
275 1114 30,40 37,40 31019 3 300 801 250,27 243,00 77,80 25,14 5,37 0,3514 0,6607  404  2 32,38 29,58 100089,13 348892,687500 0
276 1114 30,38 37,03 31040 3 305 801 250,27 243,00 77,80 25,14 5,37 0,3514 0,6607  404  2 32,38 29,49 100088,91 351769,156250 0
277 1114 30,38 37,03 31040 3 305 803 250,18 244,24 77,75 25,14 5,37 0,3279 0,6165  403  2 32,38 29,49 100088,91 351769,156250 0
278 1114 30,35 36,76 31056 3 305 803 250,18 244,24 77,75 25,14 5,37 0,3279 0,6165  403  2 32,39 29,36 100088,82 353225,250000 0
279 1114 30,35 36,76 31056 3 310 805 250,01 247,24 77,04 25,14 5,37 0,3279 0,6165  403  2 32,39 29,36 100088,82 353225,250000 0
280 1114 30,35 36,76 31056 3 310 805 250,01 247,24 77,04 25,14 5,37 0,3056 0,5745  402  2 32,40 29,27 100088,79 356545,968750 0
281 1112 30,35 36,39 31075 3 297 800 252,99 250,61 78,02 25,14 5,37 0,3056 0,5745  402  2 32,40 29,27 100088,79 356545,968750 0
282 1112 30,35 36,39 31075 3 297 800 252,99 250,61 78,02 25,14 5,37 0,2846 0,5350  402  2 32,40 29,19 100088,37 356918,781250 0
283 1112 30,34 36,13 31095 3 299 801 252,99 258,88 77,83 25,14 5,37 0,2846 0,5350  402  2 32,40 29,19 100088,37 356918,781250 0
284 1112 30,34 36,13 31095 3 299 801 252,99 258,88 77,83 25,14 5,37 0,2647 0,4977  401  2 32,40 29,19 100088,37 356918,781250 0
285 1112 30,30 35,93 31115 3 324 801 252,99 258,88 77,83 25,14 5,37 0,2647 0,4977  401  2 32,40 29,15 100088,51 358794,687500 0
286 1112 30,30 35,93 31115 3 324 786 258,01 258,18 79,08 25,14 5,37 0,2464 0,4632  401  2 32,40 29,15 100088,51 358794,687500 0
287 1112 30,27 35,70 31132 3 324 786 258,01 258,18 79,08 25,14 5,37 0,2464 0,4632  401  2 32,40 29,04 100088,32 361837,468750 0
288 1112 30,27 35,70 31132 3 314 806 259,58 256,27 76,78 25,14 5,37 0,2464 0,4632  401  2 32,40 29,04 100088,32 361837,468750 0
289 1112 30,27 35,70 31132 3 314 806 259,58 256,27 76,78 25,14 5,37 0,2292 0,4308  401  2 32,41 28,98 100088,79 363765,531250 0
290 1111 30,28 35,53 31149 3 277 780 258,18 263,48 79,51 25,14 5,37 0,2292 0,4308  401  2 32,41 28,98 100088,79 363765,531250 0
291 1111 30,28 35,53 31149 3 277 780 258,18 263,48 79,51 25,14 5,37 0,2135 0,4014  401  2 32,40 28,91 100088,87 362991,843750 0
292 1112 30,25 35,37 31161 3 319 808 258,53 264,46 76,42 25,14 5,37 0,2135 0,4014  401  2 32,40 28,91 100088,87 362991,843750 0
293 1112 30,25 35,37 31161 3 319 808 258,53 264,46 76,42 25,14 5,37 0,1988 0,3738  400  2 32,40 28,91 100088,87 362991,843750 0
294 1113 30,26 35,23 31172 3 295 808 258,53 264,46 76,42 25,14 5,37 0,1988 0,3738  400  2 32,40 28,88 100088,91 366106,531250 0
295 1113 30,26 35,23 31172 3 295 812 262,14 265,18 75,57 25,14 5,37 0,1851 0,3480  400  2 32,40 28,88 100088,91 366106,531250 0
296 1113 30,24 35,04 31175 3 295 812 262,14 265,18 75,57 25,14 5,37 0,1851 0,3480  400  2 32,40 28,85 100088,84 366106,531250 0
297 1113 30,24 35,04 31175 3 319 807 264,73 272,92 76,47 25,14 5,37 0,1851 0,3480  400  2 32,40 28,85 100088,84 366106,531250 0
298 1113 30,24 35,04 31175 3 319 807 264,73 272,92 76,47 25,14 5,37 0,1725 0,3243  400  2 32,40 28,80 100088,88 375641,968750 0
299 1112 30,21 34,93 31182 3 298 800 272,18 277,01 77,94 25,14 5,37 0,1725 0,3243  400  2 32,40 28,80 100088,88 375641,968750 0
300 1112 30,21 34,93 31182 3 298 800 272,18 277,01 77,94 25,14 5,37 0,1611 0,3028  400  2 32,40 28,72 100088,79 376886,281250 1
301 1112 30,21 34,93 31199 3 323 809 265,36 270,98 76,19 25,14 5,37 0,1611 0,3028  400  2 32,40 28,72 100088,79 376886,281250 1
302 1112 30,21 34,93 31199 3 323 809 265,36 270,98 76,19 25,14 5,37 0,1577 0,2966  400  2 32,40 28,72 100088,79 376886,281250 1
303 1112 30,21 34,85 29222 5 5176 809 265,36 270,98 76,19 25,14 5,37 0,1577 0,2966  400  2 32,39 29,94 100089,57 338512,406250 1
304 1112 30,21 34,85 29222 5 5176 2009 239,98 209,45 23,13 25,14 5,37 0,1854 0,3485  400  2 32,39 29,94 100089,57 338512,406250 1
305 1110 30,20 35,35 28406 5 5176 2009 239,98 209,45 23,13 25,14 5,37 0,1854 0,3485  400  2 32,39 34,27 100089,91 301975,812500 1
306 1110 30,20 35,35 28406 5 7794 2713 226,41 172,53 17,51 25,14 5,37 0,1854 0,3485  400  2 32,39 34,27 100089,91 301975,812500 1
307 1110 30,20 35,35 28406 5 7794 2713 226,41 172,53 17,51 25,14 5,37 0,2313 0,4348  400  2 32,39 37,61 100089,99 276756,750000 1
308 1109 30,22 37,11 28092 5 8483 2989 218,87 151,04 16,09 25,14 5,37 0,2313 0,4348  400  2 32,39 37,61 100089,99 276756,750000 1
309 1109 30,22 37,11 28092 5 8483 2989 218,87 151,04 16,09 25,14 5,37 0,2697 0,5071  400  2 32,39 39,61 100090,25 262901,156250 1
310 1109 30,23 38,87 28069 5 8552 3017 210,09 138,83 15,96 25,14 5,37 0,2697 0,5071  400  2 32,39 39,61 100090,25 262901,156250 1
311 1109 30,23 38,87 28069 5 8552 3017 210,09 138,83 15,96 25,14 5,37 0,3066 0,5763  400  2 32,39 39,61 100090,25 262901,156250 1
312 1109 30,30 40,29 28051 5 8305 3017 210,09 138,83 15,96 25,14 5,37 0,3066 0,5763  400  2 32,39 40,88 100091,19 251103,484375 1
313 1109 30,30 40,29 28051 5 8305 2807 199,96 133,63 16,99 25,14 5,37 0,3478 0,6539  400  2 32,39 40,88 100091,19 251103,484375 1
314 1109 30,32 41,52 28046 5 8305 2807 199,96 133,63 16,99 25,14 5,37 0,3478 0,6539  400  2 32,39 41,68 100091,86 245152,015625 1
315 1109 30,32 41,52 28046 5 8135 2849 196,67 126,97 16,78 25,14 5,37 0,3478 0,6539  400  2 32,39 41,68 100091,86 245152,015625 1
316 1109 30,32 41,52 28046 5 8135 2849 196,67 126,97 16,78 25,14 5,37 0,3919 0,7368  401  2 32,39 42,28 100092,83 239644,281250 1
317 1109 30,36 42,49 28047 5 7694 2674 193,96 123,66 17,74 25,14 5,37 0,3919 0,7368  401  2 32,39 42,28 100092,83 239644,281250 1
318 1109 30,36 42,49 28047 5 7694 2674 193,96 123,66 17,74 25,14 5,37 0,4267 0,8021  403  2 32,40 42,74 100093,73 237973,500000 1
319 1109 30,42 43,43 28064 5 7583 2631 194,75 120,85 18,00 25,14 5,37 0,4267 0,8021  403  2 32,40 42,74 100093,73 237973,500000 1
320 1109 30,42 43,43 28064 5 7583 2631 194,75 120,85 18,00 25,14 5,37 0,4478 0,8419  406  3 32,40 42,74 100093,73 237973,500000 1
321 1109 30,47 44,17 28083 5 7374 2631 194,75 120,85 18,00 25,14 5,37 0,4478 0,8419  406  3 32,40 43,10 100094,41 235673,187500 1
322 1109 30,47 44,17 28083 5 7374 2552 190,64 119,99 18,50 25,14 5,37 0,4764 0,8956  409  3 32,40 43,10 100094,41 235673,187500 1
323 1109 30,52 44,70 28103 5 7374 2552 190,64 119,99 18,50 25,14 5,37 0,4764 0,8956  409  3 32,41 43,40 100095,26 233257,406250 1
324 1109 30,52 44,70 28103 5 7297 2520 186,50 117,38 18,71 25,14 5,37 0,4764 0,8956  409  3 32,41 43,40 100095,26 233257,406250 1
325 1109 30,52 44,70 28103 5 7297 2520 186,50 117,38 18,71 25,14 5,37 0,4969 0,9341  411  3 32,42 43,62 100096,17 232621,531250 1
326 1109 30,56 45,34 28120 5 7194 2481 188,40 116,31 18,98 25,14 5,37 0,4969 0,9341  411  3 32,42 43,62 100096,17 232621,531250 1
327 1109 30,56 45,34 28120 5 7194 2481 188,40 116,31 18,98 25,14 5,37 0,5207 0,9790  413  3 32,43 43,78 100096,85 232780,171875 1
328 1109 30,56 45,34 28129 5 6934 2383 182,38 117,94 19,69 25,14 5,37 0,5207 0,9790  413  3 32,43 43,78 100096,85 232780,171875 1
329 1109 30,56 45,34 28129 5 6934 2383 182,38 117,94 19,69 25,14 5,37 0,5425 1,0199  415  3 32,43 43,78 100096,85 232780,171875 1
330 1109 30,61 45,80 28135 5 7054 2383 182,38 117,94 19,69 25,14 5,37 0,5425 1,0199  415  3 32,44 43,92 100097,68 231203,437500 1
331 1109 30,61 45,80 28135 5 7054 2386 180,11 115,84 19,66 25,14 5,37 0,5584 1,0497  416  3 32,44 43,92 100097,68 231203,437500 1
332 1110 30,64 46,24 28154 5 7054 2386 180,11 115,84 19,66 25,14 5,37 0,5584 1,0497  416  3 32,46 44,07 100097,87 230578,703125 1
333 1110 30,64 46,24 28154 5 6822 2341 179,07 115,06 20,01 25,14 5,37 0,5584 1,0497  416  3 32,46 44,07 100097,87 230578,703125 1
334 1110 30,64 46,24 28154 5 6822 2341 179,07 115,06 20,01 25,14 5,37 0,5735 1,0781  416  3 32,47 44,16 100098,80 230734,562500 1
335 1110 30,70 46,55 28172 5 6785 2327 181,82 115,88 20,12 25,14 5,37 0,5735 1,0781  416  3 32,47 44,16 100098,80 230734,562500 1
336 1110 30,70 46,55 28172 5 6785 2327 181,82 115,88 20,12 25,14 5,37 0,5902 1,1095  417  3 32,49 44,28 100099,44 230112,359375 1
337 1108 30,74 46,85 28192 5 6627 2269 180,17 113,82 20,60 25,14 5,37 0,5902 1,1095  417  3 32,49 44,28 100099,44 230112,359375 1
338 1108 30,74 46,85 28192 5 6627 2269 180,17 113,82 20,60 25,14 5,37 0,6028 1,1332  417  3 32,49 44,28 100099,44 230112,359375 1
339 1108 30,80 47,14 28204 5 6753 2269 180,17 113,82 20,60 25,14 5,37 0,6028 1,1332  417  3 32,51 44,35 100099,81 230578,703125 1
340 1108 30,80 47,14 28204 5 6753 2260 175,06 114,55 20,68 25,14 5,37 0,6140 1,1544  418  3 32,51 44,35 100099,81 230578,703125 1
341 1107 30,84 47,39 28224 5 6753 2260 175,06 114,55 20,68 25,14 5,37 0,6140 1,1544  418  3 32,53 44,38 100100,20 230112,359375 1
342 1107 30,84 47,39 28224 5 6314 2155 175,18 114,51 21,62 25,14 5,37 0,6140 1,1544  418  3 32,53 44,38 100100,20 230112,359375 1
343 1107 30,84 47,39 28224 5 6314 2155 175,18 114,51 21,62 25,14 5,37 0,6255 1,1760  418  3 32,55 44,47 100100,84 231517,062500 1
344 1108 30,89 47,57 28241 5 6391 2183 175,89 115,14 21,36 25,14 5,37 0,6255 1,1760  418  3 32,55 44,47 100100,84 231517,062500 1
345 1108 30,89 47,57 28241 5 6391 2183 175,89 115,14 21,36 25,14 5,37 0,6350 1,1939  418  3 32,58 44,52 100101,10 231203,437500 1
346 1107 30,92 47,78 28261 5 6357 2170 175,00 115,33 21,48 25,14 5,37 0,6350 1,1939  418  3 32,58 44,52 100101,10 231203,437500 1
347 1107 30,92 47,78 28261 5 6357 2170 175,00 115,33 21,48 25,14 5,37 0,6384 1,2003  418  3 32,58 44,52 100101,10 231203,437500 1
348 1106 30,94 47,94 28272 5 6385 2170 175,00 115,33 21,48 25,14 5,37 0,6384 1,2003  418  3 32,60 44,56 100101,03 231046,937500 1
349 1106 30,94 47,94 28272 5 6385 2216 176,73 114,44 21,06 25,14 5,37 0,6449 1,2125  418  3 32,60 44,56 100101,03 231046,937500 1
350 1107 30,99 48,10 28285 5 6385 2216 176,73 114,44 21,06 25,14 5,37 0,6449 1,2125  418  3 32,62 44,58 100101,21 231046,937500 1
351 1107 30,99 48,10 28285 5 6344 2165 169,75 114,63 21,52 25,14 5,37 0,6449 1,2125  418  3 32,62 44,58 100101,21 231046,937500 1
352 1107 30,99 48,10 28285 5 6344 2165 169,75 114,63 21,52 25,14 5,37 0,6519 1,2255  419  3 32,64 44,60 100101,95 230734,562500 1
353 1105 31,07 48,23 28299 5 6331 2161 176,31 113,20 21,57 25,14 5,37 0,6519 1,2255  419  3 32,64 44,60 100101,95 230734,562500 1
354 1105 31,07 48,23 28299 5 6331 2161 176,31 113,20 21,57 25,14 5,37 0,6561 1,2335  419  3 32,67 44,69 100101,84 230890,640625 1
355 1104 31,07 48,33 28311 5 6146 2094 174,05 114,13 22,22 25,14 5,37 0,6561 1,2335  419  3 32,67 44,69 100101,84 230890,640625 1
356 1104 31,07 48,33 28311 5 6146 2094 174,05 114,13 22,22 25,14 5,37 0,6602 1,2411  419  3 32,67 44,69 100101,84 230890,640625 1
357 1104 31,07 48,33 28322 5 6254 2094 174,05 114,13 22,22 25,14 5,37 0,6602 1,2411  419  3 32,70 44,68 100102,11 231046,937500 1
358 1104 31,07 48,33 28322 5 6254 2133 173,47 113,32 21,83 25,14 5,37 0,6638 1,2479  419  3 32,70 44,68 100102,11 231046,937500 1
359 1104 31,12 48,46 28337 5 6254 2133 173,47 113,32 21,83 25,14 5,37 0,6638 1,2479  419  3 32,72 44,70 100101,70 230890,640625 1
360 1104 31,12 48,46 28337 5 6166 2101 170,44 115,18 22,14 25,14 5,37 0,6638 1,2479  419  3 32,72 44,70 100101,70 230890,640625 0
361 1104 31,12 48,46 28337 5 6166 2101 170,44 115,18 22,14 25,14 5,37 0,6701 1,2599  419  3 32,75 44,70 100101,24 232304,906250 0
362 1104 31,17 48,51 28563 5 5584 1897 172,00 117,34 24,46 25,14 5,37 0,6701 1,2599  419  3 32,75 44,70 100101,24 232304,906250 0
363 1104 31,17 48,51 28563 5 5584 1897 172,00 117,34 24,46 25,14 5,37 0,6545 1,2305  419  3 32,77 41,65 100100,97 249817,031250 0
364 1104 31,20 48,56 29524 4 1508 1117 184,05 128,65 44,72 25,14 5,37 0,6545 1,2305  419  3 32,77 41,65 100100,97 249817,031250 0
365 1104 31,20 48,56 29524 4 1508 1117 184,05 128,65 44,72 25,14 5,37 0,6376 1,1988  419  3 32,77 41,65 100100,97 249817,031250 0
366 1105 31,21 47,20 30137 4 634 1117 184,05 128,65 44,72 25,14 5,37 0,6376 1,1988  419  3 32,79 37,38 100100,92 266181,437500 0
367 1105 31,21 47,20 30137 4 634 906 194,62 149,97 61,56 25,14 5,37 0,6210 1,1674  419  3 32,79 37,38 100100,92 266181,437500 0
368 1104 31,24 45,22 30435 4 634 906 194,62 149,97 61,56 25,14 5,37 0,6210 1,1674  419  3 32,82 34,59 100100,37 280855,718750 0
369 1104 31,24 45,22 30435 3 490 863 199,76 161,95 67,08 25,14 5,37 0,6210 1,1674  419  3 32,82 34,59 100100,37 280855,718750 0
370 1104 31,24 45,22 30435 3 490 863 199,76 161,95 67,08 25,14 5,37 0,6027 1,1331  420  3 32,84 32,85 100100,22 292655,031250 0
371 1104 31,21 43,55 30487 3 391 832 209,31 174,88 72,00 25,14 5,37 0,6027 1,1331  420  3 32,84 32,85 100100,22 292655,031250 0
372 1104 31,21 43,55 30487 3 391 832 209,31 174,88 72,00 25,14 5,37 0,5846 1,0990  421  3 32,86 31,80 100099,70 301708,906250 0
373 1103 31,20 42,14 30696 3 360 819 213,10 185,24 74,30 25,14 5,37 0,5846 1,0990  421  3 32,86 31,80 100099,70 301708,906250 0
374 1103 31,20 42,14 30696 3 360 819 213,10 185,24 74,30 25,14 5,37 0,5656 1,0634  421  3 32,86 31,80 100099,70 301708,906250 0
375 1103 31,16 41,04 30718 3 334 819 213,10 185,24 74,30 25,14 5,37 0,5656 1,0634  421  3 32,88 31,12 100098,89 310209,031250 0
376 1103 31,16 41,04 30718 3 334 813 221,48 197,21 75,42 25,14 5,37 0,5458 1,0262  422  3 32,88 31,12 100098,89 310209,031250 0
377 1102 31,16 40,05 30758 3 334 813 221,48 197,21 75,42 25,14 5,37 0,5458 1,0262  422  3 32,90 30,65 100098,88 316244,593750 0
378 1102 31,16 40,05 30758 3 346 817 221,33 200,10 74,63 25,14 5,37 0,5458 1,0262  422  3 32,90 30,65 100098,88 316244,593750 0
379 1102 31,16 40,05 30758 3 346 817 221,33 200,10 74,63 25,14 5,37 0,5242 0,9856  421  3 32,91 30,22 100098,60 323436,500000 0
380 1100 31,12 39,24 30794 3 339 815 228,26 209,38 75,09 25,14 5,37 0,5242 0,9856  421  3 32,91 30,22 100098,60 323436,500000 0
381 1100 31,12 39,24 30794 3 339 815 228,26 209,38 75,09 25,14 5,37 0,5013 0,9424  420  3 32,93 29,93 100098,38 327470,406250 0
382 1098 31,12 38,59 30836 3 349 818 229,73 215,20 76,81 25,14 5,37 0,5013 0,9424  420  3 32,93 29,93 100098,38 327470,406250 0
383 1098 31,12 38,59 30836 3 349 818 229,73 215,20 76,81 25,14 5,37 0,4771 0,8969  419  3 32,93 29,93 100098,38 327470,406250 0
384 1097 31,08 37,94 30877 3 318 818 229,73 215,20 76,81 25,14 5,37 0,4771 0,8969  419  3 32,94 29,65 100098,03 331928,687500 0
385 1097 31,08 37,94 30877 3 318 807 227,18 222,61 76,47 25,14 5,37 0,4513 0,8485  417  3 32,94 29,65 100098,03 331928,687500 0
386 1097 31,08 37,94 30924 3 318 807 227,18 222,61 76,47 25,14 5,37 0,4513 0,8485  417  3 32,95 29,40 100097,79 335847,812500 0
387 1097 31,08 37,94 30924 3 294 798 236,83 225,87 78,17 25,14 5,37 0,4513 0,8485  417  3 32,95 29,40 100097,79 335847,812500 0
388 1097 31,08 37,94 30924 3 294 798 236,83 225,87 78,17 25,14 5,37 0,4257 0,8003  414  3 32,96 29,21 100097,52 339860,593750 0
389 1097 31,06 37,36 30947 3 331 812 240,22 229,50 75,65 25,14 5,37 0,4257 0,8003  414  3 32,96 29,21 100097,52 339860,593750 0
390 1097 31,06 37,36 30947 3 331 812 240,22 229,50 75,65 25,14 5,37 0,4012 0,7542  410  3 32,97 29,07 100096,98 341903,187500 0
391 1096 31,03 36,95 30977 3 314 807 248,66 235,71 76,58 25,14 5,37 0,4012 0,7542  410  3 32,97 29,07 100096,98 341903,187500 0
392 1096 31,03 36,95 30977 3 314 807 248,66 235,71 76,58 25,14 5,37 0,3765 0,7078  408  3 32,97 29,07 100096,98 341903,187500 0
393 1093 31,01 36,58 31002 3 272 807 248,66 235,71 76,58 25,14 5,37 0,3765 0,7078  408  3 32,97 28,93 100097,05 344665,093750 0
394 1093 31,01 36,58 31002 3 272 775 238,77 237,23 79,89 25,14 5,37 0,3532 0,6641  406  2 32,97 28,93 100097,05 344665,093750 0
395 1092 30,98 36,15 31025 3 272 775 238,77 237,23 79,89 25,14 5,37 0,3532 0,6641  406  2 32,97 28,82 100096,49 348892,687500 0
396 1092 30,98 36,15 31025 3 286 790 246,73 242,84 78,78 25,14 5,37 0,3532 0,6641  406  2 32,97 28,82 100096,49 348892,687500 0
397 1092 30,98 36,15 31025 3 286 790 246,73 242,84 78,78 25,14 5,37 0,3308 0,6218  404  2 32,97 28,72 100095,98 348536,406250 0
398 1088 30,93 35,86 31048 3 287 790 251,46 246,48 78,73 25,14 5,37 0,3308 0,6218  404  2 32,97 28,72 100095,98 348536,406250 0
399 1088 30,93 35,86 31048 3 287 790 251,46 246,48 78,73 25,14 5,37 0,3098 0,5825  403  2 32,97 28,61 100095,42 353225,250000 0
400 1083 30,92 35,53 31065 3 264 800 247,57 248,83 77,96 25,14 5,37 0,3098 0,5825  403  2 32,97 28,61 100095,42 353225,250000 0
401 1083 30,92 35,53 31065 3 264 800 247,57 248,83 77,96 25,14 5,37 0,2902 0,5455  402  2 32,97 28,61 100095,42 353225,250000 0
402 1080 30,89 35,32 31085 3 279 800 247,57 248,83 77,96 25,14 5,37 0,2902 0,5455  402  2 32,97 28,55 100095,55 356173,906250 0
403 1080 30,89 35,32 31085 3 279 782 251,80 256,96 79,35 25,14 5,37 0,2715 0,5104  402  2 32,97 28,55 100095,55 356173,906250 0
404 1080 30,87 35,13 31109 3 279 782 251,80 256,96 79,35 25,14 5,37 0,2715 0,5104  402  2 32,97 28,49 100096,10 356173,906250 0
405 1080 30,87 35,13 31109 3 303 802 261,52 256,79 77,51 25,14 5,37 0,2715 0,5104  402  2 32,97 28,49 100096,10 356173,906250 0
406 1080 30,87 35,13 31109 3 303 802 261,52 256,79 77,51 25,14 5,37 0,2536 0,4767  401  2 32,96 28,41 100096,23 358041,968750 0
407 1077 30,86 34,93 31124 3 275 778 255,31 263,66 79,64 25,14 5,37 0,2536 0,4767  401  2 32,96 28,41 100096,23 358041,968750 0
408 1077 30,86 34,93 31124 3 275 778 255,31 263,66 79,64 25,14 5,37 0,2370 0,4456  401  2 32,96 28,35 100095,45 358794,687500 0
409 1075 30,84 34,75 31140 3 276 803 256,61 261,61 77,25 25,14 5,37 0,2370 0,4456  401  2 32,96 28,35 100095,45 358794,687500 0
410 1075 30,84 34,75 31140 3 276 803 256,61 261,61 77,25 25,14 5,37 0,2213 0,4161  401  2 32,96 28,35 100095,45 358794,687500 0
411 1075 30,81 34,54 31148 3 286 803 256,61 261,61 77,25 25,14 5,37 0,2213 0,4161  401  2 32,95 28,33 100095,20 362606,218750 0
412 1075 30,81 34,54 31148 3 286 790 263,39 265,36 78,78 25,14 5,37 0,2066 0,3883  401  2 32,95 28,33 100095,20 362606,218750 0
413 1074 30,81 34,43 31164 3 286 790 263,39 265,36 78,78 25,14 5,37 0,2066 0,3883  401  2 32,95 28,26 100095,42 363765,531250 0
414 1074 30,81 34,43 31164 3 272 775 259,58 263,21 79,86 25,14 5,37 0,2066 0,3883  401  2 32,95 28,26 100095,42 363765,531250 0
415 1074 30,81 34,43 31164 3 272 775 259,58 263,21 79,86 25,14 5,37 0,1928 0,3624  400  2 32,94 28,23 100095,02 366499,656250 0
416 1074 30,81 34,43 31183 3 279 783 264,64 273,56 79,29 25,14 5,37 0,1928 0,3624  400  2 32,94 28,23 100095,02 366499,656250 0
417 1074 30,81 34,43 31183 3 279 783 264,64 273,56 79,29 25,14 5,37 0,1801 0,3386  400  2 32,93 28,16 100095,14 367288,375000 0
418 1073 30,77 34,32 31193 3 280 790 262,94 271,72 78,73 25,14 5,37 0,1801 0,3386  400  2 32,93 28,16 100095,14 367288,375000 0
419 1073 30,77 34,32 31193 3 280 790 262,94 271,72 78,73 25,14 5,37 0,1685 0,3168  400  2 32,93 28,16 100095,14 367288,375000 0
420 1072 30,73 34,18 31206 3 286 790 262,94 271,72 78,73 25,14 5,37 0,1685 0,3168  400  2 32,92 28,18 100094,95 367684,031250 1
421 1072 30,73 34,18 31206 3 286 790 265,90 268,97 78,76 25,14 5,37 0,1589 0,2988  400  2 32,92 28,18 100094,95 367684,031250 1
422 1072 30,73 34,09 29836 3 286 790 265,90 268,97 78,76 25,14 5,37 0,1589 0,2988  400  2 32,92 28,41 100094,89 352495,687500 1
423 1072 30,73 34,09 29836 5 2736 1351 251,80 235,48 35,23 25,14 5,37 0,1589 0,2988  400  2 32,92 28,41 100094,89 352495,687500 1
424 1072 30,73 34,09 29836 5 2736 1351 251,80 235,48 35,23 25,14 5,37 0,1757 0,3304  400  2 32,91 32,69 100095,73 314786,343750 1
425 1071 30,70 34,42 28744 5 6297 2149 233,41 196,61 21,68 25,14 5,37 0,1757 0,3304  400  2 32,91 32,69 100095,73 314786,343750 1
426 1071 30,70 34,42 28744 5 6297 2149 233,41 196,61 21,68 25,14 5,37 0,2129 0,4003  400  2 32,90 36,55 100095,60 290661,375000 1
427 1071 30,72 36,24 28345 5 7348 2584 221,93 163,66 18,29 25,14 5,37 0,2129 0,4003  400  2 32,90 36,55 100095,60 290661,375000 1
428 1071 30,72 36,24 28345 5 7348 2584 221,93 163,66 18,29 25,14 5,37 0,2491 0,4683  400  2 32,90 36,55 100095,60 290661,375000 1
429 1071 30,73 38,08 28153 5 7922 2584 221,93 163,66 18,29 25,14 5,37 0,2491 0,4683  400  2 32,89 38,87 100096,38 270827,812500 1
430 1071 30,73 38,08 28153 5 7922 2764 210,31 146,41 17,23 25,14 5,37 0,2866 0,5388  400  2 32,89 38,87 100096,38 270827,812500 1
431 1071 30,77 39,56 28139 5 7922 2764 210,31 146,41 17,23 25,14 5,37 0,2866 0,5388  400  2 32,88 40,24 100096,98 259700,734375 1
432 1071 30,77 39,56 28139 5 8008 2798 204,76 139,73 17,04 25,14 5,37 0,2866 0,5388  400  2 32,88 40,24 100096,98 259700,734375 1
433 1071 30,77 39,56 28139 5 8008 2798 204,76 139,73 17,04 25,14 5,37 0,3241 0,6094  400  2 32,88 41,12 100097,78 252777,093750 1
434 1071 30,80 40,79 28126 5 7615 2643 197,61 134,21 17,92 25,14 5,37 0,3241 0,6094  400  2 32,88 41,12 100097,78 252777,093750 1
435 1071 30,80 40,79 28126 5 7615 2643 197,61 134,21 17,92 25,14 5,37 0,3590 0,6750  401  2 32,88 41,71 100098,45 245681,375000 1
436 1071 30,84 41,82 28127 5 7462 2584 194,36 128,31 18,29 25,14 5,37 0,3590 0,6750  401  2 32,88 41,71 100098,45 245681,375000 1
437 1071 30,84 41,82 28127 5 7462 2584 194,36 128,31 18,29 25,14 5,37 0,3903 0,7337  402  2 32,88 41,71 100098,45 245681,375000 1
438 1071 30,88 42,69 28137 5 7231 2584 194,36 128,31 18,29 25,14 5,37 0,3903 0,7337  402  2 32,87 42,16 100098,85 241338,671875 1
439 1071 30,88 42,69 28137 5 7231 2495 198,35 123,79 18,87 25,14 5,37 0,4230 0,7952  404  2 32,87 42,16 100098,85 241338,671875 1
440 1071 30,94 43,45 28151 5 7231 2495 198,35 123,79 18,87 25,14 5,37 0,4230 0,7952  404  2 32,87 42,44 100099,75 239140,593750 1
441 1071 30,94 43,45 28151 5 7195 2481 191,74 123,95 18,97 25,14 5,37 0,4230 0,7952  404  2 32,87 42,44 100099,75 239140,593750 1
442 1071 30,94 43,45 28151 5 7195 2481 191,74 123,95 18,97 25,14 5,37 0,4537 0,8530  407  3 32,88 42,75 100100,10 237476,812500 1
443 1070 30,96 44,14 28164 5 6862 2386 187,51 120,03 19,66 25,14 5,37 0,4537 0,8530  407  3 32,88 42,75 100100,10 237476,812500 1
444 1070 30,96 44,14 28164 5 6862 2386 187,51 120,03 19,66 25,14 5,37 0,4768 0,8964  409  3 32,88 42,93 100100,49 235999,078125 1
445 1070 30,96 44,14 28171 5 6832 2345 188,91 119,63 19,98 25,14 5,37 0,4768 0,8964  409  3 32,88 42,93 100100,49 235999,078125 1
446 1070 30,96 44,14 28171 5 6832 2345 188,91 119,63 19,98 25,14 5,37 0,4966 0,9335  410  3 32,88 42,93 100100,49 235999,078125 1
447 1070 31,03 44,62 28185 5 6754 2345 188,91 119,63 19,98 25,14 5,37 0,4966 0,9335  410  3 32,89 43,13 100101,28 235186,031250 1
448 1070 31,03 44,62 28185 5 6754 2316 185,68 119,71 20,21 25,14 5,37 0,5206 0,9787  412  3 32,89 43,13 100101,28 235186,031250 1
449 1071 31,06 45,10 28204 5 6754 2316 185,68 119,71 20,21 25,14 5,37 0,5206 0,9787  412  3 32,90 43,24 100101,62 234378,578125 1
450 1071 31,06 45,10 28204 5 6528 2232 182,93 119,46 20,91 25,14 5,37 0,5206 0,9787  412  3 32,90 43,24 100101,62 234378,578125 1
451 1071 31,06 45,10 28204 5 6528 2232 182,93 119,46 20,91 25,14 5,37 0,5389 1,0131  412  3 32,91 43,35 100102,50 233416,906250 1
452 1070 31,10 45,49 28226 5 6574 2254 181,39 122,41 20,72 25,14 5,37 0,5389 1,0131  412  3 32,91 43,35 100102,50 233416,906250 1
453 1070 31,10 45,49 28226 5 6574 2254 181,39 122,41 20,72 25,14 5,37 0,5474 1,0290  413  3 32,92 43,45 100103,07 234539,625000 1
454 1070 31,15 45,86 28243 5 6447 2203 180,72 118,86 21,18 25,14 5,37 0,5474 1,0290  413  3 32,92 43,45 100103,07 234539,625000 1
455 1070 31,15 45,86 28243 5 6447 2203 180,72 118,86 21,18 25,14 5,37 0,5577 1,0485  414  3 32,92 43,45 100103,07 234539,625000 1
456 1071 31,20 46,12 28256 5 6497 2203 180,72 118,86 21,18 25,14 5,37 0,5577 1,0485  414  3 32,93 43,57 100104,17 233416,906250 1
457 1071 31,20 46,12 28256 5 6497 2221 182,62 116,90 21,01 25,14 5,37 0,5727 1,0767  414  3 32,93 43,57 100104,17 233416,906250 1
458 1071 31,22 46,41 28277 5 6497 2221 182,62 116,90 21,01 25,14 5,37 0,5727 1,0767  414  3 32,95 43,67 100104,55 233736,593750 1
459 1071 31,22 46,41 28277 5 6356 2170 178,23 117,26 21,48 25,14 5,37 0,5727 1,0767  414  3 32,95 43,67 100104,55 233736,593750 1
460 1071 31,22 46,41 28277 5 6356 2170 178,23 117,26 21,48 25,14 5,37 0,5870 1,1036  414  3 32,96 43,71 100104,96 233736,593750 1
461 1072 31,27 46,64 28293 5 6230 2160 179,92 118,78 21,57 25,14 5,37 0,5870 1,1036  414  3 32,96 43,71 100104,96 233736,593750 1
462 1072 31,27 46,64 28293 5 6230 2160 179,92 118,78 21,57 25,14 5,37 0,5987 1,1256  414  3 32,98 43,81 100105,34 234057,140625 1
463 1072 31,31 46,89 28311 5 6334 2162 179,80 116,82 21,55 25,14 5,37 0,5987 1,1256  414  3 32,98 43,81 100105,34 234057,140625 1
464 1072 31,31 46,89 28311 5 6334 2162 179,80 116,82 21,55 25,14 5,37 0,6149 1,1561  415  3 32,98 43,81 100105,34 234057,140625 1
465 1072 31,34 47,06 28331 5 6147 2162 179,80 116,82 21,55 25,14 5,37 0,6149 1,1561  415  3 33,00 43,82 100106,15 233576,640625 1
466 1072 31,34 47,06 28331 5 6147 2094 180,11 118,74 22,21 25,14 5,37 0,6263 1,1774  415  3 33,00 43,82 100106,15 233576,640625 1
467 1071 31,37 47,20 28345 5 6147 2094 180,11 118,74 22,21 25,14 5,37 0,6263 1,1774  415  3 33,02 43,87 100107,20 234539,625000 1
468 1071 31,37 47,20 28345 5 6130 2088 176,07 116,04 22,27 25,14 5,37 0,6263 1,1774  415  3 33,02 43,87 100107,20 234539,625000 1
469 1071 31,37 47,20 28345 5 6130 2088 176,07 116,04 22,27 25,14 5,37 0,6430 1,2088  415  3 33,04 43,94 100107,65 234700,890625 1
470 1071 31,39 47,36 28358 5 6151 2031 172,82 117,18 22,87 25,14 5,37 0,6430 1,2088  415  3 33,04 43,94 100107,65 234700,890625 1
471 1071 31,39 47,36 28358 5 6151 2031 172,82 117,18 22,87 25,14 5,37 0,6462 1,2148  415  3 33,06 43,95 100107,98 235999,078125 1
472 1071 31,39 47,36 28369 5 6068 2066 177,20 120,85 22,50 25,14 5,37 0,6462 1,2148  415  3 33,06 43,95 100107,98 235999,078125 1
473 1071 31,39 47,36 28369 5 6068 2066 177,20 120,85 22,50 25,14 5,37 0,6519 1,2256  415  3 33,06 43,95 100107,98 235999,078125 1
474 1071 31,46 47,49 28389 5 5926 2066 177,20 120,85 22,50 25,14 5,37 0,6519 1,2256  415  3 33,08 43,97 100108,12 234862,390625 1
475 1071 31,46 47,49 28389 5 5926 2016 174,76 117,86 23,04 25,14 5,37 0,6581 1,2372  415  3 33,08 43,97 100108,12 234862,390625 1
476 1071 31,49 47,59 28399 5 5926 2016 174,76 117,86 23,04 25,14 5,37 0,6581 1,2372  415  3 33,10 43,99 100108,95 234378,578125 1
477 1071 31,49 47,59 28399 5 5910 2011 176,31 117,86 23,10 25,14 5,37 0,6581 1,2372  415  3 33,10 43,99 100108,95 234378,578125 1
478 1071 31,49 47,59 28399 5 5910 2011 176,31 117,86 23,10 25,14 5,37 0,6613 1,2433  415  3 33,12 44,03 100108,95 235673,187500 1
479 1072 31,52 47,62 28407 5 5980 1976 173,82 117,74 23,49 25,14 5,37 0,6613 1,2433  415  3 33,12 44,03 100108,95 235673,187500 1
480 1072 31,52 47,62 28407 5 5980 1976 173,82 117,74 23,49 25,14 5,37 0,6656 1,2513  415  3 33,14 44,07 100109,22 235673,187500 0
481 1072 31,56 47,80 28422 5 5837 1985 171,31 117,10 23,39 25,14 5,37 0,6656 1,2513  415  3 33,14 44,07 100109,22 235673,187500 0
482 1072 31,56 47,80 28422 5 5837 1985 171,31 117,10 23,39 25,14 5,37 0,6542 1,2300  415  3 33,14 44,07 100109,22 235673,187500 0
483 1073 31,59 47,87 29280 4 1927 1985 171,31 117,10 23,39 25,14 5,37 0,6542 1,2300  415  3 33,16 42,66 100108,95 247283,265625 0
484 1073 31,59 47,87 29280 4 1927 1203 182,19 131,07 40,58 25,14 5,37 0,6375 1,1986  415  3 33,16 42,66 100108,95 247283,265625 0
485 1073 31,59 46,72 30025 4 1927 1203 182,19 131,07 40,58 25,14 5,37 0,6375 1,1986  415  3 33,18 37,95 100107,63 263713,625000 0
486 1073 31,59 46,72 30025 4 686 920 196,87 145,03 59,91 25,14 5,37 0,6375 1,1986  415  3 33,18 37,95 100107,63 263713,625000 0
487 1073 31,59 46,72 30025 4 686 920 196,87 145,03 59,91 25,14 5,37 0,6207 1,1669  416  3 33,20 34,73 100107,22 277883,312500 0
488 1073 31,60 44,82 30377 3 517 860 205,31 160,37 67,49 25,14 5,37 0,6207 1,1669  416  3 33,20 34,73 100107,22 277883,312500 0
489 1073 31,60 44,82 30377 3 517 860 205,31 160,37 67,49 25,14 5,37 0,6039 1,1353  417  3 33,21 32,82 100106,55 290167,187500 0
490 1074 31,59 43,16 30445 3 395 833 209,10 173,47 71,76 25,14 5,37 0,6039 1,1353  417  3 33,21 32,82 100106,55 290167,187500 0
491 1074 31,59 43,16 30445 3 395 833 209,10 173,47 71,76 25,14 5,37 0,5860 1,1018  418  3 33,21 32,82 100106,55 290167,187500 0
492 1073 31,57 41,73 30686 3 359 833 209,10 173,47 71,76 25,14 5,37 0,5860 1,1018  418  3 33,23 31,61 100106,00 301975,812500 0
493 1073 31,57 41,73 30686 3 359 821 212,24 184,93 73,83 25,14 5,37 0,5668 1,0656  419  3 33,23 31,61 100106,00 301975,812500 0
494 1071 31,54 40,55 30710 3 359 821 212,24 184,93 73,83 25,14 5,37 0,5668 1,0656  419  3 33,24 30,84 100104,02 306311,687500 0
495 1071 31,54 40,55 30710 3 334 813 214,98 191,42 75,42 25,14 5,37 0,5668 1,0656  419  3 33,24 30,84 100104,02 306311,687500 0
496 1071 31,54 40,55 30710 3 334 813 214,98 191,42 75,42 25,14 5,37 0,5464 1,0272  419  3 33,26 30,33 100102,84 314496,312500 0
497 1071 31,51 39,57 30752 3 307 808 218,14 199,09 76,29 25,14 5,37 0,5464 1,0272  419  3 33,26 30,33 100102,84 314496,312500 0
498 1071 31,51 39,57 30752 3 307 808 218,14 199,09 76,29 25,14 5,37 0,5251 0,9873  419  3 33,27 29,86 100101,58 321608,031250 0
499 1071 31,50 38,78 30795 3 332 812 227,02 211,09 75,52 25,14 5,37 0,5251 0,9873  419  3 33,27 29,86 100101,58 321608,031250 0
500 1071 31,50 38,78 30795 3 332 812 227,02 211,09 75,52 25,14 5,37 0,5028 0,9452  419  3 33,27 29,86 100101,58 321608,031250 0
501 1071 31,50 38,78 30841 3 307 812 227,02 211,09 75,52 25,14 5,37 0,5028 0,9452  419  3 33,28 29,56 100100,66 324667,093750 0
502 1071 31,50 38,78 30841 3 307 803 231,76 213,61 77,23 25,14 5,37 0,4785 0,8996  417  3 33,28 29,56 100100,66 324667,093750 0
503 1071 31,45 38,04 30877 3 307 803 231,76 213,61 77,23 25,14 5,37 0,4785 0,8996  417  3 33,30 29,28 100100,35 331928,687500 0
504 1071 31,45 38,04 30877 3 283 787 231,05 222,91 78,94 25,14 5,37 0,4785 0,8996  417  3 33,30 29,28 100100,35 331928,687500 0
505 1071 31,45 38,04 30877 3 283 787 231,05 222,91 78,94 25,14 5,37 0,4532 0,8520  415  3 33,30 29,02 100099,67 333876,750000 0
506 1071 31,44 37,41 30914 3 291 795 237,23 230,66 78,36 25,14 5,37 0,4532 0,8520  415  3 33,30 29,02 100099,67 333876,750000 0
507 1071 31,44 37,41 30914 3 291 795 237,23 230,66 78,36 25,14 5,37 0,4272 0,8032  413  3 33,31 28,86 100099,11 340878,843750 0
508 1070 31,40 36,85 30946 3 281 785 239,90 231,76 79,11 25,14 5,37 0,4272 0,8032  413  3 33,31 28,86 100099,11 340878,843750 0
509 1070 31,40 36,85 30946 3 281 785 239,90 231,76 79,11 25,14 5,37 0,4024 0,7565  410  3 33,31 28,86 100099,11 340878,843750 0
510 1069 31,36 36,45 30975 3 299 785 239,90 231,76 79,11 25,14 5,37 0,4024 0,7565  410  3 33,31 28,71 100098,31 343970,437500 0
511 1069 31,36 36,45 30975 3 299 801 239,33 237,48 77,78 25,14 5,37 0,3776 0,7099  407  3 33,31 28,71 100098,31 343970,437500 0
512 1066 31,34 36,00 31000 3 299 801 239,33 237,48 77,78 25,14 5,37 0,3776 0,7099  407  3 33,31 28,57 100097,43 347118,656250 0
513 1066 31,34 36,00 31000 3 245 746 245,32 240,39 82,02 25,14 5,37 0,3776 0,7099  407  3 33,31 28,57 100097,43 347118,656250 0
514 1066 31,34 36,00 31000 3 245 746 245,32 240,39 82,02 25,14 5,37 0,3535 0,6646  405  2 33,31 28,46 100096,80 347472,000000 0
515 1065 31,31 35,69 31029 3 278 781 243,99 241,28 79,37 25,14 5,37 0,3535 0,6646  405  2 33,31 28,46 100096,80 347472,000000 0
516 1065 31,31 35,69 31029 3 278 781 243,99 241,28 79,37 25,14 5,37 0,3308 0,6220  404  2 33,31 28,36 100096,36 351769,156250 0
517 1065 31,28 35,34 31050 3 269 772 250,35 247,65 80,07 25,14 5,37 0,3308 0,6220  404  2 33,31 28,36 100096,36 351769,156250 0
518 1065 31,28 35,34 31050 3 269 772 250,35 247,65 80,07 25,14 5,37 0,3089 0,5808  403  2 33,31 28,36 100096,36 351769,156250 0
519 1065 31,26 35,07 31071 3 254 772 250,35 247,65 80,07 25,14 5,37 0,3089 0,5808  403  2 33,30 28,26 100096,13 355802,656250 0
520 1065 31,26 35,07 31071 3 254 756 248,33 256,18 81,25 25,14 5,37 0,2885 0,5424  402  2 33,30 28,26 100096,13 355802,656250 0
521 1064 31,22 34,86 31091 3 254 756 248,33 256,18 81,25 25,14 5,37 0,2885 0,5424  402  2 33,30 28,15 100096,40 357666,781250 0
522 1064 31,22 34,86 31091 3 287 791 254,37 256,61 81,72 25,14 5,37 0,2885 0,5424  402  2 33,30 28,15 100096,40 357666,781250 0
523 1064 31,22 34,86 31091 3 287 791 254,37 256,61 81,72 25,14 5,37 0,2689 0,5056  402  2 33,29 28,12 100095,82 360309,656250 0
524 1064 31,20 34,64 31107 3 265 767 255,92 260,73 80,43 25,14 5,37 0,2689 0,5056  402  2 33,29 28,12 100095,82 360309,656250 0
525 1064 31,20 34,64 31107 3 265 767 255,92 260,73 80,43 25,14 5,37 0,2510 0,4718  401  2 33,28 28,02 100095,44 358417,906250 0
526 1065 31,15 34,43 31123 3 275 779 254,88 262,85 79,59 25,14 5,37 0,2510 0,4718  401  2 33,28 28,02 100095,44 358417,906250 0
527 1065 31,15 34,43 31123 3 275 779 254,88 262,85 79,59 25,14 5,37 0,2340 0,4399  401  2 33,28 28,02 100095,44 358417,906250 0
528 1064 31,14 34,25 31135 3 258 779 254,88 262,85 79,59 25,14 5,37 0,2340 0,4399  401  2 33,27 27,95 100094,94 361454,281250 0
529 1064 31,14 34,25 31135 3 258 760 256,53 258,97 81,00 25,14 5,37 0,2183 0,4104  401  2 33,27 27,95 100094,94 361454,281250 0
530 1064 31,14 34,25 31154 3 258 760 256,53 258,97 81,00 25,14 5,37 0,2183 0,4104  401  2 33,26 27,91 100094,73 362606,218750 0
531 1064 31,14 34,25 31154 3 279 791 267,79 264,82 78,65 25,14 5,37 0,2183 0,4104  401  2 33,26 27,91 100094,73 362606,218750 0
532 1064 31,14 34,25 31154 3 279 791 267,79 264,82 78,65 25,14 5,37 0,2033 0,3821  401  2 33,25 27,87 100094,52 363378,281250 0
533 1065 31,10 34,08 31162 3 263 766 266,71 268,79 80,54 25,14 5,37 0,2033 0,3821  401  2 33,25 27,87 100094,52 363378,281250 0
534 1065 31,10 34,08 31162 3 263 766 266,71 268,79 80,54 25,14 5,37 0,1895 0,3563  400  2 33,24 27,86 100094,10 364542,531250 0
535 1064 31,09 33,92 31171 3 251 752 263,75 270,53 81,58 25,14 5,37 0,1895 0,3563  400  2 33,24 27,86 100094,10 364542,531250 0
536 1064 31,09 33,92 31171 3 251 752 263,75 270,53 81,58 25,14 5,37 0,1767 0,3321  400  2 33,24 27,86 100094,10 364542,531250 0
537 1064 31,06 33,79 31181 3 264 752 263,75 270,53 81,58 25,14 5,37 0,1767 0,3321  400  2 33,23 27,79 100094,68 375229,031250 0
538 1064 31,06 33,79 31181 3 264 767 265,90 270,25 80,46 25,14 5,37 0,1646 0,3094  400  2 33,23 27,79 100094,68 375229,031250 0
539 1063 31,04 33,69 31195 3 264 767 265,90 270,25 80,46 25,14 5,37 0,1646 0,3094  400  2 33,22 27,78 100094,48 377302,875000 0
540 1063 31,04 33,69 31195 3 258 746 266,89 273,84 82,05 25,14 5,37 0,1646 0,3094  400  2 33,22 27,78 100094,48 377302,875000 1
541 1063 31,04 33,69 31195 3 258 746 266,89 273,84 82,05 25,14 5,37 0,1534 0,2883  400  2 33,21 27,73 100094,09 376886,281250 1
542 1062 31,03 33,60 30736 3 929 984 255,92 260,64 53,75 25,14 5,37 0,1534 0,2883  400  2 33,21 27,73 100094,09 376886,281250 1
543 1062 31,03 33,60 30736 3 929 984 255,92 260,64 53,75 25,14 5,37 0,1573 0,2956  400  2 33,20 30,55 100094,34 331284,375000 1
544 1061 31,00 33,76 29037 5 5644 1918 239,82 210,09 24,20 25,14 5,37 0,1573 0,2956  400  2 33,20 30,55 100094,34 331284,375000 1
545 1061 31,00 33,76 29037 5 5644 1918 239,82 210,09 24,20 25,14 5,37 0,1874 0,3524  400  2 33,20 30,55 100094,34 331284,375000 1
546 1061 30,99 35,47 28619 5 6403 1918 239,82 210,09 24,20 25,14 5,37 0,1874 0,3524  400  2 33,19 34,96 100094,77 305762,906250 1
547 1061 30,99 35,47 28619 5 6403 2187 227,95 178,23 21,32 25,14 5,37 0,2225 0,4182  400  2 33,19 34,96 100094,77 305762,906250 1
548 1061 31,02 37,35 28364 5 6403 2187 227,95 178,23 21,32 25,14 5,37 0,2225 0,4182  400  2 33,18 37,66 100095,37 285316,250000 1
549 1061 31,02 37,35 28364 5 6981 2462 215,49 159,28 19,10 25,14 5,37 0,2225 0,4182  400  2 33,18 37,66 100095,37 285316,250000 1
550 1061 31,02 37,35 28364 5 6981 2462 215,49 159,28 19,10 25,14 5,37 0,2635 0,4953  400  2 33,17 39,28 100095,84 269757,625000 1
551 1061 31,04 38,86 28321 5 7626 2647 208,04 145,72 17,89 25,14 5,37 0,2635 0,4953  400  2 33,17 39,28 100095,84 269757,625000 1
552 1061 31,04 38,86 28321 5 7626 2647 208,04 145,72 17,89 25,14 5,37 0,2982 0,5606  400  2 33,16 40,17 100096,18 256963,609375 1
553 1061 31,06 40,06 28275 5 7375 2550 207,69 140,16 18,50 25,14 5,37 0,2982 0,5606  400  2 33,16 40,17 100096,18 256963,609375 1
554 1061 31,06 40,06 28275 5 7375 2550 207,69 140,16 18,50 25,14 5,37 0,3323 0,6247  400  2 33,16 40,17 100096,18 256963,609375 1
555 1061 31,12 41,14 28234 5 7291 2550 207,69 140,16 18,50 25,14 5,37 0,3323 0,6247  400  2 33,16 40,79 100096,69 251473,484375 1
556 1061 31,12 41,14 28234 5 7291 2518 199,36 134,81 18,71 25,14 5,37 0,3649 0,6861  401  2 33,16 40,79 100096,69 251473,484375 1
557 1061 31,12 41,14 28204 5 7291 2518 199,36 134,81 18,71 25,14 5,37 0,3649 0,6861  401  2 33,15 41,27 100097,07 248182,265625 1
558 1061 31,12 41,14 28204 5 7116 2421 193,77 132,36 19,40 25,14 5,37 0,3649 0,6861  401  2 33,15 41,27 100097,07 248182,265625 1
559 1061 31,12 41,14 28204 5 7116 2421 193,77 132,36 19,40 25,14 5,37 0,3940 0,7407  403  2 33,14 41,57 100097,41 245328,218750 1
560 1061 31,14 41,98 28210 5 7041 2423 193,96 127,48 19,38 25,14 5,37 0,3940 0,7407  403  2 33,14 41,57 100097,41 245328,218750 1
561 1061 31,14 41,98 28210 5 7041 2423 193,96 127,48 19,38 25,14 5,37 0,4188 0,7874  405  2 33,14 41,93 100097,73 242194,890625 1
562 1060 31,19 42,72 28212 5 6673 2286 193,31 126,37 20,45 25,14 5,37 0,4188 0,7874  405  2 33,14 41,93 100097,73 242194,890625 1
563 1060 31,19 42,72 28212 5 6673 2286 193,31 126,37 20,45 25,14 5,37 0,4461 0,8386  408  3 33,14 41,93 100097,73 242194,890625 1
564 1060 31,21 43,33 28229 5 6691 2286 193,31 126,37 20,45 25,14 5,37 0,4461 0,8386  408  3 33,14 42,13 100098,41 241680,437500 1
565 1060 31,21 43,33 28229 5 6691 2293 188,53 125,01 20,39 25,14 5,37 0,4648 0,8739  410  3 33,14 42,13 100098,41 241680,437500 1
566 1060 31,27 43,85 28245 5 6691 2293 188,53 125,01 20,39 25,14 5,37 0,4648 0,8739  410  3 33,15 42,32 100098,37 240488,500000 1
567 1060 31,27 43,85 28245 5 6562 2242 188,14 122,70 20,82 25,14 5,37 0,4648 0,8739  410  3 33,15 42,32 100098,37 240488,500000 1
568 1060 31,27 43,85 28245 5 6562 2242 188,14 122,70 20,82 25,14 5,37 0,4855 0,9128  412  3 33,15 42,47 100098,44 239812,640625 1
569 1060 31,30 44,30 28261 5 6361 2172 189,81 123,79 21,46 25,14 5,37 0,4855 0,9128  412  3 33,15 42,47 100098,44 239812,640625 1
570 1060 31,30 44,30 28261 5 6361 2172 189,81 123,79 21,46 25,14 5,37 0,5054 0,9502  413  3 33,15 42,60 100098,31 238805,968750 1
571 1061 31,36 44,73 28279 5 6458 2207 185,05 125,30 21,13 25,14 5,37 0,5054 0,9502  413  3 33,15 42,60 100098,31 238805,968750 1
572 1061 31,36 44,73 28279 5 6458 2207 185,05 125,30 21,13 25,14 5,37 0,5270 0,9908  414  3 33,15 42,60 100098,31 238805,968750 1
573 1061 31,35 45,05 28297 5 6112 2207 185,05 125,30 21,13 25,14 5,37 0,5270 0,9908  414  3 33,16 42,69 100098,35 239812,640625 1
574 1061 31,35 45,05 28297 5 6112 2082 183,49 123,91 22,33 25,14 5,37 0,5434 1,0215  415  3 33,16 42,69 100098,35 239812,640625 1
575 1061 31,40 45,38 28314 5 6112 2082 183,49 123,91 22,33 25,14 5,37 0,5434 1,0215  415  3 33,17 42,79 100098,85 237476,812500 1
576 1061 31,40 45,38 28314 5 6252 2164 183,06 126,07 21,53 25,14 5,37 0,5434 1,0215  415  3 33,17 42,79 100098,85 237476,812500 1
577 1061 31,40 45,38 28314 5 6252 2164 183,06 126,07 21,53 25,14 5,37 0,5581 1,0492  415  3 33,18 42,92 100099,31 238973,156250 1
578 1061 31,44 45,64 28336 5 6129 2088 184,36 122,99 22,27 25,14 5,37 0,5581 1,0492  415  3 33,18 42,92 100099,31 238973,156250 1
579 1061 31,44 45,64 28336 5 6129 2088 184,36 122,99 22,27 25,14 5,37 0,5654 1,0630  415  3 33,20 42,98 100099,37 238805,968750 1
580 1061 31,51 45,87 28356 5 5969 2031 181,82 120,19 22,87 25,14 5,37 0,5654 1,0630  415  3 33,20 42,98 100099,37 238805,968750 1
581 1061 31,51 45,87 28356 5 5969 2031 181,82 120,19 22,87 25,14 5,37 0,5802 1,0909  416  3 33,20 42,98 100099,37 238805,968750 1
582 1061 31,52 46,07 28375 5 5990 2031 181,82 120,19 22,87 25,14 5,37 0,5802 1,0909  416  3 33,21 43,02 100098,87 238472,281250 1
583 1061 31,52 46,07 28375 5 5990 2039 183,74 124,50 22,80 25,14 5,37 0,5981 1,1244  416  3 33,21 43,02 100098,87 238472,281250 1
584 1060 31,54 46,26 28391 5 5990 2039 183,74 124,50 22,80 25,14 5,37 0,5981 1,1244  416  3 33,22 43,09 100098,47 239981,250000 1
585 1060 31,54 46,26 28391 5 5895 2005 183,06 120,97 23,15 25,14 5,37 0,5981 1,1244  416  3 33,22 43,09 100098,47 239981,250000 1
586 1060 31,54 46,26 28391 5 5895 2005 183,06 120,97 23,15 25,14 5,37 0,6071 1,1413  416  3 33,24 43,11 100098,00 237807,703125 1
587 1060 31,54 46,26 28401 5 5838 1985 181,95 122,87 23,38 25,14 5,37 0,6071 1,1413  416  3 33,24 43,11 100098,00 237807,703125 1
588 1060 31,54 46,26 28401 5 5838 1985 181,95 122,87 23,38 25,14 5,37 0,6149 1,1561  416  3 33,25 43,15 100097,44 239476,140625 1
589 1060 31,58 46,38 28418 5 5789 1968 178,17 123,12 23,58 25,14 5,37 0,6149 1,1561  416  3 33,25 43,15 100097,44 239476,140625 1
590 1060 31,58 46,38 28418 5 5789 1968 178,17 123,12 23,58 25,14 5,37 0,6210 1,1675  416  3 33,25 43,15 100097,44 239476,140625 1
591 1061 31,60 46,49 28429 5 5796 1968 178,17 123,12 23,58 25,14 5,37 0,6210 1,1675  416  3 33,27 43,15 100096,30 239812,640625 1
592 1061 31,60 46,49 28429 5 5796 1982 177,32 121,13 23,42 25,14 5,37 0,6279 1,1805  416  3 33,27 43,15 100096,30 239812,640625 1
593 1061 31,64 46,68 28446 5 5796 1982 177,32 121,13 23,42 25,14 5,37 0,6279 1,1805  416  3 33,29 43,19 100095,92 239476,140625 1
594 1061 31,64 46,68 28446 5 5636 1915 179,74 121,71 24,22 25,14 5,37 0,6279 1,1805  416  3 33,29 43,19 100095,92 239476,140625 1
595 1061 31,64 46,68 28446 5 5636 1915 179,74 121,71 24,22 25,14 5,37 0,6332 1,1904  417  3 33,30 43,22 100095,55 239644,281250 1
596 1061 31,68 46,75 28463 5 5690 1934 178,17 121,13 23,99 25,14 5,37 0,6332 1,1904  417  3 33,30 43,22 100095,55 239644,281250 1
597 1061 31,68 46,75 28463 5 5690 1934 178,17 121,13 23,99 25,14 5,37 0,6376 1,1986  417  3 33,32 43,19 100095,37 239140,593750 1
598 1062 31,68 46,83 28477 5 5678 1930 180,84 122,29 24,04 25,14 5,37 0,6376 1,1986  417  3 33,32 43,19 100095,37 239140,593750 1
599 1062 31,68 46,83 28477 5 5678 1930 180,84 122,29 24,04 25,14 5,37 0,6402 1,2035  417  3 33,32 43,19 100095,37 239140,593750 1
600 1063 31,73 46,90 28492 5 5665 1930 180,84 122,29 24,04 25,14 5,37 0,6402 1,2035  417  3 33,34 43,22 100095,55 239644,281250 0
601 1063 31,73 46,90 28492 5 5665 1896 177,69 122,70 24,46 25,14 5,37 0,6366 1,1968  417  3 33,34 43,22 100095,55 239644,281250 0
602 1063 31,76 47,01 29022 5 5665 1896 177,69 122,70 24,46 25,14 5,37 0,6366 1,1968  417  3 33,36 42,88 100095,56 246213,031250 0
603 1063 31,76 47,01 29022 5 2770 1356 180,72 131,12 35,03 25,14 5,37 0,6366 1,1968  417  3 33,36 42,88 100095,56 246213,031250 0
604 1063 31,76 47,01 29022 5 2770 1356 180,72 131,12 35,03 25,14 5,37 0,6223 1,1698  417  3 33,38 38,69 100095,26 261691,796875 0
605 1064 31,77 46,16 29880 4 890 974 192,92 144,88 54,57 25,14 5,37 0,6223 1,1698  417  3 33,38 38,69 100095,26 261691,796875 0
606 1064 31,77 46,16 29880 4 890 974 192,92 144,88 54,57 25,14 5,37 0,6067 1,1406  417  3 33,39 35,04 100094,97 278109,718750 0
607 1065 31,79 44,36 30331 3 482 860 202,62 159,88 67,43 25,14 5,37 0,6067 1,1406  417  3 33,39 35,04 100094,97 278109,718750 0
608 1065 31,79 44,36 30331 3 482 860 202,62 159,88 67,43 25,14 5,37 0,5905 1,1101  419  3 33,39 35,04 100094,97 278109,718750 0
609 1065 31,79 42,64 30552 3 401 860 202,62 159,88 67,43 25,14 5,37 0,5905 1,1101  419  3 33,41 32,88 100094,51 288939,062500 0
610 1065 31,79 42,64 30552 3 401 833 213,10 173,88 71,71 25,14 5,37 0,5743 1,0797  420  3 33,41 32,88 100094,51 288939,062500 0
611 1065 31,76 41,26 30593 3 401 833 213,10 173,88 71,71 25,14 5,37 0,5743 1,0797  420  3 33,42 31,54 100093,57 302243,218750 0
612 1065 31,76 41,26 30593 3 341 815 211,81 185,43 74,91 25,14 5,37 0,5743 1,0797  420  3 33,42 31,54 100093,57 302243,218750 0
613 1065 31,76 41,26 30593 3 341 815 211,81 185,43 74,91 25,14 5,37 0,5561 1,0456  421  3 33,44 30,70 100092,52 308526,656250 0
614 1066 31,71 40,12 30654 3 315 806 224,35 193,57 76,68 25,14 5,37 0,5561 1,0456  421  3 33,44 30,70 100092,52 308526,656250 0
615 1066 31,71 40,12 30654 3 315 806 224,35 193,57 76,68 25,14 5,37 0,5357 1,0071  422  3 33,45 30,10 100092,46 315368,031250 0
616 1066 31,71 40,12 30720 3 326 810 221,63 203,38 75,88 25,14 5,37 0,5357 1,0071  422  3 33,45 30,10 100092,46 315368,031250 0
617 1066 31,71 40,12 30720 3 326 810 221,63 203,38 75,88 25,14 5,37 0,5157 0,9695  422  3 33,45 30,10 100092,46 315368,031250 0
618 1066 31,70 39,20 30780 3 317 810 221,63 203,38 75,88 25,14 5,37 0,5157 0,9695  422  3 33,46 29,68 100092,07 322824,718750 0
619 1066 31,70 39,20 30780 3 317 793 223,29 211,09 78,49 25,14 5,37 0,4927 0,9263  421  3 33,46 29,68 100092,07 322824,718750 0
620 1066 31,65 38,38 30827 3 317 793 223,29 211,09 78,49 25,14 5,37 0,4927 0,9263  421  3 33,47 29,32 100091,01 329366,343750 0
621 1066 31,65 38,38 30827 3 280 784 227,95 215,93 79,19 25,14 5,37 0,4927 0,9263  421  3 33,47 29,32 100091,01 329366,343750 0
622 1066 31,65 38,38 30827 3 280 784 227,95 215,93 79,19 25,14 5,37 0,4705 0,8845  421  3 33,48 29,05 100090,36 333550,500000 0
623 1068 31,65 37,68 30879 3 311 805 234,28 222,99 76,94 25,14 5,37 0,4705 0,8845  421  3 33,48 29,05 100090,36 333550,500000 0
624 1068 31,65 37,68 30879 3 311 805 234,28 222,99 76,94 25,14 5,37 0,4461 0,8388  419  3 33,49 28,83 100090,03 337842,281250 0
625 1068 31,59 37,02 30920 3 305 803 239,74 227,10 77,38 25,14 5,37 0,4461 0,8388  419  3 33,49 28,83 100090,03 337842,281250 0
626 1068 31,59 37,02 30920 3 305 803 239,74 227,10 77,38 25,14 5,37 0,4208 0,7910  417  3 33,49 28,83 100090,03 337842,281250 0
627 1068 31,57 36,47 30955 3 294 803 239,74 227,10 77,38 25,14 5,37 0,4208 0,7910  417  3 33,49 28,61 100089,25 341561,031250 0
628 1068 31,57 36,47 30955 3 294 772 240,79 238,93 80,05 25,14 5,37 0,3968 0,7459  414  3 33,49 28,61 100089,25 341561,031250 0
629 1068 31,54 36,03 30990 3 294 772 240,79 238,93 80,05 25,14 5,37 0,3968 0,7459  414  3 33,49 28,43 100088,73 346414,062500 0
630 1068 31,54 36,03 30990 3 287 791 245,90 240,71 78,65 25,14 5,37 0,3968 0,7459  414  3 33,49 28,43 100088,73 346414,062500 0
631 1068 31,54 36,03 30990 3 287 791 245,90 240,71 78,65 25,14 5,37 0,3725 0,7003  410  3 33,49 28,34 100088,19 347472,000000 0
632 1067 31,50 35,60 31008 3 274 777 245,57 250,01 79,67 25,14 5,37 0,3725 0,7003  410  3 33,49 28,34 100088,19 347472,000000 0
633 1067 31,50 35,60 31008 3 274 777 245,57 250,01 79,67 25,14 5,37 0,3498 0,6576  408  2 33,48 28,18 100087,85 349965,812500 0
634 1067 31,50 35,34 31035 3 261 763 247,15 257,31 80,73 25,14 5,37 0,3498 0,6576  408  2 33,48 28,18 100087,85 349965,812500 0
635 1067 31,50 35,34 31035 3 261 763 247,15 257,31 80,73 25,14 5,37 0,3273 0,6153  406  2 33,48 28,18 100087,85 349965,812500 0
636 1068 31,44 35,01 31058 3 254 763 247,15 257,31 80,73 25,14 5,37 0,3273 0,6153  406  2 33,48 28,08 100087,56 352132,062500 0
637 1068 31,44 35,01 31058 3 254 764 250,69 255,57 80,67 25,14 5,37 0,3064 0,5761  404  2 33,48 28,08 100087,56 352132,062500 0
638 1069 31,42 34,73 31080 3 254 764 250,69 255,57 80,67 25,14 5,37 0,3064 0,5761  404  2 33,47 28,04 100086,91 354693,468750 0
639 1069 31,42 34,73 31080 3 252 754 255,57 251,80 81,44 25,14 5,37 0,3064 0,5761  404  2 33,47 28,04 100086,91 354693,468750 0
640 1069 31,42 34,73 31080 3 252 754 255,57 251,80 81,44 25,14 5,37 0,2861 0,5379  403  2 33,47 27,94 100086,60 357292,406250 0
641 1070 31,40 34,50 31099 3 267 770 255,06 259,76 80,18 25,14 5,37 0,2861 0,5379  403  2 33,47 27,94 100086,60 357292,406250 0
642 1070 31,40 34,50 31099 3 267 770 255,06 259,76 80,18 25,14 5,37 0,2669 0,5017  402  2 33,46 27,87 100086,14 358794,687500 0
643 1070 31,35 34,29 31116 3 259 761 260,99 259,85 80,86 25,14 5,37 0,2669 0,5017  402  2 33,46 27,87 100086,14 358794,687500 0
644 1070 31,35 34,29 31116 3 259 761 260,99 259,85 80,86 25,14 5,37 0,2489 0,4680  402  2 33,46 27,87 100086,14 358794,687500 0
645 1070 31,35 34,29 31138 3 301 761 260,99 259,85 80,86 25,14 5,37 0,2489 0,4680  402  2 33,45 27,82 100085,83 359550,562500 0
646 1070 31,35 34,29 31138 3 301 787 260,90 264,64 78,92 25,14 5,37 0,2328 0,4377  401  2 33,45 27,82 100085,83 359550,562500 0
647 1070 31,32 34,12 31152 3 301 787 260,90 264,64 78,92 25,14 5,37 0,2328 0,4377  401  2 33,44 27,76 100085,46 364542,531250 0
648 1070 31,32 34,12 31152 3 284 787 258,71 266,53 78,92 25,14 5,37 0,2328 0,4377  401  2 33,44 27,76 100085,46 364542,531250 0
649 1070 31,32 34,12 31152 3 284 787 258,71 266,53 78,92 25,14 5,37 0,2175 0,4088  401  2 33,43 27,71 100085,19 362606,218750 0
650 1071 31,28 33,97 31157 3 266 769 259,94 272,55 80,32 25,14 5,37 0,2175 0,4088  401  2 33,43 27,71 100085,19 362606,218750 0
651 1071 31,28 33,97 31157 3 266 769 259,94 272,55 80,32 25,14 5,37 0,2030 0,3817  401  2 33,42 27,67 100085,22 376263,093750 0
652 1071 31,27 33,78 31175 3 276 779 267,43 271,72 79,53 25,14 5,37 0,2030 0,3817  401  2 33,42 27,67 100085,22 376263,093750 0
653 1071 31,27 33,78 31175 3 276 779 267,43 271,72 79,53 25,14 5,37 0,1898 0,3567  401  2 33,42 27,67 100085,22 376263,093750 0
654 1071 31,24 33,63 31190 3 268 779 267,43 271,72 79,53 25,14 5,37 0,1898 0,3567  401  2 33,41 27,65 100084,94 363765,531250 0
655 1071 31,24 33,63 31190 3 268 760 269,34 277,67 80,97 25,14 5,37 0,1777 0,3340  400  2 33,41 27,65 100084,94 363765,531250 0
656 1071 31,21 33,57 31195 3 268 760 269,34 277,67 80,97 25,14 5,37 0,1777 0,3340  400  2 33,39 27,61 100084,39 376055,812500 0
657 1071 31,21 33,57 31195 3 264 767 265,54 274,59 80,43 25,14 5,37 0,1777 0,3340  400  2 33,39 27,61 100084,39 376055,812500 0
658 1071 31,21 33,57 31195 3 264 767 265,54 274,59 80,43 25,14 5,37 0,1660 0,3121  400  2 33,38 27,58 100084,34 378138,843750 0
659 1072 31,19 33,46 31206 3 276 779 268,07 274,68 79,51 25,14 5,37 0,1660 0,3121  400  2 33,38 27,58 100084,34 378138,843750 0
660 1072 31,19 33,46 31206 3 276 779 268,07 274,68 79,51 25,14 5,37 0,1556 0,2926  400  2 33,37 27,57 100084,30 378348,406250 1
661 1072 31,13 33,35 31207 3 291 795 271,35 281,64 78,36 25,14 5,37 0,1556 0,2926  400  2 33,37 27,57 100084,30 378348,406250 1
662 1072 31,13 33,35 31207 3 291 795 271,35 281,64 78,36 25,14 5,37 0,1534 0,2884  400  2 33,37 27,57 100084,30 378348,406250 1
663 1071 31,13 33,38 29402 5 3445 795 271,35 281,64 78,36 25,14 5,37 0,1534 0,2884  400  2 33,36 28,86 100084,26 344665,093750 1
664 1071 31,13 33,38 29402 5 3445 1665 245,15 226,87 27,93 25,14 5,37 0,1801 0,3385  400  2 33,36 28,86 100084,26 344665,093750 1
665 1071 31,13 34,85 28835 5 3445 1665 245,15 226,87 27,93 25,14 5,37 0,1801 0,3385  400  2 33,34 33,31 100084,72 315076,937500 1
666 1071 31,13 34,85 28835 5 5783 1966 235,79 191,10 23,61 25,14 5,37 0,1801 0,3385  400  2 33,34 33,31 100084,72 315076,937500 1
667 1071 31,13 34,85 28835 5 5783 1966 235,79 191,10 23,61 25,14 5,37 0,2110 0,3967  400  2 33,33 36,55 100085,42 292404,343750 1
668 1071 31,14 36,68 28589 5 6462 2208 221,33 173,94 21,12 25,14 5,37 0,2110 0,3967  400  2 33,33 36,55 100085,42 292404,343750 1
669 1071 31,14 36,68 28589 5 6462 2208 221,33 173,94 21,12 25,14 5,37 0,2427 0,4563  400  2 33,32 38,35 100085,66 278563,656250 1
670 1072 31,16 38,27 28529 5 6953 2390 214,77 159,50 19,62 25,14 5,37 0,2427 0,4563  400  2 33,32 38,35 100085,66 278563,656250 1
671 1072 31,16 38,27 28529 5 6953 2390 214,77 159,50 19,62 25,14 5,37 0,2750 0,5170  400  2 33,32 38,35 100085,66 278563,656250 1
672 1072 31,16 38,27 28285 5 7150 2390 214,77 159,50 19,62 25,14 5,37 0,2750 0,5170  400  2 33,31 39,44 100086,32 267014,343750 1
673 1072 31,16 38,27 28285 5 7150 2464 208,96 147,86 19,08 25,14 5,37 0,3080 0,5791  400  2 33,31 39,44 100086,32 267014,343750 1
674 1071 31,18 39,51 28277 5 7150 2464 208,96 147,86 19,08 25,14 5,37 0,3080 0,5791  400  2 33,30 40,19 100086,63 259898,484375 1
675 1071 31,18 39,51 28277 5 7026 2417 205,03 140,25 19,42 25,14 5,37 0,3080 0,5791  400  2 33,30 40,19 100086,63 259898,484375 1
676 1071 31,18 39,51 28277 5 7026 2417 205,03 140,25 19,42 25,14 5,37 0,3379 0,6352  401  2 33,29 40,71 100086,62 252590,031250 1
677 1072 31,23 40,60 28266 5 6983 2401 200,78 136,09 19,54 25,14 5,37 0,3379 0,6352  401  2 33,29 40,71 100086,62 252590,031250 1
678 1072 31,23 40,60 28266 5 6983 2401 200,78 136,09 19,54 25,14 5,37 0,3703 0,6961  402  2 33,28 41,11 100086,77 251844,562500 1
679 1072 31,26 41,45 28268 5 6887 2365 196,81 133,49 19,75 25,14 5,37 0,3703 0,6961  402  2 33,28 41,11 100086,77 251844,562500 1
680 1072 31,26 41,45 28268 5 6887 2365 196,81 133,49 19,75 25,14 5,37 0,3998 0,7517  404  2 33,28 41,11 100086,77 251844,562500 1
681 1071 31,30 42,17 28270 5 6679 2365 196,81 133,49 19,75 25,14 5,37 0,3998 0,7517  404  2 33,28 41,41 100087,31 246035,562500 1
682 1071 31,30 42,17 28270 5 6679 2288 197,14 130,45 20,43 25,14 5,37 0,4262 0,8013  406  3 33,28 41,41 100087,31 246035,562500 1
683 1072 31,34 42,85 28278 5 6679 2288 197,14 130,45 20,43 25,14 5,37 0,4262 0,8013  406  3 33,28 41,67 100087,45 246925,484375 1
684 1072 31,34 42,85 28278 5 6351 2168 195,35 129,00 21,49 25,14 5,37 0,4262 0,8013  406  3 33,28 41,67 100087,45 246925,484375 1
685 1072 31,34 42,85 28278 5 6351 2168 195,35 129,00 21,49 25,14 5,37 0,4501 0,8461  410  3 33,28 41,92 100087,69 243403,843750 1
686 1073 31,37 43,36 28293 5 6409 2189 188,91 128,92 21,29 25,14 5,37 0,4501 0,8461  410  3 33,28 41,92 100087,69 243403,843750 1
687 1073 31,37 43,36 28293 5 6409 2189 188,91 128,92 21,29 25,14 5,37 0,4723 0,8879  412  3 33,28 42,07 100087,31 243577,546875 1
688 1074 31,42 43,87 28315 5 6346 2187 196,67 127,96 21,31 25,14 5,37 0,4723 0,8879  412  3 33,28 42,07 100087,31 243577,546875 1
689 1074 31,42 43,87 28315 5 6346 2187 196,67 127,96 21,31 25,14 5,37 0,4949 0,9305  414  3 33,28 42,07 100087,31 243577,546875 1
690 1074 31,45 44,31 28327 5 6278 2187 196,67 127,96 21,31 25,14 5,37 0,4949 0,9305  414  3 33,28 42,24 100087,34 245152,015625 1
691 1074 31,45 44,31 28327 5 6278 2142 193,18 125,86 21,73 25,14 5,37 0,5105 0,9598  415  3 33,28 42,24 100087,34 245152,015625 1
692 1076 31,49 44,59 28344 5 6278 2142 193,18 125,86 21,73 25,14 5,37 0,5105 0,9598  415  3 33,29 42,37 100087,31 241338,671875 1
693 1076 31,49 44,59 28344 5 6062 2064 189,68 125,35 22,51 25,14 5,37 0,5105 0,9598  415  3 33,29 42,37 100087,31 241338,671875 1
694 1076 31,49 44,59 28344 5 6062 2064 189,68 125,35 22,51 25,14 5,37 0,5235 0,9843  416  3 33,30 42,47 100086,93 241509,437500 1
695 1076 31,53 44,90 28360 5 5964 2030 188,65 127,44 22,88 25,14 5,37 0,5235 0,9843  416  3 33,30 42,47 100086,93 241509,437500 1
696 1076 31,53 44,90 28360 5 5964 2030 188,65 127,44 22,88 25,14 5,37 0,5372 1,0100  417  3 33,31 42,60 100087,18 241168,156250 1
697 1077 31,55 45,25 28376 5 5996 2040 183,00 124,75 22,77 25,14 5,37 0,5372 1,0100  417  3 33,31 42,60 100087,18 241168,156250 1
698 1077 31,55 45,25 28376 5 5996 2040 183,00 124,75 22,77 25,14 5,37 0,5449 1,0244  418  3 33,31 42,60 100087,18 241168,156250 1
699 1077 31,59 45,45 28394 5 5807 2040 183,00 124,75 22,77 25,14 5,37 0,5449 1,0244  418  3 33,32 42,63 100087,40 242194,890625 1
700 1077 31,59 45,45 28394 5 5807 1974 187,64 124,08 23,50 25,14 5,37 0,5616 1,0559  418  3 33,32 42,63 100087,40 242194,890625 1
701 1077 31,59 45,45 28409 5 5807 1974 187,64 124,08 23,50 25,14 5,37 0,5616 1,0559  418  3 33,33 42,69 100086,95 240319,171875 1
702 1077 31,59 45,45 28409 5 5924 2015 182,93 125,09 23,04 25,14 5,37 0,5616 1,0559  418  3 33,33 42,69 100086,95 240319,171875 1
703 1077 31,59 45,45 28409 5 5924 2015 182,93 125,09 23,04 25,14 5,37 0,5745 1,0801  419  3 33,34 42,77 100086,71 242194,890625 1
704 1077 31,61 45,64 28426 5 5735 1949 182,56 123,95 23,80 25,14 5,37 0,5745 1,0801  419  3 33,34 42,77 100086,71 242194,890625 1
705 1077 31,61 45,64 28426 5 5735 1949 182,56 123,95 23,80 25,14 5,37 0,5814 1,0931  419  3 33,36 42,80 100086,87 239812,640625 1
706 1078 31,67 45,85 28442 5 5714 1945 183,18 123,79 23,85 25,14 5,37 0,5814 1,0931  419  3 33,36 42,80 100086,87 239812,640625 1
707 1078 31,67 45,85 28442 5 5714 1945 183,18 123,79 23,85 25,14 5,37 0,5896 1,1085  419  3 33,36 42,80 100086,87 239812,640625 1
708 1078 31,69 45,96 28457 5 5645 1945 183,18 123,79 23,85 25,14 5,37 0,5896 1,1085  419  3 33,37 42,85 100087,37 241680,437500 1
709 1078 31,69 45,96 28457 5 5645 1918 182,19 123,24 24,18 25,14 5,37 0,5980 1,1242  419  3 33,37 42,85 100087,37 241680,437500 1
710 1078 31,71 46,13 28474 5 5645 1918 182,19 123,24 24,18 25,14 5,37 0,5980 1,1242  419  3 33,39 42,88 100087,14 241338,671875 1
711 1078 31,71 46,13 28474 5 5795 1970 184,49 121,83 23,55 25,14 5,37 0,5980 1,1242  419  3 33,39 42,88 100087,14 241338,671875 1
712 1078 31,71 46,13 28474 5 5795 1970 184,49 121,83 23,55 25,14 5,37 0,6010 1,1299  419  3 33,41 42,94 100087,20 242194,890625 1
713 1078 31,74 46,31 28486 5 5656 1922 185,80 123,99 24,13 25,14 5,37 0,6010 1,1299  419  3 33,41 42,94 100087,20 242194,890625 1
714 1078 31,74 46,31 28486 5 5656 1922 185,80 123,99 24,13 25,14 5,37 0,6076 1,1422  419  3 33,42 43,01 100086,95 242194,890625 1
715 1080 31,77 46,43 28499 5 5535 1936 183,86 123,66 23,96 25,14 5,37 0,6076 1,1422  419  3 33,42 43,01 100086,95 242194,890625 1
716 1080 31,77 46,43 28499 5 5535 1936 183,86 123,66 23,96 25,14 5,37 0,6105 1,1478  419  3 33,42 43,01 100086,95 242194,890625 1
717 1080 31,81 46,51 28513 5 5637 1936 183,86 123,66 23,96 25,14 5,37 0,6105 1,1478  419  3 33,44 43,03 100087,28 241168,156250 1
718 1080 31,81 46,51 28513 5 5637 1915 182,07 125,73 24,21 25,14 5,37 0,6152 1,1566  419  3 33,44 43,03 100087,28 241168,156250 1
719 1080 31,83 46,65 28531 5 5637 1915 182,07 125,73 24,21 25,14 5,37 0,6152 1,1566  419  3 33,45 43,05 100088,56 242023,156250 1
720 1080 31,83 46,65 28531 5 5431 1845 182,56 123,12 25,13 25,14 5,37 0,6152 1,1566  419  3 33,45 43,05 100088,56 242023,156250 0
721 1080 31,83 46,65 28531 5 5431 1845 182,56 123,12 25,13 25,14 5,37 0,6227 1,1706  419  3 33,47 43,09 100089,01 241680,437500 0
722 1082 31,85 46,73 28617 5 5022 1708 183,31 125,26 27,18 25,14 5,37 0,6227 1,1706  419  3 33,47 43,09 100089,01 241680,437500 0
723 1082 31,85 46,73 28617 5 5022 1708 183,31 125,26 27,18 25,14 5,37 0,6109 1,1485  419  3 33,48 40,03 100088,91 257934,515625 0
724 1084 31,88 46,12 29674 4 1341 1004 192,66 144,34 52,12 25,14 5,37 0,6109 1,1485  419  3 33,48 40,03 100088,91 257934,515625 0
725 1084 31,88 46,12 29674 4 1341 1004 192,66 144,34 52,12 25,14 5,37 0,5970 1,1224  419  3 33,48 40,03 100088,91 257934,515625 0
726 1084 31,88 44,39 30237 3 561 1004 192,66 144,34 52,12 25,14 5,37 0,5970 1,1224  419  3 33,50 35,77 100088,88 276532,531250 0
727 1084 31,88 44,39 30237 3 561 884 203,17 155,29 64,13 25,14 5,37 0,5831 1,0962  420  3 33,50 35,77 100088,88 276532,531250 0
728 1084 31,88 42,62 30513 3 561 884 203,17 155,29 64,13 25,14 5,37 0,5831 1,0962  420  3 33,52 33,19 100089,16 289674,687500 0
729 1084 31,88 42,62 30513 3 429 844 210,66 175,83 69,94 25,14 5,37 0,5831 1,0962  420  3 33,52 33,19 100089,16 289674,687500 0
730 1084 31,88 42,62 30513 3 429 844 210,66 175,83 69,94 25,14 5,37 0,5684 1,0686  421  3 33,53 31,68 100089,13 302243,218750 0
731 1084 31,88 42,62 30584 3 354 819 214,84 184,61 74,13 25,14 5,37 0,5684 1,0686  421  3 33,53 31,68 100089,13 302243,218750 0
732 1084 31,88 42,62 30584 3 354 819 214,84 184,61 74,13 25,14 5,37 0,5513 1,0365  422  3 33,54 30,72 100089,28 309365,562500 0
733 1084 31,84 41,24 30646 3 342 803 217,77 192,92 77,31 25,14 5,37 0,5513 1,0365  422  3 33,54 30,72 100089,28 309365,562500 0
734 1084 31,84 41,24 30646 3 342 803 217,77 192,92 77,31 25,14 5,37 0,5325 1,0012  423  3 33,54 30,72 100089,28 309365,562500 0
735 1085 31,85 40,08 30711 3 277 803 217,77 192,92 77,31 25,14 5,37 0,5325 1,0012  423  3 33,55 30,08 100089,23 316537,875000 0
736 1085 31,85 40,08 30711 3 277 780 225,42 211,45 79,40 25,14 5,37 0,5130 0,9644  423  3 33,55 30,08 100089,23 316537,875000 0
737 1084 31,79 39,07 30776 3 277 780 225,42 211,45 79,40 25,14 5,37 0,5130 0,9644  423  3 33,56 29,55 100089,28 324667,093750 0
738 1084 31,79 39,07 30776 3 288 792 230,04 214,84 78,57 25,14 5,37 0,5130 0,9644  423  3 33,56 29,55 100089,28 324667,093750 0
739 1084 31,79 39,07 30776 3 288 792 230,04 214,84 78,57 25,14 5,37 0,4909 0,9230  423  3 33,57 29,23 100089,28 328731,937500 0
740 1084 31,77 38,23 30841 3 293 797 233,02 218,65 78,17 25,14 5,37 0,4909 0,9230  423  3 33,57 29,23 100089,28 328731,937500 0
741 1084 31,77 38,23 30841 3 293 797 233,02 218,65 78,17 25,14 5,37 0,4671 0,8781  423  3 33,58 28,91 100089,53 332899,875000 0
742 1084 31,73 37,52 30890 3 270 774 240,63 225,72 79,91 25,14 5,37 0,4671 0,8781  423  3 33,58 28,91 100089,53 332899,875000 0
743 1084 31,73 37,52 30890 3 270 774 240,63 225,72 79,91 25,14 5,37 0,4428 0,8324  421  3 33,58 28,91 100089,53 332899,875000 0
744 1084 31,69 36,86 30933 3 264 774 240,63 225,72 79,91 25,14 5,37 0,4428 0,8324  421  3 33,58 28,73 100089,20 338512,406250 0
745 1084 31,69 36,86 30933 3 264 767 243,75 232,15 80,40 25,14 5,37 0,4180 0,7858  419  3 33,58 28,73 100089,20 338512,406250 0
746 1084 31,67 36,37 30969 3 264 767 243,75 232,15 80,40 25,14 5,37 0,4180 0,7858  419  3 33,58 28,54 100089,45 342246,000000 0
747 1084 31,67 36,37 30969 3 288 791 247,40 241,04 78,60 25,14 5,37 0,4180 0,7858  419  3 33,58 28,54 100089,45 342246,000000 0
748 1084 31,67 36,37 30969 3 288 791 247,40 241,04 78,60 25,14 5,37 0,3932 0,7392  417  3 33,58 28,37 100089,66 345013,468750 0
749 1084 31,62 35,87 30997 3 235 734 253,16 253,25 79,89 25,14 5,37 0,3932 0,7392  417  3 33,58 28,37 100089,66 345013,468750 0
750 1084 31,62 35,87 30997 3 235 734 253,16 253,25 79,89 25,14 5,37 0,3692 0,6941  414  2 33,58 28,19 100090,09 348536,406250 0
751 1084 31,58 35,48 31029 3 284 788 252,91 247,57 78,84 25,14 5,37 0,3692 0,6941  414  2 33,58 28,19 100090,09 348536,406250 0
752 1084 31,58 35,48 31029 3 284 788 252,91 247,57 78,84 25,14 5,37 0,3451 0,6488  410  2 33,58 28,19 100090,09 348536,406250 0
753 1085 31,57 35,12 31055 3 284 788 252,91 247,57 78,84 25,14 5,37 0,3451 0,6488  410  2 33,58 28,09 100090,09 354325,250000 0
754 1085 31,57 35,12 31055 3 284 788 248,24 251,03 78,84 25,14 5,37 0,3223 0,6059  408  2 33,58 28,09 100090,09 354325,250000 0
755 1084 31,55 34,86 31077 3 284 788 248,24 251,03 78,84 25,14 5,37 0,3223 0,6059  408  2 33,58 27,97 100090,52 354693,468750 0
756 1084 31,55 34,86 31077 3 237 738 253,85 251,20 82,66 25,14 5,37 0,3223 0,6059  408  2 33,58 27,97 100090,52 354693,468750 0
757 1084 31,55 34,86 31077 3 237 738 253,85 251,20 82,66 25,14 5,37 0,3007 0,5653  406  2 33,57 27,90 100090,76 356173,906250 0
758 1084 31,51 34,60 31099 3 247 756 256,09 256,79 81,28 25,14 5,37 0,3007 0,5653  406  2 33,57 27,90 100090,76 356173,906250 0
759 1084 31,51 34,60 31099 3 247 756 256,09 256,79 81,28 25,14 5,37 0,2799 0,5262  404  2 33,57 27,81 100090,34 358794,687500 0
760 1084 31,51 34,60 31127 3 247 749 258,18 259,94 81,80 25,14 5,37 0,2799 0,5262  404  2 33,57 27,81 100090,34 358794,687500 0
761 1084 31,51 34,60 31127 3 247 749 258,18 259,94 81,80 25,14 5,37 0,2604 0,4895  403  2 33,57 27,81 100090,34 358794,687500 0
762 1083 31,49 34,26 31132 3 259 749 258,18 259,94 81,80 25,14 5,37 0,2604 0,4895  403  2 33,56 27,76 100090,16 361454,281250 0
763 1083 31,49 34,26 31132 3 259 761 261,61 267,43 80,86 25,14 5,37 0,2423 0,4555  402  2 33,56 27,76 100090,16 361454,281250 0
764 1083 31,44 34,09 31157 3 259 761 261,61 267,43 80,86 25,14 5,37 0,2423 0,4555  402  2 33,55 27,66 100089,61 362991,843750 0
765 1083 31,44 34,09 31157 3 258 761 264,64 268,61 80,89 25,14 5,37 0,2423 0,4555  402  2 33,55 27,66 100089,61 362991,843750 0
766 1083 31,44 34,09 31157 3 258 761 264,64 268,61 80,89 25,14 5,37 0,2254 0,4238  402  2 33,54 27,63 100088,53 365714,281250 0
767 1083 31,42 33,93 31171 3 255 766 264,01 269,43 80,51 25,14 5,37 0,2254 0,4238  402  2 33,54 27,63 100088,53 365714,281250 0
768 1083 31,42 33,93 31171 3 255 766 264,01 269,43 80,51 25,14 5,37 0,2099 0,3947  401  2 33,53 27,55 100087,82 366893,593750 0
769 1082 31,37 33,70 31177 3 277 781 262,94 274,49 79,37 25,14 5,37 0,2099 0,3947  401  2 33,53 27,55 100087,82 366893,593750 0
770 1082 31,37 33,70 31177 3 277 781 262,94 274,49 79,37 25,14 5,37 0,1953 0,3672  401  2 33,53 27,55 100087,82 366893,593750 0
771 1081 31,34 33,64 31196 3 253 781 262,94 274,49 79,37 25,14 5,37 0,1953 0,3672  401  2 33,52 27,53 100087,44 376886,281250 0
772 1081 31,34 33,64 31196 3 253 755 268,97 280,98 81,33 25,14 5,37 0,1823 0,3427  401  2 33,52 27,53 100087,44 376886,281250 0
773 1082 31,34 33,43 31202 3 253 755 268,97 280,98 81,33 25,14 5,37 0,1823 0,3427  401  2 33,50 27,51 100087,09 375848,781250 0
774 1082 31,34 33,43 31202 3 252 753 271,35 275,61 81,44 25,14 5,37 0,1823 0,3427  401  2 33,50 27,51 100087,09 375848,781250 0
775 1082 31,34 33,43 31202 3 252 753 271,35 275,61 81,44 25,14 5,37 0,1698 0,3192  401  2 33,49 27,43 100086,10 377511,531250 0
776 1082 31,29 33,38 31213 3 246 748 273,56 277,58 81,86 25,14 5,37 0,1698 0,3192  401  2 33,49 27,43 100086,10 377511,531250 0
777 1082 31,29 33,38 31213 3 246 748 273,56 277,58 81,86 25,14 5,37 0,1578 0,2967  400  2 33,48 27,42 100085,94 378558,218750 0
778 1081 31,29 33,21 31222 3 263 765 270,07 283,56 80,54 25,14 5,37 0,1578 0,2967  400  2 33,48 27,42 100085,94 378558,218750 0
779 1081 31,29 33,21 31222 3 263 765 270,07 283,56 80,54 25,14 5,37 0,1473 0,2768  400  2 33,48 27,42 100085,94 378558,218750 0
780 1081 31,24 33,18 31235 3 264 765 270,07 283,56 80,54 25,14 5,37 0,1473 0,2768  400  2 33,46 27,39 100085,34 382160,843750 1
781 1081 31,24 33,18 31235 3 264 767 278,05 283,27 80,43 25,14 5,37 0,1381 0,2596  400  2 33,46 27,39 100085,34 382160,843750 1
782 1081 31,22 33,11 29978 3 264 767 278,05 283,27 80,43 25,14 5,37 0,1381 0,2596  400  2 33,45 27,73 100085,07 358794,687500 1
783 1081 31,22 33,11 29978 4 1937 1205 266,98 256,09 40,49 25,14 5,37 0,1381 0,2596  400  2 33,45 27,73 100085,07 358794,687500 1
784 1081 31,22 33,11 29978 4 1937 1205 266,98 256,09 40,49 25,14 5,37 0,1519 0,2856  400  2 33,44 32,04 100085,34 325907,062500 1
785 1080 31,21 34,41 28995 5 5476 1896 239,33 205,59 24,46 25,14 5,37 0,1519 0,2856  400  2 33,44 32,04 100085,34 325907,062500 1
786 1080 31,21 34,41 28995 5 5476 1896 239,33 205,59 24,46 25,14 5,37 0,1825 0,3431  400  2 33,43 35,79 100085,38 301176,468750 1
787 1080 31,21 34,41 28714 5 6025 2051 228,57 182,32 22,65 25,14 5,37 0,1825 0,3431  400  2 33,43 35,79 100085,38 301176,468750 1
788 1080 31,21 34,41 28714 5 6025 2051 228,57 182,32 22,65 25,14 5,37 0,2150 0,4042  400  2 33,43 35,79 100085,38 301176,468750 1
789 1079 31,21 36,29 28658 5 6322 2051 228,57 182,32 22,65 25,14 5,37 0,2150 0,4042  400  2 33,42 38,04 100085,76 290414,062500 1
790 1079 31,21 36,29 28658 5 6322 2158 223,74 163,55 21,58 25,14 5,37 0,2449 0,4604  400  2 33,42 38,04 100085,76 290414,062500 1
791 1077 31,25 38,08 28406 5 6322 2158 223,74 163,55 21,58 25,14 5,37 0,2449 0,4604  400  2 33,40 39,29 100086,08 274973,156250 1
792 1077 31,25 38,08 28406 5 6630 2270 214,47 156,14 20,58 25,14 5,37 0,2449 0,4604  400  2 33,40 39,29 100086,08 274973,156250 1
793 1077 31,25 38,08 28406 5 6630 2270 214,47 156,14 20,58 25,14 5,37 0,2789 0,5244  400  2 33,39 40,16 100086,30 265974,031250 1
794 1077 31,27 39,33 28390 5 6707 2301 218,14 147,66 20,32 25,14 5,37 0,2789 0,5244  400  2 33,39 40,16 100086,30 265974,031250 1
795 1077 31,27 39,33 28390 5 6707 2301 218,14 147,66 20,32 25,14 5,37 0,3068 0,5768  400  2 33,38 40,76 100086,55 258716,531250 1
796 1077 31,32 40,43 28359 5 6782 2326 206,36 140,77 20,11 25,14 5,37 0,3068 0,5768  400  2 33,38 40,76 100086,55 258716,531250 1
797 1077 31,32 40,43 28359 5 6782 2326 206,36 140,77 20,11 25,14 5,37 0,3385 0,6364  401  2 33,38 40,76 100086,55 258716,531250 1
798 1077 31,36 41,33 28338 5 6752 2326 206,36 140,77 20,11 25,14 5,37 0,3385 0,6364  401  2 33,38 41,18 100086,77 254094,296875 1
799 1077 31,36 41,33 28338 5 6752 2315 204,76 140,39 20,20 25,14 5,37 0,3709 0,6972  403  2 33,38 41,18 100086,77 254094,296875 1
800 1077 31,36 42,12 28331 5 6752 2315 204,76 140,39 20,20 25,14 5,37 0,3709 0,6972  403  2 33,37 41,53 100086,62 252590,031250 1
801 1077 31,36 42,12 28331 5 6532 2234 202,28 134,62 20,88 25,14 5,37 0,3709 0,6972  403  2 33,37 41,53 100086,62 252590,031250 1
802 1077 31,36 42,12 28331 5 6532 2234 202,28 134,62 20,88 25,14 5,37 0,3944 0,7414  405  2 33,37 41,85 100086,28 248724,796875 1
803 1078 31,41 42,82 28330 5 6375 2143 196,61 131,16 21,72 25,14 5,37 0,3944 0,7414  405  2 33,37 41,85 100086,28 248724,796875 1
804 1078 31,41 42,82 28330 5 6375 2143 196,61 131,16 21,72 25,14 5,37 0,4153 0,7807  408  2 33,36 42,02 100086,29 247462,546875 1
805 1078 31,44 43,40 28338 5 6364 2173 197,27 131,74 21,44 25,14 5,37 0,4153 0,7807  408  2 33,36 42,02 100086,29 247462,546875 1
806 1078 31,44 43,40 28338 5 6364 2173 197,27 131,74 21,44 25,14 5,37 0,4381 0,8237  411  3 33,36 42,02 100086,29 247462,546875 1
807 1078 31,50 43,91 28352 5 6205 2173 197,27 131,74 21,44 25,14 5,37 0,4381 0,8237  411  3 33,37 42,22 100086,05 245328,218750 1
808 1078 31,50 43,91 28352 5 6205 2115 194,49 129,48 21,99 25,14 5,37 0,4650 0,8741  414  3 33,37 42,22 100086,05 245328,218750 1
809 1078 31,51 44,30 28368 5 6205 2115 194,49 129,48 21,99 25,14 5,37 0,4650 0,8741  414  3 33,37 42,38 100085,88 246213,031250 1
810 1078 31,51 44,30 28368 5 6262 2136 194,75 131,12 21,79 25,14 5,37 0,4650 0,8741  414  3 33,37 42,38 100085,88 246213,031250 1
811 1078 31,51 44,30 28368 5 6262 2136 194,75 131,12 21,79 25,14 5,37 0,4809 0,9040  415  3 33,37 42,56 100085,86 244800,375000 1
812 1079 31,56 44,72 28382 5 5951 2016 193,18 129,09 23,03 25,14 5,37 0,4809 0,9040  415  3 33,37 42,56 100085,86 244800,375000 1
813 1079 31,56 44,72 28382 5 5951 2016 193,18 129,09 23,03 25,14 5,37 0,4988 0,9378  417  3 33,38 42,68 100085,96 243577,546875 1
814 1079 31,58 45,08 28397 5 5963 2029 191,10 130,58 22,88 25,14 5,37 0,4988 0,9378  417  3 33,38 42,68 100085,96 243577,546875 1
815 1079 31,58 45,08 28397 5 5963 2029 191,10 130,58 22,88 25,14 5,37 0,5153 0,9688  418  3 33,38 42,68 100085,96 243577,546875 1
816 1079 31,58 45,08 28409 5 6025 2029 191,10 130,58 22,88 25,14 5,37 0,5153 0,9688  418  3 33,39 42,78 100085,82 243230,406250 1
817 1079 31,58 45,08 28409 5 6025 2051 188,02 129,13 22,64 25,14 5,37 0,5281 0,9928  419  3 33,39 42,78 100085,82 243230,406250 1
818 1080 31,62 45,36 28428 5 6025 2051 188,02 129,13 22,64 25,14 5,37 0,5281 0,9928  419  3 33,40 42,88 100085,39 243403,843750 1
819 1080 31,62 45,36 28428 5 5835 1984 189,42 125,98 23,38 25,14 5,37 0,5281 0,9928  419  3 33,40 42,88 100085,39 243403,843750 1
820 1080 31,62 45,36 28428 5 5835 1984 189,42 125,98 23,38 25,14 5,37 0,5427 1,0202  419  3 33,41 42,92 100084,62 243230,406250 1
821 1080 31,65 45,63 28440 5 5813 1977 185,74 126,03 23,47 25,14 5,37 0,5427 1,0202  419  3 33,41 42,92 100084,62 243230,406250 1
822 1080 31,65 45,63 28440 5 5813 1977 185,74 126,03 23,47 25,14 5,37 0,5524 1,0384  420  3 33,42 43,04 100084,26 243057,203125 1
823 1080 31,69 45,81 28455 5 5651 1920 184,86 128,13 24,15 25,14 5,37 0,5524 1,0384  420  3 33,42 43,04 100084,26 243057,203125 1
824 1080 31,69 45,81 28455 5 5651 1920 184,86 128,13 24,15 25,14 5,37 0,5614 1,0555  420  3 33,42 43,04 100084,26 243057,203125 1
825 1080 31,74 46,02 28473 5 5651 1920 184,86 128,13 24,15 25,14 5,37 0,5614 1,0555  420  3 33,43 43,09 100084,14 243577,546875 1
826 1080 31,74 46,02 28473 5 5651 1920 187,76 126,50 24,15 25,14 5,37 0,5711 1,0737  421  3 33,43 43,09 100084,14 243577,546875 1
827 1080 31,74 46,18 28486 5 5651 1920 187,76 126,50 24,15 25,14 5,37 0,5711 1,0737  421  3 33,45 43,16 100083,95 242023,156250 1
828 1080 31,74 46,18 28486 5 5718 1943 183,37 127,53 23,86 25,14 5,37 0,5711 1,0737  421  3 33,45 43,16 100083,95 242023,156250 1
829 1080 31,74 46,18 28486 5 5718 1943 183,37 127,53 23,86 25,14 5,37 0,5810 1,0923  421  3 33,46 43,21 100083,80 242539,078125 1
830 1082 31,79 46,43 28500 5 5737 1950 182,93 126,62 23,78 25,14 5,37 0,5810 1,0923  421  3 33,46 43,21 100083,80 242539,078125 1
831 1082 31,79 46,43 28500 5 5737 1950 182,93 126,62 23,78 25,14 5,37 0,5993 1,1267  421  3 33,47 43,21 100084,08 243751,484375 1
832 1081 31,81 46,54 28512 5 5616 1908 181,27 127,01 24,29 25,14 5,37 0,5993 1,1267  421  3 33,47 43,21 100084,08 243751,484375 1
833 1081 31,81 46,54 28512 5 5616 1908 181,27 127,01 24,29 25,14 5,37 0,6083 1,1435  421  3 33,47 43,21 100084,08 243751,484375 1
834 1082 31,84 46,64 28527 5 5562 1908 181,27 127,01 24,29 25,14 5,37 0,6083 1,1435  421  3 33,49 43,22 100084,61 242366,859375 1
835 1082 31,84 46,64 28527 5 5562 1889 182,62 126,45 24,53 25,14 5,37 0,6086 1,1442  421  3 33,49 43,22 100084,61 242366,859375 1
836 1081 31,90 46,73 28537 5 5562 1889 182,62 126,45 24,53 25,14 5,37 0,6086 1,1442  421  3 33,51 43,30 100085,05 244100,125000 1
837 1081 31,90 46,73 28537 5 5507 1872 183,43 126,11 24,76 25,14 5,37 0,6086 1,1442  421  3 33,51 43,30 100085,05 244100,125000 1
838 1081 31,90 46,73 28537 5 5507 1872 183,43 126,11 24,76 25,14 5,37 0,6093 1,1455  421  3 33,52 43,33 100086,02 243577,546875 1
839 1082 31,91 46,87 28551 5 5426 1843 181,39 125,22 25,15 25,14 5,37 0,6093 1,1455  421  3 33,52 43,33 100086,02 243577,546875 1
840 1082 31,91 46,87 28551 5 5426 1843 181,39 125,22 25,15 25,14 5,37 0,6176 1,1612  421  3 33,54 43,37 100086,56 243403,843750 0
841 1082 31,95 46,96 28566 5 5487 1864 182,19 125,86 24,87 25,14 5,37 0,6176 1,1612  421  3 33,54 43,37 100086,56 243403,843750 0
842 1082 31,95 46,96 28566 5 5487 1864 182,19 125,86 24,87 25,14 5,37 0,6100 1,1468  421  3 33,54 43,37 100086,56 243403,843750 0
843 1083 31,96 46,63 29398 4 1897 1864 182,19 125,86 24,87 25,14 5,37 0,6100 1,1468  421  3 33,56 41,89 100086,50 254473,156250 0
844 1083 31,96 46,63 29398 4 1897 1197 190,64 139,64 40,80 25,14 5,37 0,5966 1,1215  421  3 33,56 41,89 100086,50 254473,156250 0
845 1083 31,96 46,63 30125 4 1897 1197 190,64 139,64 40,80 25,14 5,37 0,5966 1,1215  421  3 33,57 37,26 100086,73 272775,718750 0
846 1083 31,96 46,63 30125 4 670 893 207,06 155,82 63,01 25,14 5,37 0,5966 1,1215  421  3 33,57 37,26 100086,73 272775,718750 0
847 1083 31,96 46,63 30125 4 670 893 207,06 155,82 63,01 25,14 5,37 0,5827 1,0955  422  3 33,59 34,08 100086,44 286754,406250 0
848 1083 31,97 44,84 30484 3 450 851 207,69 168,38 68,86 25,14 5,37 0,5827 1,0955  422  3 33,59 34,08 100086,44 286754,406250 0
849 1083 31,97 44,84 30484 3 450 851 207,69 168,38 68,86 25,14 5,37 0,5677 1,0673  423  3 33,60 32,27 100085,90 298542,281250 0
850 1083 31,95 43,03 30545 3 354 820 216,96 182,38 74,05 25,14 5,37 0,5677 1,0673  423  3 33,60 32,27 100085,90 298542,281250 0
851 1083 31,95 43,03 30545 3 354 820 216,96 182,38 74,05 25,14 5,37 0,5520 1,0378  425  3 33,60 32,27 100085,90 298542,281250 0
852 1084 31,93 41,53 30763 3 342 820 216,96 182,38 74,05 25,14 5,37 0,5520 1,0378  425  3 33,62 31,06 100086,16 305762,906250 0
853 1084 31,93 41,53 30763 3 342 816 217,55 195,15 74,81 25,14 5,37 0,5342 1,0043  426  3 33,62 31,06 100086,16 305762,906250 0
854 1084 31,91 40,28 30782 3 342 816 217,55 195,15 74,81 25,14 5,37 0,5342 1,0043  426  3 33,63 30,27 100085,66 317126,031250 0
855 1084 31,91 40,28 30782 3 275 801 230,04 209,03 77,65 25,14 5,37 0,5342 1,0043  426  3 33,63 30,27 100085,66 317126,031250 0
856 1084 31,91 40,28 30782 3 275 801 230,04 209,03 77,65 25,14 5,37 0,5129 0,9642  426  3 33,64 29,71 100085,00 320701,531250 0
857 1083 31,89 39,31 30818 3 301 801 229,88 213,97 77,57 25,14 5,37 0,5129 0,9642  426  3 33,64 29,71 100085,00 320701,531250 0
858 1083 31,89 39,31 30818 3 301 801 229,88 213,97 77,57 25,14 5,37 0,4902 0,9216  427  3 33,65 29,31 100084,48 326843,281250 0
859 1083 31,86 38,45 30865 3 277 780 233,57 223,89 79,40 25,14 5,37 0,4902 0,9216  427  3 33,65 29,31 100084,48 326843,281250 0
860 1083 31,86 38,45 30865 3 277 780 233,57 223,89 79,40 25,14 5,37 0,4664 0,8769  426  3 33,65 29,31 100084,48 326843,281250 0
861 1083 31,80 37,66 30902 3 257 780 233,57 223,89 79,40 25,14 5,37 0,4664 0,8769  426  3 33,66 29,01 100084,13 333550,500000 0
862 1083 31,80 37,66 30902 3 257 759 234,28 226,03 81,00 25,14 5,37 0,4422 0,8313  426  3 33,66 29,01 100084,13 333550,500000 0
863 1084 31,77 36,99 30938 3 257 759 234,28 226,03 81,00 25,14 5,37 0,4422 0,8313  426  3 33,66 28,71 100083,66 338848,437500 0
864 1084 31,77 36,99 30938 3 253 744 242,10 236,51 82,11 25,14 5,37 0,4422 0,8313  426  3 33,66 28,71 100083,66 338848,437500 0
865 1084 31,77 36,99 30938 3 253 744 242,10 236,51 82,11 25,14 5,37 0,4167 0,7834  424  3 33,66 28,51 100083,28 341219,593750 0
866 1084 31,77 36,43 30979 3 259 761 247,57 239,57 80,84 25,14 5,37 0,4167 0,7834  424  3 33,66 28,51 100083,28 341219,593750 0
867 1084 31,77 36,43 30979 3 259 761 247,57 239,57 80,84 25,14 5,37 0,3909 0,7349  422  3 33,67 28,36 100083,24 347472,000000 0
868 1084 31,72 35,96 31010 3 256 758 245,48 246,07 81,06 25,14 5,37 0,3909 0,7349  422  3 33,67 28,36 100083,24 347472,000000 0
869 1084 31,72 35,96 31010 3 256 758 245,48 246,07 81,06 25,14 5,37 0,3662 0,6885  419  2 33,67 28,36 100083,24 347472,000000 0
870 1085 31,68 35,55 31040 3 271 758 245,48 246,07 81,06 25,14 5,37 0,3662 0,6885  419  2 33,67 28,20 100082,56 349607,375000 0
871 1085 31,68 35,55 31040 3 271 774 251,54 247,57 79,89 25,14 5,37 0,3427 0,6443  414  2 33,67 28,20 100082,56 349607,375000 0
872 1085 31,68 35,55 31059 3 271 774 251,54 247,57 79,89 25,14 5,37 0,3427 0,6443  414  2 33,66 28,12 100082,37 352860,093750 0
873 1085 31,68 35,55 31059 3 244 764 252,31 256,79 80,65 25,14 5,37 0,3427 0,6443  414  2 33,66 28,12 100082,37 352860,093750 0
874 1085 31,68 35,55 31059 3 244 764 252,31 256,79 80,65 25,14 5,37 0,3198 0,6013  410  2 33,66 27,98 100082,00 355062,406250 0
875 1085 31,65 35,19 31079 3 266 769 257,05 260,11 80,24 25,14 5,37 0,3198 0,6013  410  2 33,66 27,98 100082,00 355062,406250 0
876 1085 31,65 35,19 31079 3 266 769 257,05 260,11 80,24 25,14 5,37 0,2982 0,5606  408  2 33,65 27,86 100082,20 360690,375000 0
877 1085 31,62 34,85 31097 3 230 729 255,57 257,05 83,34 25,14 5,37 0,2982 0,5606  408  2 33,65 27,86 100082,20 360690,375000 0
878 1085 31,62 34,85 31097 3 230 729 255,57 257,05 83,34 25,14 5,37 0,2778 0,5223  406  2 33,65 27,86 100082,20 360690,375000 0
879 1085 31,59 34,56 31114 3 266 729 255,57 257,05 83,34 25,14 5,37 0,2778 0,5223  406  2 33,64 27,77 100082,16 362221,437500 0
880 1085 31,59 34,56 31114 3 266 769 263,66 268,07 80,24 25,14 5,37 0,2584 0,4857  404  2 33,64 27,77 100082,16 362221,437500 0
881 1085 31,55 34,28 31133 3 266 769 263,66 268,07 80,24 25,14 5,37 0,2584 0,4857  404  2 33,63 27,75 100081,88 362991,843750 0
882 1085 31,55 34,28 31133 3 242 748 264,28 269,61 81,83 25,14 5,37 0,2584 0,4857  404  2 33,63 27,75 100081,88 362991,843750 0
883 1085 31,55 34,28 31133 3 242 748 264,28 269,61 81,83 25,14 5,37 0,2403 0,4517  403  2 33,63 27,68 100082,53 365322,875000 0
884 1083 31,53 34,15 31155 3 258 760 261,44 272,83 80,89 25,14 5,37 0,2403 0,4517  403  2 33,63 27,68 100082,53 365322,875000 0
885 1083 31,53 34,15 31155 3 258 760 261,44 272,83 80,89 25,14 5,37 0,2234 0,4201  402  2 33,62 27,62 100082,62 366499,656250 0
886 1083 31,47 33,90 31170 3 229 728 270,98 275,24 83,37 25,14 5,37 0,2234 0,4201  402  2 33,62 27,62 100082,62 366499,656250 0
887 1083 31,47 33,90 31170 3 229 728 270,98 275,24 83,37 25,14 5,37 0,2075 0,3902  402  2 33,62 27,62 100082,62 366499,656250 0
888 1083 31,46 33,72 31183 3 250 728 270,98 275,24 83,37 25,14 5,37 0,2075 0,3902  402  2 33,61 27,57 100082,94 375848,781250 0
889 1083 31,46 33,72 31183 3 250 752 267,43 277,01 81,55 25,14 5,37 0,1928 0,3625  401  2 33,61 27,57 100082,94 375848,781250 0
890 1083 31,45 33,62 31197 3 250 752 267,43 277,01 81,55 25,14 5,37 0,1928 0,3625  401  2 33,60 27,50 100082,97 377094,468750 0
891 1083 31,45 33,62 31197 3 256 759 277,86 279,74 80,97 25,14 5,37 0,1928 0,3625  401  2 33,60 27,50 100082,97 377094,468750 0
892 1083 31,45 33,62 31197 3 256 759 277,86 279,74 80,97 25,14 5,37 0,1792 0,3369  401  2 33,59 27,46 100083,08 377929,500000 0
893 1083 31,40 33,41 31211 3 242 743 267,52 282,31 82,22 25,14 5,37 0,1792 0,3369  401  2 33,59 27,46 100083,08 377929,500000 0
894 1083 31,40 33,41 31211 3 242 743 267,52 282,31 82,22 25,14 5,37 0,1670 0,3139  401  2 33,57 27,41 100083,09 380245,093750 0
895 1083 31,39 33,34 31222 3 249 751 274,59 284,71 81,63 25,14 5,37 0,1670 0,3139  401  2 33,57 27,41 100083,09 380245,093750 0
896 1083 31,39 33,34 31222 3 249 751 274,59 284,71 81,63 25,14 5,37 0,1552 0,2918  401  2 33,57 27,41 100083,09 380245,093750 0
897 1083 31,38 33,19 31227 3 237 751 274,59 284,71 81,63 25,14 5,37 0,1552 0,2918  401  2 33,56 27,38 100083,00 381733,468750 0
898 1083 31,38 33,19 31227 3 237 737 275,89 291,73 82,72 25,14 5,37 0,1445 0,2717  400  2 33,56 27,38 100083,00 381733,468750 0
899 1083 31,33 33,13 31239 3 237 737 275,89 291,73 82,72 25,14 5,37 0,1445 0,2717  400  2 33,54 27,34 100082,82 385179,625000 0
900 1083 31,33 33,13 31239 3 264 767 275,70 288,49 80,40 25,14 5,37 0,1445 0,2717  400  2 33,54 27,34 100082,82 385179,625000 1
901 1083 31,33 33,13 31239 3 264 767 275,70 288,49 80,40 25,14 5,37 0,1345 0,2529  400  2 33,53 27,37 100082,36 384962,406250 1
902 1083 31,33 33,13 30793 4 692 922 270,62 277,76 59,69 25,14 5,37 0,1345 0,2529  400  2 33,53 27,37 100082,36 384962,406250 1
903 1083 31,33 33,13 30793 4 692 922 270,62 277,76 59,69 25,14 5,37 0,1371 0,2578  400  2 33,52 30,29 100082,70 340199,343750 1
904 1082 31,31 33,05 29172 5 4913 1683 248,49 223,36 27,60 25,14 5,37 0,1371 0,2578  400  2 33,52 30,29 100082,70 340199,343750 1
905 1082 31,31 33,05 29172 5 4913 1683 248,49 223,36 27,60 25,14 5,37 0,1670 0,3140  400  2 33,52 30,29 100082,70 340199,343750 1
906 1083 31,31 34,13 28829 5 5745 1683 248,49 223,36 27,60 25,14 5,37 0,1670 0,3140  400  2 33,51 34,76 100083,26 313341,500000 1
907 1083 31,31 34,13 28829 5 5745 1995 232,54 192,13 23,26 25,14 5,37 0,1982 0,3727  400  2 33,51 34,76 100083,26 313341,500000 1
908 1083 31,30 36,12 28771 5 5745 1995 232,54 192,13 23,26 25,14 5,37 0,1982 0,3727  400  2 33,49 37,52 100084,17 293915,031250 1
909 1083 31,30 36,12 28771 5 6095 2076 228,33 173,58 22,38 25,14 5,37 0,1982 0,3727  400  2 33,49 37,52 100084,17 293915,031250 1
910 1083 31,30 36,12 28771 5 6095 2076 228,33 173,58 22,38 25,14 5,37 0,2376 0,4467  400  2 33,48 39,02 100084,80 281550,718750 1
911 1084 31,32 37,79 28531 5 6370 2175 222,31 164,38 21,41 25,14 5,37 0,2376 0,4467  400  2 33,48 39,02 100084,80 281550,718750 1
912 1084 31,32 37,79 28531 5 6370 2175 222,31 164,38 21,41 25,14 5,37 0,2679 0,5037  400  2 33,47 39,85 100085,15 271690,093750 1
913 1083 31,34 39,14 28501 5 6426 2195 213,39 153,57 21,23 25,14 5,37 0,2679 0,5037  400  2 33,47 39,85 100085,15 271690,093750 1
914 1083 31,34 39,14 28501 5 6426 2195 213,39 153,57 21,23 25,14 5,37 0,2949 0,5544  400  2 33,47 39,85 100085,15 271690,093750 1
915 1084 31,38 40,26 28458 5 6485 2195 213,39 153,57 21,23 25,14 5,37 0,2949 0,5544  400  2 33,46 40,48 100085,08 263306,750000 1
916 1084 31,38 40,26 28458 5 6485 2259 207,83 146,51 20,67 25,14 5,37 0,3281 0,6168  401  2 33,46 40,48 100085,08 263306,750000 1
917 1084 31,40 41,19 28422 5 6485 2259 207,83 146,51 20,67 25,14 5,37 0,3281 0,6168  401  2 33,46 40,96 100085,70 259503,296875 1
918 1084 31,40 41,19 28422 5 6604 2260 203,86 142,69 20,65 25,14 5,37 0,3281 0,6168  401  2 33,46 40,96 100085,70 259503,296875 1
919 1084 31,40 41,19 28422 5 6604 2260 203,86 142,69 20,65 25,14 5,37 0,3552 0,6677  402  2 33,45 41,31 100086,27 255234,296875 1
920 1083 31,44 41,94 28394 5 6361 2171 199,15 137,80 21,44 25,14 5,37 0,3552 0,6677  402  2 33,45 41,31 100086,27 255234,296875 1
921 1083 31,44 41,94 28394 5 6361 2171 199,15 137,80 21,44 25,14 5,37 0,3807 0,7157  404  2 33,45 41,62 100086,41 251844,562500 1
922 1082 31,46 42,62 28382 5 6365 2173 200,57 136,41 21,43 25,14 5,37 0,3807 0,7157  404  2 33,45 41,62 100086,41 251844,562500 1
923 1082 31,46 42,62 28382 5 6365 2173 200,57 136,41 21,43 25,14 5,37 0,4034 0,7583  407  2 33,45 41,62 100086,41 251844,562500 1
924 1083 31,54 43,19 28382 5 6389 2173 200,57 136,41 21,43 25,14 5,37 0,4034 0,7583  407  2 33,44 41,90 100086,83 250366,750000 1
925 1083 31,54 43,19 28382 5 6389 2116 196,94 134,21 21,98 25,14 5,37 0,4245 0,7980  410  3 33,44 41,90 100086,83 250366,750000 1
926 1082 31,56 43,71 28392 5 6389 2116 196,94 134,21 21,98 25,14 5,37 0,4245 0,7980  410  3 33,44 42,05 100087,04 249269,718750 1
927 1082 31,56 43,71 28392 5 6199 2113 195,94 134,71 22,00 25,14 5,37 0,4245 0,7980  410  3 33,44 42,05 100087,04 249269,718750 1
928 1082 31,56 43,71 28392 5 6199 2113 195,94 134,71 22,00 25,14 5,37 0,4451 0,8368  413  3 33,45 42,21 100087,47 247642,078125 1
929 1083 31,60 44,11 28394 5 6034 2054 194,23 133,63 22,61 25,14 5,37 0,4451 0,8368  413  3 33,45 42,21 100087,47 247642,078125 1
930 1083 31,60 44,11 28394 5 6034 2054 194,23 133,63 22,61 25,14 5,37 0,4628 0,8700  414  3 33,45 42,33 100087,85 246746,984375 1
931 1083 31,60 44,11 28404 5 5885 2002 196,54 131,43 23,18 25,14 5,37 0,4628 0,8700  414  3 33,45 42,33 100087,85 246746,984375 1
932 1083 31,60 44,11 28404 5 5885 2002 196,54 131,43 23,18 25,14 5,37 0,4813 0,9049  416  3 33,45 42,33 100087,85 246746,984375 1
933 1083 31,65 44,54 28418 5 5985 2002 196,54 131,43 23,18 25,14 5,37 0,4813 0,9049  416  3 33,46 42,43 100088,19 246213,031250 1
934 1083 31,65 44,54 28418 5 5985 1950 194,56 131,69 23,78 25,14 5,37 0,4975 0,9354  417  3 33,46 42,43 100088,19 246213,031250 1
935 1084 31,68 44,87 28436 5 5985 1950 194,56 131,69 23,78 25,14 5,37 0,4975 0,9354  417  3 33,46 42,56 100088,49 246568,750000 1
936 1084 31,68 44,87 28436 5 5897 2006 191,74 132,59 23,13 25,14 5,37 0,4975 0,9354  417  3 33,46 42,56 100088,49 246568,750000 1
937 1084 31,68 44,87 28436 5 5897 2006 191,74 132,59 23,13 25,14 5,37 0,5131 0,9647  418  3 33,47 42,66 100088,55 245681,375000 1
938 1083 31,71 45,18 28456 5 5694 1935 189,42 130,36 23,96 25,14 5,37 0,5131 0,9647  418  3 33,47 42,66 100088,55 245681,375000 1
939 1083 31,71 45,18 28456 5 5694 1935 189,42 130,36 23,96 25,14 5,37 0,5277 0,9920  418  3 33,48 42,71 100088,57 244449,750000 1
940 1085 31,73 45,37 28470 5 5665 1925 191,23 129,00 24,08 25,14 5,37 0,5277 0,9920  418  3 33,48 42,71 100088,57 244449,750000 1
941 1085 31,73 45,37 28470 5 5665 1925 191,23 129,00 24,08 25,14 5,37 0,5388 1,0129  419  3 33,48 42,71 100088,57 244449,750000 1
942 1085 31,77 45,64 28486 5 5634 1925 191,23 129,00 24,08 25,14 5,37 0,5388 1,0129  419  3 33,49 42,74 100088,44 246213,031250 1
943 1085 31,77 45,64 28486 5 5634 1926 189,23 128,39 24,07 25,14 5,37 0,5546 1,0426  419  3 33,49 42,74 100088,44 246213,031250 1
944 1088 31,79 45,80 28501 5 5634 1926 189,23 128,39 24,07 25,14 5,37 0,5546 1,0426  419  3 33,50 42,78 100088,82 245858,343750 1
945 1088 31,79 45,80 28501 5 5540 1882 187,38 131,16 24,63 25,14 5,37 0,5546 1,0426  419  3 33,50 42,78 100088,82 245858,343750 1
946 1088 31,79 45,80 28501 5 5540 1882 187,38 131,16 24,63 25,14 5,37 0,5631 1,0586  419  3 33,52 42,82 100089,00 245681,375000 1
947 1089 31,83 46,02 28519 5 5523 1876 189,04 130,19 24,70 25,14 5,37 0,5631 1,0586  419  3 33,52 42,82 100089,00 245681,375000 1
948 1089 31,83 46,02 28519 5 5523 1876 189,04 130,19 24,70 25,14 5,37 0,5718 1,0751  419  3 33,53 42,85 100089,26 246746,984375 1
949 1090 31,86 46,12 28533 5 5645 1918 184,24 127,83 24,16 25,14 5,37 0,5718 1,0751  419  3 33,53 42,85 100089,26 246746,984375 1
950 1090 31,86 46,12 28533 5 5645 1918 184,24 127,83 24,16 25,14 5,37 0,5853 1,1004  420  3 33,53 42,85 100089,26 246746,984375 1
951 1090 31,87 46,24 28547 5 5480 1918 184,24 127,83 24,16 25,14 5,37 0,5853 1,1004  420  3 33,55 42,89 100089,40 246390,765625 1
952 1090 31,87 46,24 28547 5 5480 1890 185,11 129,00 24,53 25,14 5,37 0,5934 1,1156  420  3 33,55 42,89 100089,40 246390,765625 1
953 1090 31,91 46,33 28557 5 5480 1890 185,11 129,00 24,53 25,14 5,37 0,5934 1,1156  420  3 33,56 42,90 100089,42 244800,375000 1
954 1090 31,91 46,33 28557 5 5454 1853 180,90 131,07 25,01 25,14 5,37 0,5934 1,1156  420  3 33,56 42,90 100089,42 244800,375000 1
955 1090 31,91 46,33 28557 5 5454 1853 180,90 131,07 25,01 25,14 5,37 0,5971 1,1226  420  3 33,57 42,94 100089,34 246568,750000 1
956 1091 31,96 46,43 28574 5 5313 1805 185,49 128,26 25,68 25,14 5,37 0,5971 1,1226  420  3 33,57 42,94 100089,34 246568,750000 1
957 1091 31,96 46,43 28574 5 5313 1805 185,49 128,26 25,68 25,14 5,37 0,6018 1,1314  420  3 33,59 42,97 100089,79 244449,750000 1
958 1092 31,95 46,52 28583 5 5370 1824 183,37 128,65 25,40 25,14 5,37 0,6018 1,1314  420  3 33,59 42,97 100089,79 244449,750000 1
959 1092 31,95 46,52 28583 5 5370 1824 183,37 128,65 25,40 25,14 5,37 0,6035 1,1346  420  3 33,59 42,97 100089,79 244449,750000 1
960 1092 31,95 46,52 28596 5 5330 1824 183,37 128,65 25,40 25,14 5,37 0,6035 1,1346  420  3 33,60 42,94 100090,04 246390,765625 0
961 1092 31,95 46,52 28596 5 5330 1800 183,24 130,45 25,74 25,14 5,37 0,6050 1,1373  420  3 33,60 42,94 100090,04 246390,765625 0
962 1092 32,00 46,55 29109 5 5330 1800 183,24 130,45 25,74 25,14 5,37 0,6050 1,1373  420  3 33,62 42,56 100090,10 251103,484375 0
963 1092 32,00 46,55 29109 5 2497 1309 187,95 136,69 36,52 25,14 5,37 0,6050 1,1373  420  3 33,62 42,56 100090,10 251103,484375 0
964 1092 32,00 46,55 29109 5 2497 1309 187,95 136,69 36,52 25,14 5,37 0,5927 1,1143  420  3 33,63 38,37 100089,95 270184,687500 0
965 1095 32,04 46,39 29974 4 829 959 198,75 152,07 55,95 25,14 5,37 0,5927 1,1143  420  3 33,63 38,37 100089,95 270184,687500 0
966 1095 32,04 46,39 29974 4 829 959 198,75 152,07 55,95 25,14 5,37 0,5798 1,0900  420  3 33,65 34,79 100089,86 284602,562500 0
967 1096 32,02 44,76 30397 3 469 857 206,36 166,28 67,93 25,14 5,37 0,5798 1,0900  420  3 33,65 34,79 100089,86 284602,562500 0
968 1096 32,02 44,76 30397 3 469 857 206,36 166,28 67,93 25,14 5,37 0,5656 1,0634  421  3 33,65 34,79 100089,86 284602,562500 0
969 1096 32,01 42,97 30623 3 353 857 206,36 166,28 67,93 25,14 5,37 0,5656 1,0634  421  3 33,66 32,55 100089,08 296725,593750 0
970 1096 32,01 42,97 30623 3 353 828 221,78 179,13 72,52 25,14 5,37 0,5505 1,0349  422  3 33,66 32,55 100089,08 296725,593750 0
971 1096 32,02 41,48 30664 3 353 828 221,78 179,13 72,52 25,14 5,37 0,5505 1,0349  422  3 33,68 31,20 100089,29 305216,093750 0
972 1096 32,02 41,48 30664 3 310 804 224,05 197,07 76,97 25,14 5,37 0,5505 1,0349  422  3 33,68 31,20 100089,29 305216,093750 0
973 1096 32,02 41,48 30664 3 310 804 224,05 197,07 76,97 25,14 5,37 0,5325 1,0011  423  3 33,69 30,31 100089,04 314206,812500 0
974 1097 31,97 40,27 30723 3 306 803 223,44 204,90 77,25 25,14 5,37 0,5325 1,0011  423  3 33,69 30,31 100089,04 314206,812500 0
975 1097 31,97 40,27 30723 3 306 803 223,44 204,90 77,25 25,14 5,37 0,5130 0,9644  423  3 33,71 29,75 100088,70 322215,218750 0
976 1097 31,95 39,18 30780 3 263 766 231,13 210,95 80,46 25,14 5,37 0,5130 0,9644  423  3 33,71 29,75 100088,70 322215,218750 0
977 1097 31,95 39,18 30780 3 263 766 231,13 210,95 80,46 25,14 5,37 0,4917 0,9244  424  3 33,71 29,75 100088,70 322215,218750 0
978 1096 31,93 38,32 30839 3 268 766 231,13 210,95 80,46 25,14 5,37 0,4917 0,9244  424  3 33,71 29,33 100088,30 328731,937500 0
979 1096 31,93 38,32 30839 3 268 782 236,59 224,12 79,21 25,14 5,37 0,4689 0,8815  424  3 33,71 29,33 100088,30 328731,937500 0
980 1097 31,87 37,53 30886 3 268 782 236,59 224,12 79,21 25,14 5,37 0,4689 0,8815  424  3 33,72 29,01 100087,77 333224,875000 0
981 1097 31,87 37,53 30886 3 260 763 236,43 231,99 80,70 25,14 5,37 0,4689 0,8815  424  3 33,72 29,01 100087,77 333224,875000 0
982 1097 31,87 37,53 30886 3 260 763 236,43 231,99 80,70 25,14 5,37 0,4446 0,8359  423  3 33,73 28,73 100086,94 338177,000000 0
983 1097 31,84 36,91 30928 3 244 745 246,57 238,93 82,02 25,14 5,37 0,4446 0,8359  423  3 33,73 28,73 100086,94 338177,000000 0
984 1097 31,84 36,91 30928 3 244 745 246,57 238,93 82,02 25,14 5,37 0,4191 0,7879  422  3 33,73 28,51 100086,48 342933,687500 0
985 1097 31,80 36,31 30968 3 252 754 249,42 242,10 81,39 25,14 5,37 0,4191 0,7879  422  3 33,73 28,51 100086,48 342933,687500 0
986 1097 31,80 36,31 30968 3 252 754 249,42 242,10 81,39 25,14 5,37 0,3945 0,7417  419  3 33,73 28,51 100086,48 342933,687500 0
987 1097 31,80 36,31 31004 3 261 754 249,42 242,10 81,39 25,14 5,37 0,3945 0,7417  419  3 33,73 28,31 100085,55 348180,906250 0
988 1097 31,80 36,31 31004 3 261 761 251,03 249,76 80,84 25,14 5,37 0,3691 0,6940  417  2 33,73 28,31 100085,55 348180,906250 0
989 1097 31,77 35,78 31035 3 261 761 251,03 249,76 80,84 25,14 5,37 0,3691 0,6940  417  2 33,73 28,20 100085,11 351045,593750 0
990 1097 31,77 35,78 31035 3 246 747 251,20 255,06 81,86 25,14 5,37 0,3691 0,6940  417  2 33,73 28,20 100085,11 351045,593750 0
991 1097 31,77 35,78 31035 3 246 747 251,20 255,06 81,86 25,14 5,37 0,3450 0,6486  413  2 33,73 28,07 100084,52 352495,687500 0
992 1097 31,75 35,39 31066 3 253 755 256,27 256,87 81,25 25,14 5,37 0,3450 0,6486  413  2 33,73 28,07 100084,52 352495,687500 0
993 1097 31,75 35,39 31066 3 253 755 256,27 256,87 81,25 25,14 5,37 0,3223 0,6060  410  2 33,73 27,99 100084,55 355432,156250 0
994 1098 31,71 35,07 31092 3 270 773 254,88 263,21 79,89 25,14 5,37 0,3223 0,6060  410  2 33,73 27,99 100084,55 355432,156250 0
995 1098 31,71 35,07 31092 3 270 773 254,88 263,21 79,89 25,14 5,37 0,3003 0,5646  407  2 33,73 27,99 100084,55 355432,156250 0
996 1097 31,68 34,77 31110 3 245 773 254,88 263,21 79,89 25,14 5,37 0,3003 0,5646  407  2 33,72 27,85 100084,29 357666,781250 0
997 1097 31,68 34,77 31110 3 245 746 257,31 270,43 81,97 25,14 5,37 0,2796 0,5256  406  2 33,72 27,85 100084,29 357666,781250 0
998 1097 31,64 34,44 31129 3 245 746 257,31 270,43 81,97 25,14 5,37 0,2796 0,5256  406  2 33,71 27,76 100083,71 359929,687500 0
999 1097 31,64 34,44 31129 3 257 759 260,38 267,97 80,97 25,14 5,37 0,2796 0,5256  406  2 33,71 27,76 100083,71 359929,687500 0
1000 1097 31,64 34,44 31129 3 257 759 260,38 267,97 80,97 25,14 5,37 0,2596 0,4880  404  2 33,70 27,69 100082,82 362221,437500 0
1001 1097 31,60 34,23 31149 3 245 746 268,34 272,55 81,94 25,14 5,37 0,2596 0,4880  404  2 33,70 27,69 100082,82 362221,437500 0
1002 1097 31,60 34,23 31149 3 245 746 268,34 272,55 81,94 25,14 5,37 0,2409 0,4530  403  2 33,69 27,59 100081,80 364153,625000 0
1003 1097 31,57 34,00 31167 3 268 741 269,61 272,27 82,38 25,14 5,37 0,2409 0,4530  403  2 33,69 27,59 100081,80 364153,625000 0
1004 1097 31,57 34,00 31167 3 268 741 269,61 272,27 82,38 25,14 5,37 0,2240 0,4211  402  2 33,69 27,59 100081,80 364153,625000 0
1005 1097 31,56 33,80 31183 3 266 741 269,61 272,27 82,38 25,14 5,37 0,2240 0,4211  402  2 33,68 27,54 100081,32 375641,968750 0
1006 1097 31,56 33,80 31183 3 266 769 270,53 278,61 80,24 25,14 5,37 0,2084 0,3918  402  2 33,68 27,54 100081,32 375641,968750 0
1007 1096 31,51 33,69 31197 3 266 769 270,53 278,61 80,24 25,14 5,37 0,2084 0,3918  402  2 33,67 27,49 100081,55 366893,593750 0
1008 1096 31,51 33,69 31197 3 226 725 276,54 281,74 83,62 25,14 5,37 0,2084 0,3918  402  2 33,67 27,49 100081,55 366893,593750 0
1009 1096 31,51 33,69 31197 3 226 725 276,54 281,74 83,62 25,14 5,37 0,1936 0,3640  401  2 33,65 27,45 100081,52 377302,875000 0
1010 1096 31,50 33,54 31210 3 252 753 269,79 281,36 81,41 25,14 5,37 0,1936 0,3640  401  2 33,65 27,45 100081,52 377302,875000 0
1011 1096 31,50 33,54 31210 3 252 753 269,79 281,36 81,41 25,14 5,37 0,1800 0,3383  401  2 33,64 27,43 100081,52 380457,000000 0
1012 1097 31,46 33,33 31216 3 234 749 272,83 287,42 81,77 25,14 5,37 0,1800 0,3383  401  2 33,64 27,43 100081,52 380457,000000 0
1013 1097 31,46 33,33 31216 3 234 749 272,83 287,42 81,77 25,14 5,37 0,1673 0,3146  401  2 33,64 27,43 100081,52 380457,000000 0
1014 1096 31,44 33,25 31230 3 249 749 272,83 287,42 81,77 25,14 5,37 0,1673 0,3146  401  2 33,63 27,39 100081,34 381094,156250 0
1015 1096 31,44 33,25 31230 3 249 751 275,61 283,17 81,61 25,14 5,37 0,1558 0,2930  401  2 33,63 27,39 100081,34 381094,156250 0
1016 1096 31,44 33,25 31243 3 249 751 275,61 283,17 81,61 25,14 5,37 0,1558 0,2930  401  2 33,61 27,32 100080,94 383233,531250 0
1017 1096 31,44 33,25 31243 2 210 705 280,22 292,13 85,19 25,14 5,37 0,1558 0,2930  401  2 33,61 27,32 100080,94 383233,531250 0
1018 1096 31,44 33,25 31243 2 210 705 280,22 292,13 85,19 25,14 5,37 0,1447 0,2721  400  2 33,60 27,30 100080,73 382803,750000 0
1019 1095 31,42 33,16 31246 3 250 751 278,52 295,21 81,58 25,14 5,37 0,1447 0,2721  400  2 33,60 27,30 100080,73 382803,750000 0
1020 1095 31,42 33,16 31246 3 250 751 278,52 295,21 81,58 25,14 5,37 0,1346 0,2531  400  2 33,59 27,27 100081,17 385397,062500 1
1021 1096 31,38 32,99 31253 3 232 807 279,46 292,92 76,52 25,14 5,37 0,1346 0,2531  400  2 33,59 27,27 100081,17 385397,062500 1
1022 1096 31,38 32,99 31253 3 232 807 279,46 292,92 76,52 25,14 5,37 0,1315 0,2472  400  2 33,59 27,27 100081,17 385397,062500 1
1023 1095 31,33 32,95 29491 5 3559 807 279,46 292,92 76,52 25,14 5,37 0,1315 0,2472  400  2 33,57 28,70 100081,59 349965,812500 1
1024 1095 31,33 32,95 29491 5 3559 1485 257,31 239,57 31,57 25,14 5,37 0,1561 0,2936  400  2 33,57 28,70 100081,59 349965,812500 1
1025 1094 31,35 33,77 28940 5 3559 1485 257,31 239,57 31,57 25,14 5,37 0,1561 0,2936  400  2 33,55 33,40 100081,42 322215,218750 1
1026 1094 31,35 33,77 28940 5 5438 1847 239,90 210,95 25,09 25,14 5,37 0,1561 0,2936  400  2 33,55 33,40 100081,42 322215,218750 1
1027 1094 31,35 33,77 28940 5 5438 1847 239,90 210,95 25,09 25,14 5,37 0,1863 0,3502  400  2 33,54 36,56 100081,84 302779,406250 1
1028 1095 31,34 35,66 28890 5 5612 1907 228,87 183,55 24,31 25,14 5,37 0,1863 0,3502  400  2 33,54 36,56 100081,84 302779,406250 1
1029 1095 31,34 35,66 28890 5 5612 1907 228,87 183,55 24,31 25,14 5,37 0,2174 0,4087  400  2 33,53 38,35 100082,54 288694,656250 1
1030 1094 31,37 37,44 28667 5 5889 1956 223,21 169,41 23,70 25,14 5,37 0,2174 0,4087  400  2 33,53 38,35 100082,54 288694,656250 1
1031 1094 31,37 37,44 28667 5 5889 1956 223,21 169,41 23,70 25,14 5,37 0,2510 0,4718  400  2 33,53 38,35 100082,54 288694,656250 1
1032 1095 31,37 38,81 28635 5 5945 1956 223,21 169,41 23,70 25,14 5,37 0,2510 0,4718  400  2 33,52 39,47 100083,21 279019,062500 1
1033 1095 31,37 38,81 28635 5 5945 2023 219,10 163,27 22,94 25,14 5,37 0,2794 0,5252  400  2 33,52 39,47 100083,21 279019,062500 1
1034 1096 31,41 39,96 28585 5 5945 2023 219,10 163,27 22,94 25,14 5,37 0,2794 0,5252  400  2 33,51 40,21 100083,94 270184,687500 1
1035 1096 31,41 39,96 28585 5 6243 2129 212,88 153,05 21,85 25,14 5,37 0,2794 0,5252  400  2 33,51 40,21 100083,94 270184,687500 1
1036 1096 31,41 39,96 28585 5 6243 2129 212,88 153,05 21,85 25,14 5,37 0,3068 0,5768  401  2 33,50 40,71 100084,16 264121,750000 1
1037 1097 31,45 40,94 28525 5 6272 2139 212,52 147,96 21,74 25,14 5,37 0,3068 0,5768  401  2 33,50 40,71 100084,16 264121,750000 1
1038 1097 31,45 40,94 28525 5 6272 2139 212,52 147,96 21,74 25,14 5,37 0,3371 0,6337  402  2 33,49 41,07 100084,97 259503,296875 1
1039 1097 31,49 41,69 28477 5 6306 2179 207,41 144,88 21,37 25,14 5,37 0,3371 0,6337  402  2 33,49 41,07 100084,97 259503,296875 1
1040 1097 31,49 41,69 28477 5 6306 2179 207,41 144,88 21,37 25,14 5,37 0,3636 0,6836  403  2 33,49 41,07 100084,97 259503,296875 1
1041 1098 31,53 42,40 28449 5 6336 2179 207,41 144,88 21,37 25,14 5,37 0,3636 0,6836  403  2 33,49 41,32 100085,55 257157,203125 1
1042 1098 31,53 42,40 28449 5 6336 2162 211,30 141,97 21,52 25,14 5,37 0,3847 0,7232  406  2 33,49 41,32 100085,55 257157,203125 1
1043 1099 31,58 43,03 28436 5 6336 2162 211,30 141,97 21,52 25,14 5,37 0,3847 0,7232  406  2 33,48 41,60 100085,99 256000,000000 1
1044 1099 31,58 43,03 28436 5 6154 2097 201,39 138,18 22,16 25,14 5,37 0,3847 0,7232  406  2 33,48 41,60 100085,99 256000,000000 1
1045 1099 31,58 43,03 28436 5 6154 2097 201,39 138,18 22,16 25,14 5,37 0,4096 0,7700  409  2 33,48 41,78 100085,97 253528,093750 1
1046 1099 31,58 43,03 28427 5 6113 2082 200,44 135,13 22,31 25,14 5,37 0,4096 0,7700  409  2 33,48 41,78 100085,97 253528,093750 1
1047 1099 31,58 43,03 28427 5 6113 2082 200,44 135,13 22,31 25,14 5,37 0,4339 0,8157  411  3 33,48 41,96 100086,37 251658,890625 1
1048 1099 31,60 43,43 28424 5 5932 2033 202,62 135,95 22,83 25,14 5,37 0,4339 0,8157  411  3 33,48 41,96 100086,37 251658,890625 1
1049 1099 31,60 43,43 28424 5 5932 2033 202,62 135,95 22,83 25,14 5,37 0,4527 0,8511  412  3 33,48 41,96 100086,37 251658,890625 1
1050 1100 31,64 43,94 28434 5 5837 2033 202,62 135,95 22,83 25,14 5,37 0,4527 0,8511  412  3 33,48 42,08 100086,84 249817,031250 1
1051 1100 31,64 43,94 28434 5 5837 1985 195,41 136,32 23,37 25,14 5,37 0,4698 0,8832  414  3 33,48 42,08 100086,84 249817,031250 1
1052 1100 31,66 44,30 28446 5 5837 1985 195,41 136,32 23,37 25,14 5,37 0,4698 0,8832  414  3 33,49 42,26 100087,45 249634,328125 1
1053 1100 31,66 44,30 28446 5 5791 1969 197,47 133,72 23,55 25,14 5,37 0,4698 0,8832  414  3 33,49 42,26 100087,45 249634,328125 1
1054 1100 31,66 44,30 28446 5 5791 1969 197,47 133,72 23,55 25,14 5,37 0,4866 0,9147  415  3 33,49 42,31 100087,73 247104,250000 1
1055 1100 31,68 44,64 28463 5 5671 1927 192,79 133,35 24,05 25,14 5,37 0,4866 0,9147  415  3 33,49 42,31 100087,73 247104,250000 1
1056 1100 31,68 44,64 28463 5 5671 1927 192,79 133,35 24,05 25,14 5,37 0,5020 0,9437  415  3 33,50 42,46 100087,78 248906,171875 1
1057 1101 31,75 44,94 28482 5 5789 1912 198,41 134,21 24,24 25,14 5,37 0,5020 0,9437  415  3 33,50 42,46 100087,78 248906,171875 1
1058 1101 31,75 44,94 28482 5 5789 1912 198,41 134,21 24,24 25,14 5,37 0,5147 0,9676  416  3 33,50 42,46 100087,78 248906,171875 1
1059 1101 31,77 45,19 28499 5 5656 1912 198,41 134,21 24,24 25,14 5,37 0,5147 0,9676  416  3 33,51 42,56 100088,38 248724,796875 1
1060 1101 31,77 45,19 28499 5 5656 1922 190,77 132,01 24,11 25,14 5,37 0,5288 0,9941  416  3 33,51 42,56 100088,38 248724,796875 1
1061 1103 31,79 45,46 28514 5 5656 1922 190,77 132,01 24,11 25,14 5,37 0,5288 0,9941  416  3 33,52 42,63 100088,91 248001,937500 1
1062 1103 31,79 45,46 28514 5 5576 1894 189,74 133,44 24,46 25,14 5,37 0,5288 0,9941  416  3 33,52 42,63 100088,91 248001,937500 1
1063 1103 31,79 45,46 28514 5 5576 1894 189,74 133,44 24,46 25,14 5,37 0,5491 1,0323  417  3 33,53 42,68 100089,26 248543,687500 1
1064 1103 31,83 45,61 28528 5 5464 1856 189,10 132,23 24,96 25,14 5,37 0,5491 1,0323  417  3 33,53 42,68 100089,26 248543,687500 1
1065 1103 31,83 45,61 28528 5 5464 1856 189,10 132,23 24,96 25,14 5,37 0,5562 1,0457  417  3 33,54 42,76 100089,42 248906,171875 1
1066 1104 31,85 45,76 28548 5 5494 1866 194,75 132,63 24,83 25,14 5,37 0,5562 1,0457  417  3 33,54 42,76 100089,42 248906,171875 1
1067 1104 31,85 45,76 28548 5 5494 1866 194,75 132,63 24,83 25,14 5,37 0,5660 1,0640  417  3 33,54 42,76 100089,42 248906,171875 1
1068 1105 31,88 45,98 28559 5 5326 1866 194,75 132,63 24,83 25,14 5,37 0,5660 1,0640  417  3 33,56 42,80 100089,12 249451,890625 1
1069 1105 31,88 45,98 28559 5 5326 1809 190,00 132,23 25,61 25,14 5,37 0,5729 1,0770  417  3 33,56 42,80 100089,12 249451,890625 1
1070 1106 31,91 46,13 28580 5 5326 1809 190,00 132,23 25,61 25,14 5,37 0,5729 1,0770  417  3 33,57 42,85 100089,22 248362,843750 1
1071 1106 31,91 46,13 28580 5 5278 1793 189,81 135,13 25,85 25,14 5,37 0,5729 1,0770  417  3 33,57 42,85 100089,22 248362,843750 1
1072 1106 31,91 46,13 28580 5 5278 1793 189,81 135,13 25,85 25,14 5,37 0,5836 1,0972  417  3 33,58 42,88 100088,59 248906,171875 1
1073 1109 31,95 46,23 28595 5 5223 1774 193,64 133,72 25,61 25,14 5,37 0,5836 1,0972  417  3 33,58 42,88 100088,59 248906,171875 1
1074 1109 31,95 46,23 28595 5 5223 1774 193,64 133,72 25,61 25,14 5,37 0,5882 1,1058  417  3 33,60 42,88 100088,35 250550,531250 1
1075 1109 31,95 46,23 28611 5 5311 1804 186,12 130,72 25,68 25,14 5,37 0,5882 1,1058  417  3 33,60 42,88 100088,35 250550,531250 1
1076 1109 31,95 46,23 28611 5 5311 1804 186,12 130,72 25,68 25,14 5,37 0,5893 1,1078  417  3 33,60 42,88 100088,35 250550,531250 1
1077 1108 31,97 46,31 28625 5 5254 1804 186,12 130,72 25,68 25,14 5,37 0,5893 1,1078  417  3 33,61 42,91 100087,87 248906,171875 1
1078 1108 31,97 46,31 28625 5 5254 1785 189,10 132,95 25,96 25,14 5,37 0,5934 1,1156  417  3 33,61 42,91 100087,87 248906,171875 1
1079 1108 32,02 46,41 28637 5 5254 1785 189,10 132,95 25,96 25,14 5,37 0,5934 1,1156  417  3 33,63 42,96 100087,30 248182,265625 1
1080 1108 32,02 46,41 28637 5 5156 1752 186,94 132,86 26,46 25,14 5,37 0,5934 1,1156  417  3 33,63 42,96 100087,30 248182,265625 0
1081 1108 32,02 46,41 28637 5 5156 1752 186,94 132,86 26,46 25,14 5,37 0,5982 1,1246  417  3 33,65 42,94 100086,60 250918,890625 0
1082 1109 32,01 46,50 28855 5 4416 1461 188,46 137,15 32,14 25,14 5,37 0,5982 1,1246  417  3 33,65 42,94 100086,60 250918,890625 0
1083 1109 32,01 46,50 28855 5 4416 1461 188,46 137,15 32,14 25,14 5,37 0,5880 1,1054  417  3 33,66 39,87 100086,27 265560,156250 0
1084 1111 32,07 46,44 29759 4 945 988 201,94 153,67 53,33 25,14 5,37 0,5880 1,1054  417  3 33,66 39,87 100086,27 265560,156250 0
1085 1111 32,07 46,44 29759 4 945 988 201,94 153,67 53,33 25,14 5,37 0,5755 1,0819  417  3 33,66 39,87 100086,27 265560,156250 0
1086 1111 32,05 44,94 30313 3 488 988 201,94 153,67 53,33 25,14 5,37 0,5755 1,0819  417  3 33,68 35,66 100085,77 281087,031250 0
1087 1111 32,05 44,94 30313 3 488 862 209,74 169,29 67,08 25,14 5,37 0,5617 1,0560  418  3 33,68 35,66 100085,77 281087,031250 0
1088 1111 32,03 43,18 30577 3 488 862 209,74 169,29 67,08 25,14 5,37 0,5617 1,0560  418  3 33,69 33,05 100085,05 294168,343750 0
1089 1111 32,03 43,18 30577 3 365 823 219,84 178,65 73,35 25,14 5,37 0,5617 1,0560  418  3 33,69 33,05 100085,05 294168,343750 0
1090 1111 32,03 43,18 30577 3 365 823 219,84 178,65 73,35 25,14 5,37 0,5474 1,0292  419  3 33,70 31,52 100084,13 306311,687500 0
1091 1113 32,03 41,58 30625 3 332 811 220,66 195,55 75,70 25,14 5,37 0,5474 1,0292  419  3 33,70 31,52 100084,13 306311,687500 0
1092 1113 32,03 41,58 30625 3 332 811 220,66 195,55 75,70 25,14 5,37 0,5305 0,9973  420  3 33,71 30,55 100082,40 314786,343750 0
1093 1113 32,00 40,32 30693 3 318 807 231,60 208,46 76,40 25,14 5,37 0,5305 0,9973  420  3 33,71 30,55 100082,40 314786,343750 0
1094 1113 32,00 40,32 30693 3 318 807 231,60 208,46 76,40 25,14 5,37 0,5110 0,9606  421  3 33,71 30,55 100082,40 314786,343750 0
1095 1113 31,97 39,28 30762 3 280 807 231,60 208,46 76,40 25,14 5,37 0,5110 0,9606  421  3 33,72 29,90 100081,62 321305,312500 0
1096 1113 31,97 39,28 30762 3 280 783 234,92 214,62 79,13 25,14 5,37 0,4893 0,9200  422  3 33,72 29,90 100081,62 321305,312500 0
1097 1113 31,95 38,43 30827 3 280 783 234,92 214,62 79,13 25,14 5,37 0,4893 0,9200  422  3 33,73 29,42 100080,58 329366,343750 0
1098 1113 31,95 38,43 30827 3 241 742 235,87 219,77 82,24 25,14 5,37 0,4893 0,9200  422  3 33,73 29,42 100080,58 329366,343750 0
1099 1113 31,95 38,43 30827 3 241 742 235,87 219,77 82,24 25,14 5,37 0,4658 0,8758  422  3 33,74 29,07 100079,89 333876,750000 0
1100 1112 31,93 37,57 30885 3 272 771 242,68 233,41 80,02 25,14 5,37 0,4658 0,8758  422  3 33,74 29,07 100079,89 333876,750000 0
1101 1112 31,93 37,57 30885 3 272 771 242,68 233,41 80,02 25,14 5,37 0,4412 0,8294  421  3 33,75 28,78 100079,41 339522,531250 0
1102 1112 31,93 37,57 30942 3 284 787 241,37 238,28 78,84 25,14 5,37 0,4412 0,8294  421  3 33,75 28,78 100079,41 339522,531250 0
1103 1112 31,93 37,57 30942 3 284 787 241,37 238,28 78,84 25,14 5,37 0,4165 0,7830  420  3 33,75 28,78 100079,41 339522,531250 0
1104 1112 31,87 36,89 30988 3 262 787 241,37 238,28 78,84 25,14 5,37 0,4165 0,7830  420  3 33,75 28,54 100078,72 343970,437500 0
1105 1112 31,87 36,89 30988 3 262 765 248,16 243,99 80,51 25,14 5,37 0,3911 0,7354  418  3 33,75 28,54 100078,72 343970,437500 0
1106 1111 31,84 36,28 31021 3 262 765 248,16 243,99 80,51 25,14 5,37 0,3911 0,7354  418  3 33,75 28,35 100077,95 350684,937500 0
1107 1111 31,84 36,28 31021 3 261 763 247,91 250,35 80,62 25,14 5,37 0,3911 0,7354  418  3 33,75 28,35 100077,95 350684,937500 0
1108 1111 31,84 36,28 31021 3 261 763 247,91 250,35 80,62 25,14 5,37 0,3663 0,6886  415  2 33,75 28,16 100077,44 353957,843750 0
1109 1111 31,81 35,81 31055 3 242 784 255,92 259,76 79,08 25,14 5,37 0,3663 0,6886  415  2 33,75 28,16 100077,44 353957,843750 0
1110 1111 31,81 35,81 31055 3 242 784 255,92 259,76 79,08 25,14 5,37 0,3423 0,6434  412  2 33,75 28,04 100077,04 355802,656250 0
1111 1110 31,79 35,43 31077 3 256 758 251,46 264,10 81,00 25,14 5,37 0,3423 0,6434  412  2 33,75 28,04 100077,04 355802,656250 0
1112 1110 31,79 35,43 31077 3 256 758 251,46 264,10 81,00 25,14 5,37 0,3186 0,5990  409  2 33,75 28,04 100077,04 355802,656250 0
1113 1110 31,73 35,00 31096 3 256 758 251,46 264,10 81,00 25,14 5,37 0,3186 0,5990  409  2 33,75 27,93 100076,13 356545,968750 0
1114 1110 31,73 35,00 31096 3 256 758 264,73 264,01 81,06 25,14 5,37 0,2965 0,5574  407  2 33,75 27,93 100076,13 356545,968750 0
1115 1110 31,70 34,69 31115 3 256 758 264,73 264,01 81,06 25,14 5,37 0,2965 0,5574  407  2 33,74 27,80 100075,87 362221,437500 0
1116 1110 31,70 34,69 31115 3 246 747 262,85 270,89 81,86 25,14 5,37 0,2965 0,5574  407  2 33,74 27,80 100075,87 362221,437500 0
1117 1110 31,70 34,69 31115 3 246 747 262,85 270,89 81,86 25,14 5,37 0,2751 0,5171  405  2 33,73 27,71 100075,74 364153,625000 0
1118 1110 31,67 34,38 31134 3 224 739 265,63 277,67 82,52 25,14 5,37 0,2751 0,5171  405  2 33,73 27,71 100075,74 364153,625000 0
1119 1110 31,67 34,38 31134 3 224 739 265,63 277,67 82,52 25,14 5,37 0,2553 0,4800  404  2 33,73 27,64 100075,33 364542,531250 0
1120 1110 31,65 34,20 31148 3 259 761 265,99 271,44 80,78 25,14 5,37 0,2553 0,4800  404  2 33,73 27,64 100075,33 364542,531250 0
1121 1110 31,65 34,20 31148 3 259 761 265,99 271,44 80,78 25,14 5,37 0,2369 0,4454  403  2 33,73 27,64 100075,33 364542,531250 0
1122 1110 31,62 33,95 31163 3 227 761 265,99 271,44 80,78 25,14 5,37 0,2369 0,4454  403  2 33,72 27,56 100074,70 368080,531250 0
1123 1110 31,62 33,95 31163 3 227 726 267,52 275,98 83,51 25,14 5,37 0,2199 0,4133  402  2 33,72 27,56 100074,70 368080,531250 0
1124 1111 31,60 33,79 31185 3 227 726 267,52 275,98 83,51 25,14 5,37 0,2199 0,4133  402  2 33,70 27,53 100074,34 378138,843750 0
1125 1111 31,60 33,79 31185 3 250 752 269,34 278,99 81,52 25,14 5,37 0,2199 0,4133  402  2 33,70 27,53 100074,34 378138,843750 0
1126 1111 31,60 33,79 31185 3 250 752 269,34 278,99 81,52 25,14 5,37 0,2040 0,3836  402  2 33,69 27,44 100074,40 377302,875000 0
1127 1111 31,54 33,57 31196 3 222 727 272,64 281,07 83,42 25,14 5,37 0,2040 0,3836  402  2 33,69 27,44 100074,40 377302,875000 0
1128 1111 31,54 33,57 31196 3 222 727 272,64 281,07 83,42 25,14 5,37 0,1894 0,3560  401  2 33,68 27,40 100074,21 378558,218750 0
1129 1110 31,51 33,42 31205 3 236 736 275,42 291,14 82,72 25,14 5,37 0,1894 0,3560  401  2 33,68 27,40 100074,21 378558,218750 0
1130 1110 31,51 33,42 31205 3 236 736 275,42 291,14 82,72 25,14 5,37 0,1756 0,3302  401  2 33,68 27,40 100074,21 378558,218750 0
1131 1110 31,51 33,42 31214 3 245 736 275,42 291,14 82,72 25,14 5,37 0,1756 0,3302  401  2 33,67 27,37 100073,56 382160,843750 0
1132 1110 31,51 33,42 31214 3 245 746 274,12 291,44 81,94 25,14 5,37 0,1630 0,3065  401  2 33,67 27,37 100073,56 382160,843750 0
1133 1110 31,50 33,27 31226 3 245 746 274,12 291,44 81,94 25,14 5,37 0,1630 0,3065  401  2 33,65 27,33 100073,20 382374,906250 0
1134 1110 31,50 33,27 31226 3 261 764 279,84 287,23 80,59 25,14 5,37 0,1630 0,3065  401  2 33,65 27,33 100073,20 382374,906250 0
1135 1110 31,50 33,27 31226 3 261 764 279,84 287,23 80,59 25,14 5,37 0,1512 0,2843  401  2 33,64 27,31 100072,78 384528,718750 0
1136 1110 31,48 33,18 31241 3 259 761 279,27 291,73 80,78 25,14 5,37 0,1512 0,2843  401  2 33,64 27,31 100072,78 384528,718750 0
1137 1110 31,48 33,18 31241 3 259 761 279,27 291,73 80,78 25,14 5,37 0,1407 0,2645  400  2 33,63 27,29 100072,84 383448,781250 0
1138 1110 31,46 33,05 31252 3 272 775 286,45 296,21 79,72 25,14 5,37 0,1407 0,2645  400  2 33,63 27,29 100072,84 383448,781250 0
1139 1110 31,46 33,05 31252 3 272 775 286,45 296,21 79,72 25,14 5,37 0,1310 0,2463  400  2 33,63 27,29 100072,84 383448,781250 0
1140 1109 31,41 32,94 31264 3 245 775 286,45 296,21 79,72 25,14 5,37 0,1310 0,2463  400  2 33,61 27,26 100072,65 386926,125000 1
1141 1109 31,41 32,94 31264 3 245 746 282,12 301,37 81,94 25,14 5,37 0,1223 0,2299  400  2 33,61 27,26 100072,65 386926,125000 1
1142 1110 31,38 32,91 30067 3 245 746 282,12 301,37 81,94 25,14 5,37 0,1223 0,2299  400  2 33,60 27,49 100072,24 367684,031250 1
1143 1110 31,38 32,91 30067 4 1303 1073 273,75 272,46 47,26 25,14 5,37 0,1223 0,2299  400  2 33,60 27,49 100072,24 367684,031250 1
1144 1110 31,38 32,91 30067 4 1303 1073 273,75 272,46 47,26 25,14 5,37 0,1358 0,2553  400  2 33,58 31,77 100072,77 332899,875000 1
1145 1109 31,33 33,46 29083 5 5113 1738 255,14 217,10 26,68 25,14 5,37 0,1358 0,2553  400  2 33,58 31,77 100072,77 332899,875000 1
1146 1109 31,33 33,46 29083 5 5113 1738 255,14 217,10 26,68 25,14 5,37 0,1647 0,3096  400  2 33,57 35,69 100073,52 311057,093750 1
1147 1109 31,38 35,30 28885 5 5511 1872 240,55 196,47 24,75 25,14 5,37 0,1647 0,3096  400  2 33,57 35,69 100073,52 311057,093750 1
1148 1109 31,38 35,30 28885 5 5511 1872 240,55 196,47 24,75 25,14 5,37 0,1969 0,3701  400  2 33,57 35,69 100073,52 311057,093750 1
1149 1109 31,34 37,11 28854 5 5618 1872 240,55 196,47 24,75 25,14 5,37 0,1969 0,3701  400  2 33,56 37,94 100073,98 296467,875000 1
1150 1109 31,34 37,11 28854 5 5618 1909 230,20 181,88 24,28 25,14 5,37 0,2270 0,4267  400  2 33,56 37,94 100073,98 296467,875000 1
1151 1108 31,38 38,65 28796 5 5618 1909 230,20 181,88 24,28 25,14 5,37 0,2270 0,4267  400  2 33,55 39,24 100074,30 285794,031250 1
1152 1108 31,38 38,65 28796 5 5673 1928 227,72 168,95 23,08 25,14 5,37 0,2270 0,4267  400  2 33,55 39,24 100074,30 285794,031250 1
1153 1108 31,38 38,65 28796 5 5673 1928 227,72 168,95 23,08 25,14 5,37 0,2588 0,4866  400  2 33,54 40,05 100074,62 277657,281250 1
1154 1108 31,42 39,83 28580 5 5895 2005 221,56 162,06 23,13 25,14 5,37 0,2588 0,4866  400  2 33,54 40,05 100074,62 277657,281250 1
1155 1108 31,42 39,83 28580 5 5895 2005 221,56 162,06 23,13 25,14 5,37 0,2885 0,5423  400  2 33,53 40,56 100075,05 270613,093750 1
1156 1108 31,47 40,78 28563 5 5963 2029 218,65 155,29 22,87 25,14 5,37 0,2885 0,5423  400  2 33,53 40,56 100075,05 270613,093750 1
1157 1108 31,47 40,78 28563 5 5963 2029 218,65 155,29 22,87 25,14 5,37 0,3161 0,5943  401  2 33,53 40,56 100075,05 270613,093750 1
1158 1108 31,50 41,62 28534 5 6114 2029 218,65 155,29 22,87 25,14 5,37 0,3161 0,5943  401  2 33,52 41,06 100075,28 264941,781250 1
1159 1108 31,50 41,62 28534 5 6114 2083 211,59 150,07 22,30 25,14 5,37 0,3443 0,6473  403  2 33,52 41,06 100075,28 264941,781250 1
1160 1108 31,50 41,62 28499 5 6114 2083 211,59 150,07 22,30 25,14 5,37 0,3443 0,6473  403  2 33,51 41,40 100075,37 262901,156250 1
1161 1108 31,50 41,62 28499 5 6237 2070 207,97 145,37 22,43 25,14 5,37 0,3443 0,6473  403  2 33,51 41,40 100075,37 262901,156250 1
1162 1108 31,50 41,62 28499 5 6237 2070 207,97 145,37 22,43 25,14 5,37 0,3707 0,6969  405  2 33,51 41,65 100075,45 257545,265625 1
1163 1109 31,56 42,32 28476 5 6199 2113 204,00 144,10 21,99 25,14 5,37 0,3707 0,6969  405  2 33,51 41,65 100075,45 257545,265625 1
1164 1109 31,56 42,32 28476 5 6199 2113 204,00 144,10 21,99 25,14 5,37 0,4008 0,7535  407  2 33,51 41,87 100075,98 256000,000000 1
1165 1109 31,56 42,91 28464 5 6066 2066 201,39 138,46 22,48 25,14 5,37 0,4008 0,7535  407  2 33,51 41,87 100075,98 256000,000000 1
1166 1109 31,56 42,91 28464 5 6066 2066 201,39 138,46 22,48 25,14 5,37 0,4204 0,7903  411  2 33,51 41,87 100075,98 256000,000000 1
1167 1108 31,60 43,48 28460 5 5961 2066 201,39 138,46 22,48 25,14 5,37 0,4204 0,7903  411  2 33,51 42,10 100075,87 256192,140625 1
1168 1108 31,60 43,48 28460 5 5961 2028 203,31 139,31 22,87 25,14 5,37 0,4392 0,8258  414  3 33,51 42,10 100075,87 256192,140625 1
1169 1108 31,64 43,93 28468 5 5961 2028 203,31 139,31 22,87 25,14 5,37 0,4392 0,8258  414  3 33,51 42,21 100075,69 253152,046875 1
1170 1108 31,64 43,93 28468 5 5817 1993 201,19 137,76 23,26 25,14 5,37 0,4392 0,8258  414  3 33,51 42,21 100075,69 253152,046875 1
1171 1108 31,64 43,93 28468 5 5817 1993 201,19 137,76 23,26 25,14 5,37 0,4536 0,8528  416  3 33,51 42,33 100076,05 253152,046875 1
1172 1109 31,69 44,35 28480 5 5821 1979 198,75 137,06 23,42 25,14 5,37 0,4536 0,8528  416  3 33,51 42,33 100076,05 253152,046875 1
1173 1109 31,69 44,35 28480 5 5821 1979 198,75 137,06 23,42 25,14 5,37 0,4708 0,8851  417  3 33,52 42,42 100075,63 250366,750000 1
1174 1108 31,71 44,67 28495 5 5666 1925 196,08 135,68 24,07 25,14 5,37 0,4708 0,8851  417  3 33,52 42,42 100075,63 250366,750000 1
1175 1108 31,71 44,67 28495 5 5666 1925 196,08 135,68 24,07 25,14 5,37 0,4855 0,9127  418  3 33,52 42,42 100075,63 250366,750000 1
1176 1109 31,74 44,96 28508 5 5636 1925 196,08 135,68 24,07 25,14 5,37 0,4855 0,9127  418  3 33,53 42,57 100075,60 251103,484375 1
1177 1109 31,74 44,96 28508 5 5636 1915 192,26 134,71 24,20 25,14 5,37 0,4981 0,9364  419  3 33,53 42,57 100075,60 251103,484375 1
1178 1110 31,76 45,24 28527 5 5636 1915 192,26 134,71 24,20 25,14 5,37 0,4981 0,9364  419  3 33,54 42,62 100076,31 250734,578125 1
1179 1110 31,76 45,24 28527 5 5685 1879 195,35 134,21 24,66 25,14 5,37 0,4981 0,9364  419  3 33,54 42,62 100076,31 250734,578125 1
1180 1110 31,76 45,24 28527 5 5685 1879 195,35 134,21 24,66 25,14 5,37 0,5121 0,9627  420  3 33,55 42,71 100076,57 249634,328125 1
1181 1110 31,82 45,46 28543 5 5403 1835 193,44 135,95 25,24 25,14 5,37 0,5121 0,9627  420  3 33,55 42,71 100076,57 249634,328125 1
1182 1110 31,82 45,46 28543 5 5403 1835 193,44 135,95 25,24 25,14 5,37 0,5250 0,9870  420  3 33,55 42,74 100076,48 252964,421875 1
1183 1111 31,85 45,66 28565 5 5487 1864 196,74 136,32 24,85 25,14 5,37 0,5250 0,9870  420  3 33,55 42,74 100076,48 252964,421875 1
1184 1111 31,85 45,66 28565 5 5487 1864 196,74 136,32 24,85 25,14 5,37 0,5346 1,0051  420  3 33,55 42,74 100076,48 252964,421875 1
1185 1111 31,89 45,78 28582 5 5374 1864 196,74 136,32 24,85 25,14 5,37 0,5346 1,0051  420  3 33,57 42,76 100077,22 251473,484375 1
1186 1111 31,89 45,78 28582 5 5374 1825 190,90 133,72 25,38 25,14 5,37 0,5444 1,0234  421  3 33,57 42,76 100077,22 251473,484375 1
1187 1112 31,89 46,00 28595 5 5374 1825 190,90 133,72 25,38 25,14 5,37 0,5444 1,0234  421  3 33,58 42,80 100076,79 251288,343750 1
1188 1112 31,89 46,00 28595 5 5220 1811 192,39 135,13 25,58 25,14 5,37 0,5444 1,0234  421  3 33,58 42,80 100076,79 251288,343750 1
1189 1112 31,89 46,00 28595 5 5220 1811 192,39 135,13 25,58 25,14 5,37 0,5489 1,0319  421  3 33,59 42,86 100077,31 250734,578125 1
1190 1112 31,89 46,00 28606 5 5291 1797 192,20 133,35 25,78 25,14 5,37 0,5489 1,0319  421  3 33,59 42,86 100077,31 250734,578125 1
1191 1112 31,89 46,00 28606 5 5291 1797 192,20 133,35 25,78 25,14 5,37 0,5557 1,0447  421  3 33,61 42,88 100077,45 253905,281250 1
1192 1111 31,94 46,12 28616 5 5193 1765 186,81 135,72 26,26 25,14 5,37 0,5557 1,0447  421  3 33,61 42,88 100077,45 253905,281250 1
1193 1111 31,94 46,12 28616 5 5193 1765 186,81 135,72 26,26 25,14 5,37 0,5623 1,0571  421  3 33,61 42,88 100077,45 253905,281250 1
1194 1112 31,95 46,25 28630 5 5339 1765 186,81 135,72 26,26 25,14 5,37 0,5623 1,0571  421  3 33,62 42,93 100077,57 250918,890625 1
1195 1112 31,95 46,25 28630 5 5339 1814 186,56 132,14 25,54 25,14 5,37 0,5698 1,0713  421  3 33,62 42,93 100077,57 250918,890625 1
1196 1112 32,00 46,36 28643 5 5339 1814 186,56 132,14 25,54 25,14 5,37 0,5698 1,0713  421  3 33,64 42,93 100077,73 249634,328125 1
1197 1112 32,00 46,36 28643 5 5218 1748 186,88 133,90 26,51 25,14 5,37 0,5698 1,0713  421  3 33,64 42,93 100077,73 249634,328125 1
1198 1112 32,00 46,36 28643 5 5218 1748 186,88 133,90 26,51 25,14 5,37 0,5754 1,0818  421  3 33,66 42,92 100077,61 249451,890625 1
1199 1112 32,00 46,43 28657 5 5086 1729 191,10 133,44 26,82 25,14 5,37 0,5754 1,0818  421  3 33,66 42,92 100077,61 249451,890625 1
1200 1112 32,00 46,43 28657 5 5086 1729 191,10 133,44 26,82 25,14 5,37 0,5791 1,0886  421  3 33,67 42,96 100077,53 252030,515625 0
