Co2(scd40) raw_signla(sgp40) aiq(ens160) tvoc(ens160) eco2(ens160) rs1(ens160) rs3(ens160) rs4(ens160) rmox(zmod4410) tvoc(zmod4410) eco2(zmod4410) iaq(zmod4410) resistencia(bme688) Aire/muestra
50,42 51 475 1052,84 2646,12 95,42 25,14 5,14 0,0159 400  1 262093,671875 1
50,41 1288 1069 863,14 1881,89 42,7 25,14 5,14 0,0159 400  1 236325,875 1
50,32 6077 2070 601,52 822,64 20,18 25,14 5,14 0,2724 402  1 165161,296875 1
50,36 6738 2310 532,51 547,5 18,2 25,14 5,14 0,4822 405  2 131349,40625 1
50,53 6414 2191 461,48 448,85 19,12 25,14 5,14 0,6633 408  2 103538,929687 1
50,73 6360 2145 430,55 399,93 19,5 25,14 5,14 0,7803 410  2 97338,40625 1
51,31 6101 2078 409,65 381,94 20,1 25,14 5,14 0,8799 411  2 94273,617187 1
51,51 5631 1956 404,97 372,49 21,32 25,14 5,14 0,9511 412  2 90267,984375 1
51,51 5676 1929 391,36 363,89 21,61 25,14 5,14 1,0146 413  2 89416,695312 1
51,82 5542 1894 397,5 362,29 22,01 25,14 5,14 1,0694 414  2 88033,015625 1
51,97 5611 1906 397,5 366,73 21,86 25,14 5,14 1,1713 414  2 87942,289062 1
52,25 5431 1845 390,83 366,11 22,59 25,14 5,14 1,225 415  3 87223,171875 1
52,34 5367 1823 390,3 367,98 22,86 25,14 5,14 1,2617 415  3 87312,414062 1
52,48 5325 1809 397,23 370,85 23,04 25,14 5,14 1,2961 415  3 87761,398437 1
52,74 5229 1767 394,95 374,26 23,59 25,14 5,14 1,3244 415  3 88123,921875 1
52,8 5152 1760 385,83 374,64 23,69 25,14 5,14 1,3521 415  3 88306,3125 1
52,88 5006 1703 388,59 381,68 24,51 25,14 5,14 1,3755 415  3 88858,039062 1
52,98 5016 1706 394,42 380,9 24,46 25,14 5,14 1,3973 415  3 88858,039062 1
53,07 4994 1689 386,62 380,64 24,72 25,14 5,14 1,432 415  3 89229,695312 1
53,1 4762 1662 402,92 385,05 25,13 25,14 5,14 1,4514 415  3 90363,570312 1
53,14 4793 1666 403,73 390,83 25,06 25,14 5,14 1,4738 415  3 91330,71875 1
53,13 4607 1640 392,29 393,08 25,48 25,14 5,14 1,4917 416  3 91233,070312 1
53,18 4652 1647 396,96 403,05 25,38 25,14 5,14 1,4973 416  3 91330,71875 1
53,21 4504 1633 408,68 399,66 25,59 25,14 5,14 1,5021 416  3 92119,46875 1
49,6 68 493 1008,89 2372,1 93,75 25,14 5,14 0,0726 400  1 247283,265625 1
49,62 66 489 1004,8 2415,04 94,14 25,14 5,14 0,081 400  1 194787,90625 1
49,74 2603 1327 781,39 1302,18 32,28 25,14 5,14 0,2025 400  2 151524,125 1
50,06 5992 1983 551,22 661,31 21,03 25,14 5,14 0,4125 401  2 128000,0 1
50,45 5880 2000 455,28 456,51 20,86 25,14 5,14 0,5949 404  2 115601,71875 1
50,45 5760 1958 441,02 428,95 21,29 25,14 5,14 0,7117 406  2 107045,789062 1
50,75 5637 1915 428,51 401,01 21,76 25,14 5,14 0,8894 409  2 101931,117187 1
51,07 5455 1853 427,5 387,8 22,48 25,14 5,14 0,9651 410  2 98632,25 1
51,34 5344 1815 427,93 389,24 22,95 25,14 5,14 1,022 411  2 94902,6875 1
51,58 5337 1813 415,38 391,62 22,98 25,14 5,14 1,0793 411  2 94065,773437 1
51,94 5162 1754 403,73 388,85 23,77 25,14 5,14 1,131 412  3 92119,46875 1
52,12 5034 1740 405,93 392,55 23,96 25,14 5,14 1,1699 412  3 92219,023437 1
52,25 5070 1724 410,9 396,96 24,2 25,14 5,14 1,2001 412  3 92119,46875 1
52,42 5068 1723 402,64 398,85 24,2 25,14 5,14 1,243 413  3 92020,132812 1
52,53 5015 1706 414,53 400,2 24,46 25,14 5,14 1,303 413  3 92219,023437 1
52,61 4639 1645 414,53 402,1 25,4 25,14 5,14 1,3286 413  3 92418,773437 1
52,73 4535 1632 401,28 409,1 25,61 25,14 5,14 1,3474 413  3 94169,578125 1
52,78 4477 1622 415,24 407,58 25,79 25,14 5,14 1,3694 413  3 94639,554687 1
52,88 4433 1616 408,68 415,24 25,89 25,14 5,14 1,3888 413  3 95061,273437 1
52,89 4247 1589 404,01 411,18 26,36 25,14 5,14 1,4073 413  3 95540,210937 1
52,91 4271 1592 419,76 424,47 26,3 25,14 5,14 1,4209 413  3 96132,179687 1
52,93 4148 1574 411,32 426,2 26,62 25,14 5,14 1,4309 413  3 96349,265625 1
52,93 3996 1552 411,18 429,09 27,04 25,14 5,14 1,4526 413  3 96622,007812 1
52,95 4048 1559 424,47 429,39 26,89 25,14 5,14 1,4669 413  3 97393,953125 1
49,3 56 487 1016,09 2384,98 94,23 25,14 5,14 0,0806 400  1 245504,671875 1
49,31 944 988 842,36 1728,62 47,97 25,14 5,14 0,0771 400  1 214630,0625 1
49,48 5121 1741 660,86 907,79 23,95 25,14 5,14 0,1068 400  1 165481,578125 1
49,79 5628 1964 535,04 599,89 21,23 25,14 5,14 0,4631 402  2 140312,421875 1
50,16 5805 1974 482,08 492,47 21,12 25,14 5,14 0,5964 406  2 123195,382812 1
50,16 5641 1917 465,09 453,13 21,73 25,14 5,14 0,688 408  2 107585,625 1
50,49 5558 1888 440,87 433,47 22,06 25,14 5,14 0,7841 410  2 103350,828125 1
51,15 5485 1863 432,89 415,1 22,35 25,14 5,14 0,8658 412  2 100609,15625 1
51,43 5222 1806 431,57 412,44 23,06 25,14 5,14 0,9337 413  2 98860,78125 1
51,67 5119 1740 415,38 401,69 23,96 25,14 5,14 0,9955 414  2 97338,40625 1
51,82 5038 1713 412,99 398,58 24,34 25,14 5,14 1,044 414  3 96186,359375 1
51,98 5001 1701 427,79 400,87 24,53 25,14 5,14 1,1392 415  3 95862,195312 1
52,15 4934 1658 413,41 403,6 25,18 25,14 5,14 1,1753 415  3 95593,726562 1
52,28 5006 1696 404,97 405,24 24,6 25,14 5,14 1,2077 415  3 95700,9375 1
52,44 4603 1640 411,6 413,55 25,48 25,14 5,14 1,2458 416  3 95862,195312 1
52,56 4478 1622 417,77 418,2 25,78 25,14 5,14 1,2766 416  3 96403,6875 1
52,64 4445 1599 415,1 418,62 26,17 25,14 5,14 1,2985 416  3 96567,335937 1
52,67 4133 1572 410,9 422,18 26,66 25,14 5,14 1,3188 416  3 96951,335937 1
52,72 4099 1567 412,99 433,33 26,75 25,14 5,14 1,3364 416  3 96951,335937 1
52,75 3994 1551 422,04 433,33 27,04 25,14 5,14 1,3706 416  3 97449,5625 1
52,8 4020 1555 410,62 435,53 27,17 25,14 5,14 1,3834 416  3 98121,882812 1
52,8 3984 1554 431,86 434,65 26,99 25,14 5,14 1,3955 416  3 98918,085937 1
52,76 3794 1521 425,19 438,94 27,62 25,14 5,14 1,4103 416  3 99321,046875 1
52,83 3676 1503 418,2 447,49 27,99 25,14 5,14 1,4207 416  3 99843,992187 1
49,05 55 467 1034,83 2360,89 96,07 25,14 5,14 0,0772 400  1 246390,765625 1
49,08 216 713 946,05 2192,97 76,01 25,14 5,14 0,0979 400  1 245504,671875 1
49,18 3428 1464 721,89 1142,71 28,81 25,14 5,14 0,2539 400  2 153293,40625 1
49,18 5400 1834 587,63 715,57 22,7 25,14 5,14 0,4103 402  2 133402,8125 1
49,95 5742 1930 518,82 546,39 21,58 25,14 5,14 0,5668 405  2 120498,9375 1
50,33 5553 1886 456,36 442,82 22,08 25,14 5,14 0,6951 407  2 111522,546875 1
50,69 5460 1855 453,13 422,04 22,45 25,14 5,14 0,7907 408  2 106048,054687 1
51,02 5378 1827 433,33 414,67 22,8 25,14 5,14 0,8699 410  2 102976,671875 1
51,26 5261 1785 429,39 407,72 23,34 25,14 5,14 1,007 411  2 99960,953125 1
51,54 5135 1745 423,04 405,93 23,88 25,14 5,14 1,0536 412  3 98121,882812 1
51,79 4988 1693 419,47 407,72 24,63 25,14 5,14 1,1049 412  3 97061,609375 1
51,92 5056 1719 418,62 407,3 24,25 25,14 5,14 1,1533 413  3 96294,90625 1
52,22 4888 1680 409,93 405,65 24,84 25,14 5,14 1,1966 413  3 95647,296875 1
52,39 4690 1652 417,35 416,64 25,28 25,14 5,14 1,2386 413  3 95862,195312 1
52,45 4545 1631 428,66 404,69 25,61 25,14 5,14 1,262 413  3 96512,726562 1
52,51 4291 1595 414,11 420,33 26,23 25,14 5,14 1,2887 413  3 96403,6875 1
52,66 4178 1578 426,49 427,5 26,53 25,14 5,14 1,3379 413  3 97061,609375 1
52,64 4232 1585 407,44 427,21 26,41 25,14 5,14 1,3572 413  3 96731,53125 1
52,66 4164 1576 413,55 424,33 26,57 25,14 5,14 1,3734 413  3 97728,570312 1
52,7 3992 1551 425,77 437,31 27,04 25,14 5,14 1,3881 413  3 98348,0625 1
52,74 3998 1552 425,91 435,24 27,02 25,14 5,14 1,4064 413  3 98632,25 1
52,8 3899 1537 417,49 449,46 27,79 25,14 5,14 1,4216 413  3 99321,046875 1
52,84 3771 1518 421,32 447,79 27,69 25,14 5,14 1,4369 413  3 99669,070312 1
52,83 3713 1509 423,76 444,47 27,86 25,14 5,14 1,4434 413  3 99960,953125 1
49,0 53 465 1011,97 2396,31 96,2 25,14 5,14 0,0785 400  1 246390,765625 1
49,0 75 504 1011,62 2359,29 92,65 25,14 5,14 0,0861 400  1 205087,125 1
49,0 5081 1727 643,86 837,81 24,13 25,14 5,14 0,1657 400  2 164049,984375 1
49,28 5483 1862 541,97 626,45 22,35 25,14 5,14 0,3136 401  2 140891,578125 1
49,68 5539 1866 496,32 513,92 22,31 25,14 5,14 0,4632 403  2 126108,375 1
50,11 5531 1879 465,09 466,03 22,16 25,14 5,14 0,6933 408  2 116310,765625 1
50,52 5433 1845 443,72 433,03 22,56 25,14 5,14 0,7925 410  2 109028,960937 1
50,86 5464 1856 440,72 422,61 22,43 25,14 5,14 0,8663 412  2 100254,554687 1
51,19 5405 1836 443,87 404,69 22,67 25,14 5,14 0,942 413  2 98178,328125 1
51,65 5269 1769 423,9 396,42 23,55 25,14 5,14 1,0041 414  2 96731,53125 1
51,92 5087 1729 416,08 394,42 24,1 25,14 5,14 1,0594 414  3 95647,296875 1
52,09 5032 1711 403,32 395,48 24,36 25,14 5,14 1,0985 415  3 94955,492187 1
52,23 4987 1696 415,38 397,9 24,58 25,14 5,14 1,143 415  3 95008,351562 1
52,34 4807 1680 410,9 405,65 24,83 25,14 5,14 1,2123 415  3 95167,289062 1
52,48 4745 1660 424,47 403,87 25,15 25,14 5,14 1,2453 415  3 95008,351562 1
52,56 4459 1619 415,38 406,06 25,81 25,14 5,14 1,2825 416  3 95433,367187 1
52,58 4373 1607 413,13 411,18 26,02 25,14 5,14 1,3015 416  3 95862,195312 1
52,74 4608 1640 404,01 416,22 25,46 25,14 5,14 1,3299 416  3 96132,179687 1
52,74 4254 1590 419,19 426,78 26,32 25,14 5,14 1,3531 416  3 96951,335937 1
52,81 4022 1555 415,94 427,5 26,95 25,14 5,14 1,3689 416  3 97061,609375 1
52,79 4015 1554 415,94 430,4 26,96 25,14 5,14 1,3843 416  3 97449,5625 1
52,83 3893 1536 427,21 437,6 27,31 25,14 5,14 1,4129 416  3 97840,625 1
52,85 4127 1571 422,04 438,94 27,28 25,14 5,14 1,4286 416  3 98234,84375 1
52,89 3759 1516 420,04 438,79 27,71 25,14 5,14 1,4413 416  3 98918,085937 1
49,01 63 482 1036,58 2403,62 94,65 25,14 5,14 0,0843 400  1 245504,671875 1
48,94 264 767 936,81 2159,82 72,22 25,14 5,14 0,1122 400  2 237973,5 1
48,96 3194 1579 692,22 996,0 26,52 25,14 5,14 0,2468 400  2 184837,546875 1
49,18 5270 1790 584,85 708,82 23,26 25,14 5,14 0,4107 402  2 136606,1875 1
49,65 5401 1835 539,22 573,68 22,69 25,14 5,14 0,5494 404  2 123641,632812 1
50,47 5414 1839 492,47 504,27 22,64 25,14 5,14 0,6632 406  2 114823,953125 1
50,81 5437 1861 475,11 438,94 22,37 25,14 5,14 0,7627 408  2 108612,640625 1
51,08 5352 1818 441,17 417,07 22,9 25,14 5,14 0,8528 409  2 104170,90625 1
51,43 5319 1807 418,48 407,44 23,04 25,14 5,14 0,9222 410  2 100490,679687 1
51,63 5283 1795 412,99 400,87 23,19 25,14 5,14 1,0451 411  3 98065,507812 1
51,84 5165 1755 411,88 392,68 23,73 25,14 5,14 1,1036 411  3 95647,296875 1
52,07 5216 1772 409,79 394,95 23,49 25,14 5,14 1,1496 412  3 94117,648437 1
52,23 5130 1736 406,75 392,29 23,99 25,14 5,14 1,1906 412  3 92119,46875 1
52,47 5085 1729 395,22 388,06 24,1 25,14 5,14 1,2304 412  3 91038,40625 1
52,53 4846 1674 408,27 396,02 24,92 25,14 5,14 1,2626 412  3 91330,71875 1
52,53 4901 1681 402,64 390,83 24,8 25,14 5,14 1,2926 412  3 92020,132812 1
52,65 4865 1633 402,37 393,88 25,58 25,14 5,14 1,3187 412  3 92119,46875 1
52,74 4681 1651 404,83 404,28 25,28 25,14 5,14 1,368 412  3 92119,46875 1
52,75 4598 1639 417,07 402,37 25,47 25,14 5,14 1,3916 413  3 93858,84375 1
52,82 4441 1617 400,87 406,06 25,85 25,14 5,14 1,4173 413  3 94482,375 1
52,86 4327 1600 415,38 410,07 26,13 25,14 5,14 1,43 413  3 95008,351562 1
52,9 4162 1598 413,97 415,38 26,16 25,14 5,14 1,4435 413  3 95220,382812 1
52,88 4022 1555 406,06 421,18 26,94 25,14 5,14 1,4573 413  3 95862,195312 1
52,9 4003 1553 402,64 421,89 26,99 25,14 5,14 1,4656 413  3 96132,179687 1
48,79 60 478 1009,91 2358,49 95,03 25,14 5,14 0,0818 400  1 246213,03125 1
48,72 58 484 1008,89 2393,88 94,49 25,14 5,14 0,0881 400  1 207077,859375 1
48,93 4925 1685 643,21 875,8 24,75 25,14 5,14 0,1704 400  2 167594,109375 1
49,32 5267 1789 575,43 665,35 23,26 25,14 5,14 0,3177 401  2 145702,90625 1
49,86 5411 1838 525,0 564,82 22,64 25,14 5,14 0,4485 402  2 131147,546875 1
50,29 5304 1837 479,64 492,13 22,66 25,14 5,14 0,6544 408  2 120244,25 1
50,64 5291 1797 472,55 462,42 23,15 25,14 5,14 0,7549 409  2 113450,03125 1
50,99 5368 1824 446,13 440,42 22,82 25,14 5,14 0,8219 411  2 103413,453125 1
51,29 5302 1801 427,93 419,05 23,11 25,14 5,14 0,8962 412  2 100136,90625 1
51,74 5271 1791 416,93 409,65 23,24 25,14 5,14 0,9625 412  2 97952,9375 1
51,95 5236 1779 408,55 399,12 23,4 25,14 5,14 1,0258 413  3 95970,007812 1
52,11 5180 1760 404,28 387,67 23,65 25,14 5,14 1,0803 413  3 94117,648437 1
52,11 5255 1785 396,96 383,62 23,31 25,14 5,14 1,1278 414  3 92318,789062 1
52,28 5244 1782 398,31 381,81 23,36 25,14 5,14 1,2193 414  3 91723,398437 1
52,38 5064 1726 402,37 382,97 24,13 25,14 5,14 1,2596 414  3 90555,359375 1
52,46 5117 1739 405,24 377,44 23,94 25,14 5,14 1,2906 414  3 90363,570312 1
52,57 5124 1741 391,09 383,49 23,91 25,14 5,14 1,3159 414  3 89793,054687 1
52,68 5074 1725 378,85 376,54 24,15 25,14 5,14 1,3466 415  3 89323,101562 1
52,78 5029 1710 381,55 378,85 24,83 25,14 5,14 1,3796 415  3 89323,101562 1
52,82 5046 1716 382,97 380,64 24,28 25,14 5,14 1,4042 415  3 89043,476562 1
52,86 4925 1685 378,85 378,97 24,74 25,14 5,14 1,4238 415  3 89416,695312 1
52,95 4765 1662 386,88 385,83 25,09 25,14 5,14 1,4782 415  3 89416,695312 1
52,99 4936 1686 390,83 383,88 24,72 25,14 5,14 1,4947 415  3 89982,421875 1
52,94 4916 1683 388,32 388,32 24,76 25,14 5,14 1,5149 415  3 90172,59375 1
48,73 49 454 1021,26 2369,69 97,21 25,14 5,14 0,0873 400  1 244800,375 1
48,74 351 818 971,36 2047,36 66,68 25,14 5,14 0,1165 400  2 234217,75 1
48,81 3232 1433 746,24 1150,86 29,49 25,14 5,14 0,2266 400  2 186861,3125 1
49,2 4990 1740 597,66 729,51 23,94 25,14 5,14 0,3571 401  2 140543,515625 1
49,67 5223 1774 542,34 608,68 23,45 25,14 5,14 0,4671 403  2 128481,804687 1
50,52 5272 1791 501,72 531,79 23,23 25,14 5,14 0,5696 406  2 119402,984375 1
50,88 5179 1787 483,22 500,87 23,28 25,14 5,14 0,6661 409  2 113149,171875 1
51,19 5205 1767 452,97 436,86 23,55 25,14 5,14 0,7537 410  2 107789,476562 1
51,49 5222 1774 426,49 430,4 23,45 25,14 5,14 0,8295 412  2 104298,226562 1
51,73 5199 1767 431,13 420,33 23,56 25,14 5,14 0,9672 413  2 101085,882812 1
51,73 5229 1777 425,91 399,66 23,42 25,14 5,14 1,0238 414  3 99090,382812 1
51,93 5184 1761 409,79 399,52 23,63 25,14 5,14 1,0745 415  3 95700,9375 1
52,11 5154 1733 405,93 397,77 24,03 25,14 5,14 1,1223 415  3 94639,554687 1
52,4 5112 1738 399,52 391,62 23,96 25,14 5,14 1,169 415  3 93807,257812 1
52,47 5044 1714 416,08 390,03 24,3 25,14 5,14 1,2085 415  3 92020,132812 1
52,63 5079 1727 407,3 388,72 24,11 25,14 5,14 1,2463 415  3 92119,46875 1
52,72 4935 1702 395,22 381,81 24,48 25,14 5,14 1,2887 415  3 91038,40625 1
52,79 5079 1727 389,64 387,4 24,11 25,14 5,14 1,354 416  3 91135,632812 1
52,86 4978 1692 391,62 388,19 24,63 25,14 5,14 1,3845 416  3 90844,570312 1
52,9 5053 1718 380,26 383,62 24,24 25,14 5,14 1,4075 416  3 90651,554687 1
52,91 4766 1663 391,62 384,79 25,08 25,14 5,14 1,4193 416  3 90555,359375 1
52,99 4863 1671 388,72 388,45 24,94 25,14 5,14 1,4478 416  3 90651,554687 1
53,03 4648 1646 396,42 387,93 25,34 25,14 5,14 1,4879 416  3 91233,070312 1
53,03 4569 1635 384,92 390,56 25,53 25,14 5,14 1,4992 416  3 90941,382812 1
48,7 45 482 1061,43 2389,02 94,58 25,14 5,14 0,0831 400  1 246925,484375 1
48,75 88 530 1018,5 2373,71 90,36 25,14 5,14 0,0933 400  1 203497,609375 1
49,06 1960 1209 790,43 1381,17 36,15 25,14 5,14 0,1828 400  2 168089,296875 1
49,55 5069 1723 599,89 694,81 24,16 25,14 5,14 0,3097 401  2 147976,875 1
49,99 5162 1761 523,22 572,71 23,63 25,14 5,14 0,4322 402  2 133926,234375 1
50,42 5113 1738 498,67 523,58 23,95 25,14 5,14 0,534 405  2 124543,90625 1
50,79 5143 1748 486,67 483,55 23,81 25,14 5,14 0,7113 409  2 117512,046875 1
51,11 5221 1774 458,68 463,52 23,45 25,14 5,14 0,7905 410  2 111741,59375 1
51,11 5125 1742 453,74 448,85 23,9 25,14 5,14 0,8675 411  2 103853,953125 1
51,39 5082 1723 440,13 435,68 24,16 25,14 5,14 0,9368 411  2 101567,148437 1
51,83 5065 1722 437,6 422,9 24,18 25,14 5,14 0,9974 412  3 99960,953125 1
51,99 5037 1713 428,66 410,9 24,31 25,14 5,14 1,0565 412  3 98178,328125 1
52,19 5014 1705 407,72 415,1 24,43 25,14 5,14 1,1206 413  3 96841,3125 1
52,32 5003 1710 407,72 410,35 24,35 25,14 5,14 1,1727 413  3 96078,0625 1
52,5 5020 1707 405,93 403,46 24,39 25,14 5,14 1,2463 413  3 95433,367187 1
52,54 4861 1676 419,47 399,12 24,87 25,14 5,14 1,2758 413  3 94692,0625 1
52,63 5004 1696 415,66 402,37 24,57 25,14 5,14 1,312 413  3 92619,390625 1
52,66 4760 1662 410,62 404,01 25,09 25,14 5,14 1,3398 413  3 93858,84375 1
52,81 4988 1653 397,63 398,17 25,22 25,14 5,14 1,3553 413  3 92418,773437 1
52,9 4833 1672 398,17 404,01 24,93 25,14 5,14 1,3735 413  3 92518,976562 1
52,97 4593 1638 385,57 396,69 25,47 25,14 5,14 1,4015 413  3 92619,390625 1
52,97 4556 1633 390,83 400,74 25,55 25,14 5,14 1,4236 413  3 93962,195312 1
52,96 4585 1637 395,48 404,42 25,73 25,14 5,14 1,4594 413  3 94065,773437 1
53,05 4365 1606 397,63 411,74 26,01 25,14 5,14 1,4708 413  3 92518,976562 1
48,93 62 481 1068,64 2389,02 94,62 25,14 5,14 0,0844 400  1 245152,015625 1
48,94 481 860 945,09 2050,13 60,5 25,14 5,14 0,0801 400  1 225998,671875 1
49,15 3247 1530 705,23 1033,78 27,41 25,14 5,14 0,2316 400  2 182661,4375 1
49,6 5034 1712 615,1 744,47 24,33 25,14 5,14 0,3511 401  2 157538,46875 1
50,05 5197 1766 543,25 634,13 23,56 25,14 5,14 0,459 403  2 130445,859375 1
50,51 5064 1722 514,62 563,67 24,18 25,14 5,14 0,5648 406  2 122312,46875 1
50,89 5109 1736 486,34 519,52 23,97 25,14 5,14 0,6543 409  2 115367,28125 1
51,19 5110 1744 464,62 481,26 23,85 25,14 5,14 0,7433 411  2 110368,617187 1
51,47 5164 1755 461,33 454,05 23,71 25,14 5,14 0,8165 412  2 106511,335937 1
51,74 5064 1722 438,49 440,57 24,18 25,14 5,14 0,8886 413  2 104746,320312 1
51,98 4987 1753 425,91 425,48 23,73 25,14 5,14 1,0064 415  3 102053,023437 1
52,13 4914 1683 438,19 424,19 24,75 25,14 5,14 1,0501 415  3 100431,539062 1
52,29 5117 1739 430,55 412,44 23,93 25,14 5,14 1,0929 415  3 97505,234375 1
52,46 5006 1702 422,18 411,74 24,46 25,14 5,14 1,1349 416  3 96896,289062 1
52,57 4992 1698 409,79 411,32 24,53 25,14 5,14 1,172 416  3 95647,296875 1
52,75 4937 1685 424,76 415,38 24,72 25,14 5,14 1,2117 416  3 95540,210937 1
52,79 4738 1659 415,38 406,06 25,13 25,14 5,14 1,2391 416  3 94902,6875 1
52,87 4643 1645 416,93 406,06 25,34 25,14 5,14 1,2742 416  3 94534,710937 1
52,94 4738 1659 400,47 408,13 25,13 25,14 5,14 1,2991 416  3 94169,578125 1
53,0 4692 1637 402,37 405,65 25,48 25,14 5,14 1,3536 416  3 94430,101562 1
53,03 4662 1648 397,63 405,51 25,3 25,14 5,14 1,3766 416  3 94430,101562 1
53,09 4412 1613 403,19 408,55 25,89 25,14 5,14 1,4045 416  3 94534,710937 1
53,1 4444 1617 401,28 412,99 25,81 25,14 5,14 1,4309 416  3 94639,554687 1
53,12 4352 1604 415,66 407,44 25,79 25,14 5,14 1,4424 416  3 95114,25 1
49,12 50 457 1022,29 2379,34 96,88 25,14 5,14 0,083 400  1 246035,5625 1
49,19 97 544 1018,84 2359,29 89,05 25,14 5,14 0,1073 400  2 202291,578125 1
49,27 1994 1216 773,76 1373,71 35,88 25,14 5,14 0,2151 400  2 168255,015625 1
50,12 4489 1641 623,7 846,36 25,41 25,14 5,14 0,3267 401  2 148880,484375 1
50,12 5080 1727 540,5 588,23 24,1 25,14 5,14 0,4425 402  2 135953,265625 1
50,54 5104 1735 521,81 533,42 23,98 25,14 5,14 0,5494 405  2 125829,445312 1
50,92 5046 1716 492,13 502,4 24,26 25,14 5,14 0,6371 408  2 118326,789062 1
51,26 4834 1672 462,58 484,53 24,92 25,14 5,14 0,8092 411  2 113601,0625 1
51,55 5041 1718 466,98 454,82 24,22 25,14 5,14 0,8839 412  2 110083,851562 1
51,8 5073 1725 458,21 446,28 24,13 25,14 5,14 0,9382 412  2 103538,929687 1
51,97 5045 1716 448,55 437,75 24,26 25,14 5,14 0,9933 413  3 101688,179687 1
52,32 4935 1686 433,18 426,2 24,7 25,14 5,14 1,044 413  3 100078,1875 1
52,5 5003 1714 420,04 421,75 24,28 25,14 5,14 1,0929 414  3 98632,25 1
52,59 4971 1691 427,21 412,16 24,63 25,14 5,14 1,1475 414  3 97840,625 1
52,74 4907 1682 411,6 414,25 24,76 25,14 5,14 1,1897 414  3 96567,335937 1
52,83 4809 1669 421,61 419,05 24,97 25,14 5,14 1,253 414  3 96403,6875 1
52,92 4974 1691 409,24 410,76 24,62 25,14 5,14 1,2864 414  3 95647,296875 1
52,99 4716 1643 400,6 412,58 25,37 25,14 5,14 1,3193 414  3 95220,382812 1
53,02 4797 1667 406,06 412,71 25,0 25,14 5,14 1,3434 414  3 94692,0625 1
53,16 4603 1640 412,71 417,35 25,43 25,14 5,14 1,3636 414  3 94534,710937 1
53,16 4249 1589 409,1 415,66 26,3 25,14 5,14 1,3854 414  3 94955,492187 1
53,12 4617 1608 417,07 411,88 25,96 25,14 5,14 1,404 414  3 95220,382812 1
53,22 4332 1601 401,83 414,53 26,08 25,14 5,14 1,4175 414  3 94955,492187 1
53,21 4434 1616 405,65 414,53 25,83 25,14 5,14 1,466 414  3 95326,757812 1
49,35 52 484 1054,98 2409,32 94,3 25,14 5,14 0,0839 400  1 245152,015625 1
49,36 1154 1039 878,76 1706,53 44,41 25,14 5,14 0,0835 400  1 213823,34375 1
49,65 3666 1501 697,87 1025,07 27,97 25,14 5,14 0,136 400  2 175342,46875 1
49,65 4809 1669 619,07 755,64 24,97 25,14 5,14 0,2463 400  2 154542,703125 1
50,09 5004 1685 553,27 625,18 24,72 25,14 5,14 0,4715 403  2 139395,59375 1
50,55 5086 1729 512,19 561,01 24,07 25,14 5,14 0,5697 407  2 129358,265625 1
50,92 5075 1725 498,84 518,29 24,11 25,14 5,14 0,658 409  2 115680,070312 1
51,31 5075 1725 483,55 492,47 24,11 25,14 5,14 0,7395 411  2 111014,742187 1
51,8 4981 1692 463,67 469,99 24,6 25,14 5,14 0,8161 413  2 108130,9375 1
52,08 5004 1702 452,67 453,43 24,46 25,14 5,14 0,8832 414  2 104362,007812 1
52,24 4948 1688 433,03 430,99 24,67 25,14 5,14 0,9465 415  2 102543,5625 1
52,4 4854 1675 446,88 430,4 24,87 25,14 5,14 1,0147 415  3 100906,585937 1
52,61 5012 1704 432,59 429,09 24,42 25,14 5,14 1,1249 416  3 99032,882812 1
52,67 5015 1670 426,2 426,34 24,94 25,14 5,14 1,1712 416  3 98461,539062 1
52,8 4691 1652 436,86 418,2 25,22 25,14 5,14 1,2108 416  3 96403,6875 1
52,85 4888 1680 414,82 415,8 24,79 25,14 5,14 1,2491 417  3 96294,90625 1
53,05 4672 1649 413,97 413,13 25,27 25,14 5,14 1,2929 417  3 95916,070312 1
53,1 4649 1651 432,89 412,99 25,24 25,14 5,14 1,3225 417  3 95540,210937 1
53,13 4534 1630 409,51 414,25 25,59 25,14 5,14 1,3403 417  3 95593,726562 1
53,13 4425 1614 421,04 419,9 25,85 25,14 5,14 1,3628 417  3 95540,210937 1
53,19 4429 1615 415,8 420,9 25,84 25,14 5,14 1,402 417  3 95647,296875 1
53,17 4457 1619 413,13 414,11 25,77 25,14 5,14 1,4138 417  3 95380,03125 1
53,22 4329 1591 414,25 421,32 26,25 25,14 5,14 1,4332 417  3 95273,539062 1
53,22 4322 1599 405,65 429,39 26,1 25,14 5,14 1,4553 417  3 95808,382812 1
49,05 59 485 1056,06 2431,44 94,23 25,14 5,14 0,0917 400  1 243577,546875 1
49,05 415 839 943,5 2028,73 63,33 25,14 5,14 0,1168 400  2 235186,03125 1
49,05 2949 1387 752,07 1189,67 30,59 25,14 5,14 0,2176 400  2 192916,359375 1
49,3 4635 1644 626,02 834,7 25,35 25,14 5,14 0,3349 401  2 146327,515625 1
49,75 4993 1698 572,9 674,42 24,51 25,14 5,14 0,4481 402  2 133402,8125 1
50,61 5061 1727 526,42 579,93 24,08 25,14 5,14 0,5463 405  2 125367,289062 1
50,93 4962 1690 501,72 501,04 24,63 25,14 5,14 0,6298 408  2 118408,882812 1
51,21 5081 1727 478,66 487,33 24,08 25,14 5,14 0,713 409  2 113525,5 1
51,5 5060 1720 475,6 465,25 24,18 25,14 5,14 0,7949 411  2 109659,453125 1
51,75 5024 1705 460,7 446,13 24,4 25,14 5,14 0,9277 412  2 106711,132812 1
52,0 5105 1735 453,59 442,82 23,97 25,14 5,14 0,9812 413  3 103664,710937 1
52,13 5002 1695 442,07 435,53 24,55 25,14 5,14 1,037 413  3 100254,554687 1
52,3 4965 1690 424,19 426,78 24,63 25,14 5,14 1,0997 414  3 99436,78125 1
52,54 4890 1680 422,18 421,04 24,78 25,14 5,14 1,1466 414  3 98009,1875 1
52,61 4715 1655 424,19 417,63 25,17 25,14 5,14 1,1828 414  3 97505,234375 1
52,74 4658 1647 409,65 418,62 25,29 25,14 5,14 1,2278 414  3 96951,335937 1
52,8 4791 1666 417,77 422,61 25,0 25,14 5,14 1,2621 414  3 96240,601562 1
52,82 4696 1653 429,97 417,92 25,21 25,14 5,14 1,3067 414  3 95326,757812 1
52,82 4455 1631 413,27 417,49 25,57 25,14 5,14 1,3385 414  3 95754,625 1
52,86 4444 1617 405,24 417,35 25,79 25,14 5,14 1,3584 414  3 95167,289062 1
52,88 4444 1617 416,08 425,19 25,79 25,14 5,14 1,3736 414  3 95326,757812 1
52,96 4313 1598 417,35 420,33 26,12 25,14 5,14 1,4049 414  3 95593,726562 1
53,02 4223 1574 413,13 426,2 26,55 25,14 5,14 1,4222 414  3 95970,007812 1
52,97 4141 1573 408,68 423,76 26,57 25,14 5,14 1,4467 414  3 95916,070312 1
48,76 70 496 1060,71 2377,73 93,19 25,14 5,14 0,104 400  2 243230,40625 1
48,74 59 474 1008,21 2399,56 95,19 25,14 5,14 0,1123 400  2 208596,453125 1
48,92 3998 1552 673,96 939,35 26,1 25,14 5,14 0,1897 400  2 172681,28125 1
49,26 4944 1685 601,52 714,84 24,7 25,14 5,14 0,2979 400  2 151928,78125 1
49,8 5094 1731 552,71 624,54 24,02 25,14 5,14 0,4077 402  2 138603,140625 1
50,23 4992 1698 530,54 564,05 24,51 25,14 5,14 0,6051 406  2 128288,648437 1
50,65 5020 1707 504,79 525,89 24,37 25,14 5,14 0,7016 407  2 120329,023437 1
50,95 4995 1699 489,48 500,02 24,49 25,14 5,14 0,7773 408  2 110654,851562 1
51,25 5129 1721 466,19 470,15 24,16 25,14 5,14 0,8537 409  2 107450,15625 1
51,68 5032 1711 445,07 454,51 24,31 25,14 5,14 0,9192 409  2 104682,070312 1
51,89 4709 1655 458,06 436,86 25,17 25,14 5,14 0,9776 410  3 102175,210937 1
52,06 4975 1692 434,06 433,03 24,6 25,14 5,14 1,0402 410  3 100846,953125 1
52,21 4766 1685 423,47 430,84 24,7 25,14 5,14 1,0901 410  3 99843,992187 1
52,29 4994 1699 427,5 430,4 24,49 25,14 5,14 1,1685 410  3 98065,507812 1
52,43 4801 1667 418,76 419,19 24,97 25,14 5,14 1,2171 411  3 97172,140625 1
52,43 4682 1651 416,64 423,47 25,23 25,14 5,14 1,2505 411  3 96349,265625 1
52,46 4637 1644 420,18 417,63 25,34 25,14 5,14 1,2854 411  3 96186,359375 1
52,62 4766 1643 419,62 421,32 25,35 25,14 5,14 1,3118 411  3 95970,007812 1
52,69 4467 1620 414,53 421,04 25,73 25,14 5,14 1,3427 411  3 95167,289062 1
52,72 4647 1646 412,58 425,91 25,31 25,14 5,14 1,3651 411  3 95593,726562 1
52,73 4442 1617 408,68 421,75 25,79 25,14 5,14 1,3858 411  3 95433,367187 1
52,81 4363 1621 411,18 423,33 25,72 25,14 5,14 1,4216 411  3 95486,757812 1
52,82 4210 1583 413,13 424,9 26,38 25,14 5,14 1,443 411  3 95540,210937 1
52,84 4335 1601 406,34 418,62 26,06 25,14 5,14 1,4561 411  3 96132,179687 1
48,53 57 471 1036,58 2424,04 95,45 25,14 5,14 0,1086 400  2 242366,859375 1
48,47 518 872 921,41 1942,07 58,97 25,14 5,14 0,1042 400  2 225550,65625 1
48,52 3235 1434 710,5 1138,85 29,43 25,14 5,14 0,2601 400  2 184238,9375 1
48,91 4566 1634 635,63 831,32 25,5 25,14 5,14 0,3731 401  2 159900,0625 1
49,43 4969 1717 572,32 659,07 24,21 25,14 5,14 0,4921 403  2 132368,15625 1
49,92 5043 1715 545,28 580,12 24,25 25,14 5,14 0,6 406  2 123373,492187 1
50,68 5027 1710 522,69 539,22 24,33 25,14 5,14 0,684 409  2 117674,101562 1
51,01 5170 1757 470,31 478,5 23,65 25,14 5,14 0,775 411  2 112403,953125 1
51,26 5061 1697 451,44 463,52 24,52 25,14 5,14 0,8394 412  2 108612,640625 1
51,5 4905 1682 447,64 451,9 24,74 25,14 5,14 0,9073 413  2 105588,78125 1
51,68 5000 1695 439,53 445,22 24,54 25,14 5,14 1,0165 415  3 103163,40625 1
51,87 5010 1704 436,57 441,17 24,41 25,14 5,14 1,0751 415  3 100966,28125 1
52,01 4916 1683 433,33 436,27 24,72 25,14 5,14 1,1245 415  3 98803,546875 1
52,16 4725 1667 435,09 427,65 24,98 25,14 5,14 1,1646 416  3 98065,507812 1
52,23 4702 1654 439,68 426,2 25,18 25,14 5,14 1,1991 416  3 97116,84375 1
52,32 4660 1648 423,76 419,76 25,28 25,14 5,14 1,2433 416  3 96622,007812 1
52,42 4549 1632 422,47 421,18 25,53 25,14 5,14 1,2737 416  3 96132,179687 1
52,5 4563 1638 407,03 418,91 25,43 25,14 5,14 1,3056 416  3 95593,726562 1
52,51 4593 1638 419,33 417,07 25,43 25,14 5,14 1,3541 416  3 95326,757812 1
52,6 4479 1622 427,93 415,38 25,7 25,14 5,14 1,3886 416  3 95433,367187 1
52,61 4319 1599 407,99 424,9 26,09 25,14 5,14 1,4028 416  3 95433,367187 1
52,68 4442 1617 418,76 426,63 25,79 25,14 5,14 1,4219 416  3 95540,210937 1
52,69 4371 1596 408,41 421,75 26,14 25,14 5,14 1,4356 416  3 95647,296875 1
52,65 4371 1607 414,96 433,33 25,96 25,14 5,14 1,4428 416  3 95862,195312 1
48,29 66 489 1040,45 2362,49 93,79 25,14 5,14 0,1159 400  2 242711,546875 1
48,27 86 525 1055,34 2341,0 90,6 25,14 5,14 0,1375 400  2 203255,265625 1
48,59 1579 1271 765,94 1348,83 33,91 25,14 5,14 0,2271 400  2 169088,5 1
49,05 5007 1696 586,84 716,54 24,53 25,14 5,14 0,351 401  2 149926,796875 1
49,64 5050 1717 541,24 616,77 24,21 25,14 5,14 0,4703 402  2 136606,1875 1
50,09 5084 1728 528,21 561,01 24,05 25,14 5,14 0,5706 405  2 127236,578125 1
50,45 5093 1731 499,01 515,32 23,96 25,14 5,14 0,7555 409  2 119822,140625 1
50,79 5036 1718 494,14 486,83 24,2 25,14 5,14 0,831 410  2 114056,585937 1
51,07 5077 1726 484,37 481,59 24,08 25,14 5,14 0,9068 411  2 107112,96875 1
51,27 5046 1716 455,28 457,75 24,23 25,14 5,14 0,9857 412  3 104489,796875 1
51,47 4999 1700 458,52 451,14 24,46 25,14 5,14 1,0466 412  3 102053,023437 1
51,68 4901 1680 434,21 435,83 24,77 25,14 5,14 1,0944 412  3 100490,679687 1
51,82 5019 1707 417,07 429,24 24,36 25,14 5,14 1,1323 413  3 98918,085937 1
51,98 4877 1678 439,98 429,39 24,79 25,14 5,14 1,1785 413  3 98234,84375 1
52,09 4757 1661 425,19 420,75 25,05 25,14 5,14 1,2544 413  3 97393,953125 1
52,24 4803 1668 427,36 424,9 24,95 25,14 5,14 1,2831 413  3 96567,335937 1
52,3 4756 1661 409,65 423,47 25,05 25,14 5,14 1,3132 413  3 95916,070312 1
52,29 4616 1642 412,71 423,76 25,37 25,14 5,14 1,33 413  3 95700,9375 1
52,47 4616 1642 410,49 418,62 25,37 25,14 5,14 1,3585 413  3 95593,726562 1
52,46 4571 1635 409,1 419,76 25,47 25,14 5,14 1,3826 413  3 95326,757812 1
52,49 4538 1614 408,13 422,32 25,82 25,14 5,14 1,4014 413  3 95486,757812 1
52,54 4347 1603 412,02 422,9 26,01 25,14 5,14 1,423 413  3 95433,367187 1
52,54 4185 1579 418,06 430,11 26,43 25,14 5,14 1,4693 414  3 95433,367187 1
52,61 4382 1608 402,92 427,21 25,93 25,14 5,14 1,485 414  3 95540,210937 1
48,09 62 499 1002,76 2359,29 92,84 25,14 5,14 0,1245 400  2 241680,4375 1
48,13 725 931 901,97 1854,07 52,58 25,14 5,14 0,1198 400  2 225401,71875 1
48,25 3478 1472 720,67 1097,97 28,55 25,14 5,14 0,2763 400  2 182466,140625 1
48,76 4642 1645 641,9 814,33 25,31 25,14 5,14 0,3899 401  2 159006,21875 1
49,26 4988 1697 568,46 671,0 24,51 25,14 5,14 0,5076 403  2 131653,375 1
49,84 5076 1747 521,46 584,46 23,77 25,14 5,14 0,6002 406  2 123284,375 1
50,54 5069 1723 502,06 536,68 24,11 25,14 5,14 0,6873 409  2 117350,445312 1
50,54 5076 1726 480,29 482,08 24,08 25,14 5,14 0,7674 410  2 112256,085937 1
50,84 4939 1687 463,67 471,11 24,66 25,14 5,14 0,8532 412  2 107994,09375 1
51,1 5021 1716 445,37 449,61 24,22 25,14 5,14 0,9125 413  2 105393,164062 1
51,33 5065 1722 450,68 443,42 24,13 25,14 5,14 1,0365 414  3 102852,554687 1
51,48 5016 1706 426,92 433,91 24,37 25,14 5,14 1,0824 415  3 101145,789062 1
51,66 4843 1673 437,31 432,74 24,86 25,14 5,14 1,1303 415  3 98178,328125 1
51,82 4871 1677 440,57 424,19 24,8 25,14 5,14 1,1684 415  3 97338,40625 1
52,06 4566 1634 424,19 428,22 24,79 25,14 5,14 1,2168 415  3 96512,726562 1
52,15 4599 1639 413,27 424,47 25,4 25,14 5,14 1,2546 415  3 96403,6875 1
52,22 4576 1636 410,9 418,62 25,46 25,14 5,14 1,2845 415  3 95916,070312 1
52,24 4647 1646 411,6 425,19 25,29 25,14 5,14 1,3137 416  3 95593,726562 1
52,32 4395 1610 417,07 420,04 25,89 25,14 5,14 1,3743 416  3 95486,757812 1
52,32 4594 1612 420,75 420,9 25,86 25,14 5,14 1,3926 416  3 95326,757812 1
52,39 4568 1635 404,69 422,47 25,47 25,14 5,14 1,4145 416  3 95114,25 1
52,46 4296 1596 418,62 427,65 26,14 25,14 5,14 1,4358 416  3 95114,25 1
52,48 4387 1609 415,38 424,04 25,91 25,14 5,14 1,4455 416  3 95220,382812 1
52,53 4473 1589 407,58 427,93 26,25 25,14 5,14 1,4633 416  3 95433,367187 1
47,95 66 488 1029,93 2387,4 93,82 25,14 5,14 0,1223 400  2 241338,671875 1
47,93 76 507 1033,43 2380,14 92,12 25,14 5,14 0,1458 400  2 203255,265625 1
48,38 1813 1180 791,5 1470,91 37,2 25,14 5,14 0,2395 400  2 169592,578125 1
49,05 4780 1674 594,23 706,9 24,85 25,14 5,14 0,3631 401  2 149401,8125 1
49,49 5068 1723 558,54 613,65 24,11 25,14 5,14 0,4752 402  2 136715,625 1
49,49 5094 1731 531,25 565,77 23,99 25,14 5,14 0,5782 405  2 127426,578125 1
49,97 5027 1709 488,81 523,05 24,31 25,14 5,14 0,7575 409  2 119822,140625 1
50,32 5049 1717 477,85 494,64 24,2 25,14 5,14 0,8303 410  2 114438,984375 1
50,65 5102 1705 463,67 474,95 24,38 25,14 5,14 0,8981 411  2 106312,289062 1
50,91 4924 1685 451,44 458,68 24,68 25,14 5,14 0,9627 411  3 103790,796875 1
51,33 5116 1739 443,42 445,97 23,89 25,14 5,14 1,037 412  3 101809,507812 1
51,56 5020 1707 430,99 434,8 24,34 25,14 5,14 1,0928 412  3 100136,90625 1
51,71 5030 1684 423,33 431,57 24,68 25,14 5,14 1,1335 413  3 98975,453125 1
51,81 4763 1662 431,72 426,2 25,03 25,14 5,14 1,182 413  3 98121,882812 1
51,95 4844 1673 431,42 428,22 24,85 25,14 5,14 1,2493 413  3 96951,335937 1
52,05 4903 1682 412,16 416,36 24,73 25,14 5,14 1,2744 413  3 96458,179687 1
52,12 4797 1667 418,48 426,2 24,95 25,14 5,14 1,3101 413  3 95808,382812 1
52,16 4789 1644 414,67 422,61 25,31 25,14 5,14 1,3342 413  3 95540,210937 1
52,24 4562 1634 414,53 422,18 25,48 25,14 5,14 1,3633 413  3 95273,539062 1
52,35 4522 1628 425,91 428,66 25,58 25,14 5,14 1,3822 413  3 95167,289062 1
52,41 4392 1610 406,34 424,47 25,89 25,14 5,14 1,4039 413  3 94955,492187 1
52,41 4449 1619 414,53 421,18 25,73 25,14 5,14 1,4273 413  3 95273,539062 1
52,37 4392 1621 408,13 428,37 25,7 25,14 5,14 1,4598 413  3 95220,382812 1
52,45 4252 1589 402,92 433,91 26,24 25,14 5,14 1,4777 413  3 95114,25 1
47,8 64 484 1016,77 2344,96 94,14 25,14 5,14 0,1326 400  2 240997,875 1
47,81 418 840 942,22 2029,42 63,1 25,14 5,14 0,1272 400  2 223629,609375 1
47,81 3044 1493 726,3 1091,3 28,1 25,14 5,14 0,2767 400  2 182857,140625 1
48,12 5036 1713 611,37 786,17 24,26 25,14 5,14 0,3937 401  2 158415,84375 1
48,75 5108 1736 562,34 665,57 23,92 25,14 5,14 0,524 403  2 131450,578125 1
49,3 5053 1718 555,34 591,22 24,18 25,14 5,14 0,6209 406  2 123373,492187 1
50,15 5163 1755 508,04 544,54 23,66 25,14 5,14 0,7305 409  2 116310,765625 1
50,47 5127 1742 482,89 484,86 23,83 25,14 5,14 0,7998 410  2 111595,46875 1
50,81 5066 1722 470,31 462,42 24,11 25,14 5,14 0,8788 412  2 108199,492187 1
51,0 5048 1716 466,19 451,44 24,2 25,14 5,14 0,9431 413  3 105004,101562 1
51,22 5002 1701 460,7 442,82 24,43 25,14 5,14 1,0716 414  3 102543,5625 1
51,4 5027 1699 436,27 436,27 24,46 25,14 5,14 1,1154 415  3 100431,539062 1
51,58 4912 1683 433,91 433,91 24,7 25,14 5,14 1,1623 415  3 98178,328125 1
51,75 4984 1693 435,09 424,33 24,55 25,14 5,14 1,2055 415  3 97116,84375 1
51,96 4741 1659 427,36 419,76 25,07 25,14 5,14 1,2365 415  3 96567,335937 1
52,03 4608 1664 419,62 429,09 25,0 25,14 5,14 1,2657 415  3 95862,195312 1
52,12 4623 1643 427,5 426,34 25,34 25,14 5,14 1,2892 416  3 95700,9375 1
52,17 4490 1624 420,61 421,32 25,65 25,14 5,14 1,3148 416  3 95273,539062 1
52,17 4683 1651 418,91 422,04 25,2 25,14 5,14 1,3752 416  3 95220,382812 1
52,23 4698 1653 413,55 419,33 25,17 25,14 5,14 1,3892 416  3 94955,492187 1
52,26 4515 1614 424,9 422,18 25,81 25,14 5,14 1,4028 416  3 94692,0625 1
52,26 4319 1599 407,16 424,76 26,07 25,14 5,14 1,4207 416  3 94797,257812 1
52,36 4361 1605 427,79 429,09 25,96 25,14 5,14 1,4465 416  3 94639,554687 1
52,33 4242 1588 420,9 424,19 26,26 25,14 5,14 1,4563 416  3 94849,945312 1
47,62 69 495 1005,14 2364,09 93,15 25,14 5,14 0,1307 400  2 240319,171875 1
47,62 122 584 1023,68 2329,14 85,51 25,14 5,14 0,1637 400  2 198642,09375 1
47,6 2146 1245 785,9 1395,27 34,76 25,14 5,14 0,266 400  2 166449,9375 1
48,36 4390 1632 651,53 866,65 25,52 25,14 5,14 0,3829 401  2 148105,296875 1
48,99 5091 1731 548,61 611,99 23,99 25,14 5,14 0,4969 402  2 135413,90625 1
49,44 5065 1722 514,62 560,44 24,11 25,14 5,14 0,5991 405  2 125459,445312 1
49,89 5124 1741 509,42 518,11 23,84 25,14 5,14 0,6799 407  2 118903,851562 1
50,28 5106 1714 498,5 495,64 24,23 25,14 5,14 0,8453 410  2 113450,03125 1
50,59 5120 1740 459,46 480,61 23,85 25,14 5,14 0,9201 411  2 109378,335937 1
50,85 5014 1705 454,05 462,42 24,36 25,14 5,14 0,9825 412  3 103664,710937 1
51,05 4997 1700 453,43 450,22 24,44 25,14 5,14 1,032 412  3 101325,945312 1
51,4 4910 1683 438,34 438,64 24,7 25,14 5,14 1,0944 413  3 99843,992187 1
51,54 4588 1638 438,19 429,09 25,41 25,14 5,14 1,1439 413  3 98461,539062 1
51,72 4901 1681 427,65 421,61 24,72 25,14 5,14 1,1807 413  3 97227,5 1
51,81 4941 1687 430,99 430,4 24,63 25,14 5,14 1,2198 414  3 96676,734375 1
51,92 4734 1658 419,19 422,18 25,08 25,14 5,14 1,2871 414  3 96078,0625 1
51,97 4696 1653 410,35 424,9 25,05 25,14 5,14 1,3196 414  3 95486,757812 1
51,97 4543 1621 412,71 424,9 25,68 25,14 5,14 1,3472 414  3 95008,351562 1
52,04 4564 1634 417,92 423,76 25,47 25,14 5,14 1,3636 414  3 94902,6875 1
52,19 4605 1640 426,2 420,33 25,37 25,14 5,14 1,3948 414  3 94692,0625 1
52,19 4306 1597 421,61 418,06 26,09 25,14 5,14 1,424 414  3 94692,0625 1
52,23 4538 1609 415,8 421,89 25,89 25,14 5,14 1,4389 414  3 95061,273437 1
52,24 4347 1603 422,04 424,04 25,99 25,14 5,14 1,4547 414  3 94797,257812 1
52,25 4337 1602 415,24 423,76 26,01 25,14 5,14 1,4833 414  3 94902,6875 1
47,49 72 471 1005,48 2343,37 95,29 25,14 5,14 0,1356 400  2 239308,25 1
47,49 1112 1029 862,27 1664,32 44,94 25,14 5,14 0,1369 400  2 210396,546875 1
47,62 3770 1517 710,98 1047,51 27,58 25,14 5,14 0,2008 400  2 174446,34375 1
48,09 4838 1673 627,51 787,23 24,85 25,14 5,14 0,3166 400  2 152744,625 1
48,64 5007 1722 557,98 636,92 24,11 25,14 5,14 0,5347 404  2 138941,65625 1
49,2 5116 1739 540,5 581,69 23,87 25,14 5,14 0,6222 407  2 128481,804687 1
49,67 5040 1714 511,49 520,93 24,23 25,14 5,14 0,7044 409  2 114901,257812 1
50,08 5025 1709 484,04 498,34 24,3 25,14 5,14 0,7916 411  2 110511,546875 1
50,66 4935 1686 480,45 481,75 24,64 25,14 5,14 0,8615 413  2 106978,6875 1
50,92 4999 1700 455,89 449,61 24,43 25,14 5,14 0,9294 414  3 103917,1875 1
51,12 5006 1703 442,82 440,42 24,39 25,14 5,14 0,9845 415  3 101688,179687 1
51,32 4934 1686 435,24 432,89 24,64 25,14 5,14 1,044 415  3 100136,90625 1
51,49 4994 1694 440,87 429,39 24,52 25,14 5,14 1,1435 416  3 98632,25 1
51,53 4804 1681 415,94 424,47 24,72 25,14 5,14 1,1889 416  3 97840,625 1
51,75 4906 1682 422,47 429,24 24,7 25,14 5,14 1,2277 417  3 96240,601562 1
51,83 4678 1650 429,09 424,33 25,2 25,14 5,14 1,2678 417  3 95540,210937 1
51,88 4839 1673 425,19 425,05 24,84 25,14 5,14 1,2997 417  3 95326,757812 1
51,98 4610 1626 422,04 421,18 25,6 25,14 5,14 1,3237 417  3 95008,351562 1
52,05 4647 1646 406,34 419,62 25,27 25,14 5,14 1,345 417  3 94849,945312 1
52,08 4463 1620 417,35 424,47 25,7 25,14 5,14 1,3669 417  3 94587,101562 1
52,12 4481 1622 421,61 428,8 25,66 25,14 5,14 1,4151 417  3 94692,0625 1
52,16 4437 1616 420,18 425,77 25,76 25,14 5,14 1,4261 417  3 94639,554687 1
52,13 4255 1616 423,47 423,76 25,76 25,14 5,14 1,4492 417  3 94692,0625 1
52,21 4531 1630 414,82 428,8 25,53 25,14 5,14 1,4545 417  3 94692,0625 1
47,3 72 499 1026,45 2344,17 92,71 25,14 5,14 0,1338 400  2 240658,046875 1
47,32 171 655 992,63 2259,26 79,91 25,14 5,14 0,1758 400  2 237476,8125 1
47,38 2382 1412 748,52 1186,85 29,9 25,14 5,14 0,2727 400  2 164049,984375 1
47,78 4831 1672 623,49 832,44 24,86 25,14 5,14 0,3764 401  2 146077,03125 1
48,9 5031 1711 568,84 688,95 24,27 25,14 5,14 0,4926 402  2 133716,375 1
49,42 5198 1766 526,42 544,54 23,49 25,14 5,14 0,5868 405  2 124908,515625 1
49,88 5073 1727 491,8 502,4 24,03 25,14 5,14 0,686 407  2 118162,9375 1
50,21 5126 1742 479,47 484,7 23,81 25,14 5,14 0,7648 409  2 112626,484375 1
50,5 5097 1733 453,28 469,36 23,95 25,14 5,14 0,9039 411  2 108889,835937 1
50,74 5044 1715 469,84 459,46 24,2 25,14 5,14 0,9684 412  3 105719,59375 1
50,98 5154 1751 452,82 454,82 23,69 25,14 5,14 1,0162 412  3 101026,046875 1
51,18 5044 1688 434,21 442,22 24,6 25,14 5,14 1,0739 412  3 99436,78125 1
51,33 4971 1691 445,67 428,37 24,56 25,14 5,14 1,1242 413  3 98009,1875 1
51,44 4895 1684 431,42 430,4 24,66 25,14 5,14 1,1736 413  3 97006,445312 1
51,59 4706 1654 415,38 422,18 25,13 25,14 5,14 1,215 413  3 96294,90625 1
51,71 4556 1649 415,66 427,36 25,22 25,14 5,14 1,2526 413  3 95593,726562 1
51,78 4611 1641 422,47 427,5 25,34 25,14 5,14 1,3217 413  3 95326,757812 1
51,85 4724 1657 409,79 428,8 25,09 25,14 5,14 1,3494 413  3 94902,6875 1
51,92 4581 1637 423,47 425,91 25,41 25,14 5,14 1,3671 413  3 94482,375 1
51,96 4537 1630 418,62 421,47 25,52 25,14 5,14 1,3893 413  3 94377,882812 1
52,03 4449 1596 414,53 425,34 26,09 25,14 5,14 1,407 414  3 94377,882812 1
52,09 4544 1611 408,82 425,77 25,85 25,14 5,14 1,4265 414  3 94482,375 1
52,1 4325 1600 420,61 423,04 26,03 25,14 5,14 1,449 414  3 94587,101562 1
52,08 4241 1588 408,82 431,72 26,24 25,14 5,14 1,4619 414  3 94587,101562 1
47,13 80 515 1007,52 2373,71 91,28 25,14 5,14 0,1336 400  2 239981,25 1
47,14 71 498 1028,19 2390,64 92,84 25,14 5,14 0,149 400  2 204718,109375 1
47,42 4071 1617 668,06 918,6 25,74 25,14 5,14 0,2309 400  2 170269,375 1
47,96 4895 1680 593,43 732,72 24,72 25,14 5,14 0,3459 400  2 150322,953125 1
48,61 5091 1731 566,35 626,66 23,98 25,14 5,14 0,4525 402  2 137155,109375 1
49,08 5045 1715 543,44 570,97 24,2 25,14 5,14 0,656 406  2 126952,640625 1
49,6 5016 1706 530,36 531,43 24,34 25,14 5,14 0,738 407  2 119402,984375 1
49,95 5038 1713 495,31 499,01 23,77 25,14 5,14 0,8276 408  2 109659,453125 1
50,31 5062 1709 466,03 476,88 24,29 25,14 5,14 0,9009 409  2 106246,109375 1
50,81 5007 1703 450,68 460,24 24,38 25,14 5,14 0,9714 410  3 103413,453125 1
51,03 4987 1696 446,43 442,07 24,48 25,14 5,14 1,025 410  3 101446,40625 1
51,03 5037 1713 436,57 440,72 24,23 25,14 5,14 1,0793 411  3 99669,070312 1
51,19 4909 1680 430,11 433,47 24,72 25,14 5,14 1,1247 411  3 98065,507812 1
51,32 4976 1692 439,98 426,92 24,54 25,14 5,14 1,2132 411  3 97172,140625 1
51,42 4960 1689 435,83 429,97 24,58 25,14 5,14 1,2504 411  3 96294,90625 1
51,58 4748 1660 426,63 425,05 25,03 25,14 5,14 1,2733 411  3 95273,539062 1
51,75 4650 1646 423,61 421,32 25,25 25,14 5,14 1,3026 411  3 94955,492187 1
51,84 4668 1653 411,74 425,05 25,15 25,14 5,14 1,3235 411  3 94534,710937 1
51,9 4586 1637 417,49 417,07 25,4 25,14 5,14 1,3491 412  3 94377,882812 1
51,94 4586 1637 406,61 422,75 25,4 25,14 5,14 1,3651 412  3 94325,71875 1
51,99 4494 1624 416,22 426,2 25,61 25,14 5,14 1,3918 412  3 94273,617187 1
52,07 4490 1600 409,51 424,9 26,03 25,14 5,14 1,4322 412  3 94797,257812 1
52,12 4336 1602 399,39 422,47 26,0 25,14 5,14 1,4453 412  3 94117,648437 1
52,08 4280 1593 410,9 422,75 26,14 25,14 5,14 1,4536 412  3 94534,710937 1
47,01 60 477 1062,15 2372,1 94,71 25,14 5,14 0,1284 400  2 239308,25 1
46,98 231 885 955,06 1955,26 57,3 25,14 5,14 0,1609 400  2 230423,046875 1
47,11 3108 1413 719,94 1146,97 29,86 25,14 5,14 0,2738 400  2 186656,9375 1
47,71 4872 1677 646,48 842,36 24,76 25,14 5,14 0,3907 401  2 143982,0 1
48,29 5042 1714 578,75 680,15 24,2 25,14 5,14 0,5139 403  2 131755,015625 1
49,37 5129 1743 544,91 596,25 23,79 25,14 5,14 0,6229 406  2 123462,742187 1
49,73 5105 1735 505,81 504,27 23,9 25,14 5,14 0,7181 409  2 116868,296875 1
50,11 5001 1701 482,24 493,47 24,4 25,14 5,14 0,8004 410  2 111814,804687 1
50,11 5132 1744 476,56 471,59 23,77 25,14 5,14 0,8699 412  2 107857,59375 1
50,41 5077 1726 457,13 454,82 24,03 25,14 5,14 1,0083 414  3 104425,859375 1
50,67 5079 1727 434,65 441,92 24,41 25,14 5,14 1,0552 414  3 101870,273437 1
50,91 4989 1697 439,23 441,47 24,46 25,14 5,14 1,1044 415  3 98746,382812 1
51,08 4800 1667 437,31 430,99 24,91 25,14 5,14 1,1493 415  3 97560,976562 1
51,41 5056 1719 423,04 427,93 24,13 25,14 5,14 1,1943 415  3 96676,734375 1
51,45 4807 1668 420,18 427,36 24,78 25,14 5,14 1,2288 415  3 95970,007812 1
51,58 4889 1658 422,04 422,04 25,05 25,14 5,14 1,2613 416  3 95220,382812 1
51,73 4666 1649 415,38 422,32 25,21 25,14 5,14 1,2861 416  3 94797,257812 1
51,8 4632 1644 427,36 428,51 25,28 25,14 5,14 1,3446 416  3 94587,101562 1
51,8 4437 1616 412,3 426,34 25,74 25,14 5,14 1,3716 416  3 94273,617187 1
51,85 4444 1617 408,96 432,16 25,72 25,14 5,14 1,393 416  3 94273,617187 1
51,94 4405 1605 418,62 424,9 25,93 25,14 5,14 1,4147 416  3 94117,648437 1
52,03 4299 1596 401,15 419,62 26,08 25,14 5,14 1,425 416  3 93807,257812 1
52,04 4285 1594 410,21 427,21 26,12 25,14 5,14 1,441 416  3 94117,648437 1
52,04 4281 1594 424,04 426,63 26,13 25,14 5,14 1,4585 416  3 94273,617187 1
46,83 70 497 1040,8 2337,83 92,87 25,14 5,14 0,1165 400  2 239140,59375 1
46,83 66 489 1017,12 2392,26 93,63 25,14 5,14 0,1355 400  2 201099,765625 1
47,34 1581 1133 847,8 1529,29 39,21 25,14 5,14 0,2212 400  2 167923,90625 1
47,94 4780 1665 584,06 711,95 24,95 25,14 5,14 0,3398 401  2 148233,9375 1
48,56 5087 1729 576,4 621,38 23,98 25,14 5,14 0,4563 402  2 135521,4375 1
49,1 5094 1731 536,68 560,25 23,95 25,14 5,14 0,5588 405  2 126015,257812 1
49,52 5090 1730 501,72 520,05 23,97 25,14 5,14 0,7271 408  2 118738,40625 1
49,52 5056 1716 475,11 499,18 24,18 25,14 5,14 0,8074 409  2 113149,171875 1
49,94 4995 1694 480,94 477,21 24,49 25,14 5,14 0,8865 410  2 105785,125 1
50,24 5085 1728 448,55 460,7 23,99 25,14 5,14 0,9579 411  3 102481,984375 1
50,75 5069 1723 453,59 450,83 24,07 25,14 5,14 1,0156 411  3 100727,914062 1
50,92 4988 1698 442,97 433,03 24,44 25,14 5,14 1,0667 412  3 99090,382812 1
51,11 5031 1711 429,53 433,18 24,25 25,14 5,14 1,1144 412  3 97616,78125 1
51,3 4732 1658 440,72 429,24 25,05 25,14 5,14 1,1657 412  3 96841,3125 1
51,39 4836 1672 439,68 421,32 24,83 25,14 5,14 1,2376 412  3 96078,0625 1
51,5 4724 1657 420,75 425,05 25,07 25,14 5,14 1,2723 413  3 95433,367187 1
51,59 4863 1646 425,48 422,47 25,25 25,14 5,14 1,3081 413  3 94482,375 1
51,66 4742 1659 425,05 417,07 25,03 25,14 5,14 1,3307 413  3 94587,101562 1
51,78 4378 1608 417,92 421,47 25,88 25,14 5,14 1,3709 413  3 94065,773437 1
51,82 4644 1645 410,21 419,33 25,25 25,14 5,14 1,3888 413  3 93807,257812 1
51,9 4420 1622 404,83 425,91 25,64 25,14 5,14 1,4111 413  3 92619,390625 1
51,93 4536 1630 425,91 421,75 25,5 25,14 5,14 1,4355 413  3 93807,257812 1
51,95 4307 1597 424,9 421,61 26,06 25,14 5,14 1,4589 413  3 92619,390625 1
51,95 4488 1623 404,83 427,5 25,61 25,14 5,14 1,4679 413  3 94065,773437 1
46,72 61 519 1045,39 2369,69 90,91 25,14 5,14 0,1148 400  2 240658,046875 1
46,7 715 928 904,41 1874,9 52,74 25,14 5,14 0,1106 400  2 222463,609375 1
47,02 3488 1474 707,14 1117,09 28,45 25,14 5,14 0,2585 400  2 181303,109375 1
47,61 4674 1650 630,28 813,5 25,18 25,14 5,14 0,3785 401  2 157393,171875 1
47,61 5002 1695 586,04 678,08 24,48 25,14 5,14 0,4937 403  2 130147,429687 1
48,25 5127 1720 531,43 579,14 24,11 25,14 5,14 0,6025 406  2 122050,0625 1
49,24 5099 1733 526,96 540,5 23,92 25,14 5,14 0,7029 408  2 115837,101562 1
49,77 5034 1712 482,24 476,4 24,23 25,14 5,14 0,7915 410  2 110870,507812 1
50,06 5048 1716 459,92 469,2 24,16 25,14 5,14 0,8529 412  2 107112,96875 1
50,33 5121 1741 458,21 451,75 23,98 25,14 5,14 0,9084 413  2 104425,859375 1
50,55 4980 1687 458,37 443,57 24,59 25,14 5,14 1,036 414  3 101870,273437 1
50,79 4995 1699 455,89 433,33 24,42 25,14 5,14 1,0885 414  3 99785,617187 1
51,0 4837 1673 442,07 436,71 24,82 25,14 5,14 1,1417 415  3 97172,140625 1
51,15 5001 1701 440,87 424,47 24,39 25,14 5,14 1,1913 415  3 96676,734375 1
51,37 4975 1692 429,53 427,21 24,53 25,14 5,14 1,2357 415  3 95647,296875 1
51,5 4740 1659 409,93 426,78 25,03 25,14 5,14 1,2785 415  3 94744,632812 1
51,54 4813 1669 411,32 419,76 24,87 25,14 5,14 1,3097 415  3 94430,101562 1
51,66 4653 1647 417,49 421,18 25,22 25,14 5,14 1,3316 416  3 94325,71875 1
51,74 4793 1666 404,83 425,62 24,91 25,14 5,14 1,3813 416  3 94377,882812 1
51,8 4526 1635 425,19 420,04 25,41 25,14 5,14 1,4002 416  3 93962,195312 1
51,8 4215 1584 412,71 424,19 26,29 25,14 5,14 1,4286 416  3 92518,976562 1
51,8 4446 1617 423,04 417,49 25,71 25,14 5,14 1,4567 416  3 92518,976562 1
51,83 4357 1605 412,16 427,93 25,93 25,14 5,14 1,4811 416  3 93807,257812 1
51,9 4371 1601 419,33 427,65 25,99 25,14 5,14 1,4916 416  3 93807,257812 1
46,51 62 480 1029,93 2399,56 94,33 25,14 5,14 0,1094 400  2 239644,28125 1
46,51 84 522 1006,16 2372,1 90,6 25,14 5,14 0,1323 400  2 200391,390625 1
46,78 1800 1178 811,85 1467,93 37,23 25,14 5,14 0,2305 400  2 167265,59375 1
47,33 4993 1678 590,22 721,4 24,73 25,14 5,14 0,3405 401  2 148233,9375 1
48,02 5083 1728 567,11 616,56 23,99 25,14 5,14 0,4395 402  2 135306,546875 1
48,54 5064 1722 532,51 556,28 24,08 25,14 5,14 0,5447 405  2 125829,445312 1
49,07 5021 1708 496,82 522,69 24,29 25,14 5,14 0,7281 408  2 118903,851562 1
49,49 5105 1735 484,53 500,87 23,89 25,14 5,14 0,8069 409  2 112626,484375 1
49,87 5067 1716 471,11 477,37 24,16 25,14 5,14 0,8705 410  2 105458,289062 1
50,23 5009 1704 473,67 457,44 24,34 25,14 5,14 0,9361 411  3 102914,570312 1
50,69 4989 1697 451,14 450,68 24,44 25,14 5,14 1,0069 411  3 100727,914062 1
50,91 5012 1705 432,89 430,55 24,33 25,14 5,14 1,0597 411  3 99090,382812 1
51,07 4850 1696 427,93 427,79 24,46 25,14 5,14 1,1106 412  3 97840,625 1
51,17 4913 1683 426,78 433,18 24,65 25,14 5,14 1,1537 412  3 96786,390625 1
51,36 4768 1663 432,74 417,92 24,96 25,14 5,14 1,239 412  3 96186,359375 1
51,44 4484 1623 415,38 421,18 25,61 25,14 5,14 1,2822 412  3 95167,289062 1
51,47 4532 1630 419,9 425,05 25,5 25,14 5,14 1,3022 412  3 94117,648437 1
51,47 4699 1653 413,41 423,9 25,11 25,14 5,14 1,3389 412  3 93910,492187 1
51,66 4462 1632 420,61 417,35 25,47 25,14 5,14 1,3687 412  3 92518,976562 1
51,75 4330 1601 418,2 421,89 25,99 25,14 5,14 1,3902 412  3 92318,789062 1
51,7 4202 1582 410,49 425,19 26,31 25,14 5,14 1,4016 412  3 92720,03125 1
51,8 4469 1621 416,93 427,65 25,65 25,14 5,14 1,4133 413  3 92720,03125 1
51,78 4393 1596 412,99 431,72 26,07 25,14 5,14 1,4463 413  3 93910,492187 1
51,86 4161 1576 413,69 425,34 26,42 25,14 5,14 1,4767 413  3 94013,953125 1
46,46 62 478 1085,77 2384,17 94,52 25,14 5,14 0,1138 400  2 238639,015625 1
46,43 925 983 888,63 1795,41 48,05 25,14 5,14 0,1102 400  2 215715,1875 1
46,51 3626 1495 710,02 1070,45 27,99 25,14 5,14 0,1594 400  2 176795,578125 1
47,0 4807 1668 617,82 792,58 24,88 25,14 5,14 0,3925 401  2 154402,890625 1
47,71 5066 1722 580,32 670,09 24,07 25,14 5,14 0,5042 403  2 139168,25 1
48,33 5219 1717 542,7 578,75 24,15 25,14 5,14 0,5985 407  2 120584,078125 1
48,87 5117 1739 516,54 531,25 23,82 25,14 5,14 0,6842 409  2 114592,65625 1
49,7 5152 1751 493,97 507,36 23,66 25,14 5,14 0,7656 411  2 110297,289062 1
50,02 5030 1710 461,33 466,67 24,24 25,14 5,14 0,8399 412  2 106577,851562 1
50,33 4994 1728 464,3 452,82 23,98 25,14 5,14 0,9087 413  2 103601,78125 1
50,55 5002 1695 454,82 442,67 24,46 25,14 5,14 0,9819 414  3 101325,945312 1
50,78 5031 1711 450,53 435,98 24,23 25,14 5,14 1,0809 415  3 99436,78125 1
50,92 5002 1695 440,57 436,12 24,46 25,14 5,14 1,1267 416  3 97952,9375 1
51,08 4743 1659 442,97 427,93 25,01 25,14 5,14 1,1746 416  3 96240,601562 1
51,19 4812 1663 423,18 422,9 24,95 25,14 5,14 1,22 416  3 95220,382812 1
51,31 4742 1659 415,8 429,09 25,01 25,14 5,14 1,2638 416  3 94692,0625 1
51,45 4727 1657 431,42 420,47 25,05 25,14 5,14 1,3083 416  3 94273,617187 1
51,54 4696 1653 426,49 424,47 25,11 25,14 5,14 1,3342 416  3 94013,953125 1
51,56 4761 1646 415,1 425,19 25,22 25,14 5,14 1,3611 416  3 92418,773437 1
51,68 4441 1617 411,32 418,76 25,71 25,14 5,14 1,4128 417  3 92219,023437 1
51,74 4366 1606 413,97 425,34 25,89 25,14 5,14 1,4212 417  3 92219,023437 1
51,71 4423 1614 416,93 422,04 25,75 25,14 5,14 1,4318 417  3 92720,03125 1
51,74 4484 1623 406,34 421,04 25,6 25,14 5,14 1,4546 417  3 92518,976562 1
51,81 4145 1586 399,66 423,04 26,23 25,14 5,14 1,4751 417  3 92518,976562 1
46,28 58 474 1038,33 2410,95 94,87 25,14 5,14 0,1116 400  2 239308,25 1
46,31 114 572 1043,27 2334,67 86,32 25,14 5,14 0,1446 400  2 197721,5625 1
46,31 2115 1239 829,35 1392,91 34,89 25,14 5,14 0,2435 400  2 165481,578125 1
47,35 4256 1630 640,82 860,23 25,48 25,14 5,14 0,3525 401  2 146578,875 1
48,03 5123 1741 557,03 608,27 23,79 25,14 5,14 0,4551 402  2 134242,265625 1
48,56 5082 1728 534,86 555,53 23,98 25,14 5,14 0,5522 405  2 124725,945312 1
49,04 5139 1746 499,69 520,93 23,72 25,14 5,14 0,65 407  2 117918,007812 1
49,49 5099 1733 487,49 487,66 23,75 25,14 5,14 0,8045 410  2 112403,953125 1
49,83 5061 1722 474,63 475,92 24,07 25,14 5,14 0,8834 410  2 108130,9375 1
50,15 5121 1741 469,52 459,77 23,8 25,14 5,14 0,9466 411  3 101931,117187 1
50,43 5054 1718 459,61 444,02 24,11 25,14 5,14 1,0025 412  3 100254,554687 1
50,78 4993 1698 443,57 443,87 24,41 25,14 5,14 1,0623 412  3 98291,421875 1
50,78 4959 1690 434,5 427,65 24,53 25,14 5,14 1,1255 412  3 97061,609375 1
50,95 4837 1672 445,07 420,47 24,8 25,14 5,14 1,1637 412  3 96078,0625 1
51,1 4864 1676 433,03 427,21 24,74 25,14 5,14 1,2037 413  3 95540,210937 1
51,27 4951 1688 425,77 419,05 24,56 25,14 5,14 1,2826 413  3 94744,632812 1
51,36 4526 1629 418,62 422,18 25,5 25,14 5,14 1,3139 413  3 94013,953125 1
51,44 4770 1659 413,55 423,33 25,01 25,14 5,14 1,3454 413  3 92518,976562 1
51,51 4555 1633 419,62 426,92 25,43 25,14 5,14 1,3787 413  3 92619,390625 1
51,65 4453 1618 427,65 425,62 25,67 25,14 5,14 1,4052 413  3 93858,84375 1
51,69 4507 1626 405,38 419,62 25,54 25,14 5,14 1,4355 413  3 93962,195312 1
51,74 4449 1594 424,33 418,48 26,08 25,14 5,14 1,4582 413  3 93858,84375 1
51,74 4318 1599 406,61 425,91 26,01 25,14 5,14 1,4725 413  3 93910,492187 1
51,75 4496 1624 417,77 426,78 25,57 25,14 5,14 1,4954 413  3 92518,976562 1
46,15 59 475 1039,74 2403,62 94,78 25,14 5,14 0,1095 400  2 239308,25 1
46,19 534 1016 882,04 1715,22 45,7 25,14 5,14 0,106 400  2 215035,703125 1
46,44 3702 1507 730,25 1043,97 27,73 25,14 5,14 0,1481 400  2 176612,625 1
47,03 4883 1679 603,76 789,36 24,7 25,14 5,14 0,3897 401  2 153984,96875 1
47,67 5053 1718 581,5 659,07 24,11 25,14 5,14 0,4984 403  2 139281,828125 1
48,32 5050 1717 552,53 578,94 24,13 25,14 5,14 0,6028 406  2 120413,921875 1
48,89 5108 1724 526,96 520,22 24,02 25,14 5,14 0,6882 409  2 114285,710937 1
49,67 5122 1741 491,14 497,32 23,79 25,14 5,14 0,7725 411  2 109871,242187 1
50,01 5056 1719 473,03 456,67 24,1 25,14 5,14 0,8446 412  2 106113,992187 1
50,01 5029 1710 465,4 455,28 24,23 25,14 5,14 0,9185 413  2 102976,671875 1
50,26 5053 1690 454,35 442,67 24,53 25,14 5,14 0,9869 414  3 100668,5 1
50,47 4988 1697 428,22 436,27 24,43 25,14 5,14 1,0939 415  3 99032,882812 1
50,66 4925 1685 455,89 433,33 24,61 25,14 5,14 1,15 415  3 97560,976562 1
50,82 5019 1707 444,62 425,91 24,28 25,14 5,14 1,1944 416  3 95486,757812 1
51,01 4980 1692 438,19 423,76 24,49 25,14 5,14 1,2346 416  3 94692,0625 1
51,25 4826 1671 426,92 422,32 24,82 25,14 5,14 1,2673 416  3 94169,578125 1
51,36 4718 1656 420,33 424,47 25,05 25,14 5,14 1,2968 416  3 92518,976562 1
51,45 4725 1657 421,75 419,9 25,04 25,14 5,14 1,3201 416  3 92619,390625 1
51,48 4695 1653 428,66 421,18 25,11 25,14 5,14 1,3515 416  3 92720,03125 1
51,56 4657 1647 419,76 416,22 25,55 25,14 5,14 1,3949 416  3 92219,023437 1
51,6 4386 1614 420,9 418,91 25,73 25,14 5,14 1,4234 416  3 93858,84375 1
51,65 4274 1593 431,42 425,19 26,11 25,14 5,14 1,4454 416  3 92119,46875 1
51,69 4253 1589 418,48 427,21 26,16 25,14 5,14 1,4625 416  3 93910,492187 1
51,75 4404 1611 413,69 425,48 25,79 25,14 5,14 1,4744 416  3 94273,617187 1
46,18 62 467 1029,24 2383,37 95,42 25,14 5,14 0,1061 400  2 240658,046875 1
46,19 154 633 1029,93 2300,16 81,44 25,14 5,14 0,1341 400  2 197378,5625 1
46,32 2330 1279 822,36 1354,78 33,53 25,14 5,14 0,2301 400  2 165321,28125 1
47,56 4303 1597 663,77 913,33 26,04 25,14 5,14 0,3486 401  2 146578,875 1
48,17 5066 1747 569,23 606,22 23,7 25,14 5,14 0,4603 402  2 133611,6875 1
48,17 5143 1748 513,05 554,77 23,69 25,14 5,14 0,5613 405  2 124634,859375 1
48,71 5110 1737 502,06 520,75 23,84 25,14 5,14 0,6456 407  2 117431,195312 1
49,16 5100 1734 479,64 487,49 23,89 25,14 5,14 0,8088 410  2 111888,109375 1
49,57 5004 1702 493,8 476,56 24,34 25,14 5,14 0,8884 411  2 107857,59375 1
49,85 5014 1711 477,21 455,12 24,2 25,14 5,14 0,9404 412  3 102175,210937 1
50,17 5067 1723 453,43 445,82 24,04 25,14 5,14 0,9922 412  3 100019,53125 1
50,59 4954 1689 448,09 438,94 24,54 25,14 5,14 1,0482 413  3 98348,0625 1
50,79 5026 1709 445,67 424,9 24,24 25,14 5,14 1,102 413  3 97061,609375 1
50,97 4878 1707 441,47 422,75 24,26 25,14 5,14 1,1544 413  3 96078,0625 1
51,08 4894 1680 427,21 426,34 24,67 25,14 5,14 1,2056 413  3 95167,289062 1
51,23 4969 1691 418,76 423,18 24,51 25,14 5,14 1,2883 413  3 94587,101562 1
51,27 4765 1662 417,49 432,89 24,94 25,14 5,14 1,3226 413  3 94221,570312 1
51,38 4621 1642 429,09 423,47 25,27 25,14 5,14 1,3453 414  3 94013,953125 1
51,48 4416 1632 426,2 427,36 25,44 25,14 5,14 1,3642 414  3 92119,46875 1
51,63 4587 1637 425,91 417,77 25,34 25,14 5,14 1,3962 414  3 92518,976562 1
51,64 4531 1630 414,25 422,47 25,47 25,14 5,14 1,4084 414  3 92119,46875 1
51,62 4433 1616 431,13 419,76 25,71 25,14 5,14 1,4238 414  3 92020,132812 1
51,62 4334 1618 416,64 425,91 25,66 25,14 5,14 1,4468 414  3 92619,390625 1
51,67 4250 1589 418,91 429,39 26,16 25,14 5,14 1,4821 414  3 93910,492187 1
46,12 64 484 1033,78 2407,69 93,85 25,14 5,14 0,1055 400  2 239476,140625 1
46,18 681 919 917,67 1884,44 53,56 25,14 5,14 0,1027 400  2 214630,0625 1
46,18 3442 1547 732,97 1025,07 26,95 25,14 5,14 0,1548 400  2 176247,84375 1
46,63 4750 1681 625,39 772,71 24,65 25,14 5,14 0,4003 401  2 153707,59375 1
47,26 5015 1706 582,88 654,63 24,29 25,14 5,14 0,532 404  2 138828,640625 1
47,93 5144 1748 553,09 586,04 23,68 25,14 5,14 0,6367 405  2 120075,046875 1
48,5 5159 1753 504,62 532,87 23,61 25,14 5,14 0,7235 407  2 114056,585937 1
49,38 5083 1728 503,93 509,25 23,96 25,14 5,14 0,7988 408  2 109589,039062 1
49,76 5111 1737 469,99 458,68 23,83 25,14 5,14 0,8701 409  2 105719,59375 1
50,08 4955 1689 455,89 453,43 24,53 25,14 5,14 0,9415 409  2 102914,570312 1
50,32 5044 1715 442,07 445,67 24,15 25,14 5,14 0,9965 409  3 100727,914062 1
50,52 4983 1693 434,5 437,31 24,48 25,14 5,14 1,1001 410  3 98803,546875 1
50,7 4975 1682 448,55 429,39 24,63 25,14 5,14 1,1599 410  3 97560,976562 1
50,9 4883 1679 429,82 430,7 24,68 25,14 5,14 1,1946 410  3 95326,757812 1
51,0 4994 1699 428,95 415,8 24,39 25,14 5,14 1,2288 410  3 94797,257812 1
51,27 4919 1684 428,37 426,92 24,61 25,14 5,14 1,2638 411  3 94221,570312 1
51,33 4954 1646 427,21 421,89 25,2 25,14 5,14 1,2942 411  3 93962,195312 1
51,43 4633 1644 422,18 415,8 25,23 25,14 5,14 1,3233 411  3 92119,46875 1
51,43 4511 1627 413,97 422,18 25,52 25,14 5,14 1,3556 411  3 92418,773437 1
51,49 4504 1626 422,9 427,5 25,53 25,14 5,14 1,4004 411  3 91921,007812 1
51,56 4318 1599 429,97 423,9 25,99 25,14 5,14 1,4252 411  3 91921,007812 1
51,55 4280 1632 426,92 428,95 25,42 25,14 5,14 1,4484 411  3 93858,84375 1
51,59 4460 1619 426,2 423,18 25,64 25,14 5,14 1,4665 411  3 92219,023437 1
51,67 4402 1611 410,49 425,62 25,78 25,14 5,14 1,4805 411  3 92619,390625 1
46,1 68 492 1062,15 2377,73 93,12 25,14 5,14 0,1013 400  2 241168,15625 1
46,1 219 716 1001,74 2237,2 75,21 25,14 5,14 0,1405 400  2 238139,53125 1
46,04 2607 1328 807,2 1308,37 32,02 25,14 5,14 0,2398 400  2 163109,265625 1
46,38 4537 1630 651,31 886,83 25,46 25,14 5,14 0,355 401  2 145330,6875 1
47,74 5030 1700 578,75 683,84 24,37 25,14 5,14 0,4843 403  2 132676,859375 1
48,34 5132 1744 512,01 548,24 23,73 25,14 5,14 0,5832 406  2 123284,375 1
48,78 5170 1757 500,7 516,01 23,55 25,14 5,14 0,676 408  2 116390,085937 1
49,25 5075 1725 497,16 491,63 23,99 25,14 5,14 0,759 410  2 111376,984375 1
49,64 5053 1718 484,2 473,67 24,1 25,14 5,14 0,9321 412  2 107112,96875 1
49,92 5036 1712 455,28 462,26 24,18 25,14 5,14 0,9873 413  3 104043,890625 1
50,2 5027 1710 455,59 447,18 24,22 25,14 5,14 1,0411 414  3 99378,882812 1
50,44 5014 1705 441,77 440,57 24,29 25,14 5,14 1,0839 414  3 97840,625 1
50,8 5005 1702 442,37 433,18 24,33 25,14 5,14 1,1261 414  3 96622,007812 1
50,98 4845 1674 431,13 431,42 24,76 25,14 5,14 1,1689 415  3 95486,757812 1
51,11 4916 1683 439,83 425,77 24,61 25,14 5,14 1,2335 415  3 94797,257812 1
51,18 4744 1660 424,33 421,32 24,98 25,14 5,14 1,2613 415  3 94221,570312 1
51,29 4763 1662 426,78 418,62 24,94 25,14 5,14 1,316 415  3 94065,773437 1
51,29 4717 1668 408,96 422,61 24,84 25,14 5,14 1,3474 415  3 92318,789062 1
51,39 4660 1648 419,76 423,76 25,17 25,14 5,14 1,3729 415  3 92318,789062 1
51,46 4721 1656 421,47 418,62 25,03 25,14 5,14 1,3946 415  3 92518,976562 1
51,57 4497 1625 423,33 422,18 25,54 25,14 5,14 1,4165 415  3 92219,023437 1
51,6 4512 1613 420,04 422,18 25,73 25,14 5,14 1,4378 415  3 92418,773437 1
51,61 4439 1616 409,65 421,89 25,68 25,14 5,14 1,4697 415  3 92020,132812 1
51,66 4256 1590 429,39 428,37 26,14 25,14 5,14 1,4791 415  3 92119,46875 1
46,02 55 467 1046,45 2393,88 95,39 25,14 5,14 0,1036 400  2 241509,4375 1
46,0 854 1123 830,19 1533,44 39,57 25,14 5,14 0,105 400  2 208724,015625 1
46,18 4069 1562 686,62 982,6 26,64 25,14 5,14 0,1769 400  2 171812,078125 1
46,82 4998 1700 605,6 750,29 24,36 25,14 5,14 0,3013 400  2 151389,703125 1
47,44 5188 1763 552,71 639,52 23,46 25,14 5,14 0,5136 404  2 137155,109375 1
48,1 5173 1758 542,34 580,32 23,53 25,14 5,14 0,6188 406  2 126669,96875 1
48,62 5042 1714 512,19 527,67 23,99 25,14 5,14 0,7035 407  2 113149,171875 1
49,09 5088 1719 498,34 499,35 24,08 25,14 5,14 0,7908 408  2 108681,804687 1
49,86 5086 1729 470,95 482,57 23,94 25,14 5,14 0,8708 409  2 105263,15625 1
50,15 5139 1747 477,21 463,52 23,69 25,14 5,14 0,9362 410  2 102605,210937 1
50,35 5014 1705 446,88 448,09 24,28 25,14 5,14 1,0017 410  3 100136,90625 1
50,59 5029 1712 460,08 437,75 24,18 25,14 5,14 1,0526 410  3 98461,539062 1
50,75 4933 1686 440,57 423,76 24,57 25,14 5,14 1,1422 411  3 97061,609375 1
50,88 4969 1691 443,57 425,62 24,49 25,14 5,14 1,1832 411  3 95862,195312 1
50,88 4886 1679 436,27 422,61 24,67 25,14 5,14 1,2249 411  3 94273,617187 1
51,0 4870 1677 424,33 429,39 24,7 25,14 5,14 1,257 411  3 94377,882812 1
51,33 4621 1673 438,79 420,18 24,77 25,14 5,14 1,2881 411  3 92720,03125 1
51,3 4665 1649 412,58 417,35 25,15 25,14 5,14 1,3119 411  3 92418,773437 1
51,37 4673 1650 412,02 421,89 25,13 25,14 5,14 1,3482 411  3 91723,398437 1
51,47 4635 1644 421,75 425,19 25,22 25,14 5,14 1,3706 411  3 91822,09375 1
51,52 4657 1623 426,92 430,4 25,57 25,14 5,14 1,4079 411  3 91624,914062 1
51,58 4419 1613 413,27 423,18 25,72 25,14 5,14 1,4311 411  3 92119,46875 1
51,6 4383 1608 407,16 424,9 25,81 25,14 5,14 1,4482 411  3 92418,773437 1
51,64 4219 1585 424,04 430,99 26,23 25,14 5,14 1,4599 411  3 92720,03125 1
45,93 65 476 1032,38 2395,5 94,58 25,14 5,14 0,1026 400  2 241509,4375 1
45,96 294 798 1022,99 2110,68 69,65 25,14 5,14 0,1404 400  2 236489,609375 1
46,03 2883 1375 792,31 1244,87 30,72 25,14 5,14 0,2481 400  2 164049,984375 1
46,58 4651 1646 648,23 857,32 25,18 25,14 5,14 0,3623 401  2 144960,359375 1
47,9 5063 1721 611,37 704,04 24,04 25,14 5,14 0,4826 403  2 133090,71875 1
48,45 5184 1761 522,16 544,91 23,48 25,14 5,14 0,5787 406  2 123373,492187 1
48,86 5092 1731 490,47 506,5 23,9 25,14 5,14 0,683 408  2 116469,515625 1
49,39 5168 1756 495,64 500,36 23,55 25,14 5,14 0,7798 410  2 111231,804687 1
49,72 5138 1746 468,25 467,14 23,69 25,14 5,14 0,9343 412  2 107180,242187 1
50,08 5076 1726 461,64 457,29 23,98 25,14 5,14 1,0063 413  3 103790,796875 1
50,29 4988 1709 445,07 446,58 24,22 25,14 5,14 1,0695 414  3 99378,882812 1
50,29 5079 1727 453,43 432,59 23,96 25,14 5,14 1,1232 414  3 98121,882812 1
50,64 5081 1727 436,27 433,18 23,95 25,14 5,14 1,1604 414  3 96567,335937 1
50,84 4724 1657 419,47 422,18 25,01 25,14 5,14 1,2156 415  3 95380,03125 1
50,96 4966 1690 424,19 418,76 24,49 25,14 5,14 1,2523 415  3 94692,0625 1
51,07 4832 1672 424,47 422,47 24,78 25,14 5,14 1,2841 415  3 94377,882812 1
51,2 4637 1644 436,71 419,76 25,21 25,14 5,14 1,3461 415  3 92518,976562 1
51,28 4682 1651 428,66 418,91 25,11 25,14 5,14 1,3633 415  3 92318,789062 1
51,38 4592 1638 433,77 422,61 25,31 25,14 5,14 1,388 415  3 92219,023437 1
51,42 4655 1651 432,89 423,76 25,11 25,14 5,14 1,4032 415  3 92318,789062 1
51,57 4621 1642 404,28 422,18 25,24 25,14 5,14 1,4368 415  3 92119,46875 1
51,54 4427 1615 422,18 422,9 25,7 25,14 5,14 1,4615 415  3 92318,789062 1
51,65 4293 1595 405,93 419,05 26,03 25,14 5,14 1,4755 415  3 91921,007812 1
51,65 4258 1596 417,49 430,99 26,01 25,14 5,14 1,4811 415  3 94065,773437 1
45,9 62 481 1034,83 2399,56 94,07 25,14 5,14 0,1052 400  2 240319,171875 1
45,9 1123 1031 859,35 1684,16 44,62 25,14 5,14 0,1065 400  2 208341,8125 1
46,28 3781 1519 734,96 1054,63 27,45 25,14 5,14 0,1744 400  2 171985,21875 1
47,01 4996 1712 608,89 751,05 24,16 25,14 5,14 0,2937 400  2 150987,90625 1
47,65 5134 1745 575,23 626,87 23,7 25,14 5,14 0,5321 404  2 136387,859375 1
48,31 5129 1743 526,78 570,39 23,73 25,14 5,14 0,6216 406  2 126576,023437 1
48,78 5067 1723 522,69 538,5 24,02 25,14 5,14 0,7128 407  2 112999,335937 1
48,78 5221 1774 485,68 496,32 23,3 25,14 5,14 0,8149 408  2 108336,859375 1
49,59 5060 1744 495,31 481,91 23,72 25,14 5,14 0,8871 409  2 104810,648437 1
49,92 5017 1706 461,01 449,46 24,25 25,14 5,14 0,9543 410  2 101992,03125 1
50,15 5020 1707 453,43 441,32 24,24 25,14 5,14 1,015 410  3 100136,90625 1
50,46 4928 1685 439,38 435,24 24,57 25,14 5,14 1,0743 411  3 98234,84375 1
50,62 4822 1693 454,82 431,86 24,44 25,14 5,14 1,1663 411  3 96786,390625 1
50,74 4996 1694 440,57 428,22 24,43 25,14 5,14 1,2056 411  3 95916,070312 1
50,92 4880 1678 432,74 424,76 24,67 25,14 5,14 1,2399 411  3 94482,375 1
51,05 4763 1662 432,3 426,78 24,92 25,14 5,14 1,2873 411  3 92518,976562 1
51,26 4755 1661 430,11 419,9 24,94 25,14 5,14 1,3128 411  3 92119,46875 1
51,38 4856 1671 423,61 420,33 24,78 25,14 5,14 1,3363 411  3 92020,132812 1
51,36 4660 1648 419,9 414,53 25,15 25,14 5,14 1,3671 411  3 92119,46875 1
51,44 4778 1664 420,33 425,91 24,89 25,14 5,14 1,3937 411  3 92219,023437 1
51,51 4446 1617 418,91 426,92 25,65 25,14 5,14 1,4388 411  3 92119,46875 1
51,55 4319 1599 415,8 424,33 25,96 25,14 5,14 1,4613 411  3 91624,914062 1
51,56 4270 1613 412,02 429,39 25,72 25,14 5,14 1,4715 411  3 92219,023437 1
51,59 4392 1610 426,2 425,48 25,78 25,14 5,14 1,4837 411  3 92418,773437 1
45,8 65 486 1063,59 2384,17 93,56 25,14 5,14 0,1044 400  2 240488,5 1
45,75 145 620 1012,65 2307,17 82,36 25,14 5,14 0,1386 400  2 237807,703125 1
45,99 2362 1394 756,67 1201,4 30,23 25,14 5,14 0,2393 400  2 162179,28125 1
46,71 4683 1651 658,18 846,94 25,1 25,14 5,14 0,3512 401  2 144591,921875 1
47,38 5052 1718 595,24 694,1 24,08 25,14 5,14 0,4674 402  2 132368,15625 1
48,0 5211 1771 516,54 546,76 23,34 25,14 5,14 0,5882 405  2 123195,382812 1
48,55 5079 1740 494,64 505,64 23,76 25,14 5,14 0,6865 408  2 116628,703125 1
49,02 5211 1770 483,55 486,01 23,34 25,14 5,14 0,7638 409  2 110870,507812 1
49,36 5070 1724 475,6 474,31 23,99 25,14 5,14 0,9289 412  2 106777,890625 1
49,71 5108 1736 472,71 454,2 23,81 25,14 5,14 0,9864 412  3 103476,148437 1
50,05 5094 1732 466,82 455,43 23,88 25,14 5,14 1,0456 413  3 99147,945312 1
50,25 5075 1708 442,37 443,72 24,22 25,14 5,14 1,1003 413  3 97393,953125 1
50,67 4994 1698 433,33 435,68 24,36 25,14 5,14 1,1452 414  3 96403,6875 1
50,81 4877 1678 443,87 426,92 24,67 25,14 5,14 1,1865 414  3 96132,179687 1
50,99 4921 1684 427,79 422,75 24,58 25,14 5,14 1,2225 414  3 94482,375 1
51,13 4877 1690 414,53 418,91 24,49 25,14 5,14 1,256 414  3 94377,882812 1
51,18 4861 1676 419,33 422,47 24,7 25,14 5,14 1,3107 414  3 92318,789062 1
51,27 4658 1647 416,36 413,97 25,15 25,14 5,14 1,3297 415  3 92518,976562 1
51,34 4669 1649 415,66 422,47 25,12 25,14 5,14 1,3669 415  3 92119,46875 1
51,43 4669 1649 418,76 421,75 25,12 25,14 5,14 1,3967 415  3 91822,09375 1
51,52 4484 1627 408,96 421,18 25,48 25,14 5,14 1,4167 415  3 91822,09375 1
51,5 4480 1622 421,75 425,48 25,56 25,14 5,14 1,4392 415  3 91921,007812 1
51,6 4383 1608 424,76 424,76 25,79 25,14 5,14 1,4665 415  3 92219,023437 1
51,54 4274 1593 429,39 425,91 26,07 25,14 5,14 1,4744 415  3 92418,773437 1
45,72 55 467 1052,49 2406,88 95,26 25,14 5,14 0,1045 400  2 240997,875 1
45,78 1360 1085 857,9 1623,71 41,44 25,14 5,14 0,1066 400  2 209879,078125 1
45,82 3876 1534 702,61 1008,21 27,16 25,14 5,14 0,1745 400  2 171812,078125 1
46,46 5044 1715 632,84 770,62 24,11 25,14 5,14 0,2962 400  2 151928,78125 1
47,18 5106 1735 570,77 646,26 23,82 25,14 5,14 0,5438 404  2 136715,625 1
47,78 5119 1750 536,49 563,48 23,61 25,14 5,14 0,6345 406  2 127331,507812 1
48,36 5114 1738 511,32 528,56 23,78 25,14 5,14 0,7223 408  2 112775,328125 1
48,86 5105 1735 501,04 491,3 23,82 25,14 5,14 0,7996 409  2 108199,492187 1
49,62 5164 1755 468,57 476,88 23,55 25,14 5,14 0,8627 410  2 105068,75 1
49,96 5040 1724 466,19 443,72 23,98 25,14 5,14 0,9291 410  2 102053,023437 1
50,21 5088 1730 441,02 436,57 23,9 25,14 5,14 0,9983 411  3 100136,90625 1
50,42 5047 1716 442,67 428,22 24,1 25,14 5,14 1,0619 411  3 97896,75 1
50,6 4934 1686 441,47 431,13 24,54 25,14 5,14 1,1433 411  3 96567,335937 1
50,77 4732 1658 430,11 428,22 24,98 25,14 5,14 1,1849 412  3 95540,210937 1
50,92 5021 1704 421,61 425,05 24,27 25,14 5,14 1,2297 412  3 93962,195312 1
51,02 4828 1671 437,6 422,04 24,77 25,14 5,14 1,2666 412  3 92418,773437 1
51,13 4723 1657 408,41 418,76 25,0 25,14 5,14 1,3021 412  3 91921,007812 1
51,24 4529 1629 422,9 417,49 25,44 25,14 5,14 1,3252 412  3 92219,023437 1
51,35 4670 1630 424,47 416,64 25,42 25,14 5,14 1,3499 412  3 91526,632812 1
51,4 4449 1618 425,05 429,24 25,63 25,14 5,14 1,3763 412  3 91723,398437 1
51,46 4510 1627 422,61 420,75 25,48 25,14 5,14 1,4224 412  3 92020,132812 1
51,46 4262 1591 423,04 419,33 26,09 25,14 5,14 1,4442 412  3 91822,09375 1
51,52 4405 1612 412,99 425,34 25,73 25,14 5,14 1,4604 412  3 92318,789062 1
51,6 4173 1596 417,49 426,2 26,01 25,14 5,14 1,4696 412  3 92518,976562 1
45,7 55 467 1054,98 2376,92 95,26 25,14 5,14 0,1028 400  2 242023,15625 1
45,72 219 716 1016,09 2205,62 75,14 25,14 5,14 0,1361 400  2 237973,5 1
45,76 2679 1341 795,8 1291,21 31,62 25,14 5,14 0,2421 400  2 161871,640625 1
46,16 4540 1631 665,35 886,83 25,41 25,14 5,14 0,3558 401  2 144103,578125 1
47,53 5046 1728 577,97 679,0 23,92 25,14 5,14 0,468 403  2 132883,46875 1
48,18 5167 1756 539,59 548,24 23,53 25,14 5,14 0,5917 406  2 123195,382812 1
48,7 5053 1718 502,91 515,84 24,07 25,14 5,14 0,6855 408  2 115994,5625 1
49,14 5120 1740 495,81 492,63 23,75 25,14 5,14 0,7649 410  2 111304,351562 1
49,52 5116 1743 484,7 468,41 23,71 25,14 5,14 0,9053 412  2 106644,445312 1
49,85 5126 1742 451,75 455,43 23,72 25,14 5,14 0,9622 413  3 103476,148437 1
50,13 5222 1774 460,24 450,22 23,28 25,14 5,14 1,0215 413  3 98975,453125 1
50,33 5018 1707 447,33 438,19 24,23 25,14 5,14 1,0682 414  3 97393,953125 1
50,72 5008 1703 434,21 435,09 24,28 25,14 5,14 1,1206 414  3 96186,359375 1
50,72 4989 1697 439,53 427,36 24,37 25,14 5,14 1,1702 414  3 94902,6875 1
50,89 4991 1698 437,9 417,92 24,36 25,14 5,14 1,2197 415  3 94065,773437 1
51,0 4721 1656 421,75 423,04 25,0 25,14 5,14 1,2548 415  3 93962,195312 1
51,13 4740 1659 415,94 421,18 24,95 25,14 5,14 1,3354 415  3 93807,257812 1
51,22 4805 1666 435,83 422,18 24,84 25,14 5,14 1,3603 415  3 91921,007812 1
51,25 4986 1693 417,77 419,9 24,43 25,14 5,14 1,3785 415  3 91526,632812 1
51,35 4735 1658 424,76 426,92 24,96 25,14 5,14 1,3978 415  3 91526,632812 1
51,47 4607 1640 418,91 416,22 25,25 25,14 5,14 1,4176 415  3 91526,632812 1
51,51 4659 1616 416,5 421,89 25,66 25,14 5,14 1,4339 415  3 92318,789062 1
51,54 4262 1591 418,91 431,42 26,08 25,14 5,14 1,4563 415  3 92318,789062 1
51,58 4385 1609 410,62 422,61 25,78 25,14 5,14 1,4722 415  3 92219,023437 1
45,61 50 457 1087,61 2408,51 96,2 25,14 5,14 0,1095 400  2 241851,671875 1
45,56 954 482 1057,49 2410,95 93,85 25,14 5,14 0,1128 400  2 208596,453125 1
45,93 4105 1568 698,58 967,42 26,5 25,14 5,14 0,1813 400  2 170951,59375 1
46,56 4999 1695 622,01 751,56 24,4 25,14 5,14 0,3054 400  2 149532,703125 1
47,27 5038 1713 575,04 631,99 24,13 25,14 5,14 0,5213 404  2 135629,140625 1
47,93 5160 1754 528,56 571,74 23,56 25,14 5,14 0,6282 406  2 125551,742187 1
48,45 5084 1742 510,28 522,69 23,72 25,14 5,14 0,7132 407  2 112700,859375 1
48,95 5195 1765 502,4 494,47 23,4 25,14 5,14 0,8062 408  2 108130,9375 1
49,3 5156 1752 470,79 470,31 23,57 25,14 5,14 0,8769 409  2 104107,359375 1
49,97 5129 1743 470,31 462,11 23,7 25,14 5,14 0,9453 410  2 101446,40625 1
50,21 5053 1718 454,66 432,59 24,06 25,14 5,14 1,0119 410  3 99436,78125 1
50,47 5024 1708 431,42 429,68 24,2 25,14 5,14 1,0645 410  3 97728,570312 1
50,47 5092 1731 443,42 425,48 23,87 25,14 5,14 1,1165 411  3 96294,90625 1
50,62 5056 1719 442,82 420,9 24,04 25,14 5,14 1,2063 411  3 95114,25 1
50,77 4853 1687 440,72 422,47 24,51 25,14 5,14 1,2484 411  3 94744,632812 1
50,93 4892 1680 428,66 424,47 24,62 25,14 5,14 1,2819 411  3 92518,976562 1
51,1 5015 1706 436,71 418,91 24,24 25,14 5,14 1,3217 411  3 92119,46875 1
51,22 4594 1638 411,18 419,76 25,28 25,14 5,14 1,3429 411  3 91921,007812 1
51,33 4664 1628 422,9 421,18 25,44 25,14 5,14 1,3798 411  3 91330,71875 1
51,34 4627 1643 407,58 411,6 25,2 25,14 5,14 1,3921 411  3 91624,914062 1
51,46 4516 1627 430,99 424,33 25,46 25,14 5,14 1,4042 411  3 91624,914062 1
51,49 4415 1613 410,07 425,91 25,7 25,14 5,14 1,4577 411  3 91921,007812 1
51,53 4415 1613 401,55 419,05 25,7 25,14 5,14 1,4691 411  3 91723,398437 1
51,59 4302 1579 404,83 423,9 26,28 25,14 5,14 1,4758 411  3 91822,09375 1
45,44 65 486 1066,11 2428,97 93,47 25,14 5,14 0,1126 400  2 242194,890625 1
45,44 352 819 985,27 2097,15 66,07 25,14 5,14 0,1443 400  2 231674,203125 1
45,59 2894 1377 774,28 1222,73 30,62 25,14 5,14 0,2548 400  2 185641,765625 1
46,23 4703 1681 634,99 802,56 24,6 25,14 5,14 0,392 401  2 142777,46875 1
46,93 5030 1711 601,52 665,35 24,16 25,14 5,14 0,514 403  2 129850,367187 1
48,13 5081 1727 561,77 586,04 23,92 25,14 5,14 0,6169 407  2 121615,203125 1
48,71 5147 1749 509,08 498,84 23,61 25,14 5,14 0,7056 409  2 114669,65625 1
49,13 5180 1748 494,3 476,4 23,63 25,14 5,14 0,7891 411  2 110154,90625 1
49,43 5110 1737 476,56 466,82 23,78 25,14 5,14 0,8661 413  2 106246,109375 1
49,43 5059 1720 460,7 447,79 24,02 25,14 5,14 0,9922 415  3 102728,734375 1
49,81 5088 1729 445,67 440,13 23,89 25,14 5,14 1,054 415  3 100372,476562 1
50,08 5057 1719 444,47 438,94 24,03 25,14 5,14 1,0991 416  3 97006,445312 1
50,31 4879 1678 443,42 423,33 24,64 25,14 5,14 1,1435 416  3 96024,007812 1
50,67 5036 1692 439,38 421,47 24,43 25,14 5,14 1,1867 416  3 95167,289062 1
50,84 5019 1707 432,74 420,04 24,21 25,14 5,14 1,2372 416  3 93962,195312 1
50,95 4843 1673 432,89 413,97 24,72 25,14 5,14 1,2755 417  3 94013,953125 1
51,04 4997 1695 430,26 418,76 24,39 25,14 5,14 1,3141 417  3 92020,132812 1
51,12 4831 1670 428,51 418,2 24,77 25,14 5,14 1,3698 417  3 92219,023437 1
51,21 4745 1660 404,97 411,88 24,93 25,14 5,14 1,4072 417  3 91330,71875 1
51,29 4503 1625 416,36 420,18 25,48 25,14 5,14 1,4333 417  3 91624,914062 1
51,34 4565 1634 422,61 422,61 25,34 25,14 5,14 1,4535 417  3 91428,570312 1
51,44 4602 1640 423,47 421,32 25,25 25,14 5,14 1,4688 417  3 92020,132812 1
51,51 4394 1610 414,25 425,34 25,74 25,14 5,14 1,498 417  3 93910,492187 1
51,49 4309 1598 419,33 420,18 25,95 25,14 5,14 1,5067 417  3 92119,46875 1
45,3 56 468 1069,73 2371,3 95,1 25,14 5,14 0,1092 400  2 241509,4375 1
45,39 57 472 1044,33 2408,51 94,78 25,14 5,14 0,1189 400  2 203740,546875 1
45,91 4507 1626 703,8 938,4 25,47 25,14 5,14 0,1978 400  2 169592,578125 1
46,61 5085 1729 605,81 732,72 23,9 25,14 5,14 0,3051 400  2 148362,796875 1
47,33 5132 1744 569,62 630,49 23,68 25,14 5,14 0,4195 402  2 134772,3125 1
47,33 5302 1801 544,91 565,77 22,91 25,14 5,14 0,629 406  2 124634,859375 1
47,99 5120 1760 503,08 507,87 23,45 25,14 5,14 0,7206 407  2 117674,101562 1
48,44 5159 1753 511,67 498,5 23,55 25,14 5,14 0,7977 408  2 107315,03125 1
48,96 5163 1754 493,97 471,75 23,53 25,14 5,14 0,8657 409  2 103917,1875 1
49,75 5123 1741 467,93 459,61 23,72 25,14 5,14 0,931 409  2 101205,773437 1
49,96 4935 1686 460,24 439,83 23,82 25,14 5,14 1,0 410  3 98975,453125 1
50,18 5028 1710 433,33 425,91 24,16 25,14 5,14 1,0578 410  3 97172,140625 1
50,38 5045 1715 431,13 426,92 24,08 25,14 5,14 1,1049 410  3 95970,007812 1
50,62 5015 1705 446,43 428,22 24,23 25,14 5,14 1,1874 411  3 95167,289062 1
50,69 4856 1675 438,05 424,04 24,68 25,14 5,14 1,2277 411  3 94221,570312 1
50,88 4989 1697 432,01 422,18 24,35 25,14 5,14 1,2679 411  3 91822,09375 1
50,95 4645 1673 422,18 418,76 24,72 25,14 5,14 1,2995 411  3 92020,132812 1
51,18 4656 1647 415,66 417,35 25,12 25,14 5,14 1,3147 411  3 91526,632812 1
51,25 4526 1629 421,61 418,2 25,42 25,14 5,14 1,3361 411  3 91624,914062 1
51,31 4644 1646 412,99 416,22 25,15 25,14 5,14 1,3663 411  3 91428,570312 1
51,37 4446 1633 420,75 414,25 25,35 25,14 5,14 1,389 411  3 90844,570312 1
51,39 4610 1641 420,18 422,61 25,22 25,14 5,14 1,4278 411  3 91921,007812 1
51,39 4467 1620 421,32 421,04 25,56 25,14 5,14 1,4453 411  3 92119,46875 1
51,47 4416 1613 415,24 424,47 25,68 25,14 5,14 1,4643 411  3 92219,023437 1
45,16 49 480 1043,97 2395,5 94,01 25,14 5,14 0,1127 400  2 242539,078125 1
45,2 501 867 979,62 2010,28 59,21 25,14 5,14 0,1495 400  2 228877,96875 1
45,59 3267 1439 740,95 1158,28 29,12 25,14 5,14 0,2603 400  2 184040,265625 1
45,59 4946 1688 661,31 840,65 24,49 25,14 5,14 0,3775 401  2 140891,578125 1
46,28 5131 1744 597,26 672,14 23,68 25,14 5,14 0,4898 403  2 130346,234375 1
47,72 5127 1756 544,36 585,05 23,5 25,14 5,14 0,6105 406  2 121528,601562 1
48,27 5146 1753 526,24 531,07 23,55 25,14 5,14 0,7043 409  2 114362,296875 1
48,69 5148 1749 478,99 479,96 23,6 25,14 5,14 0,7922 411  2 109238,320312 1
49,14 5058 1738 471,75 462,58 23,75 25,14 5,14 0,8685 412  2 105588,78125 1
49,51 4987 1746 468,72 459,46 23,65 25,14 5,14 1,0129 414  3 102605,210937 1
49,81 5130 1744 452,51 438,19 23,68 25,14 5,14 1,0739 414  3 99960,953125 1
50,07 5048 1716 449,61 435,53 24,07 25,14 5,14 1,1284 415  3 96458,179687 1
50,3 5090 1730 435,53 424,9 23,86 25,14 5,14 1,1693 415  3 95486,757812 1
50,49 5034 1685 437,9 428,51 24,53 25,14 5,14 1,2081 415  3 94377,882812 1
50,79 5015 1706 426,2 417,63 24,22 25,14 5,14 1,233 416  3 93962,195312 1
50,85 4771 1663 420,18 415,8 24,86 25,14 5,14 1,2751 416  3 92318,789062 1
51,0 4837 1672 431,13 418,06 24,72 25,14 5,14 1,3044 416  3 91921,007812 1
51,18 4813 1654 420,33 422,04 25,01 25,14 5,14 1,3406 416  3 91526,632812 1
51,18 4794 1666 430,7 417,63 24,81 25,14 5,14 1,3981 416  3 91330,71875 1
51,28 4527 1629 427,93 419,76 25,41 25,14 5,14 1,4195 416  3 91723,398437 1
51,28 4634 1644 425,91 421,18 25,17 25,14 5,14 1,4416 416  3 91135,632812 1
51,29 4630 1644 417,77 414,25 25,17 25,14 5,14 1,4638 416  3 91822,09375 1
51,42 4523 1633 426,63 422,61 25,34 25,14 5,14 1,4733 416  3 91526,632812 1
51,42 4428 1615 432,89 428,66 25,65 25,14 5,14 1,4902 416  3 92318,789062 1
44,99 66 488 1083,21 2356,1 93,25 25,14 5,14 0,1078 400  2 242366,859375 1
44,99 53 462 1036,23 2392,26 95,61 25,14 5,14 0,1302 400  2 201099,765625 1
45,26 1547 1260 802,84 1345,64 34,03 25,14 5,14 0,225 400  2 167594,109375 1
45,93 5114 1738 599,69 712,19 23,75 25,14 5,14 0,345 401  2 146327,515625 1
46,67 5112 1738 570,77 624,54 23,76 25,14 5,14 0,4676 402  2 134031,40625 1
47,4 5138 1746 521,99 562,34 23,64 25,14 5,14 0,5768 405  2 124181,421875 1
47,97 5173 1730 514,1 512,01 23,86 25,14 5,14 0,7627 409  2 116948,375 1
48,5 5206 1769 484,04 495,31 23,33 25,14 5,14 0,8476 410  2 110942,578125 1
48,95 5112 1737 481,59 473,03 23,76 25,14 5,14 0,9231 411  2 103601,78125 1
49,35 5127 1743 453,74 449,16 23,69 25,14 5,14 0,9982 412  3 101085,882812 1
49,92 5082 1728 450,22 449,16 23,9 25,14 5,14 1,0614 412  3 98803,546875 1
50,15 5132 1744 430,84 427,93 23,66 25,14 5,14 1,1139 413  3 96896,289062 1
50,34 5051 1717 433,18 426,63 24,04 25,14 5,14 1,1462 413  3 96186,359375 1
50,51 5046 1716 438,34 425,19 24,07 25,14 5,14 1,1904 413  3 94692,0625 1
50,69 4804 1668 425,19 416,08 24,78 25,14 5,14 1,2567 414  3 94273,617187 1
50,83 4862 1676 422,32 421,18 24,66 25,14 5,14 1,2821 414  3 91921,007812 1
50,93 4993 1676 429,68 417,35 24,66 25,14 5,14 1,3051 414  3 91526,632812 1
50,93 4940 1687 424,9 417,35 24,49 25,14 5,14 1,333 414  3 91624,914062 1
51,11 4795 1667 431,13 416,64 24,8 25,14 5,14 1,362 414  3 91526,632812 1
51,21 4462 1620 428,22 417,63 25,56 25,14 5,14 1,3921 414  3 91135,632812 1
51,27 4579 1609 418,48 411,6 25,74 25,14 5,14 1,4085 414  3 91135,632812 1
51,33 4627 1643 426,2 424,47 25,17 25,14 5,14 1,4321 414  3 91624,914062 1
51,36 4646 1646 423,47 416,22 25,13 25,14 5,14 1,4681 414  3 91723,398437 1
51,36 4316 1599 408,41 423,9 25,92 25,14 5,14 1,4875 414  3 91723,398437 1
44,83 67 473 1032,03 2416,67 94,62 25,14 5,14 0,11 400  2 242711,546875 1
44,91 741 935 936,5 1857,84 51,83 25,14 5,14 0,1056 400  2 223190,9375 1
45,01 3582 1489 741,46 1089,82 28,02 25,14 5,14 0,2475 400  2 180727,140625 1
45,63 4973 1691 650,21 811,03 24,43 25,14 5,14 0,3695 401  2 155670,421875 1
46,4 5104 1735 583,27 661,53 23,79 25,14 5,14 0,4902 403  2 129358,265625 1
47,1 5085 1729 549,17 571,93 23,36 25,14 5,14 0,5929 406  2 120413,921875 1
48,28 5119 1741 541,79 533,06 23,71 25,14 5,14 0,6828 408  2 114438,984375 1
48,72 5142 1747 492,63 469,52 23,61 25,14 5,14 0,7801 410  2 109028,960937 1
49,12 5168 1756 485,68 463,67 23,49 25,14 5,14 0,853 412  2 105393,164062 1
49,42 5056 1719 458,68 448,24 24,02 25,14 5,14 0,9286 413  2 102297,703125 1
49,77 5135 1745 458,52 434,8 23,65 25,14 5,14 1,0552 414  3 99669,070312 1
50,02 5038 1713 445,67 432,74 24,1 25,14 5,14 1,1017 414  3 98009,1875 1
50,26 5032 1711 446,88 430,99 24,13 25,14 5,14 1,1498 415  3 95540,210937 1
50,46 4864 1676 426,34 425,19 24,65 25,14 5,14 1,1853 415  3 94797,257812 1
50,53 5065 1722 431,13 424,19 24,18 25,14 5,14 1,2374 415  3 93910,492187 1
50,77 4887 1690 422,18 418,91 24,44 25,14 5,14 1,2718 415  3 92020,132812 1
50,87 4855 1675 431,13 420,61 24,67 25,14 5,14 1,3093 415  3 91723,398437 1
50,95 4697 1653 422,61 414,82 25,01 25,14 5,14 1,3296 415  3 91526,632812 1
51,04 4712 1653 433,47 415,8 25,01 25,14 5,14 1,3907 415  3 90941,382812 1
51,14 4750 1660 413,83 418,2 24,89 25,14 5,14 1,4113 416  3 91921,007812 1
51,22 4536 1630 420,9 420,04 25,38 25,14 5,14 1,4262 416  3 91526,632812 1
51,26 4643 1645 424,47 410,9 25,13 25,14 5,14 1,4452 416  3 91428,570312 1
51,35 4431 1615 405,65 417,49 25,63 25,14 5,14 1,451 416  3 91233,070312 1
51,38 4427 1607 423,18 420,61 25,76 25,14 5,14 1,4725 416  3 91822,09375 1
44,74 62 481 1075,9 2380,95 93,88 25,14 5,14 0,1046 400  2 242711,546875 1
44,72 95 541 1029,24 2364,89 88,54 25,14 5,14 0,1302 400  2 198642,09375 1
44,72 1946 1345 775,59 1252,05 31,45 25,14 5,14 0,2275 400  2 165161,296875 1
46,05 4541 1631 666,25 871,95 25,37 25,14 5,14 0,3476 401  2 145454,546875 1
46,76 5219 1773 581,69 606,22 23,26 25,14 5,14 0,4519 402  2 132987,015625 1
47,41 5196 1766 546,39 561,77 23,36 25,14 5,14 0,5589 405  2 122929,171875 1
48,01 5181 1746 515,32 507,18 23,63 25,14 5,14 0,6607 407  2 116310,765625 1
48,49 5151 1751 493,3 474,63 23,57 25,14 5,14 0,822 410  2 110798,53125 1
48,94 5149 1750 473,83 465,56 23,57 25,14 5,14 0,8972 411  2 106312,289062 1
49,28 5191 1764 479,31 449,92 23,38 25,14 5,14 0,9588 412  3 100609,15625 1
49,64 5090 1730 450,53 440,13 23,85 25,14 5,14 1,0206 412  3 98291,421875 1
49,9 5037 1701 455,59 432,74 24,28 25,14 5,14 1,0648 412  3 96841,3125 1
50,08 5068 1723 443,42 422,61 23,95 25,14 5,14 1,1225 413  3 95380,03125 1
50,3 4936 1686 439,98 428,22 24,49 25,14 5,14 1,1673 413  3 94692,0625 1
50,45 4920 1684 433,03 417,07 24,53 25,14 5,14 1,2102 413  3 92518,976562 1
50,66 4943 1665 426,2 414,96 24,82 25,14 5,14 1,2903 413  3 92219,023437 1
50,79 4872 1677 418,2 410,07 24,63 25,14 5,14 1,3222 413  3 92219,023437 1
50,84 4856 1675 424,19 417,92 24,66 25,14 5,14 1,3688 413  3 91135,632812 1
50,95 4717 1656 419,33 411,88 24,96 25,14 5,14 1,389 413  3 91723,398437 1
51,09 4668 1649 412,99 418,62 25,07 25,14 5,14 1,4093 413  3 90747,960937 1
51,17 4519 1628 415,38 418,2 25,41 25,14 5,14 1,4283 414  3 91233,070312 1
51,22 4428 1615 415,1 418,2 25,63 25,14 5,14 1,453 414  3 91233,070312 1
51,29 4340 1602 420,33 422,61 25,85 25,14 5,14 1,4728 414  3 91428,570312 1
51,33 4256 1590 399,93 417,35 26,06 25,14 5,14 1,4888 414  3 91428,570312 1
44,59 69 494 1069,73 2419,95 92,65 25,14 5,14 0,1064 400  2 243057,203125 1
44,61 945 988 904,72 1773,66 47,45 25,14 5,14 0,1095 400  2 208596,453125 1
44,91 3856 1586 706,42 971,36 26,14 25,14 5,14 0,1775 400  2 173559,328125 1
45,67 5049 1717 623,91 748,26 24,04 25,14 5,14 0,2981 400  2 150322,953125 1
46,47 5141 1747 577,57 640,82 23,61 25,14 5,14 0,5348 404  2 136496,9375 1
47,13 5232 1778 559,3 564,05 23,19 25,14 5,14 0,6238 406  2 125922,28125 1
47,75 5183 1761 517,06 516,36 23,41 25,14 5,14 0,7147 407  2 112700,859375 1
48,27 5131 1746 511,15 485,19 23,62 25,14 5,14 0,7909 408  2 107450,15625 1
49,05 5143 1748 496,48 473,67 23,6 25,14 5,14 0,8638 409  2 103790,796875 1
49,51 5086 1729 462,26 443,42 23,86 25,14 5,14 0,9413 410  2 101325,945312 1
49,75 5117 1739 463,2 432,89 23,72 25,14 5,14 0,9994 410  3 99263,28125 1
49,75 5048 1710 454,2 432,59 24,13 25,14 5,14 1,0627 411  3 97728,570312 1
49,96 5033 1711 446,43 422,61 24,11 25,14 5,14 1,1723 411  3 96078,0625 1
50,21 4995 1699 440,42 419,9 24,29 25,14 5,14 1,2158 411  3 94902,6875 1
50,34 4957 1689 443,27 421,04 24,44 25,14 5,14 1,2476 411  3 93858,84375 1
50,56 4985 1693 427,65 419,05 24,39 25,14 5,14 1,2839 411  3 91428,570312 1
50,79 4905 1675 426,92 419,9 24,65 25,14 5,14 1,3312 411  3 91526,632812 1
50,89 4841 1673 418,62 419,19 24,68 25,14 5,14 1,3576 411  3 91330,71875 1
50,99 4764 1662 427,5 415,1 24,85 25,14 5,14 1,3797 411  3 91135,632812 1
51,08 4624 1643 425,05 412,71 25,17 25,14 5,14 1,4064 411  3 91135,632812 1
51,15 4631 1628 417,07 409,93 25,4 25,14 5,14 1,4504 412  3 90941,382812 1
51,19 4473 1621 427,5 415,38 25,52 25,14 5,14 1,4663 412  3 91428,570312 1
51,23 4362 1605 429,24 420,47 25,79 25,14 5,14 1,4787 412  3 91723,398437 1
51,27 4451 1618 411,18 423,61 25,57 25,14 5,14 1,4877 412  3 91723,398437 1
44,59 54 476 1036,58 2403,62 94,3 25,14 5,14 0,1008 400  2 242711,546875 1
44,55 298 800 978,29 2125,02 69,18 25,14 5,14 0,129 400  2 242884,25 1
44,7 2904 1379 816,26 1228,96 30,53 25,14 5,14 0,2388 400  2 162798,09375 1
45,39 4730 1658 661,31 843,79 24,93 25,14 5,14 0,3676 401  2 144103,578125 1
46,91 5092 1731 607,24 694,57 23,83 25,14 5,14 0,4986 403  2 132265,5625 1
47,53 5156 1752 520,22 532,51 23,53 25,14 5,14 0,6036 406  2 123284,375 1
48,06 5149 1750 504,27 504,44 23,57 25,14 5,14 0,6974 409  2 115601,71875 1
48,57 5183 1761 498,34 485,19 23,41 25,14 5,14 0,8048 411  2 110226,046875 1
48,57 5175 1758 488,65 464,46 23,45 25,14 5,14 0,9616 413  2 106577,851562 1
48,98 5054 1718 472,71 453,74 24,01 25,14 5,14 1,0182 414  3 103101,085937 1
49,34 5093 1706 462,58 443,57 24,18 25,14 5,14 1,0823 415  3 98291,421875 1
49,63 5057 1719 451,9 432,59 23,99 25,14 5,14 1,1469 415  3 96403,6875 1
50,12 5059 1720 444,17 429,82 23,98 25,14 5,14 1,1964 415  3 95273,539062 1
50,27 4996 1699 433,33 418,06 24,29 25,14 5,14 1,2366 416  3 94482,375 1
50,51 4910 1688 446,43 419,76 24,46 25,14 5,14 1,2795 416  3 93807,257812 1
50,65 4898 1681 423,47 418,91 24,56 25,14 5,14 1,3119 416  3 92119,46875 1
50,76 4878 1678 424,9 416,5 24,6 25,14 5,14 1,3745 416  3 91330,71875 1
50,84 4723 1657 432,3 417,49 24,94 25,14 5,14 1,4041 416  3 91330,71875 1
50,96 4800 1667 423,47 422,9 24,77 25,14 5,14 1,4243 416  3 91330,71875 1
51,04 4614 1653 429,82 417,07 25,0 25,14 5,14 1,4411 416  3 91526,632812 1
51,14 4409 1612 428,66 413,97 25,66 25,14 5,14 1,4555 416  3 91428,570312 1
51,22 4279 1593 428,8 415,8 25,99 25,14 5,14 1,4716 416  3 91330,71875 1
51,26 4366 1606 426,63 420,18 25,77 25,14 5,14 1,4979 416  3 91330,71875 1
51,26 4293 1599 419,19 421,18 25,88 25,14 5,14 1,5094 416  3 91526,632812 1
44,46 54 465 1053,56 2393,88 95,23 25,14 5,14 0,1028 400  2 243751,484375 1
44,5 1118 1030 877,87 1732,14 44,54 25,14 5,14 0,1044 400  2 210396,546875 1
45,06 3905 1538 735,95 1053,91 27,0 25,14 5,14 0,1746 400  2 172681,28125 1
45,81 5012 1701 629,42 747,0 24,26 25,14 5,14 0,2901 400  2 150190,671875 1
46,61 5120 1740 581,89 624,12 23,69 25,14 5,14 0,5271 404  2 136061,65625 1
46,61 5096 1732 547,69 567,31 23,81 25,14 5,14 0,6234 406  2 125922,28125 1
47,28 5167 1756 512,19 526,42 23,48 25,14 5,14 0,7175 407  2 112108,601562 1
47,89 5191 1764 513,57 491,63 23,37 25,14 5,14 0,7903 408  2 107585,625 1
48,83 5101 1749 474,63 469,84 23,57 25,14 5,14 0,8627 409  2 104425,859375 1
49,19 5059 1720 447,18 445,82 23,98 25,14 5,14 0,9353 410  2 101386,140625 1
49,53 5095 1732 449,31 441,47 23,81 25,14 5,14 1,0131 410  3 99205,578125 1
49,82 5069 1723 432,89 429,53 23,93 25,14 5,14 1,0762 410  3 97616,78125 1
50,05 5069 1705 453,13 424,04 24,2 25,14 5,14 1,181 411  3 96078,0625 1
50,21 5040 1714 427,21 422,18 24,07 25,14 5,14 1,2247 411  3 94902,6875 1
50,4 4979 1692 435,24 420,9 24,39 25,14 5,14 1,2712 411  3 92518,976562 1
50,54 5008 1703 435,24 412,58 24,22 25,14 5,14 1,3062 411  3 92020,132812 1
50,85 4844 1674 431,13 416,36 24,67 25,14 5,14 1,3451 411  3 91330,71875 1
50,84 4903 1682 417,77 414,82 24,54 25,14 5,14 1,3785 411  3 91624,914062 1
50,99 4867 1677 412,99 415,8 24,62 25,14 5,14 1,4179 411  3 91330,71875 1
51,06 4774 1664 429,53 425,34 24,82 25,14 5,14 1,4399 411  3 91822,09375 1
51,15 4493 1624 416,64 415,8 25,46 25,14 5,14 1,4669 411  3 91428,570312 1
51,15 4559 1643 407,72 418,06 25,15 25,14 5,14 1,4769 411  3 91038,40625 1
51,2 4489 1624 414,25 421,75 25,47 25,14 5,14 1,4891 411  3 91723,398437 1
51,24 4581 1637 424,76 417,35 25,25 25,14 5,14 1,5125 411  3 91330,71875 1
44,37 56 470 1029,59 2395,5 94,78 25,14 5,14 0,0993 400  2 244449,75 1
44,44 125 824 961,55 2080,89 65,16 25,14 5,14 0,1279 400  2 239476,140625 1
44,44 3015 1398 782,71 1215,72 30,05 25,14 5,14 0,2322 400  2 163421,640625 1
44,72 4763 1662 645,61 844,65 24,84 25,14 5,14 0,3661 401  2 144469,53125 1
46,29 5096 1732 601,52 688,95 23,8 25,14 5,14 0,4796 403  2 131653,375 1
46,98 5176 1732 542,89 532,33 23,81 25,14 5,14 0,5884 406  2 122929,171875 1
47,59 5174 1758 519,87 510,8 23,44 25,14 5,14 0,6884 408  2 115680,070312 1
48,16 5169 1756 480,45 485,68 23,46 25,14 5,14 0,78 410  2 110226,046875 1
48,64 5163 1755 460,7 463,83 23,49 25,14 5,14 0,9375 412  2 105916,421875 1
49,06 5129 1743 467,3 454,82 23,65 25,14 5,14 0,9979 413  3 102790,601562 1
49,33 5086 1729 454,2 444,77 24,04 25,14 5,14 1,0549 414  3 98348,0625 1
49,66 5055 1721 448,4 427,21 23,95 25,14 5,14 1,1111 414  3 96951,335937 1
50,17 5036 1712 451,75 426,34 24,08 25,14 5,14 1,1665 415  3 95433,367187 1
50,34 5026 1709 420,9 413,41 24,13 25,14 5,14 1,2098 415  3 94377,882812 1
50,51 4948 1688 443,87 411,6 24,05 25,14 5,14 1,2476 415  3 93910,492187 1
50,65 4818 1700 429,53 415,24 24,26 25,14 5,14 1,2997 415  3 92318,789062 1
50,75 4916 1683 421,89 412,58 24,51 25,14 5,14 1,3583 415  3 91624,914062 1
50,85 4703 1654 417,35 413,55 24,97 25,14 5,14 1,3823 415  3 91921,007812 1
50,85 4884 1679 425,91 417,07 24,58 25,14 5,14 1,4001 415  3 90651,554687 1
50,91 4771 1663 404,28 406,34 24,82 25,14 5,14 1,4281 415  3 91135,632812 1
51,13 4779 1680 409,93 412,3 24,57 25,14 5,14 1,4518 415  3 90747,960937 1
51,17 4505 1626 422,9 424,19 25,42 25,14 5,14 1,476 415  3 90747,960937 1
51,21 4447 1617 408,68 415,38 25,56 25,14 5,14 1,4957 415  3 91723,398437 1
51,21 4390 1609 418,48 424,47 25,7 25,14 5,14 1,5015 415  3 91526,632812 1
44,28 59 469 1105,43 2428,97 94,81 25,14 5,14 0,0996 400  2 242539,078125 1
44,28 1198 1049 888,94 1621,51 43,38 25,14 5,14 0,1002 400  2 211046,984375 1
44,44 3949 1545 715,81 1019,18 26,86 25,14 5,14 0,1661 400  2 172681,28125 1
45,17 4997 1699 643,86 774,81 24,27 25,14 5,14 0,2815 400  2 150588,234375 1
46,01 5100 1720 580,32 630,28 23,98 25,14 5,14 0,5221 404  2 136825,234375 1
46,77 5211 1771 532,87 555,71 23,26 25,14 5,14 0,6173 406  2 126015,257812 1
47,4 5110 1737 526,24 518,82 23,73 25,14 5,14 0,711 407  2 112256,085937 1
47,96 5105 1735 499,01 491,3 23,75 25,14 5,14 0,8042 408  2 107994,09375 1
48,85 5169 1757 487,99 477,05 23,45 25,14 5,14 0,8817 409  2 104298,226562 1
49,26 5188 1763 473,99 442,52 23,37 25,14 5,14 0,9623 410  2 101325,945312 1
49,54 5083 1728 446,58 437,01 23,85 25,14 5,14 1,0242 410  3 98975,453125 1
49,83 4982 1693 449,76 432,3 24,37 25,14 5,14 1,094 410  3 97560,976562 1
50,06 5055 1719 439,68 420,9 23,98 25,14 5,14 1,1893 411  3 95433,367187 1
50,25 5002 1738 424,33 415,8 23,71 25,14 5,14 1,247 411  3 94639,554687 1
50,42 4994 1699 433,91 415,1 24,28 25,14 5,14 1,2851 411  3 91723,398437 1
50,42 5024 1709 440,28 415,1 24,13 25,14 5,14 1,3171 411  3 91921,007812 1
50,71 4812 1669 438,05 415,8 24,73 25,14 5,14 1,3407 411  3 91428,570312 1
50,81 4815 1663 439,23 418,62 24,82 25,14 5,14 1,3738 411  3 91526,632812 1
50,92 4726 1657 435,24 412,16 24,91 25,14 5,14 1,3986 411  3 90555,359375 1
50,99 4477 1622 418,06 414,67 25,48 25,14 5,14 1,4189 411  3 91526,632812 1
51,07 4521 1628 416,64 414,25 25,38 25,14 5,14 1,4501 411  3 91038,40625 1
51,09 4576 1636 423,04 413,97 25,25 25,14 5,14 1,459 411  3 91038,40625 1
51,17 4481 1630 421,61 418,62 25,34 25,14 5,14 1,4751 411  3 91330,71875 1
51,22 4575 1636 417,77 424,33 25,25 25,14 5,14 1,4874 411  3 91921,007812 1
44,24 62 481 1032,03 2372,9 93,69 25,14 5,14 0,094 400  1 245858,34375 1
44,26 151 629 1041,5 2281,55 81,36 25,14 5,14 0,1228 400  2 242711,546875 1
44,28 2471 1304 790,43 1176,46 29,49 25,14 5,14 0,2309 400  2 163109,265625 1
44,86 4540 1684 676,25 824,59 24,49 25,14 5,14 0,3469 401  2 143982,0 1
46,49 5141 1747 587,63 681,53 23,58 25,14 5,14 0,4651 403  2 131349,40625 1
47,13 5221 1748 564,05 600,3 23,57 25,14 5,14 0,5668 406  2 122664,109375 1
47,79 5085 1764 487,99 492,97 23,35 25,14 5,14 0,6566 408  2 115523,46875 1
48,29 5151 1750 488,81 480,77 23,53 25,14 5,14 0,7446 410  2 110154,90625 1
48,69 5206 1769 488,32 457,13 23,28 25,14 5,14 0,8954 412  2 105719,59375 1
49,11 5037 1713 457,13 449,92 24,07 25,14 5,14 0,9677 413  3 102852,554687 1
49,44 5109 1737 471,11 439,68 23,73 25,14 5,14 1,0256 413  3 97952,9375 1
49,74 5074 1722 451,9 431,86 23,94 25,14 5,14 1,0767 414  3 96294,90625 1
49,98 5092 1731 445,97 423,33 23,81 25,14 5,14 1,1247 414  3 95326,757812 1
50,16 5005 1687 442,97 423,9 24,44 25,14 5,14 1,1758 414  3 94534,710937 1
50,32 5010 1704 444,32 416,64 24,2 25,14 5,14 1,2278 414  3 92418,773437 1
50,51 4991 1687 438,64 417,07 24,44 25,14 5,14 1,2734 415  3 92720,03125 1
50,65 5030 1710 431,13 418,2 24,1 25,14 5,14 1,3242 415  3 91723,398437 1
50,76 4626 1643 413,41 405,24 25,13 25,14 5,14 1,3544 415  3 91135,632812 1
50,85 4660 1648 432,89 412,71 25,05 25,14 5,14 1,3855 415  3 91233,070312 1
50,98 4716 1656 424,33 416,64 24,97 25,14 5,14 1,4171 415  3 91135,632812 1
51,01 4785 1620 427,21 421,75 25,5 25,14 5,14 1,4369 415  3 90651,554687 1
51,18 4577 1636 406,48 420,9 25,24 25,14 5,14 1,4577 415  3 91038,40625 1
51,23 4644 1645 429,68 417,63 25,09 25,14 5,14 1,477 415  3 91330,71875 1
51,26 4467 1614 404,69 418,91 25,61 25,14 5,14 1,4788 415  3 91233,070312 1
44,25 65 486 1099,46 2394,69 93,25 25,14 5,14 0,0943 400  1 245152,015625 1
44,3 58 473 1072,26 2447,95 94,42 25,14 5,14 0,1034 400  2 204963,96875 1
44,66 4075 1563 703,8 1016,43 26,5 25,14 5,14 0,1843 400  2 169088,5 1
45,49 5081 1703 611,78 723,85 24,21 25,14 5,14 0,2977 400  2 147976,875 1
46,26 5113 1738 580,12 624,54 23,7 25,14 5,14 0,403 402  2 134985,5 1
47,0 5183 1761 528,03 555,53 23,38 25,14 5,14 0,6063 406  2 124543,90625 1
47,59 5143 1748 523,93 521,28 23,57 25,14 5,14 0,7174 407  2 117350,445312 1
48,15 5144 1748 495,98 499,01 23,56 25,14 5,14 0,8121 408  2 107517,851562 1
48,65 5167 1756 479,31 463,52 23,45 25,14 5,14 0,8912 409  2 103413,453125 1
49,35 5155 1752 478,99 454,2 23,51 25,14 5,14 0,9556 410  2 100549,882812 1
49,35 5097 1733 469,04 432,01 23,77 25,14 5,14 1,022 410  3 98404,765625 1
49,71 5029 1710 452,82 426,49 24,1 25,14 5,14 1,0763 410  3 97616,78125 1
49,95 5071 1711 433,77 424,9 24,08 25,14 5,14 1,1232 411  3 95380,03125 1
50,1 4992 1694 437,9 414,82 24,34 25,14 5,14 1,2166 411  3 94587,101562 1
50,26 4908 1682 425,91 417,49 24,51 25,14 5,14 1,2486 411  3 93910,492187 1
50,47 4993 1698 432,16 413,83 24,27 25,14 5,14 1,2886 411  3 91233,070312 1
50,64 4833 1672 412,58 416,93 24,67 25,14 5,14 1,3391 411  3 91330,71875 1
50,85 4872 1667 416,22 412,58 24,75 25,14 5,14 1,3609 411  3 90941,382812 1
50,96 4593 1638 427,21 412,16 25,2 25,14 5,14 1,3829 411  3 91233,070312 1
51,06 4630 1644 423,76 415,8 25,11 25,14 5,14 1,4123 411  3 90747,960937 1
51,1 4501 1625 411,18 421,75 25,41 25,14 5,14 1,4389 411  3 91038,40625 1
51,16 4589 1648 420,04 425,48 25,04 25,14 5,14 1,4714 411  3 90651,554687 1
51,2 4622 1642 420,18 418,62 25,13 25,14 5,14 1,4952 411  3 90555,359375 1
51,29 4288 1594 429,68 417,35 25,93 25,14 5,14 1,507 411  3 91330,71875 1
44,25 49 455 1078,45 2401,18 96,03 25,14 5,14 0,0915 400  1 243925,671875 1
44,25 216 882 939,35 1960,56 57,24 25,14 5,14 0,1216 400  2 234378,578125 1
44,44 3369 1455 780,07 1135,77 28,68 25,14 5,14 0,225 400  2 186453,015625 1
45,23 4841 1673 663,32 825,43 24,65 25,14 5,14 0,3493 401  2 141475,546875 1
46,07 5156 1752 604,17 676,93 23,5 25,14 5,14 0,4704 403  2 130246,757812 1
47,47 5121 1740 561,77 589,02 23,66 25,14 5,14 0,5876 406  2 121011,578125 1
48,03 5140 1747 500,02 503,08 23,57 25,14 5,14 0,6823 409  2 115056,179687 1
48,47 5121 1740 496,32 475,6 23,66 25,14 5,14 0,7747 411  2 109800,554687 1
48,47 5100 1734 483,55 465,25 23,76 25,14 5,14 0,8479 412  2 105068,75 1
48,92 5089 1730 475,6 445,97 23,81 25,14 5,14 0,9804 414  2 102666,9375 1
49,29 5028 1752 465,56 439,23 23,49 25,14 5,14 1,0466 414  3 100019,53125 1
49,58 5011 1704 447,33 432,16 24,18 25,14 5,14 1,0996 415  3 96731,53125 1
49,84 5081 1727 450,53 422,9 23,85 25,14 5,14 1,1518 415  3 95540,210937 1
50,28 4824 1671 427,21 418,06 24,68 25,14 5,14 1,1912 415  3 94169,578125 1
50,44 4937 1684 433,77 422,18 24,48 25,14 5,14 1,232 416  3 92619,390625 1
50,61 4640 1645 431,42 410,76 25,09 25,14 5,14 1,2575 416  3 91921,007812 1
50,71 4846 1674 441,77 411,74 24,63 25,14 5,14 1,2962 416  3 91526,632812 1
50,82 4723 1657 425,34 423,47 24,9 25,14 5,14 1,3507 416  3 91723,398437 1
50,93 4654 1647 410,76 416,93 25,05 25,14 5,14 1,3885 416  3 91233,070312 1
51,04 4715 1655 423,76 415,8 24,92 25,14 5,14 1,407 416  3 91038,40625 1
51,06 4780 1648 423,33 420,04 25,03 25,14 5,14 1,424 416  3 90941,382812 1
51,25 4419 1614 411,6 418,62 25,6 25,14 5,14 1,4571 416  3 90747,960937 1
51,21 4627 1643 425,62 417,77 25,11 25,14 5,14 1,4715 416  3 90555,359375 1
51,28 4513 1627 428,37 420,75 25,38 25,14 5,14 1,4872 416  3 91624,914062 1
44,31 55 468 1044,68 2438,03 94,84 25,14 5,14 0,085 400  1 244449,75 1
44,31 55 466 1058,92 2402,81 95,0 25,14 5,14 0,102 400  2 201932,5625 1
44,96 1576 1284 827,39 1362,14 33,19 25,14 5,14 0,1924 400  2 167101,828125 1
45,83 5160 1753 637,79 708,58 23,48 25,14 5,14 0,3215 401  2 147720,71875 1
46,63 5130 1744 568,65 617,19 23,61 25,14 5,14 0,44 402  2 133821,21875 1
47,24 5179 1760 551,22 556,66 23,39 25,14 5,14 0,5611 405  2 124181,421875 1
47,87 5130 1746 517,41 515,66 23,57 25,14 5,14 0,7605 409  2 116628,703125 1
47,87 5165 1755 484,86 486,34 23,45 25,14 5,14 0,8301 411  2 111814,804687 1
48,4 5152 1751 486,83 468,41 23,51 25,14 5,14 0,9088 412  2 104170,90625 1
48,81 5143 1748 474,31 451,59 23,55 25,14 5,14 0,9744 412  2 100431,539062 1
49,53 5126 1742 459,92 444,47 23,63 25,14 5,14 1,029 413  3 98404,765625 1
49,83 5057 1727 452,97 438,49 23,84 25,14 5,14 1,0939 413  3 97116,84375 1
50,03 5033 1712 458,52 425,05 24,07 25,14 5,14 1,1419 413  3 95808,382812 1
50,27 4935 1686 439,08 426,2 24,44 25,14 5,14 1,1894 414  3 94273,617187 1
50,42 4883 1679 440,28 422,32 24,55 25,14 5,14 1,2633 414  3 94013,953125 1
50,6 5009 1688 419,19 411,6 24,41 25,14 5,14 1,3088 414  3 91921,007812 1
50,73 4883 1679 423,76 419,62 24,55 25,14 5,14 1,3319 414  3 91135,632812 1
50,84 4875 1678 428,37 423,18 24,57 25,14 5,14 1,3633 414  3 90747,960937 1
51,03 4728 1657 431,42 412,99 24,89 25,14 5,14 1,3854 414  3 90747,960937 1
51,07 4663 1652 422,9 422,9 24,96 25,14 5,14 1,404 414  3 91233,070312 1
51,16 4467 1620 406,75 412,99 25,48 25,14 5,14 1,426 414  3 90941,382812 1
51,25 4603 1640 416,5 418,62 25,17 25,14 5,14 1,4429 414  3 90555,359375 1
51,26 4460 1619 418,62 424,9 25,5 25,14 5,14 1,4802 414  3 90747,960937 1
51,29 4540 1629 407,44 420,47 25,34 25,14 5,14 1,4969 414  3 91330,71875 1
44,31 38 472 1060,71 2442,16 94,46 25,14 5,14 0,0861 400  1 243751,484375 1
44,32 658 1076 881,74 1646,95 41,8 25,14 5,14 0,0843 400  1 216124,953125 1
44,72 4065 1562 746,74 1030,63 26,51 25,14 5,14 0,1356 400  2 175342,46875 1
45,57 5020 1707 634,99 761,81 24,13 25,14 5,14 0,3726 401  2 153293,40625 1
46,42 5139 1747 582,68 649,11 23,57 25,14 5,14 0,4857 404  2 137265,421875 1
47,08 5110 1737 549,17 570,19 23,7 25,14 5,14 0,5945 407  2 118738,40625 1
47,08 5225 1744 508,9 522,87 23,61 25,14 5,14 0,681 410  2 112552,210937 1
48,21 5103 1735 491,14 500,02 23,73 25,14 5,14 0,7638 412  2 107994,09375 1
48,69 5196 1738 491,14 474,47 23,68 25,14 5,14 0,8444 413  2 104298,226562 1
49,05 5127 1742 472,07 443,42 23,62 25,14 5,14 0,9312 415  2 101205,773437 1
49,46 5130 1730 457,44 436,12 23,8 25,14 5,14 0,9936 415  3 98575,28125 1
49,73 5075 1725 432,16 424,47 23,86 25,14 5,14 1,0956 417  3 97116,84375 1
50,06 5039 1713 444,77 426,49 24,03 25,14 5,14 1,141 417  3 95433,367187 1
50,21 5085 1729 448,4 422,61 23,81 25,14 5,14 1,1937 417  3 92619,390625 1
50,37 5032 1701 440,42 424,47 24,21 25,14 5,14 1,233 417  3 91624,914062 1
50,58 5054 1718 432,16 417,35 23,96 25,14 5,14 1,2666 418  3 91723,398437 1
50,88 4818 1670 427,5 417,07 24,68 25,14 5,14 1,3064 418  3 91428,570312 1
50,96 4856 1675 424,9 411,88 24,6 25,14 5,14 1,3404 418  3 91038,40625 1
51,07 4752 1644 429,39 412,71 25,09 25,14 5,14 1,3571 418  3 90555,359375 1
51,1 4825 1671 427,93 423,76 24,67 25,14 5,14 1,3828 418  3 90267,984375 1
51,19 4713 1655 406,06 414,82 24,91 25,14 5,14 1,4275 418  3 90941,382812 1
51,23 4683 1651 432,74 415,8 24,98 25,14 5,14 1,4511 418  3 90555,359375 1
51,31 4608 1640 424,76 413,69 25,15 25,14 5,14 1,4747 418  3 90651,554687 1
51,38 4552 1626 408,96 421,04 25,38 25,14 5,14 1,4845 418  3 91428,570312 1
44,29 55 468 1090,19 2429,79 94,81 25,14 5,14 0,0804 400  1 243577,546875 1
44,27 173 658 1040,8 2303,27 79,05 25,14 5,14 0,1158 400  2 241680,4375 1
44,58 2392 1290 785,1 1189,67 29,07 25,14 5,14 0,2118 400  2 162953,53125 1
45,28 4779 1696 680,61 831,88 24,29 25,14 5,14 0,3364 401  2 145454,546875 1
46,17 5109 1737 610,54 688,25 23,7 25,14 5,14 0,4422 403  2 132060,875 1
46,87 5183 1761 531,43 541,24 23,36 25,14 5,14 0,5524 406  2 122576,007812 1
47,6 5126 1742 516,01 514,79 23,37 25,14 5,14 0,6457 408  2 115133,796875 1
48,1 5181 1759 491,47 482,24 23,39 25,14 5,14 0,7374 410  2 110297,289062 1
48,58 5150 1750 483,38 456,82 23,51 25,14 5,14 0,8979 412  2 105982,195312 1
49,02 5169 1757 479,8 451,75 23,42 25,14 5,14 0,962 413  2 102543,5625 1
49,42 5047 1716 447,79 435,09 23,99 25,14 5,14 1,0356 413  3 98178,328125 1
49,69 5057 1719 463,83 434,36 23,94 25,14 5,14 1,0921 414  3 96403,6875 1
50,2 5062 1721 458,21 428,51 23,91 25,14 5,14 1,1356 414  3 95647,296875 1
50,35 5038 1713 432,3 418,2 24,03 25,14 5,14 1,1721 414  3 94534,710937 1
50,53 4997 1700 428,66 418,91 24,23 25,14 5,14 1,2125 414  3 92518,976562 1
50,73 5011 1704 431,72 415,38 24,16 25,14 5,14 1,2551 415  3 91330,71875 1
50,79 4977 1682 433,91 409,79 24,49 25,14 5,14 1,3125 415  3 91526,632812 1
50,91 4953 1688 418,76 418,62 24,39 25,14 5,14 1,3342 415  3 91330,71875 1
51,04 4815 1669 418,2 417,49 24,68 25,14 5,14 1,3588 415  3 90844,570312 1
51,1 4715 1655 420,9 410,21 24,9 25,14 5,14 1,3807 415  3 90941,382812 1
51,15 4665 1648 413,13 418,62 25,01 25,14 5,14 1,4109 415  3 91038,40625 1
51,26 4550 1632 423,18 424,9 25,28 25,14 5,14 1,4346 415  3 91428,570312 1
51,29 4419 1613 404,97 416,64 25,59 25,14 5,14 1,4597 415  3 91135,632812 1
51,38 4476 1622 435,24 425,91 25,45 25,14 5,14 1,4767 415  3 91233,070312 1
44,24 52 462 1115,95 2415,04 95,35 25,14 5,14 0,0826 400  1 244976,078125 1
44,27 48 453 1077,72 2463,75 96,16 25,14 5,14 0,0903 400  1 205210,421875 1
44,99 4037 1609 707,38 919,23 25,66 25,14 5,14 0,1724 400  2 170780,515625 1
44,99 5053 1718 620,33 731,98 23,96 25,14 5,14 0,2893 400  2 149663,84375 1
45,85 5245 1782 581,1 630,06 23,08 25,14 5,14 0,3976 402  2 134453,78125 1
46,6 5139 1746 555,34 560,44 23,56 25,14 5,14 0,6081 406  2 124181,421875 1
47,29 5156 1752 521,99 520,57 23,48 25,14 5,14 0,7123 408  2 117189,289062 1
47,9 5130 1749 500,19 488,81 23,52 25,14 5,14 0,8058 409  2 107045,789062 1
48,44 5161 1754 500,87 462,73 23,45 25,14 5,14 0,8699 410  2 103664,710937 1
49,3 5133 1745 491,3 459,61 23,58 25,14 5,14 0,9383 410  2 100609,15625 1
49,59 5001 1701 443,87 436,27 24,2 25,14 5,14 0,9951 411  3 98803,546875 1
49,88 5030 1718 434,36 431,42 23,95 25,14 5,14 1,0557 411  3 96458,179687 1
50,12 5045 1715 453,43 425,05 23,99 25,14 5,14 1,111 411  3 95540,210937 1
50,36 5076 1726 426,49 419,9 23,85 25,14 5,14 1,2054 412  3 94534,710937 1
50,48 4790 1666 433,33 417,77 24,73 25,14 5,14 1,2455 412  3 94065,773437 1
50,7 5062 1721 436,27 414,53 23,91 25,14 5,14 1,2829 412  3 92119,46875 1
50,79 4852 1690 435,09 416,64 24,36 25,14 5,14 1,3279 412  3 91330,71875 1
51,04 4832 1672 436,86 413,27 24,64 25,14 5,14 1,361 412  3 90363,570312 1
51,09 4793 1666 416,5 406,34 24,73 25,14 5,14 1,3775 412  3 91135,632812 1
51,09 4633 1644 409,79 414,11 25,08 25,14 5,14 1,3969 412  3 90363,570312 1
51,22 4581 1623 411,74 414,53 25,42 25,14 5,14 1,4188 412  3 91038,40625 1
51,25 4566 1619 422,61 421,04 25,48 25,14 5,14 1,4428 412  3 90651,554687 1
51,35 4602 1640 405,51 420,33 25,15 25,14 5,14 1,4643 412  3 90651,554687 1
51,34 4518 1628 423,47 420,18 25,34 25,14 5,14 1,476 412  3 90747,960937 1
44,05 52 461 1103,56 2444,64 95,35 25,14 5,14 0,0842 400  1 247104,25 1
44,11 496 865 1005,14 2050,13 59,21 25,14 5,14 0,0807 400  1 226298,34375 1
44,11 3217 1431 767,76 1166,94 27,41 25,14 5,14 0,2452 400  2 181689,140625 1
44,56 4942 1711 656,18 788,83 24,06 25,14 5,14 0,3633 401  2 156958,921875 1
45,46 5155 1752 612,61 648,45 23,48 25,14 5,14 0,4641 403  2 128096,070312 1
46,25 5179 1760 553,09 580,12 23,37 25,14 5,14 0,5784 407  2 120244,25 1
47,61 5153 1751 535,95 538,5 23,49 25,14 5,14 0,6662 409  2 113752,5 1
48,19 5162 1760 474,95 471,75 23,37 25,14 5,14 0,7576 411  2 108199,492187 1
48,63 5158 1753 469,99 458,84 23,46 25,14 5,14 0,838 413  2 104682,070312 1
49,05 5121 1741 474,31 442,67 23,63 25,14 5,14 0,9094 414  2 101688,179687 1
49,44 5012 1705 445,97 436,86 24,15 25,14 5,14 1,031 415  3 99785,617187 1
49,72 5070 1724 458,68 433,33 23,87 25,14 5,14 1,0896 416  3 97560,976562 1
50,01 5130 1716 462,26 427,5 23,98 25,14 5,14 1,1346 416  3 95114,25 1
50,16 5061 1721 449,61 423,76 23,91 25,14 5,14 1,1869 416  3 94221,570312 1
50,54 5022 1708 448,7 417,35 24,1 25,14 5,14 1,2207 416  3 92518,976562 1
50,71 5015 1705 420,61 410,35 24,13 25,14 5,14 1,2583 417  3 91921,007812 1
50,84 5052 1678 421,18 408,27 24,53 25,14 5,14 1,2966 417  3 91038,40625 1
50,98 4915 1683 426,2 417,77 24,46 25,14 5,14 1,3374 417  3 90844,570312 1
50,98 4608 1640 429,39 412,58 25,13 25,14 5,14 1,3821 417  3 91038,40625 1
51,07 4660 1648 413,97 411,6 25,01 25,14 5,14 1,4083 417  3 90651,554687 1
51,12 4589 1638 420,04 412,3 25,17 25,14 5,14 1,4256 417  3 90363,570312 1
51,22 4600 1658 424,76 409,51 24,85 25,14 5,14 1,4383 417  3 90555,359375 1
51,32 4305 1597 432,74 414,53 25,86 25,14 5,14 1,4558 417  3 90844,570312 1
51,41 4357 1605 425,19 417,49 25,72 25,14 5,14 1,4822 417  3 90844,570312 1
43,98 61 474 1079,18 2437,21 94,2 25,14 5,14 0,0767 400  1 247104,25 1
44,03 88 529 1090,19 2351,32 89,29 25,14 5,14 0,0928 400  1 204228,15625 1
44,3 2065 1229 823,2 1410,46 34,97 25,14 5,14 0,1818 400  2 167429,6875 1
45,09 5121 1741 632,63 726,55 23,63 25,14 5,14 0,3013 401  2 147976,875 1
45,98 5095 1732 556,28 614,69 23,58 25,14 5,14 0,4379 402  2 133090,71875 1
46,73 5225 1772 546,02 551,22 23,2 25,14 5,14 0,5403 405  2 124453,085937 1
47,38 5195 1765 501,55 507,01 23,29 25,14 5,14 0,7443 409  2 116390,085937 1
47,95 5199 1766 517,41 485,68 23,27 25,14 5,14 0,8107 410  2 110654,851562 1
48,46 5129 1743 482,4 468,25 23,59 25,14 5,14 0,8892 411  2 103288,28125 1
48,89 5110 1737 460,08 447,94 23,68 25,14 5,14 0,942 412  2 100195,695312 1
49,61 5171 1728 475,6 440,42 23,8 25,14 5,14 1,0127 413  3 98575,28125 1
49,89 5134 1745 432,89 422,32 23,57 25,14 5,14 1,068 413  3 96622,007812 1
50,16 4922 1684 437,01 425,48 24,44 25,14 5,14 1,1237 413  3 95167,289062 1
50,3 4922 1684 448,09 416,08 24,44 25,14 5,14 1,1895 413  3 94117,648437 1
50,5 4929 1719 434,21 422,18 23,93 25,14 5,14 1,26 414  3 93807,257812 1
50,65 4977 1692 427,93 415,8 24,33 25,14 5,14 1,3006 414  3 92318,789062 1
50,65 4921 1684 431,42 413,55 24,44 25,14 5,14 1,3315 414  3 91135,632812 1
50,82 4941 1687 421,61 408,82 24,4 25,14 5,14 1,3543 414  3 90941,382812 1
51,02 4703 1654 422,75 413,55 24,91 25,14 5,14 1,3749 414  3 90555,359375 1
51,09 4624 1643 419,47 407,72 25,09 25,14 5,14 1,397 414  3 90747,960937 1
51,16 4673 1650 424,19 415,8 24,98 25,14 5,14 1,43 414  3 90941,382812 1
51,26 4469 1621 422,04 416,64 25,45 25,14 5,14 1,4393 414  3 91135,632812 1
51,32 4560 1634 424,33 413,69 25,23 25,14 5,14 1,469 414  3 90651,554687 1
51,35 4542 1621 426,78 413,41 25,44 25,14 5,14 1,4835 414  3 90459,367187 1
43,94 48 453 1091,3 2477,12 96,03 25,14 5,14 0,0762 400  1 245328,21875 1
43,91 484 861 998,02 2044,59 59,65 25,14 5,14 0,0725 400  1 226598,8125 1
44,09 3248 1436 772,19 1170,5 29,07 25,14 5,14 0,2135 400  2 181689,140625 1
44,81 4808 1697 644,08 780,07 24,25 25,14 5,14 0,3399 401  2 157684,015625 1
45,72 5104 1735 607,45 658,18 23,7 25,14 5,14 0,4549 403  2 128096,070312 1
46,54 5208 1770 546,39 583,27 23,23 25,14 5,14 0,5802 406  2 119822,140625 1
47,79 5212 1771 528,21 536,86 23,21 25,14 5,14 0,6618 409  2 113450,03125 1
48,34 5191 1748 500,02 478,66 23,52 25,14 5,14 0,7525 411  2 108820,40625 1
48,8 5114 1738 491,47 459,92 23,65 25,14 5,14 0,8401 412  2 104617,898437 1
49,15 5126 1742 481,26 449,76 23,6 25,14 5,14 0,9021 414  2 101627,632812 1
49,58 5080 1727 470,63 440,28 23,81 25,14 5,14 1,0269 415  3 99785,617187 1
49,8 5086 1729 464,62 435,68 23,78 25,14 5,14 1,0818 415  3 97728,570312 1
50,09 5047 1729 439,23 426,34 23,78 25,14 5,14 1,1336 416  3 95114,25 1
50,09 5047 1716 432,3 415,8 23,97 25,14 5,14 1,1749 416  3 94117,648437 1
50,45 5042 1714 430,7 417,07 23,99 25,14 5,14 1,2179 416  3 91428,570312 1
50,67 5042 1708 432,59 420,47 24,08 25,14 5,14 1,2512 416  3 91921,007812 1
50,76 4871 1677 412,44 414,82 24,54 25,14 5,14 1,2819 417  3 90651,554687 1
50,89 4731 1658 420,75 417,35 24,84 25,14 5,14 1,3079 417  3 91135,632812 1
50,98 4816 1670 427,21 414,11 24,66 25,14 5,14 1,3649 417  3 91135,632812 1
51,08 4773 1664 413,41 412,44 24,75 25,14 5,14 1,3964 417  3 90651,554687 1
51,17 4712 1637 424,33 416,08 25,18 25,14 5,14 1,4188 417  3 90267,984375 1
51,26 4696 1653 432,59 418,62 24,92 25,14 5,14 1,4518 417  3 90459,367187 1
51,34 4647 1646 424,76 408,41 25,03 25,14 5,14 1,46 417  3 90555,359375 1
51,36 4467 1625 415,38 418,76 25,37 25,14 5,14 1,4772 417  3 90555,359375 1
43,9 43 443 1109,17 2438,86 97,01 25,14 5,14 0,0696 400  1 246925,484375 1
43,93 100 549 1056,06 2373,71 87,59 25,14 5,14 0,0897 400  1 200273,8125 1
43,96 2135 1243 869,59 1405,69 34,49 25,14 5,14 0,1888 400  2 167101,828125 1
45,41 4407 1649 683,84 852,4 24,98 25,14 5,14 0,3141 401  2 146077,03125 1
46,21 5117 1739 584,46 596,85 23,64 25,14 5,14 0,433 402  2 133507,171875 1
46,91 5177 1759 538,5 553,27 23,36 25,14 5,14 0,5313 406  2 123821,039062 1
47,57 5191 1764 500,19 511,67 23,3 25,14 5,14 0,6212 408  2 116152,453125 1
48,13 5162 1750 504,1 483,88 23,49 25,14 5,14 0,8158 411  2 111014,742187 1
48,62 5087 1729 486,67 462,42 23,77 25,14 5,14 0,892 412  2 106777,890625 1
49,03 5142 1748 472,39 454,05 23,52 25,14 5,14 0,9641 412  2 100019,53125 1
49,45 5123 1741 468,72 438,19 23,61 25,14 5,14 1,0194 413  3 98009,1875 1
49,71 5108 1736 451,14 434,36 23,68 25,14 5,14 1,0719 413  3 95970,007812 1
49,94 5128 1685 453,13 430,26 24,42 25,14 5,14 1,1218 414  3 95380,03125 1
50,24 5008 1703 443,12 423,47 24,15 25,14 5,14 1,1717 414  3 93962,195312 1
50,37 4964 1690 431,13 419,05 24,34 25,14 5,14 1,219 414  3 92318,789062 1
50,57 4988 1697 425,34 411,18 24,25 25,14 5,14 1,2951 414  3 91723,398437 1
50,74 4908 1688 424,33 412,71 24,37 25,14 5,14 1,3183 414  3 92020,132812 1
50,88 4691 1652 423,33 418,62 24,93 25,14 5,14 1,353 414  3 90555,359375 1
50,96 4868 1677 418,76 408,55 24,54 25,14 5,14 1,3796 415  3 90267,984375 1
51,19 4713 1655 418,2 420,75 24,88 25,14 5,14 1,401 415  3 90363,570312 1
51,26 4450 1658 419,9 416,64 24,83 25,14 5,14 1,4254 415  3 90844,570312 1
51,29 4386 1609 410,07 410,9 25,64 25,14 5,14 1,4485 415  3 89793,054687 1
51,37 4284 1594 416,5 415,8 25,89 25,14 5,14 1,4653 415  3 90267,984375 1
51,39 4585 1637 407,16 411,74 25,17 25,14 5,14 1,4878 415  3 90941,382812 1
43,98 59 475 1053,56 2467,92 94,04 25,14 5,14 0,0718 400  1 246568,75 1
43,94 1042 1012 901,97 1719,29 45,59 25,14 5,14 0,0721 400  1 212227,984375 1
44,25 3879 1558 728,27 959,6 26,55 25,14 5,14 0,133 400  2 173383,0 1
45,11 4916 1722 641,25 745,23 23,88 25,14 5,14 0,2463 400  2 151793,65625 1
45,93 5159 1753 573,68 628,36 23,44 25,14 5,14 0,4878 404  2 138154,34375 1
46,71 5107 1736 547,87 570,97 23,68 25,14 5,14 0,595 406  2 125644,171875 1
47,38 5091 1731 523,4 525,18 23,75 25,14 5,14 0,6942 407  2 112108,601562 1
47,98 5187 1762 497,49 494,97 23,31 25,14 5,14 0,7718 408  2 107315,03125 1
48,89 5223 1756 482,73 469,2 23,4 25,14 5,14 0,8517 409  2 104234,53125 1
49,31 5280 1794 473,03 441,92 22,9 25,14 5,14 0,9153 410  2 101265,820312 1
49,31 5069 1723 456,51 437,31 23,85 25,14 5,14 0,9751 410  2 99032,882812 1
49,67 5124 1741 452,82 428,51 23,6 25,14 5,14 1,0376 410  3 96896,289062 1
49,88 5033 1715 450,53 419,9 23,98 25,14 5,14 1,1478 411  3 95862,195312 1
50,14 5098 1733 429,97 422,32 23,72 25,14 5,14 1,187 411  3 94430,101562 1
50,33 5017 1706 439,08 421,32 24,1 25,14 5,14 1,2307 411  3 91723,398437 1
50,53 5004 1702 434,94 415,66 24,16 25,14 5,14 1,2717 411  3 91330,71875 1
50,83 4742 1659 440,72 408,68 24,81 25,14 5,14 1,2985 411  3 91135,632812 1
50,95 4722 1657 427,21 411,74 24,85 25,14 5,14 1,3565 411  3 91038,40625 1
51,05 4842 1673 417,35 411,18 24,59 25,14 5,14 1,3778 411  3 90844,570312 1
51,2 4799 1667 429,09 413,41 24,68 25,14 5,14 1,4079 411  3 90941,382812 1
51,25 4841 1673 409,24 411,18 24,59 25,14 5,14 1,4455 411  3 90555,359375 1
51,29 4657 1617 428,66 409,1 25,5 25,14 5,14 1,4632 411  3 90844,570312 1
51,33 4275 1593 421,32 413,83 25,91 25,14 5,14 1,4836 411  3 91038,40625 1
51,43 4359 1605 419,47 412,58 25,7 25,14 5,14 1,4918 411  3 90747,960937 1
43,9 45 448 1075,17 2429,79 96,52 25,14 5,14 0,0716 400  1 248724,796875 1
43,93 96 811 987,6 2144,52 66,99 25,14 5,14 0,095 400  1 243577,546875 1
44,04 2943 1386 802,84 1214,07 30,25 25,14 5,14 0,2046 400  2 164049,984375 1
44,85 4905 1682 664,67 843,5 24,46 25,14 5,14 0,3272 401  2 144837,34375 1
46,48 5202 1767 620,12 691,05 23,24 25,14 5,14 0,433 403  2 132676,859375 1
47,17 5163 1776 549,36 535,22 23,13 25,14 5,14 0,5394 406  2 122050,0625 1
47,84 5106 1735 504,79 500,02 23,68 25,14 5,14 0,6375 408  2 115758,53125 1
48,28 5247 1783 501,72 482,57 23,04 25,14 5,14 0,727 410  2 109800,554687 1
48,28 5270 1790 481,59 460,7 22,94 25,14 5,14 0,8742 412  2 105982,195312 1
48,78 5133 1745 468,41 451,75 23,55 25,14 5,14 0,9419 413  2 102543,5625 1
49,17 5126 1730 452,67 440,87 23,76 25,14 5,14 1,0073 414  3 97505,234375 1
49,62 5140 1747 449,16 427,93 23,52 25,14 5,14 1,0694 414  3 96676,734375 1
50,09 5069 1723 440,42 430,4 23,85 25,14 5,14 1,1178 414  3 95008,351562 1
50,32 5013 1705 423,04 412,71 24,11 25,14 5,14 1,1803 415  3 94169,578125 1
50,5 5007 1700 418,62 415,8 24,18 25,14 5,14 1,232 415  3 92318,789062 1
50,64 4774 1664 424,9 415,1 24,73 25,14 5,14 1,2739 415  3 91233,070312 1
50,8 4946 1688 423,76 414,82 24,37 25,14 5,14 1,3419 415  3 91526,632812 1
50,91 4887 1679 439,38 414,67 24,49 25,14 5,14 1,3665 415  3 91038,40625 1
51,06 5019 1707 426,63 416,93 24,08 25,14 5,14 1,3936 415  3 90363,570312 1
51,11 4701 1642 430,4 414,82 25,08 25,14 5,14 1,422 415  3 90747,960937 1
51,3 4693 1652 415,38 412,99 24,91 25,14 5,14 1,4407 415  3 90555,359375 1
51,33 4424 1614 426,34 410,9 25,53 25,14 5,14 1,4543 415  3 90941,382812 1
51,4 4595 1639 408,68 408,13 25,13 25,14 5,14 1,4766 415  3 90941,382812 1
51,44 4558 1631 423,76 416,5 25,25 25,14 5,14 1,4938 415  3 90941,382812 1
43,87 46 449 1056,41 2441,33 96,39 25,14 5,14 0,0721 400  1 248182,265625 1
43,92 1090 1023 950,87 1704,8 44,81 25,14 5,14 0,0711 400  1 213022,671875 1
44,48 3881 1534 729,26 1069,73 26,97 25,14 5,14 0,1379 400  2 174090,453125 1
45,43 4950 1725 639,52 751,56 23,82 25,14 5,14 0,2501 400  2 150987,90625 1
45,43 5206 1769 587,23 620,33 23,22 25,14 5,14 0,4906 404  2 136496,9375 1
46,23 5155 1752 544,36 568,46 23,45 25,14 5,14 0,5933 406  2 126201,625 1
46,94 5211 1770 521,81 519,34 23,19 25,14 5,14 0,6852 407  2 112182,296875 1
47,61 5200 1767 512,88 499,01 23,24 25,14 5,14 0,768 408  2 107857,59375 1
48,65 5108 1753 476,88 465,4 23,43 25,14 5,14 0,8466 409  2 103917,1875 1
49,07 5104 1735 473,51 440,28 23,68 25,14 5,14 0,9125 409  2 101506,742187 1
49,45 5046 1716 451,29 436,27 23,95 25,14 5,14 0,9723 410  2 98689,28125 1
49,77 5094 1732 453,89 433,77 23,73 25,14 5,14 1,0277 410  3 96731,53125 1
50,01 5107 1706 446,13 426,2 24,1 25,14 5,14 1,1423 411  3 95433,367187 1
50,23 5066 1722 430,99 416,08 23,85 25,14 5,14 1,1824 411  3 94639,554687 1
50,42 5008 1703 426,2 419,33 24,13 25,14 5,14 1,2256 411  3 92020,132812 1
50,58 4998 1700 432,59 412,16 24,18 25,14 5,14 1,264 411  3 91624,914062 1
50,94 4940 1687 424,47 413,13 24,38 25,14 5,14 1,2971 411  3 90844,570312 1
51,02 4864 1676 424,19 419,62 24,53 25,14 5,14 1,3259 411  3 90747,960937 1
51,12 4653 1647 424,19 409,38 25,0 25,14 5,14 1,3482 411  3 90651,554687 1
51,21 4899 1681 416,36 414,96 24,46 25,14 5,14 1,3806 411  3 90172,59375 1
51,21 4571 1635 413,41 409,51 25,18 25,14 5,14 1,4186 411  3 90267,984375 1
51,31 4479 1612 426,2 417,63 25,57 25,14 5,14 1,4393 411  3 90267,984375 1
51,35 4497 1625 430,55 414,11 25,35 25,14 5,14 1,4568 411  3 90941,382812 1
51,39 4585 1637 430,11 419,19 25,15 25,14 5,14 1,4759 411  3 90651,554687 1
43,77 50 456 1080,28 2456,25 95,68 25,14 5,14 0,0694 400  1 247462,546875 1
43,77 104 810 983,27 2117,12 67,2 25,14 5,14 0,0932 400  1 244100,125 1
43,78 2913 1381 813,78 1231,87 30,37 25,14 5,14 0,1986 400  2 164049,984375 1
44,25 4692 1652 692,22 859,93 24,91 25,14 5,14 0,3148 401  2 144591,921875 1
45,92 5121 1741 629,85 685,69 23,6 25,14 5,14 0,4212 403  2 132265,5625 1
46,72 5182 1781 514,97 542,34 23,05 25,14 5,14 0,5273 406  2 122576,007812 1
47,37 5190 1764 525,18 515,66 23,28 25,14 5,14 0,6309 408  2 115680,070312 1
47,92 5062 1721 492,47 484,53 23,87 25,14 5,14 0,7493 410  2 110154,90625 1
48,44 5088 1730 471,27 460,55 23,75 25,14 5,14 0,9036 412  2 106113,992187 1
48,87 5107 1736 476,24 445,97 23,66 25,14 5,14 0,9804 413  2 102728,734375 1
49,3 5093 1700 457,9 436,42 24,18 25,14 5,14 1,052 413  3 98348,0625 1
49,66 5074 1725 455,43 431,57 23,81 25,14 5,14 1,1036 413  3 96622,007812 1
50,19 5077 1726 439,83 422,32 23,8 25,14 5,14 1,1452 414  3 94587,101562 1
50,39 4990 1694 444,02 418,91 24,27 25,14 5,14 1,1928 414  3 94430,101562 1
50,53 5050 1705 439,98 416,08 24,1 25,14 5,14 1,2288 414  3 92418,773437 1
50,73 4937 1686 427,65 414,11 24,38 25,14 5,14 1,262 414  3 92020,132812 1
50,87 4965 1690 426,78 414,53 24,32 25,14 5,14 1,3313 414  3 91233,070312 1
50,97 5005 1696 421,32 415,66 24,24 25,14 5,14 1,3583 415  3 91233,070312 1
50,97 4753 1661 417,63 416,22 24,77 25,14 5,14 1,3849 415  3 90172,59375 1
51,06 4917 1662 412,71 420,75 24,74 25,14 5,14 1,4186 415  3 90651,554687 1
51,28 4760 1662 409,51 410,21 24,75 25,14 5,14 1,4327 415  3 90844,570312 1
51,32 4726 1657 422,75 416,22 24,83 25,14 5,14 1,4535 415  3 90363,570312 1
51,37 4412 1612 419,05 418,06 25,55 25,14 5,14 1,4779 415  3 90459,367187 1
51,42 4487 1622 429,82 417,07 25,4 25,14 5,14 1,4937 415  3 91526,632812 1
43,71 45 446 1111,43 2401,18 96,59 25,14 5,14 0,0703 400  1 248182,265625 1
43,75 46 449 1079,18 2451,27 96,33 25,14 5,14 0,074 400  1 208724,015625 1
43,94 4283 1594 731,24 953,77 25,87 25,14 5,14 0,1516 400  2 171985,21875 1
44,73 5085 1729 640,17 744,98 23,76 25,14 5,14 0,2821 401  2 149926,796875 1
45,63 5121 1741 604,78 632,63 23,59 25,14 5,14 0,3966 402  2 135737,015625 1
46,51 5224 1775 567,11 559,87 23,12 25,14 5,14 0,6158 407  2 126015,257812 1
47,17 5193 1745 529,64 511,84 23,53 25,14 5,14 0,7046 408  2 117431,195312 1
47,8 5208 1770 499,18 491,14 23,19 25,14 5,14 0,7908 409  2 107180,242187 1
48,34 5051 1717 494,64 466,51 23,92 25,14 5,14 0,8667 410  2 103664,710937 1
49,16 5170 1757 482,4 452,51 23,37 25,14 5,14 0,9369 411  2 100313,476562 1
49,57 5117 1752 461,33 436,12 23,43 25,14 5,14 1,0009 411  2 98975,453125 1
49,85 5110 1737 432,01 426,2 23,64 25,14 5,14 1,0533 412  3 96786,390625 1
50,07 5097 1732 455,74 423,76 23,7 25,14 5,14 1,1031 412  3 95326,757812 1
50,33 5037 1713 447,64 425,91 23,98 25,14 5,14 1,2056 412  3 94169,578125 1
50,49 5010 1704 439,98 419,19 24,11 25,14 5,14 1,2426 413  3 93910,492187 1
50,7 4991 1673 441,17 412,3 24,57 25,14 5,14 1,2816 413  3 91428,570312 1
50,85 4824 1671 432,59 416,08 24,61 25,14 5,14 1,3096 413  3 91038,40625 1
50,97 4747 1660 427,5 409,1 24,78 25,14 5,14 1,3481 413  3 90941,382812 1
51,06 4863 1676 426,34 407,58 24,53 25,14 5,14 1,3695 413  3 90267,984375 1
51,14 4640 1657 415,8 416,64 24,83 25,14 5,14 1,3951 413  3 90459,367187 1
51,21 4685 1651 408,27 415,38 24,91 25,14 5,14 1,4189 413  3 89982,421875 1
51,31 4580 1637 418,91 417,77 25,15 25,14 5,14 1,4544 413  3 90555,359375 1
51,39 4378 1608 405,93 416,08 25,63 25,14 5,14 1,4673 413  3 90747,960937 1
51,43 4460 1619 429,82 418,2 25,43 25,14 5,14 1,4896 413  3 90651,554687 1
43,75 42 440 1058,92 2452,93 97,18 25,14 5,14 0,0692 400  1 249087,8125 1
43,77 376 827 1026,11 2133,67 64,39 25,14 5,14 0,0975 400  1 236817,765625 1
43,79 3002 1395 771,14 1214,9 29,98 25,14 5,14 0,2089 400  2 191724,390625 1
44,51 4709 1655 678,77 855,87 24,86 25,14 5,14 0,3379 401  2 143136,703125 1
45,33 5176 1741 605,81 663,77 23,58 25,14 5,14 0,4572 403  2 130845,898437 1
46,93 5176 1759 545,84 584,46 23,34 25,14 5,14 0,5612 407  2 121097,445312 1
47,66 5143 1748 510,11 505,13 23,49 25,14 5,14 0,6644 409  2 114362,296875 1
48,19 5174 1758 483,38 486,34 23,34 25,14 5,14 0,7481 411  2 109448,484375 1
48,67 5104 1765 469,68 455,59 23,25 25,14 5,14 0,8302 413  2 105458,289062 1
49,05 5177 1759 474,15 442,07 23,33 25,14 5,14 0,9577 415  2 102175,210937 1
49,52 5151 1750 473,51 436,12 23,45 25,14 5,14 1,0248 415  3 99494,75 1
49,76 5097 1733 451,9 432,59 23,69 25,14 5,14 1,0752 416  3 96294,90625 1
50,04 5051 1717 438,64 426,78 23,91 25,14 5,14 1,1197 416  3 95114,25 1
50,28 5051 1724 452,82 420,61 23,82 25,14 5,14 1,1669 416  3 94169,578125 1
50,47 5020 1707 434,21 416,22 24,06 25,14 5,14 1,2114 416  3 92020,132812 1
50,7 4928 1685 415,94 415,38 24,39 25,14 5,14 1,2596 417  3 91921,007812 1
50,83 4714 1655 429,82 413,97 24,84 25,14 5,14 1,3016 417  3 91038,40625 1
50,94 4868 1678 436,12 417,07 24,49 25,14 5,14 1,3737 417  3 90747,960937 1
51,04 4786 1665 436,71 417,07 24,68 25,14 5,14 1,4001 417  3 90077,414062 1
51,17 4627 1643 427,79 411,74 25,04 25,14 5,14 1,4251 417  3 90363,570312 1
51,28 4721 1656 423,47 418,48 24,83 25,14 5,14 1,4421 417  3 90459,367187 1
51,44 4721 1656 406,61 409,24 24,83 25,14 5,14 1,458 417  3 90651,554687 1
51,49 4526 1629 422,9 418,91 25,27 25,14 5,14 1,4832 417  3 90555,359375 1
51,53 4468 1620 412,71 419,05 25,4 25,14 5,14 1,494 417  3 90651,554687 1
43,72 46 450 1097,97 2484,68 96,23 25,14 5,14 0,0658 400  1 249817,03125 1
43,73 44 444 1113,31 2436,38 96,72 25,14 5,14 0,0674 400  1 208724,015625 1
44,24 4391 1609 721,89 949,58 25,59 25,14 5,14 0,1444 400  1 171123,0 1
45,14 5107 1736 627,72 734,71 23,65 25,14 5,14 0,2667 400  2 151121,609375 1
45,97 5150 1750 587,03 629,85 23,45 25,14 5,14 0,3872 402  2 135199,359375 1
46,73 5135 1745 558,92 556,09 23,52 25,14 5,14 0,6023 407  2 124817,164062 1
47,48 5164 1775 535,95 510,11 23,12 25,14 5,14 0,6921 408  2 118162,9375 1
48,04 5160 1754 499,69 486,17 23,4 25,14 5,14 0,776 409  2 106777,890625 1
48,55 5253 1785 486,67 469,99 22,98 25,14 5,14 0,8515 410  2 103853,953125 1
48,96 5211 1771 459,46 453,89 23,17 25,14 5,14 0,9152 411  2 100727,914062 1
49,39 5094 1727 475,92 432,3 23,77 25,14 5,14 0,9711 411  2 98178,328125 1
49,72 5021 1707 451,59 424,04 24,05 25,14 5,14 1,0392 412  3 96676,734375 1
49,98 4994 1699 447,79 423,47 24,18 25,14 5,14 1,0885 412  3 95808,382812 1
50,22 5041 1714 440,42 420,61 23,95 25,14 5,14 1,1834 412  3 94325,71875 1
50,45 4851 1674 425,62 415,1 24,54 25,14 5,14 1,2234 412  3 92518,976562 1
50,59 5034 1681 418,2 409,38 24,44 25,14 5,14 1,2644 413  3 91135,632812 1
50,8 4866 1677 422,18 416,08 24,51 25,14 5,14 1,2968 413  3 91135,632812 1
51,05 4792 1666 427,79 406,34 24,67 25,14 5,14 1,3342 413  3 91330,71875 1
51,15 4858 1675 420,75 418,48 24,53 25,14 5,14 1,3587 413  3 90555,359375 1
51,2 4726 1664 424,9 415,38 24,7 25,14 5,14 1,3976 413  3 90172,59375 1
51,34 4576 1636 427,21 410,07 25,15 25,14 5,14 1,4196 413  3 90651,554687 1
51,42 4635 1644 411,74 413,13 25,01 25,14 5,14 1,4533 413  3 90941,382812 1
51,47 4520 1628 405,93 416,22 25,28 25,14 5,14 1,4799 413  3 90172,59375 1
51,48 4380 1608 414,25 413,55 25,61 25,14 5,14 1,4914 413  3 90941,382812 1
43,69 37 430 1085,77 2445,47 98,04 25,14 5,14 0,0663 400  1 248543,6875 1
43,65 405 836 1010,94 2083,71 62,93 25,14 5,14 0,0965 400  1 237642,140625 1
43,95 3153 1420 790,43 1186,45 29,36 25,14 5,14 0,208 400  2 191940,015625 1
44,77 4906 1682 679,69 853,84 24,43 25,14 5,14 0,3171 401  2 143618,515625 1
45,67 5175 1721 597,66 660,19 23,85 25,14 5,14 0,4387 403  2 130445,859375 1
47,16 5163 1755 563,48 584,85 23,38 25,14 5,14 0,5439 406  2 121183,429687 1
47,16 5221 1774 522,69 504,27 23,12 25,14 5,14 0,6489 409  2 114362,296875 1
47,79 5189 1763 501,38 476,88 23,26 25,14 5,14 0,7334 411  2 109378,335937 1
48,37 5185 1762 477,21 463,2 23,4 25,14 5,14 0,8182 412  2 105588,78125 1
48,81 5161 1761 468,72 447,33 23,3 25,14 5,14 0,9747 414  2 102114,078125 1
49,23 5057 1719 452,36 433,18 23,87 25,14 5,14 1,0364 414  3 99669,070312 1
49,56 5140 1747 465,09 422,04 23,49 25,14 5,14 1,0836 415  3 96186,359375 1
49,87 5067 1723 449,0 426,34 23,82 25,14 5,14 1,1305 415  3 95008,351562 1
50,32 5006 1703 451,59 421,18 24,11 25,14 5,14 1,1752 415  3 93807,257812 1
50,55 4971 1691 446,88 420,75 24,29 25,14 5,14 1,2238 416  3 92318,789062 1
50,71 4852 1675 433,33 411,18 24,53 25,14 5,14 1,2626 416  3 90941,382812 1
50,87 4675 1650 436,27 409,51 24,92 25,14 5,14 1,3049 416  3 90459,367187 1
50,97 4789 1666 430,26 410,62 24,67 25,14 5,14 1,3703 416  3 90651,554687 1
51,13 4766 1663 422,18 416,64 24,72 25,14 5,14 1,3869 416  3 90555,359375 1
51,18 4914 1683 422,47 413,41 24,4 25,14 5,14 1,4027 416  3 90172,59375 1
51,28 4750 1660 435,68 413,13 24,75 25,14 5,14 1,4286 416  3 90651,554687 1
51,44 4700 1653 423,47 408,41 24,86 25,14 5,14 1,4456 416  3 90267,984375 1
51,44 4547 1641 412,71 413,13 25,05 25,14 5,14 1,4628 416  3 90941,382812 1
51,53 4474 1621 417,63 414,96 25,38 25,14 5,14 1,475 416  3 90555,359375 1
43,58 53 463 1120,87 2444,64 94,94 25,14 5,14 0,0659 400  1 249087,8125 1
43,72 48 453 1083,57 2466,25 95,9 25,14 5,14 0,071 400  1 209235,796875 1
44,47 4098 1611 719,21 937,45 25,56 25,14 5,14 0,146 400  1 170951,59375 1
44,47 5072 1724 652,41 727,29 23,8 25,14 5,14 0,2675 400  2 149926,796875 1
45,36 5172 1758 581,69 621,38 23,34 25,14 5,14 0,3737 402  2 135845,046875 1
46,21 5157 1752 554,02 560,44 23,41 25,14 5,14 0,575 406  2 125000,0 1
46,94 5220 1773 526,78 515,49 23,12 25,14 5,14 0,6655 408  2 117755,289062 1
47,59 5211 1769 486,5 477,85 23,18 25,14 5,14 0,7585 409  2 107045,789062 1
48,2 5165 1755 483,06 467,93 23,37 25,14 5,14 0,8372 410  2 103601,78125 1
49,1 5172 1758 490,47 455,59 23,34 25,14 5,14 0,9034 410  2 100490,679687 1
49,44 5092 1731 462,26 434,5 23,7 25,14 5,14 0,9724 411  2 98178,328125 1
49,79 5125 1725 452,36 428,22 23,78 25,14 5,14 1,0299 411  3 97061,609375 1
50,08 5012 1704 439,53 424,33 24,08 25,14 5,14 1,0871 411  3 95433,367187 1
50,28 5104 1735 444,77 421,18 23,65 25,14 5,14 1,1806 412  3 94482,375 1
50,49 4904 1682 429,39 420,75 24,42 25,14 5,14 1,2405 412  3 92219,023437 1
50,65 4838 1673 440,28 413,97 24,56 25,14 5,14 1,2758 412  3 90747,960937 1
50,77 4830 1688 421,18 410,49 24,33 25,14 5,14 1,313 412  3 91038,40625 1
51,14 5039 1713 432,01 413,13 23,95 25,14 5,14 1,3397 412  3 90941,382812 1
51,2 4571 1635 425,05 412,44 25,15 25,14 5,14 1,3656 412  3 90555,359375 1
51,2 4649 1646 415,1 409,65 24,97 25,14 5,14 1,3946 412  3 89793,054687 1
51,26 4829 1650 418,48 409,93 24,91 25,14 5,14 1,4247 412  3 90651,554687 1
51,31 4675 1650 430,99 413,13 24,91 25,14 5,14 1,4562 412  3 90172,59375 1
51,39 4571 1635 420,04 418,06 25,15 25,14 5,14 1,4708 412  3 90077,414062 1
51,48 4414 1613 407,99 417,77 25,52 25,14 5,14 1,4827 412  3 90747,960937 1
43,58 50 455 1082,47 2443,81 95,65 25,14 5,14 0,0648 400  1 247462,546875 1
43,54 465 855 1025,07 2048,74 60,26 25,14 5,14 0,0878 400  1 237973,5 1
43,6 3213 1430 792,85 1168,52 29,13 25,14 5,14 0,2024 400  2 192698,53125 1
44,14 4920 1684 659,97 832,44 24,39 25,14 5,14 0,3335 401  2 143016,765625 1
45,03 5140 1747 603,35 678,08 23,48 25,14 5,14 0,4472 403  2 130545,640625 1
46,69 5169 1747 567,31 580,91 23,47 25,14 5,14 0,5608 407  2 121701,921875 1
47,38 5173 1758 514,79 500,19 23,33 25,14 5,14 0,6563 409  2 115056,179687 1
47,95 5178 1760 495,14 472,23 23,3 25,14 5,14 0,7385 411  2 109518,71875 1
48,49 5127 1743 502,4 460,55 23,53 25,14 5,14 0,8284 413  2 105263,15625 1
48,87 5159 1744 478,34 440,57 23,52 25,14 5,14 0,9939 415  2 102175,210937 1
49,3 5117 1739 464,62 436,27 23,58 25,14 5,14 1,0575 415  3 99205,578125 1
49,65 5157 1752 439,83 430,84 23,4 25,14 5,14 1,1073 416  3 96294,90625 1
49,95 5081 1727 463,67 425,05 23,75 25,14 5,14 1,1553 416  3 94692,0625 1
50,43 5004 1702 438,49 427,93 24,11 25,14 5,14 1,1934 416  3 94169,578125 1
50,58 5016 1706 421,61 420,33 24,06 25,14 5,14 1,2333 416  3 92020,132812 1
50,74 5007 1703 432,59 417,07 24,1 25,14 5,14 1,2693 417  3 91921,007812 1
50,74 4831 1672 414,82 415,66 24,57 25,14 5,14 1,3076 417  3 91135,632812 1
50,88 4815 1669 422,18 415,8 24,6 25,14 5,14 1,3877 417  3 90651,554687 1
51,0 4757 1661 423,61 410,9 25,04 25,14 5,14 1,4116 417  3 90555,359375 1
51,1 4696 1666 420,75 411,6 24,65 25,14 5,14 1,4386 417  3 90363,570312 1
51,23 4776 1664 412,3 409,93 24,68 25,14 5,14 1,4553 417  3 90172,59375 1
51,35 4452 1618 427,65 418,76 25,42 25,14 5,14 1,4685 417  3 90363,570312 1
51,39 4373 1607 423,76 415,38 25,61 25,14 5,14 1,4796 417  3 91135,632812 1
51,47 4387 1642 417,63 415,66 25,03 25,14 5,14 1,4896 417  3 90555,359375 1
43,53 36 428 1098,71 2465,41 98,17 25,14 5,14 0,0617 400  1 247821,875 1
43,54 40 437 1117,09 2462,91 97,34 25,14 5,14 0,0661 400  1 209492,640625 1
43,88 4100 1624 692,22 928,61 25,33 25,14 5,14 0,1414 400  1 171639,296875 1
44,79 5096 1732 636,92 726,55 23,68 25,14 5,14 0,2618 400  2 149401,8125 1
45,65 5210 1770 574,46 622,85 23,15 25,14 5,14 0,3831 402  2 135199,359375 1
46,47 5156 1752 563,67 558,54 23,4 25,14 5,14 0,6221 407  2 125644,171875 1
47,17 5191 1764 539,41 510,8 23,24 25,14 5,14 0,7215 408  2 117918,007812 1
47,77 5215 1772 513,05 488,32 23,13 25,14 5,14 0,8047 410  2 107180,242187 1
48,38 5085 1770 492,63 465,72 23,15 25,14 5,14 0,8786 410  2 103664,710937 1
49,18 5123 1741 482,08 453,89 23,55 25,14 5,14 0,9461 411  2 100727,914062 1
49,57 5149 1750 455,59 432,89 23,43 25,14 5,14 1,0097 412  2 97952,9375 1
49,88 5168 1756 459,46 423,04 23,34 25,14 5,14 1,0698 412  3 96294,90625 1
50,11 5131 1734 447,33 424,9 23,65 25,14 5,14 1,1252 412  3 94902,6875 1
50,11 5052 1718 448,24 411,74 23,88 25,14 5,14 1,2173 413  3 93807,257812 1
50,32 4991 1694 435,53 413,41 24,23 25,14 5,14 1,249 413  3 92418,773437 1
50,58 4899 1681 439,53 416,22 24,42 25,14 5,14 1,2801 413  3 91233,070312 1
50,69 4790 1666 434,36 414,53 24,65 25,14 5,14 1,31 413  3 90844,570312 1
51,01 5030 1679 436,57 410,76 24,44 25,14 5,14 1,345 413  3 90747,960937 1
51,08 4751 1660 426,63 409,93 24,73 25,14 5,14 1,367 413  3 90555,359375 1
51,25 4697 1653 425,91 414,53 24,85 25,14 5,14 1,3983 413  3 90077,414062 1
51,28 4548 1632 415,8 415,8 25,19 25,14 5,14 1,4302 413  3 90172,59375 1
51,33 4633 1613 411,6 416,64 25,51 25,14 5,14 1,4744 413  3 90555,359375 1
51,38 4467 1620 422,47 415,94 25,38 25,14 5,14 1,496 413  3 89887,640625 1
51,45 4536 1630 408,82 412,99 25,22 25,14 5,14 1,5057 413  3 90077,414062 1
43,56 42 439 1089,82 2467,08 97,08 25,14 5,14 0,0615 400  1 248906,171875 1
43,53 206 868 994,65 2002,13 58,61 25,14 5,14 0,0875 400  1 237146,828125 1
43,67 3289 1442 792,58 1157,5 28,83 25,14 5,14 0,1952 400  2 192372,71875 1
44,41 4887 1679 690,59 820,97 24,44 25,14 5,14 0,3249 401  2 142777,46875 1
45,39 5098 1733 603,15 681,53 23,66 25,14 5,14 0,45 403  2 131046,835937 1
46,97 5185 1762 569,62 596,04 23,26 25,14 5,14 0,5532 407  2 122224,875 1
47,65 5234 1778 501,89 497,49 23,05 25,14 5,14 0,6465 409  2 114978,664062 1
48,2 5158 1753 489,31 484,86 23,38 25,14 5,14 0,7256 411  2 109378,335937 1
48,64 5110 1737 493,8 459,77 23,61 25,14 5,14 0,8088 413  2 105263,15625 1
48,64 5101 1734 469,2 448,55 23,65 25,14 5,14 0,9433 415  2 102114,078125 1
49,13 5108 1743 481,91 436,86 23,52 25,14 5,14 1,0064 415  2 99552,789062 1
49,49 5122 1741 450,98 426,63 23,55 25,14 5,14 1,0608 416  3 95700,9375 1
49,84 4917 1684 438,94 420,9 24,38 25,14 5,14 1,1176 416  3 94534,710937 1
50,25 5078 1726 451,14 420,47 23,75 25,14 5,14 1,1665 416  3 93858,84375 1
50,52 5036 1748 422,9 417,77 23,45 25,14 5,14 1,2112 416  3 92518,976562 1
50,65 4956 1689 428,22 409,65 24,29 25,14 5,14 1,2512 417  3 91428,570312 1
50,84 5046 1716 431,86 404,69 23,9 25,14 5,14 1,2961 417  3 91135,632812 1
50,98 4936 1686 426,63 409,79 24,34 25,14 5,14 1,3602 417  3 90363,570312 1
51,1 4940 1687 434,65 414,96 24,33 25,14 5,14 1,3877 417  3 90077,414062 1
51,19 4535 1679 430,26 415,66 24,44 25,14 5,14 1,4076 417  3 90459,367187 1
51,28 4556 1633 411,74 410,9 25,17 25,14 5,14 1,4249 417  3 90459,367187 1
51,42 4534 1630 423,18 413,83 25,22 25,14 5,14 1,4509 417  3 89887,640625 1
51,5 4615 1641 414,96 411,18 25,03 25,14 5,14 1,461 417  3 90747,960937 1
51,56 4368 1623 408,96 415,94 25,34 25,14 5,14 1,471 417  3 90555,359375 1
43,49 48 452 1099,46 2456,25 95,87 25,14 5,14 0,0606 400  1 249817,03125 1
43,59 38 432 1137,3 2479,64 97,71 25,14 5,14 0,0667 400  1 209107,609375 1
44,23 4156 1116 853,84 1601,87 39,54 25,14 5,14 0,1489 400  1 171123,0 1
45,12 5075 1725 645,82 716,54 23,77 25,14 5,14 0,2719 401  2 149010,484375 1
46,01 5147 1749 578,36 615,94 23,43 25,14 5,14 0,3927 402  2 134453,78125 1
46,81 5203 1768 545,1 548,43 23,18 25,14 5,14 0,5946 407  2 124362,398437 1
47,46 5130 1743 538,68 515,49 23,51 25,14 5,14 0,6796 409  2 117512,046875 1
47,46 5213 1726 504,1 485,35 23,75 25,14 5,14 0,7538 410  2 106911,671875 1
48,04 5110 1737 484,53 464,46 23,6 25,14 5,14 0,8313 411  2 103853,953125 1
48,55 5157 1753 474,79 451,75 23,38 25,14 5,14 0,9227 412  2 100490,679687 1
49,37 5093 1731 473,19 438,64 23,68 25,14 5,14 0,9962 412  2 98860,78125 1
49,71 5042 1714 461,8 425,34 23,92 25,14 5,14 1,0587 412  3 96512,726562 1
49,97 5038 1713 450,98 423,47 23,94 25,14 5,14 1,1171 413  3 94797,257812 1
50,2 5045 1715 447,94 410,76 23,9 25,14 5,14 1,1678 413  3 94273,617187 1
50,45 4914 1683 438,19 420,18 24,38 25,14 5,14 1,2389 413  3 92418,773437 1
50,62 4874 1695 450,22 418,76 24,2 25,14 5,14 1,2711 413  3 91822,09375 1
50,81 4965 1690 438,34 415,8 24,27 25,14 5,14 1,3107 413  3 90941,382812 1
50,96 4937 1686 436,71 412,3 24,33 25,14 5,14 1,3416 413  3 90459,367187 1
51,15 4890 1680 436,86 414,96 24,43 25,14 5,14 1,3639 413  3 90651,554687 1
51,28 4692 1653 419,05 410,9 24,84 25,14 5,14 1,3812 413  3 90747,960937 1
51,33 4521 1628 414,53 410,9 25,24 25,14 5,14 1,4006 413  3 90077,414062 1
51,44 4517 1628 420,47 416,64 25,25 25,14 5,14 1,4347 414  3 90747,960937 1
51,49 4568 1635 415,1 414,53 25,13 25,14 5,14 1,4595 414  3 90747,960937 1
51,52 4499 1625 423,18 413,69 25,29 25,14 5,14 1,4789 414  3 90747,960937 1
43,54 45 447 1112,18 2510,89 96,33 25,14 5,14 0,0576 400  1 250550,53125 1
43,53 554 882 1003,44 1951,29 56,87 25,14 5,14 0,0546 400  1 229339,3125 1
44,0 3423 1464 769,84 1145,42 28,35 25,14 5,14 0,1926 400  2 184837,546875 1
44,86 4926 1685 653,74 812,68 24,35 25,14 5,14 0,3129 401  2 157829,84375 1
45,79 5137 1713 598,67 657,96 23,94 25,14 5,14 0,4261 403  2 128869,875 1
45,79 5233 1778 561,58 578,75 23,04 25,14 5,14 0,5425 406  2 120498,9375 1
47,2 5235 1779 531,43 528,92 23,03 25,14 5,14 0,6353 409  2 114362,296875 1
47,84 5166 1756 508,04 470,15 23,34 25,14 5,14 0,7268 411  2 109448,484375 1
48,33 5159 1746 475,76 459,77 23,46 25,14 5,14 0,8074 412  2 104810,648437 1
48,83 5156 1752 474,47 439,38 23,38 25,14 5,14 0,8685 413  2 102114,078125 1
49,22 5116 1739 460,86 434,8 23,57 25,14 5,14 0,9953 415  2 98975,453125 1
49,62 5164 1755 459,77 435,68 23,34 25,14 5,14 1,0603 415  3 97728,570312 1
49,87 4956 1689 451,14 420,47 24,29 25,14 5,14 1,1089 416  3 95114,25 1
50,09 5052 1734 439,08 416,22 23,63 25,14 5,14 1,16 416  3 93858,84375 1
50,51 5010 1704 439,53 421,89 24,07 25,14 5,14 1,2004 416  3 91921,007812 1
50,7 4864 1676 425,91 411,6 24,48 25,14 5,14 1,2414 416  3 91921,007812 1
50,88 4856 1675 431,13 413,55 24,49 25,14 5,14 1,2739 416  3 91038,40625 1
51,01 4907 1658 428,22 411,6 24,76 25,14 5,14 1,3056 416  3 90941,382812 1
51,11 4887 1679 436,42 408,68 24,43 25,14 5,14 1,3656 417  3 91135,632812 1
51,22 4732 1658 411,6 411,18 24,76 25,14 5,14 1,3828 417  3 90267,984375 1
51,27 4743 1659 428,22 409,79 24,73 25,14 5,14 1,4091 417  3 90555,359375 1
51,38 4559 1633 410,76 411,88 25,15 25,14 5,14 1,4283 417  3 90363,570312 1
51,43 4449 1633 427,93 414,53 25,15 25,14 5,14 1,448 417  3 90172,59375 1
51,44 4595 1642 422,04 422,18 25,01 25,14 5,14 1,4575 417  3 90555,359375 1
43,6 56 468 1104,3 2496,48 94,33 25,14 5,14 0,0602 400  1 249269,71875 1
43,68 134 603 1092,04 2348,93 82,94 25,14 5,14 0,0695 400  1 202052,09375 1
43,79 2403 1292 843,5 1358,45 32,77 25,14 5,14 0,1686 400  1 166449,9375 1
45,55 4634 1644 711,22 905,64 24,98 25,14 5,14 0,2906 401  2 147084,171875 1
45,55 5117 1748 561,77 599,69 23,44 25,14 5,14 0,4156 402  2 132470,890625 1
46,35 5155 1752 547,13 550,85 23,38 25,14 5,14 0,5354 405  2 122664,109375 1
47,11 5178 1759 521,63 508,9 23,28 25,14 5,14 0,6402 408  2 115915,78125 1
47,76 5141 1747 505,13 488,15 23,45 25,14 5,14 0,8079 411  2 110368,617187 1
48,31 5162 1754 497,16 465,72 23,35 25,14 5,14 0,8819 412  2 105850,734375 1
48,77 5143 1718 475,92 446,73 23,85 25,14 5,14 0,9434 413  2 100078,1875 1
49,23 5142 1748 455,12 438,94 23,44 25,14 5,14 1,0142 413  2 97616,78125 1
49,89 5091 1730 460,08 429,68 23,68 25,14 5,14 1,0768 414  3 96841,3125 1
50,17 5024 1708 458,37 422,18 23,99 25,14 5,14 1,123 414  3 94797,257812 1
50,34 5036 1721 442,37 420,61 23,81 25,14 5,14 1,1637 414  3 94117,648437 1
50,55 4913 1683 437,31 418,2 24,37 25,14 5,14 1,2036 414  3 92318,789062 1
50,71 5015 1706 428,22 413,27 24,03 25,14 5,14 1,279 415  3 91330,71875 1
50,91 4928 1685 437,01 412,16 24,34 25,14 5,14 1,3205 415  3 91330,71875 1
51,05 4916 1683 437,45 410,76 24,36 25,14 5,14 1,3738 415  3 90747,960937 1
51,15 4669 1700 418,2 407,58 24,11 25,14 5,14 1,3992 415  3 90555,359375 1
51,37 4491 1624 417,92 413,97 25,3 25,14 5,14 1,418 415  3 90172,59375 1
51,37 4668 1649 412,71 421,32 24,89 25,14 5,14 1,4342 415  3 90459,367187 1
51,42 4601 1639 418,2 411,18 25,05 25,14 5,14 1,4524 415  3 89793,054687 1
51,47 4372 1633 425,91 414,96 25,15 25,14 5,14 1,4716 415  3 90651,554687 1
51,51 4487 1623 426,49 410,21 25,31 25,14 5,14 1,4966 415  3 89887,640625 1
43,52 34 447 1109,55 2467,92 96,26 25,14 5,14 0,0619 400  1 250000,0 1
43,56 1355 1084 904,41 1661,51 41,12 25,14 5,14 0,0613 400  1 213823,34375 1
44,3 4037 1558 764,91 1017,12 26,46 25,14 5,14 0,1245 400  1 174446,34375 1
44,3 5044 1715 645,82 771,67 23,9 25,14 5,14 0,2418 400  2 151524,125 1
45,22 5099 1772 581,1 621,17 23,11 25,14 5,14 0,4804 404  2 136061,65625 1
46,1 5238 1780 555,15 557,6 23,01 25,14 5,14 0,5722 406  2 126482,210937 1
46,83 5201 1767 524,64 518,46 23,17 25,14 5,14 0,6664 408  2 111814,804687 1
47,52 5168 1756 500,53 498,0 23,32 25,14 5,14 0,7715 409  2 107112,96875 1
48,6 5135 1745 500,36 469,84 23,47 25,14 5,14 0,8731 409  2 103790,796875 1
49,05 5157 1753 456,67 439,23 23,37 25,14 5,14 0,9596 410  2 101446,40625 1
49,43 5129 1743 470,79 439,08 23,49 25,14 5,14 1,0231 410  2 97896,75 1
49,77 5069 1723 461,95 429,39 23,77 25,14 5,14 1,0766 411  3 97061,609375 1
50,04 5062 1721 459,15 421,47 23,81 25,14 5,14 1,1724 411  3 94955,492187 1
50,23 5067 1723 454,2 421,18 23,78 25,14 5,14 1,2261 411  3 94013,953125 1
50,44 5018 1722 445,82 412,71 23,8 25,14 5,14 1,273 411  3 92119,46875 1
50,66 5023 1708 442,67 410,9 23,99 25,14 5,14 1,3 412  3 90941,382812 1
50,96 4954 1689 433,03 412,16 24,28 25,14 5,14 1,3213 412  3 90747,960937 1
51,09 4547 1632 421,04 411,6 25,17 25,14 5,14 1,3475 412  3 90363,570312 1
51,2 4929 1681 420,18 413,41 24,39 25,14 5,14 1,3788 412  3 90651,554687 1
51,2 4711 1655 431,42 411,88 24,79 25,14 5,14 1,4112 412  3 90555,359375 1
51,28 4742 1659 423,04 411,18 24,73 25,14 5,14 1,4629 412  3 90363,570312 1
51,34 4791 1666 421,32 406,48 24,62 25,14 5,14 1,4738 412  3 89887,640625 1
51,38 4669 1649 431,57 409,65 24,89 25,14 5,14 1,4795 412  3 90363,570312 1
51,49 4473 1623 412,58 407,72 25,3 25,14 5,14 1,4921 412  3 90363,570312 1
43,48 45 446 1078,81 2454,59 96,33 25,14 5,14 0,0577 400  1 251473,484375 1
43,45 149 625 1032,03 2300,94 81,14 25,14 5,14 0,0811 400  1 247821,875 1
43,41 2435 1298 826,83 1323,06 29,33 25,14 5,14 0,1817 400  2 164207,828125 1
43,97 4615 1667 665,8 834,14 24,61 25,14 5,14 0,3005 401  2 145330,6875 1
45,75 5146 1749 620,33 685,23 23,41 25,14 5,14 0,4111 403  2 131856,8125 1
46,55 5216 1772 546,57 543,81 23,1 25,14 5,14 0,5294 406  2 123195,382812 1
47,28 5230 1777 536,49 502,06 23,23 25,14 5,14 0,6349 408  2 115523,46875 1
47,87 5240 1753 511,32 473,99 23,35 25,14 5,14 0,7232 410  2 110083,851562 1
48,37 5168 1756 471,43 459,46 23,31 25,14 5,14 0,8853 412  2 106378,554687 1
48,86 5144 1748 476,24 449,31 23,42 25,14 5,14 0,9597 413  2 102666,9375 1
49,29 5034 1712 465,56 435,83 23,94 25,14 5,14 1,0206 413  2 98121,882812 1
49,63 5054 1718 451,75 430,11 23,84 25,14 5,14 1,0728 414  3 96078,0625 1
50,13 5083 1702 446,73 420,33 24,08 25,14 5,14 1,1325 414  3 95114,25 1
50,42 5037 1713 436,27 415,8 23,92 25,14 5,14 1,1904 414  3 94325,71875 1
50,55 5003 1702 443,72 421,32 24,08 25,14 5,14 1,2233 414  3 92020,132812 1
50,75 4786 1665 421,18 414,67 24,63 25,14 5,14 1,26 415  3 91822,09375 1
50,75 4856 1679 441,32 411,18 24,42 25,14 5,14 1,3341 415  3 90747,960937 1
50,88 4931 1685 419,62 414,67 24,32 25,14 5,14 1,3608 415  3 90747,960937 1
51,03 4717 1656 426,92 404,01 24,78 25,14 5,14 1,391 415  3 90267,984375 1
51,13 4824 1671 414,96 405,93 24,54 25,14 5,14 1,4106 415  3 90363,570312 1
51,33 4918 1684 428,22 411,74 24,34 25,14 5,14 1,4364 415  3 90172,59375 1
51,34 4773 1664 429,53 409,79 24,65 25,14 5,14 1,4621 415  3 90267,984375 1
51,43 4625 1643 417,49 409,93 24,98 25,14 5,14 1,48 415  3 90363,570312 1
51,53 4625 1643 421,61 411,18 24,98 25,14 5,14 1,4936 415  3 90172,59375 1
43,45 44 445 1095,74 2479,64 96,39 25,14 5,14 0,0587 400  1 249269,71875 1
43,43 1402 1095 925,47 1634,73 40,57 25,14 5,14 0,0584 400  1 213823,34375 1
43,68 3958 1546 748,26 1001,74 26,66 25,14 5,14 0,1224 400  1 174982,90625 1
44,53 4971 1691 627,72 759,49 24,24 25,14 5,14 0,2397 400  2 152881,453125 1
45,49 5187 1762 619,07 646,92 23,23 25,14 5,14 0,4764 404  2 136715,625 1
46,31 5183 1752 552,15 562,72 23,36 25,14 5,14 0,5896 406  2 125736,742187 1
47,05 5164 1755 518,82 518,82 23,33 25,14 5,14 0,6775 407  2 111741,59375 1
47,7 5193 1765 505,98 487,99 23,19 25,14 5,14 0,7695 408  2 107585,625 1
48,7 5124 1741 502,57 473,35 23,51 25,14 5,14 0,8396 409  2 103727,710937 1
49,15 5115 1738 459,46 440,13 23,56 25,14 5,14 0,9107 410  2 100609,15625 1
49,53 5137 1746 465,09 433,91 23,45 25,14 5,14 0,986 410  2 98803,546875 1
49,84 5189 1763 450,83 429,24 23,21 25,14 5,14 1,0439 411  3 96458,179687 1
49,84 5087 1729 458,21 417,92 23,68 25,14 5,14 1,1367 411  3 94797,257812 1
50,1 4995 1699 456,51 419,19 24,11 25,14 5,14 1,1797 411  3 94065,773437 1
50,3 5034 1712 444,32 411,88 23,93 25,14 5,14 1,2248 411  3 91526,632812 1
50,5 4953 1662 424,9 412,44 24,67 25,14 5,14 1,2618 411  3 91135,632812 1
50,89 4988 1697 436,27 414,53 24,15 25,14 5,14 1,2926 411  3 91330,71875 1
50,96 4814 1669 442,22 412,44 24,56 25,14 5,14 1,3202 412  3 90747,960937 1
51,14 4924 1685 435,09 412,71 24,33 25,14 5,14 1,3453 412  3 89982,421875 1
51,2 4892 1672 424,9 414,67 24,52 25,14 5,14 1,3888 412  3 90363,570312 1
51,29 4725 1657 407,58 409,51 24,75 25,14 5,14 1,4234 412  3 90172,59375 1
51,4 4575 1636 431,42 417,63 25,09 25,14 5,14 1,4436 412  3 89887,640625 1
51,42 4676 1650 427,93 413,27 24,86 25,14 5,14 1,4584 412  3 90267,984375 1
51,42 4623 1643 429,82 413,97 24,98 25,14 5,14 1,4737 412  3 90459,367187 1
43,37 41 439 1069,73 2454,59 96,95 25,14 5,14 0,054 400  1 250183,234375 1
43,45 212 708 1082,47 2283,09 74,96 25,14 5,14 0,0754 400  1 247283,265625 1
43,53 2716 1347 821,81 1284,24 31,15 25,14 5,14 0,1791 400  1 164683,171875 1
44,28 4584 1637 709,06 879,66 25,07 25,14 5,14 0,3009 401  2 145330,6875 1
46,08 5196 1738 627,3 687,32 23,56 25,14 5,14 0,4209 403  2 132060,875 1
46,82 5166 1756 554,59 541,05 23,31 25,14 5,14 0,5257 406  2 123462,742187 1
47,52 5203 1768 516,01 503,76 23,15 25,14 5,14 0,6275 408  2 115445,320312 1
48,08 5156 1752 486,17 478,83 23,36 25,14 5,14 0,7341 410  2 109589,039062 1
48,61 5213 1753 492,97 454,2 23,35 25,14 5,14 0,888 412  2 105068,75 1
48,61 5136 1746 468,57 447,79 23,45 25,14 5,14 0,9445 413  2 102852,554687 1
49,01 5110 1737 451,14 429,97 23,57 25,14 5,14 1,007 414  2 98009,1875 1
49,4 5090 1730 463,52 428,37 23,66 25,14 5,14 1,0637 414  3 96078,0625 1
50,0 5011 1704 458,84 421,18 24,03 25,14 5,14 1,1165 415  3 94955,492187 1
50,23 5004 1702 427,36 410,9 24,07 25,14 5,14 1,173 415  3 92518,976562 1
50,47 5026 1709 427,93 412,99 23,96 25,14 5,14 1,2207 415  3 91921,007812 1
50,6 4910 1683 442,82 414,53 24,35 25,14 5,14 1,2523 415  3 91233,070312 1
50,75 4950 1688 436,42 408,68 24,27 25,14 5,14 1,3154 415  3 91330,71875 1
50,91 4843 1673 426,49 411,18 24,62 25,14 5,14 1,34 415  3 90651,554687 1
51,06 4843 1668 426,49 412,71 24,58 25,14 5,14 1,3777 415  3 89982,421875 1
51,13 4533 1630 425,62 405,65 25,18 25,14 5,14 1,4117 415  3 90555,359375 1
51,33 4514 1627 420,75 411,74 25,22 25,14 5,14 1,4361 415  3 90747,960937 1
51,41 4587 1637 412,99 418,2 25,05 25,14 5,14 1,4607 415  3 90555,359375 1
51,48 4669 1623 416,08 409,38 25,29 25,14 5,14 1,4744 415  3 89698,671875 1
51,54 4557 1633 426,2 417,63 25,12 25,14 5,14 1,4909 416  3 90555,359375 1
43,37 42 441 1114,44 2483,0 96,79 25,14 5,14 0,056 400  1 251288,34375 1
43,39 954 990 977,63 1822,34 46,92 25,14 5,14 0,055 400  1 216673,71875 1
43,99 3859 1585 730,74 980,61 25,94 25,14 5,14 0,1142 400  1 175522,796875 1
44,86 5096 1732 654,4 749,28 23,63 25,14 5,14 0,2378 400  2 152744,625 1
45,84 5197 1766 576,99 631,77 23,17 25,14 5,14 0,4615 404  2 137044,96875 1
46,59 5143 1748 564,63 566,73 23,41 25,14 5,14 0,5608 406  2 126858,273437 1
46,59 5191 1764 519,52 516,01 23,19 25,14 5,14 0,6531 407  2 112182,296875 1
47,28 5153 1721 504,27 480,12 23,78 25,14 5,14 0,7435 408  2 108130,9375 1
48,35 5247 1783 481,1 474,95 22,94 25,14 5,14 0,8298 409  2 103538,929687 1
48,83 5063 1721 475,6 441,92 23,78 25,14 5,14 0,9116 410  2 100549,882812 1
49,23 5154 1752 466,67 428,95 23,36 25,14 5,14 0,9766 410  2 98461,539062 1
49,6 5106 1714 458,21 425,48 23,89 25,14 5,14 1,0445 410  3 97116,84375 1
49,89 5088 1730 448,55 416,93 23,66 25,14 5,14 1,1379 411  3 95220,382812 1
50,17 5025 1709 459,15 417,63 23,96 25,14 5,14 1,1792 411  3 94273,617187 1
50,4 5046 1716 442,67 409,24 23,86 25,14 5,14 1,2192 411  3 91822,09375 1
50,55 5032 1711 438,49 414,53 23,93 25,14 5,14 1,2551 411  3 91233,070312 1
50,95 4833 1689 424,9 405,51 24,25 25,14 5,14 1,2933 411  3 91330,71875 1
50,99 4993 1698 440,72 410,21 24,11 25,14 5,14 1,3172 411  3 90172,59375 1
51,12 4809 1669 423,76 411,6 24,56 25,14 5,14 1,3455 411  3 90363,570312 1
51,29 4649 1646 428,66 408,55 24,91 25,14 5,14 1,3785 411  3 90363,570312 1
51,31 4611 1648 427,36 407,99 24,89 25,14 5,14 1,4168 411  3 89604,476562 1
51,34 4641 1645 411,74 407,99 24,93 25,14 5,14 1,4379 411  3 90363,570312 1
51,34 4577 1636 423,76 412,02 25,07 25,14 5,14 1,4513 411  3 89793,054687 1
51,45 4529 1629 429,68 418,91 25,18 25,14 5,14 1,4721 411  3 90172,59375 1
43,33 38 454 1111,43 2477,12 95,52 25,14 5,14 0,0519 400  1 250000,0 1
43,39 268 771 1049,29 2216,1 70,63 25,14 5,14 0,0648 400  1 248362,84375 1
43,69 2901 1379 809,11 1255,44 30,3 25,14 5,14 0,1682 400  1 165001,609375 1
43,69 4791 1666 681,99 871,95 24,6 25,14 5,14 0,3008 401  2 145952,109375 1
45,49 5116 1739 622,01 696,93 23,53 25,14 5,14 0,4217 403  2 133194,59375 1
46,33 5208 1769 530,0 531,79 23,12 25,14 5,14 0,5309 406  2 123195,382812 1
47,06 5160 1754 516,71 507,7 23,33 25,14 5,14 0,6527 408  2 115523,46875 1
47,68 5174 1758 502,4 480,94 23,26 25,14 5,14 0,7391 410  2 110368,617187 1
48,23 5176 1759 482,73 459,46 23,26 25,14 5,14 0,895 413  2 105982,195312 1
48,75 5241 1770 473,51 446,13 23,1 25,14 5,14 0,9762 413  2 102236,421875 1
49,16 5118 1740 475,11 441,47 23,52 25,14 5,14 1,032 414  2 98348,0625 1
49,44 5106 1736 446,73 424,9 23,57 25,14 5,14 1,0923 414  3 96240,601562 1
50,07 5017 1706 442,52 425,91 23,99 25,14 5,14 1,1314 415  3 95114,25 1
50,31 5029 1711 438,64 413,13 23,93 25,14 5,14 1,1709 415  3 94065,773437 1
50,55 5002 1701 443,72 411,18 24,07 25,14 5,14 1,2123 415  3 92020,132812 1
50,65 4846 1674 436,12 412,58 24,48 25,14 5,14 1,2504 415  3 91428,570312 1
50,82 4685 1651 421,04 411,18 24,83 25,14 5,14 1,3203 416  3 91038,40625 1
50,95 4822 1670 431,13 409,51 24,53 25,14 5,14 1,3503 416  3 91038,40625 1
51,09 4807 1668 434,5 407,99 24,56 25,14 5,14 1,3757 416  3 90844,570312 1
51,09 4749 1648 432,89 410,49 24,87 25,14 5,14 1,4006 416  3 89793,054687 1
51,36 4718 1656 432,74 411,74 24,75 25,14 5,14 1,4156 416  3 89982,421875 1
51,33 4642 1645 430,99 407,72 24,92 25,14 5,14 1,4349 416  3 90077,414062 1
51,43 4616 1642 426,2 413,27 24,98 25,14 5,14 1,4497 416  3 90363,570312 1
51,5 4542 1603 412,16 417,77 25,61 25,14 5,14 1,466 416  3 90363,570312 1
43,38 34 423 1110,68 2472,1 98,37 25,14 5,14 0,0529 400  1 252030,515625 1
43,28 958 438 1124,29 2504,1 96,98 25,14 5,14 0,0522 400  1 214225,9375 1
43,49 3966 1590 748,26 969,39 25,84 25,14 5,14 0,1152 400  1 174982,90625 1
44,28 5044 1715 662,43 747,5 23,86 25,14 5,14 0,2331 400  2 152881,453125 1
45,2 5097 1733 571,16 633,06 23,61 25,14 5,14 0,4653 404  2 137265,421875 1
46,12 5154 1752 551,78 561,96 23,35 25,14 5,14 0,5706 406  2 126108,375 1
46,83 5154 1752 545,65 516,89 23,35 25,14 5,14 0,6714 408  2 111888,109375 1
47,55 5266 1752 520,22 491,8 23,34 25,14 5,14 0,752 409  2 107450,15625 1
48,55 5189 1763 488,48 463,52 23,19 25,14 5,14 0,8417 409  2 103980,5 1
49,05 5164 1745 495,14 453,43 23,44 25,14 5,14 0,9084 410  2 100549,882812 1
49,42 5079 1729 451,59 430,7 23,66 25,14 5,14 0,9754 410  2 98518,375 1
49,74 5010 1704 449,61 429,39 24,02 25,14 5,14 1,0313 411  2 96896,289062 1
49,94 5037 1713 449,31 421,18 23,9 25,14 5,14 1,1313 411  3 95486,757812 1
50,21 5047 1716 456,05 416,08 23,85 25,14 5,14 1,1816 411  3 94587,101562 1
50,43 4994 1694 447,18 413,83 24,16 25,14 5,14 1,224 411  3 91624,914062 1
50,63 5028 1680 438,05 414,11 24,38 25,14 5,14 1,2632 412  3 90941,382812 1
50,84 5134 1745 422,47 414,53 23,44 25,14 5,14 1,2948 412  3 90941,382812 1
50,94 4843 1673 447,18 411,32 24,48 25,14 5,14 1,3257 412  3 89698,671875 1
51,06 4859 1676 418,62 412,99 24,44 25,14 5,14 1,3638 412  3 90555,359375 1
51,17 4739 1638 415,38 407,44 25,03 25,14 5,14 1,3867 412  3 89793,054687 1
51,22 4696 1653 426,92 411,32 24,79 25,14 5,14 1,4139 412  3 90651,554687 1
51,34 4503 1626 416,64 404,69 25,23 25,14 5,14 1,455 412  3 90267,984375 1
51,41 4651 1646 419,05 412,3 24,89 25,14 5,14 1,4878 412  3 90077,414062 1
51,45 4723 1657 416,36 414,11 25,62 25,14 5,14 1,4979 412  3 90555,359375 1
43,31 43 442 1132,7 2489,73 96,59 25,14 5,14 0,0529 400  1 250550,53125 1
43,29 305 803 1036,93 2175,23 68,16 25,14 5,14 0,0648 400  1 240997,875 1
43,35 2886 1376 815,43 1242,34 30,36 25,14 5,14 0,1757 400  1 192916,359375 1
44,0 4593 1706 677,62 806,92 23,99 25,14 5,14 0,2933 401  2 143739,46875 1
44,95 5179 1760 593,43 652,41 23,23 25,14 5,14 0,4152 403  2 130645,570312 1
46,66 5150 1750 560,63 587,23 23,37 25,14 5,14 0,5357 406  2 121355,773437 1
47,33 5174 1758 509,59 504,96 23,26 25,14 5,14 0,6246 408  2 115211,523437 1
47,89 5228 1774 484,04 478,99 23,05 25,14 5,14 0,7183 410  2 108889,835937 1
48,39 5167 1756 504,27 457,13 23,29 25,14 5,14 0,7871 412  2 104746,320312 1
48,9 5089 1730 462,26 450,37 23,65 25,14 5,14 0,9264 414  2 101748,804687 1
49,27 5089 1730 467,61 435,53 23,65 25,14 5,14 1,0035 414  2 99494,75 1
49,62 5123 1741 460,39 423,61 23,49 25,14 5,14 1,0673 415  3 96186,359375 1
49,9 5027 1753 459,3 425,62 23,32 25,14 5,14 1,1286 415  3 94377,882812 1
50,37 5039 1713 460,39 417,07 23,88 25,14 5,14 1,1737 415  3 92518,976562 1
50,37 4984 1693 430,84 412,71 24,18 25,14 5,14 1,2096 415  3 91822,09375 1
50,54 4936 1686 432,89 414,25 24,28 25,14 5,14 1,2521 415  3 91723,398437 1
50,75 5006 1661 423,33 406,75 24,66 25,14 5,14 1,2829 416  3 90651,554687 1
50,87 4802 1668 438,05 409,1 24,56 25,14 5,14 1,3408 416  3 90747,960937 1
51,04 4876 1678 422,32 411,74 24,4 25,14 5,14 1,3652 416  3 90555,359375 1
51,16 4805 1668 424,76 413,13 24,55 25,14 5,14 1,3928 416  3 89604,476562 1
51,21 4717 1656 415,24 408,96 24,74 25,14 5,14 1,4238 416  3 90747,960937 1
51,41 4523 1628 430,4 404,56 24,78 25,14 5,14 1,4447 416  3 90363,570312 1
51,47 4530 1629 429,09 413,69 25,17 25,14 5,14 1,4773 416  3 89982,421875 1
51,52 4497 1625 428,22 412,44 25,24 25,14 5,14 1,4951 416  3 90459,367187 1
43,2 44 444 1106,55 2457,08 96,39 25,14 5,14 0,0489 400  1 252030,515625 1
43,19 55 467 1083,21 2453,76 94,26 25,14 5,14 0,0584 400  1 207834,375 1
43,73 1796 1177 896,79 1499,06 36,76 25,14 5,14 0,148 400  1 170439,421875 1
44,6 5030 1751 642,34 708,34 23,35 25,14 5,14 0,272 401  2 149532,703125 1
45,54 5187 1762 594,43 608,27 23,19 25,14 5,14 0,3974 402  2 135199,359375 1
46,33 5145 1749 555,71 546,39 23,38 25,14 5,14 0,4921 405  2 125275,265625 1
47,1 5181 1761 525,0 508,04 23,22 25,14 5,14 0,6828 409  2 116868,296875 1
47,7 5183 1761 525,18 493,47 23,21 25,14 5,14 0,7715 410  2 110798,53125 1
48,28 5190 1738 495,31 456,98 23,53 25,14 5,14 0,84 411  2 102914,570312 1
48,74 5089 1730 490,97 445,67 23,64 25,14 5,14 0,9238 412  2 100727,914062 1
49,54 5084 1728 472,07 443,87 23,66 25,14 5,14 0,9838 412  2 98291,421875 1
49,78 5094 1732 440,72 424,9 23,61 25,14 5,14 1,0432 413  3 96731,53125 1
50,11 5029 1732 454,2 418,2 23,61 25,14 5,14 1,0909 413  3 94797,257812 1
50,11 5014 1705 445,37 420,33 23,99 25,14 5,14 1,1299 413  3 94169,578125 1
50,29 4999 1700 440,28 411,74 24,07 25,14 5,14 1,2185 414  3 92219,023437 1
50,51 4862 1676 430,7 412,02 24,43 25,14 5,14 1,2503 414  3 91330,71875 1
50,67 4957 1689 437,9 406,34 24,23 25,14 5,14 1,2822 414  3 90941,382812 1
50,84 4877 1687 425,91 408,27 24,25 25,14 5,14 1,3091 414  3 90747,960937 1
51,08 4795 1667 415,38 402,37 24,57 25,14 5,14 1,3389 414  3 89982,421875 1
51,18 4602 1640 408,82 409,1 25,0 25,14 5,14 1,3684 414  3 90172,59375 1
51,27 4561 1634 416,64 415,66 25,09 25,14 5,14 1,3934 414  3 90555,359375 1
51,38 4616 1633 430,4 411,6 25,1 25,14 5,14 1,4168 414  3 89793,054687 1
51,43 4586 1637 422,18 410,9 25,03 25,14 5,14 1,4641 414  3 90363,570312 1
51,47 4401 1611 427,93 411,18 25,47 25,14 5,14 1,4763 414  3 90172,59375 1
43,14 48 454 1109,17 2499,86 95,45 25,14 5,14 0,0501 400  1 252777,09375 1
43,13 318 964 982,94 1855,33 48,92 25,14 5,14 0,0473 400  1 230578,703125 1
43,39 3626 1495 773,76 1081,01 27,61 25,14 5,14 0,1808 400  1 183842,015625 1
44,22 5021 1707 668,51 798,77 23,96 25,14 5,14 0,3064 401  2 158563,015625 1
45,17 5144 1748 612,2 663,32 23,38 25,14 5,14 0,4356 403  2 128772,632812 1
46,03 5189 1763 578,36 581,5 23,18 25,14 5,14 0,5481 407  2 120159,585937 1
47,52 5182 1755 526,42 534,32 23,3 25,14 5,14 0,6447 409  2 114132,859375 1
48,07 5125 1789 512,53 495,81 22,84 25,14 5,14 0,7346 411  2 108543,5625 1
48,55 5107 1736 482,89 456,82 23,55 25,14 5,14 0,813 413  2 105263,15625 1
49,0 5171 1757 486,17 442,22 23,26 25,14 5,14 0,8774 414  2 102114,078125 1
49,0 5095 1741 468,57 435,09 23,49 25,14 5,14 1,0056 416  2 98975,453125 1
49,38 5085 1729 460,55 422,9 23,65 25,14 5,14 1,0629 416  3 97172,140625 1
49,68 5086 1729 462,26 422,18 23,65 25,14 5,14 1,1322 416  3 94221,570312 1
49,93 5067 1723 433,33 415,38 23,73 25,14 5,14 1,1769 417  3 92418,773437 1
50,41 4994 1699 450,07 420,75 24,08 25,14 5,14 1,2256 417  3 91921,007812 1
50,57 4793 1687 428,8 413,97 24,26 25,14 5,14 1,2578 417  3 91526,632812 1
50,78 4934 1686 430,55 412,58 24,27 25,14 5,14 1,2976 417  3 90844,570312 1
50,88 4970 1691 429,39 410,76 24,2 25,14 5,14 1,3327 417  3 90747,960937 1
51,06 4820 1690 432,01 408,41 24,2 25,14 5,14 1,3871 417  3 90459,367187 1
51,13 4592 1638 412,99 406,06 25,01 25,14 5,14 1,4206 417  3 90077,414062 1
51,26 4746 1660 418,2 409,79 24,67 25,14 5,14 1,4368 417  3 90651,554687 1
51,33 4697 1653 426,2 410,49 24,78 25,14 5,14 1,4569 417  3 89982,421875 1
51,41 4350 1603 414,25 411,18 25,59 25,14 5,14 1,4697 417  3 90363,570312 1
51,49 4554 1608 412,02 408,41 25,52 25,14 5,14 1,483 417  3 90459,367187 1
43,19 33 421 1151,64 2506,64 98,54 25,14 5,14 0,0463 400  1 251658,890625 1
43,09 71 497 1106,18 2488,05 91,53 25,14 5,14 0,0589 400  1 204350,421875 1
43,24 1912 1347 822,64 1285,98 31,09 25,14 5,14 0,1529 400  1 167594,109375 1
44,9 4627 1643 697,16 877,28 24,94 25,14 5,14 0,2784 401  2 148621,1875 1
45,75 5213 1771 602,13 608,89 23,07 25,14 5,14 0,4054 402  2 133821,21875 1
46,59 5106 1736 553,27 550,85 23,55 25,14 5,14 0,5117 406  2 124091,132812 1
47,33 5202 1755 527,49 513,05 23,29 25,14 5,14 0,6026 408  2 116469,515625 1
47,84 5212 1771 500,02 477,21 23,07 25,14 5,14 0,7896 411  2 111014,742187 1
47,84 5162 1754 489,64 459,15 23,3 25,14 5,14 0,8664 412  2 106113,992187 1
48,39 5075 1725 490,31 452,36 23,69 25,14 5,14 0,937 413  2 100078,1875 1
48,9 5070 1724 471,43 438,19 23,72 25,14 5,14 1,0034 413  2 98065,507812 1
49,58 5109 1729 449,31 426,92 23,64 25,14 5,14 1,0622 414  3 96512,726562 1
49,9 5085 1729 438,94 420,33 23,65 25,14 5,14 1,1128 414  3 95433,367187 1
50,13 5037 1713 457,13 414,96 23,87 25,14 5,14 1,1641 414  3 94534,710937 1
50,4 5063 1721 428,95 418,06 23,75 25,14 5,14 1,203 414  3 94430,101562 1
50,53 4900 1672 438,05 405,1 24,48 25,14 5,14 1,2784 415  3 91526,632812 1
50,76 4834 1672 428,37 409,79 24,48 25,14 5,14 1,3014 415  3 91428,570312 1
50,86 4904 1682 437,31 410,9 24,33 25,14 5,14 1,3365 415  3 90747,960937 1
51,01 4760 1662 412,3 411,18 24,63 25,14 5,14 1,3561 415  3 90555,359375 1
51,23 4627 1643 415,24 402,78 24,93 25,14 5,14 1,3795 415  3 89510,492187 1
51,31 4642 1645 421,47 404,97 24,89 25,14 5,14 1,4027 415  3 90267,984375 1
51,38 4615 1641 422,18 404,42 24,95 25,14 5,14 1,4341 415  3 89982,421875 1
51,43 4458 1619 425,77 412,3 25,32 25,14 5,14 1,454 415  3 90555,359375 1
51,52 4457 1619 407,99 407,99 25,32 25,14 5,14 1,48 415  3 91135,632812 1
43,03 49 454 1127,34 2496,48 95,39 25,14 5,14 0,0468 400  1 252403,25 1
43,1 880 972 903,8 1527,74 38,61 25,14 5,14 0,0459 400  1 218057,921875 1
43,59 4286 1594 762,06 978,29 25,74 25,14 5,14 0,1028 400  1 175884,578125 1
44,54 5052 1718 652,64 740,45 23,8 25,14 5,14 0,2192 400  1 152335,609375 1
45,46 5191 1764 613,44 634,77 23,16 25,14 5,14 0,4411 404  2 137708,453125 1
46,33 5272 1791 564,24 569,23 22,8 25,14 5,14 0,552 406  2 126952,640625 1
47,01 5117 1739 526,78 510,63 23,49 25,14 5,14 0,6501 407  2 111814,804687 1
47,63 5232 1746 500,02 487,33 23,4 25,14 5,14 0,7426 408  2 107045,789062 1
48,2 5154 1751 510,11 466,98 23,33 25,14 5,14 0,8123 409  2 103538,929687 1
48,71 5112 1738 479,64 439,98 23,52 25,14 5,14 0,89 409  2 101205,773437 1
49,09 5157 1752 467,61 436,12 23,31 25,14 5,14 0,9566 410  2 98746,382812 1
49,45 5105 1718 456,51 425,48 23,79 25,14 5,14 1,017 410  2 97061,609375 1
49,78 4974 1691 447,79 417,07 24,18 25,14 5,14 1,1367 411  3 94849,945312 1
50,03 5036 1713 438,34 413,97 23,87 25,14 5,14 1,1769 411  3 94325,71875 1
50,23 4996 1699 433,77 415,1 24,07 25,14 5,14 1,2126 411  3 91921,007812 1
50,47 4997 1700 444,77 410,35 24,06 25,14 5,14 1,2493 411  3 91330,71875 1
50,83 5006 1668 443,27 410,62 24,53 25,14 5,14 1,2823 411  3 90844,570312 1
50,94 4659 1648 421,18 406,89 24,85 25,14 5,14 1,3144 411  3 90267,984375 1
51,03 4696 1653 430,4 413,69 24,77 25,14 5,14 1,343 411  3 90363,570312 1
51,14 4632 1644 432,3 407,44 24,91 25,14 5,14 1,3739 411  3 89793,054687 1
51,25 4761 1663 424,47 406,06 24,61 25,14 5,14 1,4125 411  3 90172,59375 1
51,31 4448 1618 407,03 406,48 25,34 25,14 5,14 1,4309 411  3 89793,054687 1
51,42 4707 1654 433,03 415,38 24,74 25,14 5,14 1,4431 411  3 89793,054687 1
51,47 4601 1639 413,83 405,93 24,98 25,14 5,14 1,4577 411  3 90172,59375 1
42,95 33 434 1141,93 2484,68 97,21 25,14 5,14 0,0436 400  1 252590,03125 1
43,0 218 715 1047,51 2216,85 74,38 25,14 5,14 0,0603 400  1 250183,234375 1
43,33 2708 1346 842,36 1267,83 31,12 25,14 5,14 0,168 400  1 166612,4375 1
44,21 4603 1640 683,15 855,0 24,98 25,14 5,14 0,3025 401  2 146453,09375 1
45,13 5115 1738 641,25 698,58 23,5 25,14 5,14 0,4193 403  2 133090,71875 1
46,06 5258 1786 553,27 541,6 22,86 25,14 5,14 0,5109 406  2 123195,382812 1
46,75 5151 1750 527,31 504,62 23,34 25,14 5,14 0,621 409  2 115601,71875 1
47,38 5144 1748 511,84 467,77 23,37 25,14 5,14 0,7062 411  2 110368,617187 1
48,01 5130 1744 499,01 457,13 23,43 25,14 5,14 0,8669 413  2 105719,59375 1
48,49 5149 1749 475,11 443,42 23,35 25,14 5,14 0,9373 414  2 102728,734375 1
48,91 5085 1729 468,25 437,75 23,64 25,14 5,14 0,999 415  2 97952,9375 1
49,27 5123 1741 465,56 428,95 23,46 25,14 5,14 1,059 415  3 96024,007812 1
49,95 5102 1734 446,58 426,34 23,56 25,14 5,14 1,1294 415  3 94587,101562 1
50,19 5003 1697 445,67 412,71 24,1 25,14 5,14 1,1813 416  3 92720,03125 1
50,36 5052 1718 444,62 414,25 23,79 25,14 5,14 1,2182 416  3 91526,632812 1
50,54 5005 1702 435,24 419,19 24,02 25,14 5,14 1,2575 416  3 91526,632812 1
50,7 4963 1690 433,18 410,49 24,2 25,14 5,14 1,3203 416  3 91330,71875 1
50,87 4935 1686 427,93 407,44 24,25 25,14 5,14 1,3464 416  3 90941,382812 1
51,02 4970 1663 426,34 410,07 24,6 25,14 5,14 1,3752 416  3 89982,421875 1
51,1 5021 1708 438,94 407,44 23,94 25,14 5,14 1,4025 416  3 90267,984375 1
51,23 4533 1630 433,91 409,93 25,13 25,14 5,14 1,4334 416  3 89698,671875 1
51,27 4670 1649 427,93 408,68 24,82 25,14 5,14 1,4632 416  3 89982,421875 1
51,33 4446 1593 402,92 410,9 25,75 25,14 5,14 1,4786 416  3 89982,421875 1
51,42 4493 1624 427,36 412,02 25,22 25,14 5,14 1,4926 416  3 90555,359375 1
42,96 30 415 1089,09 2490,57 99,01 25,14 5,14 0,0436 400  1 254283,578125 1
42,94 982 997 957,65 1779,07 46,33 25,14 5,14 0,0425 400  1 218616,5625 1
43,08 3598 1587 757,69 964,16 25,86 25,14 5,14 0,0979 400  1 175703,5 1
43,84 4988 1697 662,43 749,02 24,1 25,14 5,14 0,2119 400  1 153431,21875 1
44,79 5117 1739 616,35 625,39 23,49 25,14 5,14 0,4467 404  2 137375,90625 1
45,72 5072 1724 557,41 567,31 23,69 25,14 5,14 0,5761 406  2 127141,789062 1
46,49 5199 1766 540,5 528,21 23,12 25,14 5,14 0,6662 407  2 112403,953125 1
47,2 5207 1756 522,69 483,55 23,26 25,14 5,14 0,7431 408  2 107857,59375 1
48,34 5148 1750 491,3 472,23 23,34 25,14 5,14 0,8308 409  2 103727,710937 1
48,8 5050 1717 459,77 443,42 23,8 25,14 5,14 0,8964 410  2 101085,882812 1
49,11 5060 1720 461,01 429,97 23,75 25,14 5,14 0,9588 410  2 98803,546875 1
49,51 5070 1705 461,01 427,21 23,98 25,14 5,14 1,0252 410  2 96786,390625 1
49,83 5036 1712 449,76 423,47 23,86 25,14 5,14 1,1367 411  3 95593,726562 1
50,06 5010 1704 440,28 420,04 23,98 25,14 5,14 1,1843 411  3 94482,375 1
50,25 5032 1711 455,59 414,53 23,88 25,14 5,14 1,2247 411  3 92020,132812 1
50,53 4933 1686 442,67 411,6 24,25 25,14 5,14 1,2603 411  3 91330,71875 1
50,65 4960 1655 444,92 404,28 24,73 25,14 5,14 1,2958 411  3 90941,382812 1
50,81 5000 1695 437,31 406,75 24,11 25,14 5,14 1,328 411  3 90459,367187 1
50,94 4710 1655 414,25 410,62 24,73 25,14 5,14 1,3592 411  3 90747,960937 1
51,0 4722 1656 425,62 412,99 24,7 25,14 5,14 1,3832 411  3 89604,476562 1
51,17 4650 1646 436,42 403,32 24,86 25,14 5,14 1,4399 411  3 90172,59375 1
51,23 4516 1647 412,99 403,6 24,85 25,14 5,14 1,4583 411  3 89793,054687 1
51,29 4567 1635 432,89 409,65 25,05 25,14 5,14 1,464 411  3 90844,570312 1
51,37 4408 1612 424,19 411,18 25,42 25,14 5,14 1,4979 411  3 90651,554687 1
42,94 26 436 1155,54 2491,42 97,01 25,14 5,14 0,0415 400  1 254853,15625 1
42,93 270 773 1009,23 2222,11 70,39 25,14 5,14 0,057 400  1 252030,515625 1
42,91 2847 1369 840,94 1257,57 30,48 25,14 5,14 0,1542 400  1 165321,28125 1
43,51 4819 1670 710,5 864,31 24,49 25,14 5,14 0,2696 401  2 145827,40625 1
45,42 5130 1744 626,66 694,1 23,42 25,14 5,14 0,375 402  2 133194,59375 1
46,3 5159 1753 530,72 528,74 23,29 25,14 5,14 0,4902 405  2 123284,375 1
46,99 5154 1752 513,05 499,01 23,31 25,14 5,14 0,582 408  2 116152,453125 1
47,63 5226 1775 510,8 480,45 22,99 25,14 5,14 0,667 409  2 110654,851562 1
48,13 5173 1758 477,85 453,59 23,23 25,14 5,14 0,8332 412  2 106048,054687 1
48,64 5155 1752 460,24 440,28 23,61 25,14 5,14 0,8977 412  2 102605,210937 1
49,0 5074 1725 464,3 435,68 23,68 25,14 5,14 0,9583 413  2 98178,328125 1
49,42 5059 1720 472,55 427,5 23,75 25,14 5,14 1,0229 413  2 96676,734375 1
49,96 5072 1724 460,55 421,18 23,69 25,14 5,14 1,079 413  3 94692,0625 1
50,22 5052 1718 444,17 415,38 24,23 25,14 5,14 1,1432 414  3 94273,617187 1
50,22 4922 1719 452,67 403,73 23,76 25,14 5,14 1,1923 414  3 92418,773437 1
50,42 5058 1720 447,18 413,83 23,75 25,14 5,14 1,2407 414  3 91428,570312 1
50,65 4875 1678 439,38 403,87 24,37 25,14 5,14 1,3121 414  3 91330,71875 1
50,71 4816 1670 422,04 410,07 24,49 25,14 5,14 1,3383 414  3 91233,070312 1
50,91 4862 1676 424,33 409,38 24,39 25,14 5,14 1,3597 414  3 90172,59375 1
51,03 4738 1642 427,21 410,21 24,93 25,14 5,14 1,3781 414  3 90363,570312 1
51,23 4651 1646 408,96 404,83 24,85 25,14 5,14 1,3939 414  3 89793,054687 1
51,3 4632 1644 426,92 406,48 24,89 25,14 5,14 1,4184 414  3 90267,984375 1
51,33 4572 1635 429,97 409,1 25,03 25,14 5,14 1,4388 414  3 90172,59375 1
51,42 4650 1615 413,41 410,9 25,37 25,14 5,14 1,4686 414  3 90747,960937 1
42,93 30 413 1152,81 2526,23 99,14 25,14 5,14 0,0407 400  1 254663,015625 1
42,89 1027 1008 921,09 1764,08 45,55 25,14 5,14 0,0399 400  1 217918,703125 1
43,24 3537 1589 721,4 964,48 25,81 25,14 5,14 0,0923 400  1 178459,390625 1
44,15 5082 1728 655,29 748,77 23,64 25,14 5,14 0,2016 400  1 153018,53125 1
45,12 5176 1759 582,88 636,28 23,21 25,14 5,14 0,4176 404  2 138042,59375 1
45,94 5197 1766 559,3 565,01 23,12 25,14 5,14 0,5417 405  2 126576,023437 1
46,81 5165 1755 541,79 522,16 23,26 25,14 5,14 0,6347 407  2 111814,804687 1
47,4 5156 1752 516,36 493,47 23,5 25,14 5,14 0,7336 408  2 107585,625 1
48,45 5085 1750 499,69 462,26 23,33 25,14 5,14 0,8203 408  2 104107,359375 1
48,9 5142 1748 484,7 439,53 23,36 25,14 5,14 0,8859 409  2 100906,585937 1
49,35 5111 1737 472,23 435,24 23,5 25,14 5,14 0,9523 409  2 98975,453125 1
49,35 5175 1759 461,8 425,91 23,21 25,14 5,14 1,0068 410  2 96951,335937 1
49,65 5070 1699 453,59 420,33 24,05 25,14 5,14 1,1111 410  3 95326,757812 1
49,96 5054 1718 438,64 417,49 23,77 25,14 5,14 1,1598 410  3 93962,195312 1
50,13 4996 1694 454,2 409,79 24,11 25,14 5,14 1,2051 410  3 91921,007812 1
50,35 4964 1690 442,07 410,76 24,18 25,14 5,14 1,2525 410  3 91233,070312 1
50,73 4931 1686 421,32 411,74 24,25 25,14 5,14 1,2841 410  3 91038,40625 1
50,86 4963 1690 439,98 410,49 24,18 25,14 5,14 1,3068 410  3 90077,414062 1
51,0 4927 1685 421,75 408,27 24,25 25,14 5,14 1,339 411  3 89982,421875 1
51,11 4709 1655 432,16 406,89 24,72 25,14 5,14 1,3707 411  3 90077,414062 1
51,19 4608 1640 427,36 401,69 24,94 25,14 5,14 1,411 411  3 90172,59375 1
51,24 4743 1645 442,37 410,76 24,88 25,14 5,14 1,4242 411  3 89793,054687 1
51,4 4475 1622 429,09 401,96 25,25 25,14 5,14 1,4423 411  3 89793,054687 1
51,41 4629 1643 426,2 411,18 24,89 25,14 5,14 1,4637 411  3 90651,554687 1
42,84 36 427 1164,57 2510,04 97,84 25,14 5,14 0,0389 400  1 255234,296875 1
42,88 88 809 1011,97 2197,43 66,86 25,14 5,14 0,049 400  1 250366,75 1
42,98 2906 1379 820,69 1235,21 30,21 25,14 5,14 0,1491 400  1 166287,75 1
43,9 4749 1660 711,22 864,6 24,63 25,14 5,14 0,263 401  2 146704,875 1
45,69 5093 1731 653,74 688,49 23,58 25,14 5,14 0,3898 403  2 133507,171875 1
46,49 5078 1762 545,65 537,4 23,16 25,14 5,14 0,5021 406  2 123373,492187 1
47,21 5224 1775 519,34 500,02 22,99 25,14 5,14 0,6171 408  2 115758,53125 1
47,76 5140 1747 520,4 477,69 23,37 25,14 5,14 0,715 410  2 110511,546875 1
47,76 5093 1731 495,31 457,75 23,58 25,14 5,14 0,8698 412  2 105719,59375 1
48,32 5139 1747 485,35 445,67 23,37 25,14 5,14 0,9438 413  2 102666,9375 1
48,8 5179 1736 484,7 435,24 23,52 25,14 5,14 0,9996 413  2 98291,421875 1
49,2 5077 1726 461,48 429,53 23,65 25,14 5,14 1,0546 414  2 95916,070312 1
49,76 5124 1741 446,28 413,13 23,44 25,14 5,14 1,0979 414  3 95380,03125 1
50,1 5001 1701 443,42 416,64 24,02 25,14 5,14 1,1487 414  3 94325,71875 1
50,31 4917 1693 441,02 406,89 24,13 25,14 5,14 1,1879 415  3 91921,007812 1
50,47 4769 1663 437,31 414,96 24,58 25,14 5,14 1,2281 415  3 91428,570312 1
50,68 5001 1695 432,74 410,9 24,1 25,14 5,14 1,3014 415  3 91330,71875 1
50,8 4999 1700 426,49 405,93 24,02 25,14 5,14 1,3323 415  3 90941,382812 1
50,93 4799 1667 436,27 406,89 24,52 25,14 5,14 1,3631 415  3 90555,359375 1
51,07 4628 1653 414,53 408,82 24,73 25,14 5,14 1,3911 415  3 89982,421875 1
51,25 4658 1647 424,33 401,28 24,83 25,14 5,14 1,41 415  3 90363,570312 1
51,33 4650 1646 425,19 412,99 24,84 25,14 5,14 1,4341 415  3 90651,554687 1
51,37 4458 1619 403,19 414,96 25,28 25,14 5,14 1,4455 415  3 89982,421875 1
51,45 4466 1622 430,26 412,3 25,23 25,14 5,14 1,4631 415  3 90363,570312 1
42,83 33 420 1137,3 2505,79 98,44 25,14 5,14 0,0383 400  1 255808,140625 1
42,86 1114 1029 957,0 1735,66 44,15 25,14 5,14 0,0378 400  1 217640,8125 1
43,53 3886 1535 749,78 1033,43 26,78 25,14 5,14 0,087 400  1 176978,921875 1
44,48 5056 1733 663,1 719,94 23,56 25,14 5,14 0,2071 400  1 152608,046875 1
44,48 5153 1751 606,01 628,78 23,3 25,14 5,14 0,4527 404  2 137708,453125 1
45,46 5179 1760 573,68 559,3 23,19 25,14 5,14 0,5577 406  2 126669,96875 1
46,21 5175 1759 536,86 519,69 23,2 25,14 5,14 0,644 408  2 112924,570312 1
46,93 5099 1733 516,89 490,97 23,55 25,14 5,14 0,7241 409  2 107653,492187 1
48,12 5196 1738 491,47 464,3 23,48 25,14 5,14 0,8006 410  2 103853,953125 1
48,6 5102 1734 482,08 438,49 23,53 25,14 5,14 0,8781 410  2 100846,953125 1
49,08 5149 1750 457,9 428,8 23,32 25,14 5,14 0,9462 411  2 99090,382812 1
49,39 5039 1713 463,67 421,75 23,83 25,14 5,14 1,0045 411  2 96841,3125 1
49,72 4990 1714 458,68 416,93 23,82 25,14 5,14 1,1109 411  3 95061,273437 1
50,02 5049 1717 427,65 412,44 23,78 25,14 5,14 1,1551 412  3 94273,617187 1
50,25 5049 1717 449,92 410,07 23,78 25,14 5,14 1,1921 412  3 91428,570312 1
50,42 5004 1702 438,64 412,02 23,99 25,14 5,14 1,2224 412  3 91526,632812 1
50,75 5038 1713 423,33 411,6 23,83 25,14 5,14 1,2615 412  3 90363,570312 1
50,85 4720 1664 445,07 408,13 24,56 25,14 5,14 1,2902 412  3 90267,984375 1
51,0 4656 1647 437,45 406,34 24,83 25,14 5,14 1,3117 412  3 90459,367187 1
51,06 4566 1634 422,32 405,93 25,03 25,14 5,14 1,3383 412  3 89604,476562 1
51,2 4870 1677 426,92 407,3 24,36 25,14 5,14 1,3963 412  3 90172,59375 1
51,2 4287 1652 430,7 412,71 24,75 25,14 5,14 1,4172 412  3 90077,414062 1
51,26 4544 1631 427,5 407,99 25,08 25,14 5,14 1,4368 412  3 90844,570312 1
51,42 4562 1634 414,25 409,24 25,04 25,14 5,14 1,4474 412  3 90459,367187 1
42,76 21 400 1172,08 2511,74 101,1 25,14 5,14 0,0388 400  1 255043,59375 1
42,77 371 825 1033,08 2127,18 64,26 25,14 5,14 0,052 400  1 243751,484375 1
43,19 2995 1394 795,8 1228,54 29,83 25,14 5,14 0,1537 400  1 195569,140625 1
43,19 4782 1665 704,75 848,08 24,55 25,14 5,14 0,2772 401  2 144469,53125 1
44,16 5114 1742 628,57 656,4 23,42 25,14 5,14 0,3937 403  2 130946,289062 1
46,02 5083 1728 567,69 591,02 23,62 25,14 5,14 0,5022 406  2 122050,0625 1
46,68 5117 1739 528,56 492,97 23,46 25,14 5,14 0,6086 409  2 114515,765625 1
47,37 5106 1736 518,11 475,76 23,51 25,14 5,14 0,7033 410  2 109238,320312 1
47,94 5193 1725 479,31 454,82 23,65 25,14 5,14 0,7881 412  2 105785,125 1
48,47 5125 1742 475,27 450,53 23,42 25,14 5,14 0,9337 414  2 102359,054687 1
48,81 5039 1714 462,26 428,51 23,82 25,14 5,14 0,9954 414  2 99669,070312 1
49,3 5061 1721 466,67 428,37 23,72 25,14 5,14 1,0616 415  2 95970,007812 1
49,59 5044 1715 457,59 418,2 23,8 25,14 5,14 1,1182 415  3 94587,101562 1
50,12 5058 1698 445,67 410,9 24,04 25,14 5,14 1,1667 415  3 93910,492187 1
50,36 4988 1697 444,47 412,71 24,07 25,14 5,14 1,2059 415  3 91921,007812 1
50,56 4726 1657 424,19 404,56 24,67 25,14 5,14 1,2489 416  3 91233,070312 1
50,7 4635 1644 446,43 411,18 24,87 25,14 5,14 1,2814 416  3 90747,960937 1
50,86 4845 1654 430,4 406,61 24,72 25,14 5,14 1,3574 416  3 91233,070312 1
50,95 4853 1675 430,99 412,71 24,39 25,14 5,14 1,3838 416  3 90555,359375 1
51,14 4702 1654 422,47 407,72 24,72 25,14 5,14 1,4074 416  3 90267,984375 1
51,14 4794 1667 434,06 411,18 24,52 25,14 5,14 1,4275 416  3 89604,476562 1
51,25 4798 1667 425,34 408,55 24,51 25,14 5,14 1,443 416  3 89604,476562 1
51,35 4429 1615 434,8 415,8 25,34 25,14 5,14 1,4548 416  3 90172,59375 1
51,41 4319 1599 423,9 410,35 25,61 25,14 5,14 1,4698 416  3 90459,367187 1
42,71 28 409 1117,84 2541,67 99,48 25,14 5,14 0,0372 400  1 255808,140625 1
42,67 53 462 1113,31 2488,05 94,49 25,14 5,14 0,0395 400  1 208979,59375 1
42,92 1895 1196 871,66 1471,91 35,9 25,14 5,14 0,123 400  1 170951,59375 1
43,76 5014 1718 639,52 700,0 23,75 25,14 5,14 0,2337 401  1 150058,609375 1
44,73 5114 1738 578,94 607,04 23,47 25,14 5,14 0,361 402  2 136278,953125 1
45,65 5220 1774 559,3 551,78 22,99 25,14 5,14 0,4709 405  2 125091,617187 1
46,45 5180 1760 546,57 501,21 23,17 25,14 5,14 0,6749 409  2 117028,570312 1
47,09 5162 1754 533,78 483,88 23,25 25,14 5,14 0,7585 410  2 111814,804687 1
47,79 5238 1742 507,01 464,93 23,41 25,14 5,14 0,8275 411  2 103727,710937 1
48,25 5114 1738 492,47 445,22 23,47 25,14 5,14 0,9099 411  2 100549,882812 1
49,09 5042 1714 477,85 441,02 23,81 25,14 5,14 0,9771 412  2 98575,28125 1
49,51 5093 1731 471,75 422,9 23,57 25,14 5,14 1,0366 412  2 96896,289062 1
49,77 5028 1696 463,36 413,83 24,07 25,14 5,14 1,0869 413  3 94902,6875 1
50,05 5069 1721 454,51 416,5 23,71 25,14 5,14 1,133 413  3 94377,882812 1
50,24 5058 1720 446,73 419,19 23,73 25,14 5,14 1,217 413  3 92619,390625 1
50,43 5041 1714 448,85 404,69 23,81 25,14 5,14 1,2659 413  3 90941,382812 1
50,6 4989 1697 434,94 414,82 24,06 25,14 5,14 1,2947 413  3 91038,40625 1
50,75 4933 1686 443,12 406,34 24,22 25,14 5,14 1,3274 413  3 90172,59375 1
50,89 4811 1673 437,75 405,65 24,41 25,14 5,14 1,3556 413  3 90172,59375 1
51,02 4584 1637 429,09 407,72 24,98 25,14 5,14 1,3851 413  3 90172,59375 1
51,1 4792 1666 438,19 402,1 24,52 25,14 5,14 1,4041 413  3 89604,476562 1
51,21 4722 1657 432,01 408,13 24,67 25,14 5,14 1,4236 413  3 89698,671875 1
51,31 4677 1643 418,91 409,93 24,89 25,14 5,14 1,4492 413  3 90363,570312 1
51,37 4370 1606 412,58 404,83 25,48 25,14 5,14 1,4764 413  3 90363,570312 1
42,64 24 411 1150,86 2493,1 99,27 25,14 5,14 0,0371 400  1 255808,140625 1
42,72 837 961 1015,4 1855,33 49,05 25,14 5,14 0,0351 400  1 230112,359375 1
42,69 3505 1476 788,03 1095,0 27,94 25,14 5,14 0,156 400  1 184438,046875 1
43,46 4994 1699 678,77 798,23 24,03 25,14 5,14 0,2695 401  1 157684,015625 1
44,45 5124 1741 639,3 668,96 23,42 25,14 5,14 0,3895 403  2 129064,78125 1
45,38 5232 1755 575,43 570,97 23,24 25,14 5,14 0,5116 406  2 120159,585937 1
46,18 5174 1758 542,89 523,22 23,19 25,14 5,14 0,6133 409  2 113904,335937 1
47,52 5142 1748 533,78 494,81 23,34 25,14 5,14 0,7066 411  2 108612,640625 1
48,09 5153 1751 487,82 453,13 23,29 25,14 5,14 0,7878 412  2 104810,648437 1
48,6 5109 1737 473,51 432,16 23,49 25,14 5,14 0,8633 413  2 101688,179687 1
48,95 5207 1769 465,56 435,09 23,05 25,14 5,14 0,9279 414  2 99032,882812 1
49,38 5044 1715 461,01 423,76 23,79 25,14 5,14 1,0603 415  2 97006,445312 1
49,66 5056 1719 465,09 418,2 23,73 25,14 5,14 1,112 415  3 95433,367187 1
49,95 4998 1674 434,36 415,38 24,39 25,14 5,14 1,1523 416  3 94325,71875 1
50,19 4986 1696 444,02 416,5 24,07 25,14 5,14 1,1899 416  3 91526,632812 1
50,59 4996 1699 422,75 408,82 24,02 25,14 5,14 1,2288 416  3 91624,914062 1
50,72 4841 1673 430,55 403,05 24,41 25,14 5,14 1,2928 416  3 90651,554687 1
50,72 4721 1682 441,77 412,99 24,28 25,14 5,14 1,3306 416  3 90651,554687 1
50,8 4891 1680 417,35 402,92 24,3 25,14 5,14 1,3559 416  3 90363,570312 1
50,95 4817 1670 429,97 407,99 24,46 25,14 5,14 1,3943 416  3 89416,695312 1
51,08 4694 1652 431,57 403,05 24,73 25,14 5,14 1,4173 416  3 90172,59375 1
51,18 4432 1615 427,79 411,32 25,33 25,14 5,14 1,4342 416  3 90363,570312 1
51,26 4566 1633 433,77 407,3 25,03 25,14 5,14 1,4486 416  3 89698,671875 1
51,48 4648 1646 426,78 404,01 24,83 25,14 5,14 1,463 416  3 89887,640625 1
42,61 25 402 1144,64 2514,29 100,12 25,14 5,14 0,0353 400  1 255616,578125 1
42,62 52 461 1129,25 2521,11 94,55 25,14 5,14 0,0386 400  1 205457,46875 1
42,66 1869 1349 853,27 1291,21 30,98 25,14 5,14 0,1292 400  1 169930,296875 1
44,07 4940 1687 731,24 882,94 24,2 25,14 5,14 0,2484 401  1 149271,140625 1
45,02 5175 1758 595,84 599,89 23,19 25,14 5,14 0,3777 402  2 134878,8125 1
45,93 5095 1732 565,77 549,91 23,55 25,14 5,14 0,4879 405  2 124817,164062 1
46,7 5220 1764 521,28 498,34 23,12 25,14 5,14 0,5983 408  2 116231,554687 1
47,3 5146 1749 514,44 481,75 23,31 25,14 5,14 0,7648 411  2 110870,507812 1
47,94 5120 1740 482,73 455,59 23,43 25,14 5,14 0,8468 412  2 106511,335937 1
48,41 5112 1737 478,99 447,79 23,47 25,14 5,14 0,9092 413  2 100609,15625 1
48,87 5139 1747 478,34 435,24 23,34 25,14 5,14 0,9744 413  2 98121,882812 1
49,56 4996 1742 465,56 424,04 23,41 25,14 5,14 1,0395 414  2 96349,265625 1
49,85 5033 1711 459,61 417,35 23,84 25,14 5,14 1,1006 414  3 95061,273437 1
50,14 5034 1712 451,44 409,93 23,83 25,14 5,14 1,1491 414  3 93807,257812 1
50,14 4973 1691 449,46 411,74 24,13 25,14 5,14 1,1908 414  3 92619,390625 1
50,34 4862 1639 433,77 411,18 24,94 25,14 5,14 1,2704 414  3 91428,570312 1
50,49 4831 1672 442,37 407,44 24,43 25,14 5,14 1,3005 415  3 90363,570312 1
50,62 4681 1651 425,05 404,97 24,75 25,14 5,14 1,322 415  3 90941,382812 1
50,76 4703 1654 442,07 407,72 24,7 25,14 5,14 1,3492 415  3 89982,421875 1
51,02 4834 1672 421,18 406,75 24,42 25,14 5,14 1,3745 415  3 90267,984375 1
51,12 4564 1662 415,8 408,55 24,58 25,14 5,14 1,4012 415  3 89698,671875 1
51,22 4745 1660 432,59 408,96 24,61 25,14 5,14 1,4254 415  3 89510,492187 1
51,29 4505 1626 430,4 404,83 25,15 25,14 5,14 1,4383 415  3 90363,570312 1
51,34 4516 1627 432,16 415,38 25,12 25,14 5,14 1,4687 415  3 90747,960937 1
42,57 16 400 1088,72 2513,44 102,07 25,14 5,14 0,0353 400  1 255425,296875 1
42,55 868 411 1176,06 2553,74 99,24 25,14 5,14 0,0349 400  1 219037,4375 1
42,83 4184 1579 771,14 978,95 25,94 25,14 5,14 0,0862 400  1 177162,625 1
43,78 5031 1711 663,1 761,03 23,85 25,14 5,14 0,2088 400  1 154263,328125 1
44,76 5179 1760 627,72 641,47 23,16 25,14 5,14 0,4532 405  2 137819,65625 1
45,62 5061 1721 586,84 569,23 23,7 25,14 5,14 0,5561 407  2 127047,148437 1
46,33 5230 1749 525,53 514,44 23,31 25,14 5,14 0,6483 408  2 112329,96875 1
47,06 5158 1753 524,47 488,48 23,26 25,14 5,14 0,7395 409  2 108199,492187 1
48,18 5182 1761 495,81 462,89 23,15 25,14 5,14 0,8342 410  2 104362,007812 1
48,63 5133 1725 489,14 453,89 23,65 25,14 5,14 0,9022 411  2 101205,773437 1
49,06 5015 1705 454,82 424,76 23,92 25,14 5,14 0,9851 411  2 98689,28125 1
49,42 5102 1734 476,88 421,04 23,51 25,14 5,14 1,0468 412  2 96841,3125 1
49,72 5006 1703 453,43 419,9 23,96 25,14 5,14 1,149 412  3 95486,757812 1
49,97 5047 1716 446,58 411,6 23,77 25,14 5,14 1,2067 412  3 94273,617187 1
49,97 4947 1693 431,86 412,3 24,1 25,14 5,14 1,2391 412  3 91723,398437 1
50,19 5003 1695 458,37 412,02 24,07 25,14 5,14 1,2689 412  3 91428,570312 1
50,41 4978 1692 436,86 411,18 24,11 25,14 5,14 1,3019 412  3 90844,570312 1
50,73 4797 1667 444,47 406,34 24,49 25,14 5,14 1,3429 412  3 90363,570312 1
50,86 4570 1639 422,61 409,24 24,93 25,14 5,14 1,3721 412  3 90077,414062 1
50,95 4835 1672 417,35 404,42 24,41 25,14 5,14 1,3916 413  3 89793,054687 1
51,07 4592 1638 425,48 409,24 24,94 25,14 5,14 1,414 413  3 89982,421875 1
51,11 4504 1626 434,21 408,68 25,15 25,14 5,14 1,4554 413  3 90077,414062 1
51,27 4283 1620 423,47 410,9 25,23 25,14 5,14 1,4779 413  3 90267,984375 1
51,34 4385 1609 435,83 412,3 25,43 25,14 5,14 1,4957 413  3 90459,367187 1
42,51 30 413 1146,58 2544,25 98,97 25,14 5,14 0,0358 400  1 259306,15625 1
42,55 194 686 1078,81 2265,39 76,27 25,14 5,14 0,0417 400  1 245328,21875 1
42,6 2622 1452 805,83 1155,93 28,45 25,14 5,14 0,1529 400  1 197607,09375 1
43,4 4891 1680 706,9 829,07 24,29 25,14 5,14 0,2794 401  1 144960,359375 1
44,4 5057 1719 630,49 667,6 23,72 25,14 5,14 0,3923 403  2 132060,875 1
46,16 5110 1737 577,77 586,24 23,47 25,14 5,14 0,5027 406  2 122400,1875 1
46,83 5178 1766 528,03 496,99 23,08 25,14 5,14 0,6066 409  2 115994,5625 1
47,52 5072 1724 503,42 467,3 23,65 25,14 5,14 0,6969 411  2 109518,71875 1
48,08 5113 1738 483,71 460,24 23,45 25,14 5,14 0,7776 412  2 105068,75 1
48,59 5136 1745 490,64 441,77 23,35 25,14 5,14 0,9247 414  2 102728,734375 1
48,91 5103 1734 456,2 434,8 23,5 25,14 5,14 0,9956 415  2 99902,4375 1
49,31 5122 1735 451,9 425,62 23,49 25,14 5,14 1,0602 415  2 96078,0625 1
49,31 4977 1692 454,35 420,18 24,11 25,14 5,14 1,1225 416  3 95273,539062 1
49,88 4993 1694 440,28 416,08 24,08 25,14 5,14 1,172 416  3 94430,101562 1
50,12 5015 1706 429,97 409,51 23,91 25,14 5,14 1,2086 416  3 91330,71875 1
50,33 4936 1678 445,22 408,41 24,32 25,14 5,14 1,2526 416  3 91723,398437 1
50,54 4968 1691 446,43 408,68 24,13 25,14 5,14 1,2885 416  3 90651,554687 1
50,64 4865 1676 447,79 407,44 24,34 25,14 5,14 1,3528 416  3 90267,984375 1
50,85 4924 1685 433,91 403,87 24,22 25,14 5,14 1,3738 416  3 90267,984375 1
50,94 4794 1667 431,42 407,72 24,49 25,14 5,14 1,3979 416  3 90459,367187 1
51,02 4579 1647 438,34 407,99 24,8 25,14 5,14 1,4283 416  3 90267,984375 1
51,22 4802 1668 426,92 406,75 24,48 25,14 5,14 1,4565 416  3 90267,984375 1
51,24 4656 1647 421,18 412,71 24,79 25,14 5,14 1,4707 417  3 90267,984375 1
51,33 4600 1639 425,19 403,73 24,92 25,14 5,14 1,4871 417  3 90459,367187 1
42,47 35 415 1174,07 2579,8 98,8 25,14 5,14 0,0338 400  1 259898,484375 1
42,5 27 407 1153,2 2564,13 99,54 25,14 5,14 0,0345 400  1 215988,1875 1
43,07 4200 1582 746,49 984,93 25,89 25,14 5,14 0,0971 400  1 174803,6875 1
43,98 4885 1679 697,63 747,76 24,3 25,14 5,14 0,2276 401  1 152881,453125 1
45,02 5073 1750 609,71 613,23 23,29 25,14 5,14 0,3452 402  2 136715,625 1
45,88 5116 1739 562,72 556,28 23,44 25,14 5,14 0,5635 407  2 126764,046875 1
46,66 5131 1744 520,75 514,62 23,37 25,14 5,14 0,6585 408  2 117836,59375 1
47,24 5143 1748 519,87 486,34 23,31 25,14 5,14 0,7571 410  2 107450,15625 1
47,85 5119 1740 513,05 465,4 23,42 25,14 5,14 0,8388 411  2 103917,1875 1
48,36 5196 1756 489,81 450,53 23,2 25,14 5,14 0,9152 411  2 101325,945312 1
48,83 5067 1723 469,68 435,09 23,66 25,14 5,14 0,9974 412  2 98689,28125 1
49,2 5181 1761 476,24 419,33 23,14 25,14 5,14 1,0566 412  2 96294,90625 1
49,53 5074 1725 461,17 414,53 23,63 25,14 5,14 1,1067 412  3 95540,210937 1
49,8 5018 1697 444,32 413,83 24,03 25,14 5,14 1,2054 413  3 94587,101562 1
50,04 4851 1675 441,17 417,35 24,37 25,14 5,14 1,2498 413  3 92720,03125 1
50,23 4836 1672 442,22 407,03 24,4 25,14 5,14 1,2891 413  3 90844,570312 1
50,47 5023 1708 425,34 409,24 23,87 25,14 5,14 1,3179 413  3 90459,367187 1
50,7 4785 1665 429,97 401,01 24,51 25,14 5,14 1,3577 413  3 90844,570312 1
50,87 4761 1662 425,19 409,51 24,56 25,14 5,14 1,3959 413  3 90844,570312 1
51,0 4784 1665 435,98 406,34 24,51 25,14 5,14 1,4232 413  3 90555,359375 1
51,06 4753 1661 428,37 404,01 24,58 25,14 5,14 1,4474 413  3 89793,054687 1
51,16 4651 1646 431,86 411,32 24,8 25,14 5,14 1,4901 413  3 90267,984375 1
51,25 4388 1609 426,2 415,94 25,04 25,14 5,14 1,5107 413  3 90077,414062 1
51,31 4456 1631 431,13 401,96 25,05 25,14 5,14 1,5293 413  3 90555,359375 1
42,45 25 403 1175,66 2514,29 99,91 25,14 5,14 0,0348 400  1 258912,765625 1
42,42 247 748 1070,09 2240,99 71,86 25,14 5,14 0,038 400  1 244800,375 1
42,79 2731 1430 816,81 1123,91 28,94 25,14 5,14 0,1396 400  1 197036,75 1
43,69 4793 1666 676,25 819,86 24,49 25,14 5,14 0,2697 401  1 144469,53125 1
44,71 5009 1704 640,17 682,68 23,94 25,14 5,14 0,4059 403  2 132470,890625 1
45,6 5076 1725 570,39 582,29 23,62 25,14 5,14 0,5162 406  2 121962,835937 1
46,39 5221 1752 518,29 500,53 23,26 25,14 5,14 0,6238 409  2 115837,101562 1
47,09 5142 1748 515,14 472,87 23,31 25,14 5,14 0,7233 411  2 109871,242187 1
47,73 5123 1741 482,24 457,13 23,4 25,14 5,14 0,8128 412  2 106511,335937 1
48,19 5226 1776 477,85 443,57 22,94 25,14 5,14 0,9653 414  2 102543,5625 1
48,65 5075 1725 463,2 432,01 23,62 25,14 5,14 1,0391 415  2 99494,75 1
49,09 5121 1730 467,14 425,62 23,56 25,14 5,14 1,093 415  2 96403,6875 1
49,39 5048 1716 450,68 422,61 23,75 25,14 5,14 1,1452 416  3 95008,351562 1
49,92 5024 1708 457,44 419,19 23,86 25,14 5,14 1,1928 416  3 92518,976562 1
50,17 4932 1686 449,46 413,41 24,2 25,14 5,14 1,2424 416  3 92518,976562 1
50,34 4920 1687 441,92 410,76 24,18 25,14 5,14 1,2914 416  3 91723,398437 1
50,57 4642 1677 442,07 409,51 24,33 25,14 5,14 1,3371 416  3 90941,382812 1
50,69 4814 1669 443,57 407,99 24,44 25,14 5,14 1,3923 417  3 90844,570312 1
50,82 4841 1673 436,27 402,1 24,39 25,14 5,14 1,4312 417  3 90363,570312 1
50,97 4725 1657 435,09 408,68 24,63 25,14 5,14 1,4742 417  3 90363,570312 1
51,08 4860 1676 427,93 407,03 24,34 25,14 5,14 1,505 417  3 90172,59375 1
51,12 4487 1632 430,11 412,71 25,03 25,14 5,14 1,5126 417  3 90747,960937 1
51,24 4439 1616 420,61 410,49 25,28 25,14 5,14 1,5206 417  3 89887,640625 1
51,33 4479 1622 424,76 406,48 25,19 25,14 5,14 1,526 417  3 90363,570312 1
42,45 37 408 1133,08 2531,37 99,41 25,14 5,14 0,0339 400  1 255808,140625 1
42,55 30 413 1155,54 2519,4 98,94 25,14 5,14 0,0347 400  1 215035,703125 1
42,55 4103 1567 755,64 978,95 26,14 25,14 5,14 0,0988 400  1 175522,796875 1
43,37 5059 1720 677,62 746,24 23,69 25,14 5,14 0,2264 401  1 152881,453125 1
44,32 5142 1765 602,33 601,52 23,08 25,14 5,14 0,3451 402  2 137265,421875 1
45,35 5130 1767 554,59 551,41 23,05 25,14 5,14 0,5663 407  2 126576,023437 1
46,11 5147 1749 544,91 519,34 23,29 25,14 5,14 0,6653 409  2 118655,851562 1
46,84 5143 1748 507,53 481,91 23,3 25,14 5,14 0,755 410  2 107112,96875 1
47,46 5180 1760 505,13 465,72 23,14 25,14 5,14 0,8469 411  2 104043,890625 1
48,46 5126 1742 493,8 450,37 23,32 25,14 5,14 0,9432 411  2 100846,953125 1
48,91 5076 1726 475,43 435,83 23,61 25,14 5,14 1,0328 412  2 98518,375 1
49,29 5035 1712 471,11 424,9 23,81 25,14 5,14 1,0958 412  2 96731,53125 1
49,57 5018 1706 445,67 420,75 23,89 25,14 5,14 1,1509 412  3 95970,007812 1
49,87 5053 1718 449,92 417,63 23,72 25,14 5,14 1,2646 413  3 94273,617187 1
50,07 4918 1693 444,17 413,27 24,08 25,14 5,14 1,3064 413  3 92720,03125 1
50,31 5036 1712 441,77 409,1 23,8 25,14 5,14 1,3661 413  3 91038,40625 1
50,48 4843 1673 428,22 408,68 24,38 25,14 5,14 1,3935 413  3 90651,554687 1
50,78 4870 1677 430,4 403,73 24,32 25,14 5,14 1,4323 413  3 90941,382812 1
50,78 4929 1653 433,03 408,41 24,68 25,14 5,14 1,458 413  3 90363,570312 1
50,9 4842 1673 422,61 408,96 24,38 25,14 5,14 1,5031 413  3 89604,476562 1
51,02 4681 1651 411,74 409,38 24,73 25,14 5,14 1,5238 413  3 90172,59375 1
51,11 4617 1642 434,06 408,13 24,87 25,14 5,14 1,5639 413  3 90172,59375 1
51,18 4434 1616 426,63 404,56 25,29 25,14 5,14 1,5841 413  3 90363,570312 1
51,27 4594 1625 410,76 411,6 25,13 25,14 5,14 1,593 413  3 90555,359375 1
42,35 32 420 1123,15 2539,95 98,3 25,14 5,14 0,0342 400  1 259109,3125 1
42,4 275 778 1079,18 2241,75 69,87 25,14 5,14 0,0418 400  1 246390,765625 1
42,39 2755 1354 820,42 1136,15 28,32 25,14 5,14 0,1397 400  1 196809,53125 1
43,03 4526 1668 707,86 815,16 24,46 25,14 5,14 0,2731 401  1 146077,03125 1
44,02 5089 1730 631,13 670,09 23,55 25,14 5,14 0,3973 403  2 132368,15625 1
45,84 5202 1767 588,03 578,75 23,04 25,14 5,14 0,5233 406  2 123284,375 1
46,56 5216 1772 538,5 502,57 22,98 25,14 5,14 0,6196 409  2 115915,78125 1
47,24 5182 1745 507,18 475,92 23,34 25,14 5,14 0,7161 411  2 109518,71875 1
47,83 5118 1740 489,97 454,2 23,41 25,14 5,14 0,8075 412  2 105719,59375 1
48,32 5113 1738 492,63 449,92 23,44 25,14 5,14 0,9605 414  2 102114,078125 1
48,79 5087 1729 482,57 432,01 23,56 25,14 5,14 1,0415 415  2 100136,90625 1
49,09 5015 1706 452,21 428,22 23,9 25,14 5,14 1,0985 415  2 95862,195312 1
49,52 5029 1712 469,84 419,33 23,81 25,14 5,14 1,1441 416  3 94430,101562 1
50,03 5044 1715 451,44 418,2 23,76 25,14 5,14 1,2073 416  3 94325,71875 1
50,25 4872 1677 433,33 413,41 24,31 25,14 5,14 1,2554 416  3 92518,976562 1
50,25 4975 1692 444,47 413,41 24,1 25,14 5,14 1,3012 416  3 91428,570312 1
50,37 4892 1690 446,73 408,68 24,11 25,14 5,14 1,339 416  3 90747,960937 1
50,59 4833 1672 433,77 402,64 24,39 25,14 5,14 1,4148 417  3 90267,984375 1
50,72 4736 1658 441,17 405,51 24,6 25,14 5,14 1,4411 417  3 90363,570312 1
50,89 4786 1665 421,47 402,1 24,49 25,14 5,14 1,4689 417  3 90172,59375 1
50,96 4450 1618 437,6 405,93 25,25 25,14 5,14 1,4861 417  3 90363,570312 1
51,16 4762 1615 418,76 409,65 25,3 25,14 5,14 1,4966 417  3 90267,984375 1
51,18 4336 1602 426,2 409,1 25,53 25,14 5,14 1,5181 417  3 90459,367187 1
51,27 4611 1641 420,18 410,9 24,88 25,14 5,14 1,5481 417  3 90555,359375 1
42,33 23 400 1182,44 2578,93 100,29 25,14 5,14 0,0333 400  1 260096,515625 1
42,31 32 439 1132,31 2571,95 96,46 25,14 5,14 0,0338 400  1 216536,265625 1
42,71 4200 1582 757,95 974,98 25,87 25,14 5,14 0,0967 400  1 174982,90625 1
43,64 5071 1724 669,41 726,8 23,63 25,14 5,14 0,2144 400  1 153155,84375 1
44,62 5150 1750 596,25 640,82 23,26 25,14 5,14 0,3462 402  2 136825,234375 1
45,54 5143 1749 551,97 551,41 23,29 25,14 5,14 0,5816 407  2 126388,546875 1
46,37 5092 1731 551,22 516,01 23,53 25,14 5,14 0,6915 408  2 118408,882812 1
47,04 5185 1762 512,01 482,08 23,11 25,14 5,14 0,7899 410  2 107180,242187 1
47,65 5167 1756 497,16 464,3 23,19 25,14 5,14 0,869 410  2 103664,710937 1
48,63 5025 1709 487,99 444,77 23,85 25,14 5,14 0,9502 411  2 101205,773437 1
49,04 5060 1720 458,21 430,84 23,68 25,14 5,14 1,0148 412  2 98746,382812 1
49,38 5031 1711 464,15 426,49 23,81 25,14 5,14 1,0751 412  2 96951,335937 1
49,38 5040 1714 439,83 416,36 23,77 25,14 5,14 1,1242 412  3 95540,210937 1
49,65 4997 1700 450,07 415,8 23,98 25,14 5,14 1,2165 413  3 94273,617187 1
49,91 4847 1688 439,98 412,58 24,15 25,14 5,14 1,2491 413  3 92619,390625 1
50,12 4851 1674 449,61 409,65 24,35 25,14 5,14 1,2962 413  3 91526,632812 1
50,31 4773 1664 429,97 410,35 24,52 25,14 5,14 1,337 413  3 90941,382812 1
50,68 4666 1649 445,97 408,27 24,75 25,14 5,14 1,3626 413  3 90172,59375 1
50,79 4636 1647 427,5 404,97 24,78 25,14 5,14 1,3888 413  3 90267,984375 1
50,92 4565 1634 444,32 406,34 24,98 25,14 5,14 1,4189 413  3 90267,984375 1
51,09 4550 1632 430,26 413,41 25,01 25,14 5,14 1,437 413  3 90267,984375 1
51,14 4565 1634 426,2 406,34 24,98 25,14 5,14 1,4765 413  3 89698,671875 1
51,19 4646 1646 424,9 411,6 24,79 25,14 5,14 1,4925 413  3 89698,671875 1
51,28 4398 1604 427,79 412,99 25,47 25,14 5,14 1,5074 413  3 90077,414062 1
42,26 28 409 1093,52 2573,7 99,27 25,14 5,14 0,0335 400  1 260891,71875 1
42,26 277 781 1037,98 2226,62 69,68 25,14 5,14 0,0368 400  1 248906,171875 1
42,44 2769 1356 856,45 1229,37 30,74 25,14 5,14 0,1485 400  1 198180,765625 1
43,29 4709 1683 699,05 817,64 24,23 25,14 5,14 0,2931 401  1 145578,625 1
44,35 5069 1723 615,94 665,35 23,64 25,14 5,14 0,4369 403  2 132883,46875 1
46,04 5188 1763 587,23 586,84 23,09 25,14 5,14 0,5656 405  2 122576,007812 1
46,76 5105 1735 521,99 505,64 23,47 25,14 5,14 0,6864 407  2 116231,554687 1
47,41 5155 1758 505,13 476,24 23,16 25,14 5,14 0,7775 408  2 110083,851562 1
47,94 5153 1751 496,99 453,59 23,25 25,14 5,14 0,8689 408  2 105458,289062 1
47,94 5022 1708 479,31 446,43 23,85 25,14 5,14 1,0158 409  2 102359,054687 1
48,44 5044 1715 483,55 434,06 23,75 25,14 5,14 1,0947 410  2 100313,476562 1
48,92 5116 1739 448,24 426,34 23,41 25,14 5,14 1,1487 410  3 95970,007812 1
49,24 4972 1715 460,24 418,91 23,76 25,14 5,14 1,1991 410  3 96024,007812 1
49,83 4995 1699 449,92 417,07 23,98 25,14 5,14 1,2551 410  3 93858,84375 1
50,04 4956 1689 450,68 411,6 24,13 25,14 5,14 1,2913 410  3 92219,023437 1
50,23 4924 1685 435,98 411,18 24,2 25,14 5,14 1,3375 410  3 91526,632812 1
50,43 4880 1668 433,33 407,72 24,44 25,14 5,14 1,377 410  3 90844,570312 1
50,62 4653 1647 426,49 410,07 24,78 25,14 5,14 1,4574 410  3 90555,359375 1
50,75 4888 1680 423,9 406,06 24,27 25,14 5,14 1,4836 411  3 90363,570312 1
50,89 4947 1688 426,63 410,76 24,15 25,14 5,14 1,5143 411  3 89698,671875 1
50,93 4397 1610 424,47 405,38 25,37 25,14 5,14 1,5359 411  3 90172,59375 1
51,16 4585 1637 437,9 408,13 24,84 25,14 5,14 1,5552 411  3 89604,476562 1
51,2 4490 1624 419,47 409,79 25,15 25,14 5,14 1,5718 411  3 90267,984375 1
51,31 4364 1606 425,91 409,51 25,45 25,14 5,14 1,5838 411  3 90172,59375 1
42,22 23 400 1122,39 2557,2 100,25 25,14 5,14 0,0332 400  1 260493,515625 1
42,31 30 421 1130,01 2572,82 98,1 25,14 5,14 0,0335 400  1 217087,125 1
42,99 4252 1589 743,72 963,83 25,73 25,14 5,14 0,1003 400  1 176066,03125 1
43,98 4988 1693 672,59 743,72 24,07 25,14 5,14 0,2399 401  1 153293,40625 1
44,97 5170 1757 599,69 626,02 23,17 25,14 5,14 0,3761 402  2 136935,015625 1
45,82 5199 1767 558,54 549,91 23,19 25,14 5,14 0,6354 408  2 127331,507812 1
45,82 5150 1732 562,72 515,32 23,51 25,14 5,14 0,7381 410  2 118326,789062 1
46,57 5197 1766 518,64 484,04 23,05 25,14 5,14 0,8229 411  2 107247,59375 1
47,21 5123 1741 514,44 467,3 23,38 25,14 5,14 0,9054 412  2 104234,53125 1
48,28 5078 1726 494,64 453,43 23,59 25,14 5,14 0,9862 413  2 101145,789062 1
48,7 4999 1698 469,84 426,34 23,99 25,14 5,14 1,0616 414  2 98518,375 1
49,13 5089 1730 473,35 422,9 23,53 25,14 5,14 1,1373 414  2 96676,734375 1
49,44 4994 1699 460,24 415,8 23,98 25,14 5,14 1,203 414  3 95862,195312 1
49,75 5047 1716 454,97 407,99 23,73 25,14 5,14 1,2969 415  3 94692,0625 1
49,94 5006 1702 445,67 413,97 23,93 25,14 5,14 1,3388 415  3 92318,789062 1
50,18 4709 1688 443,72 412,16 24,15 25,14 5,14 1,3711 415  3 91526,632812 1
50,36 4954 1689 426,78 408,27 24,13 25,14 5,14 1,3958 415  3 90459,367187 1
50,71 4754 1661 449,92 407,72 24,55 25,14 5,14 1,428 415  3 90555,359375 1
50,81 4591 1638 415,1 408,96 24,91 25,14 5,14 1,4527 415  3 90172,59375 1
50,94 4734 1658 417,92 404,97 24,59 25,14 5,14 1,4778 415  3 90172,59375 1
50,98 4651 1646 428,66 407,99 24,78 25,14 5,14 1,5016 415  3 89887,640625 1
51,15 4719 1656 415,38 406,48 24,63 25,14 5,14 1,5555 415  3 90747,960937 1
51,15 4459 1619 426,49 410,21 25,22 25,14 5,14 1,57 415  3 90077,414062 1
51,17 4661 1648 431,13 405,1 24,75 25,14 5,14 1,5977 415  3 90077,414062 1
42,23 25 403 1172,08 2582,42 99,88 25,14 5,14 0,0343 400  1 260294,859375 1
42,26 322 809 1020,57 2187,04 66,79 25,14 5,14 0,0374 400  1 248906,171875 1
42,68 2898 1378 841,79 1253,32 30,16 25,14 5,14 0,1492 400  1 198989,5 1
42,68 4687 1651 716,05 852,98 24,7 25,14 5,14 0,3029 401  1 145827,40625 1
43,68 5119 1725 640,38 661,31 23,61 25,14 5,14 0,4458 404  2 133298,625 1
45,54 5100 1733 579,34 585,65 23,49 25,14 5,14 0,5668 405  2 122929,171875 1
46,31 5273 1791 528,92 496,48 22,71 25,14 5,14 0,69 407  2 115837,101562 1
46,98 5125 1742 523,22 476,88 23,37 25,14 5,14 0,7891 408  2 109942,023437 1
47,58 5113 1730 488,48 458,52 23,53 25,14 5,14 0,8652 408  2 106180,007812 1
48,1 5065 1722 464,46 444,32 23,65 25,14 5,14 1,035 409  2 102297,703125 1
48,61 5073 1725 464,3 433,77 23,61 25,14 5,14 1,1005 410  2 100313,476562 1
48,98 5121 1741 471,43 430,26 23,38 25,14 5,14 1,1685 410  3 96841,3125 1
49,32 5002 1701 463,99 417,63 23,94 25,14 5,14 1,2391 410  3 94797,257812 1
49,93 4960 1696 465,56 414,82 24,02 25,14 5,14 1,2804 410  3 92619,390625 1
50,13 4993 1698 429,09 412,99 23,98 25,14 5,14 1,322 410  3 92318,789062 1
50,35 4795 1667 452,82 410,21 24,46 25,14 5,14 1,3593 410  3 91330,71875 1
50,52 4830 1671 425,62 407,3 24,39 25,14 5,14 1,4134 411  3 91428,570312 1
50,68 4722 1676 420,33 412,02 24,31 25,14 5,14 1,4728 411  3 90941,382812 1
50,81 4505 1626 419,19 401,55 25,11 25,14 5,14 1,4864 411  3 90651,554687 1
50,81 4627 1643 430,4 407,44 24,83 25,14 5,14 1,5127 411  3 89604,476562 1
50,88 4778 1664 431,72 406,61 24,49 25,14 5,14 1,5535 411  3 90363,570312 1
51,09 4487 1623 427,21 402,64 25,15 25,14 5,14 1,5724 411  3 89793,054687 1
51,22 4368 1606 429,09 408,13 25,43 25,14 5,14 1,5831 411  3 90363,570312 1
51,27 4429 1615 410,07 408,55 25,28 25,14 5,14 1,5925 411  3 89887,640625 1
42,2 18 400 1133,08 2539,09 101,41 25,14 5,14 0,0332 400  1 260891,71875 1
42,16 22 400 1159,85 2580,67 100,52 25,14 5,14 0,0335 400  1 216536,265625 1
42,38 4353 1604 729,26 955,38 25,47 25,14 5,14 0,0964 400  1 176247,84375 1
43,31 4961 1690 663,1 743,72 24,11 25,14 5,14 0,2389 401  1 154542,703125 1
44,32 5096 1732 622,64 622,43 23,5 25,14 5,14 0,3696 402  2 138828,640625 1
45,29 5132 1744 570,39 562,15 23,34 25,14 5,14 0,6169 408  2 126952,640625 1
46,1 5111 1749 526,96 506,84 23,27 25,14 5,14 0,7332 410  2 118738,40625 1
46,8 5171 1757 521,46 486,17 23,15 25,14 5,14 0,8204 411  2 107450,15625 1
47,41 5037 1713 510,46 461,8 23,77 25,14 5,14 0,9235 412  2 104107,359375 1
48,41 5078 1726 493,13 455,59 23,58 25,14 5,14 0,9882 413  2 100668,5 1
48,88 5057 1751 487,82 437,45 23,57 25,14 5,14 1,0605 413  2 98461,539062 1
49,27 5067 1723 450,22 422,32 23,63 25,14 5,14 1,1414 414  2 97006,445312 1
49,55 4860 1676 456,98 419,62 24,32 25,14 5,14 1,1907 414  3 95486,757812 1
49,86 5084 1728 466,98 416,64 23,55 25,14 5,14 1,2842 414  3 94430,101562 1
50,11 4958 1701 450,83 405,24 23,94 25,14 5,14 1,3311 414  3 92720,03125 1
50,26 4918 1684 445,82 408,68 24,2 25,14 5,14 1,3749 414  3 91330,71875 1
50,38 4851 1674 443,12 406,61 24,34 25,14 5,14 1,4078 415  3 90267,984375 1
50,6 4758 1662 427,5 411,6 24,53 25,14 5,14 1,4414 415  3 90172,59375 1
50,75 4682 1674 435,68 409,38 24,34 25,14 5,14 1,4724 415  3 89604,476562 1
50,86 4765 1663 416,08 401,28 24,52 25,14 5,14 1,5015 415  3 89982,421875 1
51,02 4625 1643 438,94 407,58 24,83 25,14 5,14 1,5203 415  3 90077,414062 1
51,06 4727 1657 428,95 405,38 24,6 25,14 5,14 1,5605 415  3 90077,414062 1
51,2 4434 1616 424,47 404,01 25,27 25,14 5,14 1,5816 415  3 90172,59375 1
51,24 4558 1617 432,59 408,41 25,25 25,14 5,14 1,6025 415  3 90555,359375 1
42,14 20 400 1171,29 2591,18 100,87 25,14 5,14 0,0343 400  1 262901,15625 1
42,16 363 823 998,36 1867,93 49,45 25,14 5,14 0,0325 400  1 238472,28125 1
42,23 2976 1527 775,86 1061,07 26,86 25,14 5,14 0,1484 400  1 193025,453125 1
42,95 4868 1677 692,46 801,75 24,3 25,14 5,14 0,2964 401  1 161107,609375 1
44,0 5117 1739 612,4 657,96 23,4 25,14 5,14 0,4422 403  2 131248,390625 1
45,0 5133 1744 598,67 576,99 23,33 25,14 5,14 0,5775 405  2 121962,835937 1
46,57 5188 1763 569,42 532,87 23,08 25,14 5,14 0,6949 407  2 114901,257812 1
47,17 5155 1752 505,47 472,71 23,23 25,14 5,14 0,7846 407  2 109168,445312 1
47,78 5108 1736 482,73 452,82 23,44 25,14 5,14 0,8819 408  2 105588,78125 1
48,26 5101 1734 480,45 444,77 23,47 25,14 5,14 0,9796 409  2 102790,601562 1
48,74 5007 1703 462,42 432,59 23,91 25,14 5,14 1,0992 410  2 99902,4375 1
49,11 5039 1714 450,68 422,47 23,75 25,14 5,14 1,1608 410  3 97393,953125 1
49,43 5024 1708 461,64 425,34 23,83 25,14 5,14 1,2152 410  3 95167,289062 1
49,74 4754 1661 461,33 410,76 24,54 25,14 5,14 1,2589 410  3 93962,195312 1
50,02 4823 1671 461,8 412,71 24,39 25,14 5,14 1,311 410  3 91428,570312 1
50,18 4858 1668 443,87 408,82 24,43 25,14 5,14 1,3464 410  3 91526,632812 1
50,36 4826 1671 437,75 406,06 24,39 25,14 5,14 1,3941 410  3 91135,632812 1
50,55 4807 1668 434,21 408,27 24,43 25,14 5,14 1,4364 410  3 90363,570312 1
50,67 4877 1678 419,9 402,78 24,28 25,14 5,14 1,5155 410  3 90077,414062 1
50,82 4764 1662 439,83 404,56 24,52 25,14 5,14 1,5539 410  3 90172,59375 1
50,96 4476 1647 426,78 404,69 24,75 25,14 5,14 1,5632 410  3 90267,984375 1
51,03 4638 1645 428,22 404,42 24,79 25,14 5,14 1,5939 410  3 90077,414062 1
51,2 4419 1613 435,98 401,01 25,3 25,14 5,14 1,6248 410  3 89982,421875 1
51,24 4202 1582 424,47 409,1 25,84 25,14 5,14 1,6446 410  3 90172,59375 1
42,05 27 400 1142,71 2609,66 101,28 25,14 5,14 0,0327 400  1 260891,71875 1
42,1 50 456 1182,44 2519,4 94,81 25,14 5,14 0,0344 400  1 213155,703125 1
42,65 1929 1203 885,93 1468,43 35,55 25,14 5,14 0,115 400  1 174090,453125 1
43,66 4950 1688 649,11 715,81 24,13 25,14 5,14 0,2657 401  1 151255,546875 1
44,62 5134 1726 620,75 609,51 23,58 25,14 5,14 0,4118 403  2 136715,625 1
45,56 5188 1763 558,16 549,17 23,08 25,14 5,14 0,5263 406  2 125829,445312 1
46,31 5209 1770 528,56 500,53 22,98 25,14 5,14 0,7504 411  2 117674,101562 1
47,04 5099 1733 529,28 486,67 23,48 25,14 5,14 0,8362 412  2 112552,210937 1
47,55 5104 1735 491,63 465,56 23,45 25,14 5,14 0,9294 413  2 103917,1875 1
48,15 5123 1712 490,8 437,01 23,78 25,14 5,14 1,0092 414  2 100727,914062 1
48,92 5100 1734 465,88 428,51 23,47 25,14 5,14 1,0945 415  2 98746,382812 1
48,92 5083 1728 452,97 422,9 23,55 25,14 5,14 1,1468 415  3 96841,3125 1
49,31 5008 1703 463,83 418,48 23,9 25,14 5,14 1,1936 416  3 95380,03125 1
49,66 4861 1661 444,17 414,96 24,54 25,14 5,14 1,2399 416  3 94430,101562 1
49,86 5003 1702 446,28 411,18 23,93 25,14 5,14 1,3422 416  3 92518,976562 1
50,05 4989 1697 433,77 410,35 23,99 25,14 5,14 1,3919 416  3 92020,132812 1
50,34 4844 1674 435,53 407,03 24,34 25,14 5,14 1,4483 417  3 90363,570312 1
50,49 4983 1693 438,34 401,28 24,06 25,14 5,14 1,4855 417  3 90651,554687 1
50,77 4724 1685 421,75 407,16 24,16 25,14 5,14 1,52 417  3 90459,367187 1
50,87 4705 1654 431,57 407,03 24,64 25,14 5,14 1,5379 417  3 89698,671875 1
51,0 4804 1668 441,02 403,19 24,43 25,14 5,14 1,5676 417  3 89793,054687 1
51,08 4693 1652 428,8 407,99 24,67 25,14 5,14 1,5909 417  3 90172,59375 1
51,12 4704 1654 424,76 405,65 24,64 25,14 5,14 1,6184 417  3 90363,570312 1
51,21 4439 1630 410,9 413,55 25,03 25,14 5,14 1,6296 417  3 90172,59375 1
42,02 18 400 1131,55 2549,42 100,52 25,14 5,14 0,0336 400  1 260096,515625 1
42,03 912 980 978,62 1822,96 47,42 25,14 5,14 0,0319 400  1 230890,640625 1
42,41 3626 1495 810,75 1077,72 27,48 25,14 5,14 0,0382 400  1 184438,046875 1
43,3 4792 1666 675,79 788,3 24,46 25,14 5,14 0,2954 401  1 158710,484375 1
44,32 5080 1727 631,99 659,74 23,57 25,14 5,14 0,4332 404  2 141710,484375 1
45,26 5156 1737 579,53 566,35 23,42 25,14 5,14 0,5685 405  2 121097,445312 1
46,02 5215 1772 551,78 515,84 22,95 25,14 5,14 0,6837 407  2 114132,859375 1
47,37 5168 1756 511,15 490,97 23,16 25,14 5,14 0,7784 408  2 109028,960937 1
47,91 5135 1745 496,15 451,9 23,31 25,14 5,14 0,8679 408  2 104810,648437 1
48,41 5162 1741 476,4 438,19 23,37 25,14 5,14 0,945 409  2 102053,023437 1
48,41 5117 1739 473,19 434,5 23,39 25,14 5,14 1,0207 409  2 99032,882812 1
48,8 4879 1678 442,52 414,25 24,27 25,14 5,14 1,1466 410  3 97616,78125 1
49,14 5004 1702 450,98 419,9 23,92 25,14 5,14 1,2103 410  3 96078,0625 1
49,53 5043 1715 450,53 414,53 23,73 25,14 5,14 1,2576 410  3 93910,492187 1
49,82 4992 1713 436,27 407,16 23,76 25,14 5,14 1,3015 410  3 91921,007812 1
50,19 4946 1688 450,83 404,97 24,13 25,14 5,14 1,3457 410  3 90844,570312 1
50,38 4843 1673 431,42 400,6 24,34 25,14 5,14 1,3814 411  3 90844,570312 1
50,54 4816 1670 429,39 408,55 24,4 25,14 5,14 1,4177 411  3 90747,960937 1
50,68 4773 1665 438,05 404,01 24,48 25,14 5,14 1,4666 411  3 90077,414062 1
50,83 4727 1657 437,01 401,69 24,59 25,14 5,14 1,5162 411  3 89604,476562 1
50,88 4677 1650 434,8 403,6 24,7 25,14 5,14 1,5395 411  3 89229,695312 1
51,04 4707 1654 435,68 407,44 24,63 25,14 5,14 1,5586 411  3 90172,59375 1
51,09 4506 1626 417,49 399,93 25,09 25,14 5,14 1,5833 411  3 90555,359375 1
51,25 4289 1595 430,11 402,92 25,61 25,14 5,14 1,6106 411  3 90363,570312 1
42,02 20 400 1139,62 2603,48 100,93 25,14 5,14 0,0325 400  1 259503,296875 1
42,0 82 517 1122,39 2471,26 89,36 25,14 5,14 0,0352 400  1 209107,609375 1
42,12 1963 1210 877,87 1431,14 35,3 25,14 5,14 0,1288 400  1 171985,21875 1
43,97 4226 1648 723,61 866,07 24,74 25,14 5,14 0,2616 401  1 149795,203125 1
44,94 5167 1756 603,35 600,3 23,16 25,14 5,14 0,4105 403  2 135845,046875 1
45,78 5183 1761 563,29 548,24 23,09 25,14 5,14 0,5452 406  2 125091,617187 1
46,53 5122 1741 543,44 510,11 23,37 25,14 5,14 0,67 409  2 118244,804687 1
46,53 5143 1748 512,53 472,87 23,56 25,14 5,14 0,8571 413  2 112108,601562 1
47,21 5124 1732 507,18 461,95 23,49 25,14 5,14 0,9367 414  2 107517,851562 1
47,75 5132 1744 479,64 448,4 23,32 25,14 5,14 1,0118 415  2 100372,476562 1
48,22 5123 1741 468,09 435,53 23,36 25,14 5,14 1,0914 415  2 99147,945312 1
49,09 5036 1712 461,64 431,13 23,77 25,14 5,14 1,1519 416  3 96294,90625 1
49,41 5060 1683 460,24 414,53 24,2 25,14 5,14 1,2164 416  3 95220,382812 1
49,67 4989 1693 454,97 412,02 24,04 25,14 5,14 1,2696 416  3 93910,492187 1
49,96 4945 1687 444,47 412,71 24,13 25,14 5,14 1,321 416  3 92318,789062 1
50,16 4960 1690 438,19 409,24 24,1 25,14 5,14 1,4147 417  3 91624,914062 1
50,34 4936 1686 452,21 411,74 24,15 25,14 5,14 1,4451 417  3 91135,632812 1
50,48 5022 1673 443,72 405,38 24,34 25,14 5,14 1,4735 417  3 90363,570312 1
50,65 4818 1670 436,71 408,82 24,39 25,14 5,14 1,5164 417  3 90459,367187 1
50,85 4745 1660 439,23 405,38 24,55 25,14 5,14 1,5562 417  3 90172,59375 1
51,02 4702 1654 432,74 407,16 24,64 25,14 5,14 1,579 417  3 90459,367187 1
51,05 4437 1640 428,51 406,75 24,85 25,14 5,14 1,5947 417  3 90363,570312 1
51,19 4458 1619 430,11 407,72 25,2 25,14 5,14 1,6156 417  3 89229,695312 1
51,19 4545 1631 429,53 412,99 25,0 25,14 5,14 1,6802 417  3 90363,570312 1
42,01 25 420 1190,47 2578,93 98,1 25,14 5,14 0,0341 400  1 260891,71875 1
42,0 1014 1005 968,08 1810,66 45,59 25,14 5,14 0,0324 400  1 228418,46875 1
42,62 3686 1505 793,92 1065,03 27,29 25,14 5,14 0,0391 400  1 184637,578125 1
43,62 4867 1677 683,61 792,85 24,29 25,14 5,14 0,3248 401  1 157684,015625 1
43,62 5082 1728 617,82 667,15 23,55 25,14 5,14 0,465 404  2 141007,984375 1
44,65 5193 1764 594,83 575,82 23,05 25,14 5,14 0,5929 406  2 120413,921875 1
45,61 5123 1759 547,69 520,05 23,12 25,14 5,14 0,7056 408  2 113980,40625 1
46,99 5108 1736 513,57 494,64 23,43 25,14 5,14 0,8043 409  2 109308,28125 1
47,55 5189 1763 489,14 456,05 23,06 25,14 5,14 0,8863 410  2 104489,796875 1
48,04 5123 1741 498,17 444,77 23,73 25,14 5,14 0,9991 410  2 101870,273437 1
48,53 5054 1738 462,42 435,09 23,41 25,14 5,14 1,0675 411  2 99436,78125 1
48,95 5020 1707 468,41 420,47 23,84 25,14 5,14 1,1971 411  3 97061,609375 1
49,3 5034 1712 449,46 417,77 23,77 25,14 5,14 1,2505 411  3 95486,757812 1
49,63 4928 1685 458,99 422,18 24,16 25,14 5,14 1,3009 412  3 92518,976562 1
49,87 5032 1711 441,32 407,03 23,78 25,14 5,14 1,3442 412  3 92020,132812 1
50,3 4802 1688 441,77 404,01 24,11 25,14 5,14 1,4006 412  3 91038,40625 1
50,47 4690 1652 441,32 410,62 24,67 25,14 5,14 1,4413 412  3 90555,359375 1
50,61 4911 1683 433,47 407,72 24,2 25,14 5,14 1,4874 412  3 90747,960937 1
50,78 4690 1652 438,49 410,35 24,67 25,14 5,14 1,5213 412  3 90363,570312 1
50,91 4883 1672 430,11 400,2 24,36 25,14 5,14 1,5779 412  3 89887,640625 1
50,91 4777 1664 423,9 404,28 24,48 25,14 5,14 1,598 412  3 89416,695312 1
50,97 4566 1634 430,4 411,32 24,94 25,14 5,14 1,6123 412  3 90459,367187 1
51,04 4596 1639 427,79 406,89 24,88 25,14 5,14 1,6376 412  3 89698,671875 1
51,23 4636 1644 433,77 411,18 24,78 25,14 5,14 1,6368 412  3 89793,054687 1
41,97 21 400 1200,59 2545,97 100,66 25,14 5,14 0,0331 400  1 261491,3125 1
41,99 85 802 1116,71 2220,6 67,98 25,14 5,14 0,037 400  1 258129,5625 1
42,35 2798 1361 858,77 1249,51 30,57 25,14 5,14 0,1359 400  1 168921,140625 1
43,36 4639 1645 685,23 862,27 24,78 25,14 5,14 0,2717 401  1 148880,484375 1
44,35 5095 1732 667,6 693,16 23,49 25,14 5,14 0,4091 403  2 135413,90625 1
45,27 5057 1747 568,65 530,72 23,27 25,14 5,14 0,5505 406  2 124271,84375 1
46,08 5176 1759 518,82 496,15 23,12 25,14 5,14 0,6612 409  2 116948,375 1
46,78 5215 1772 537,22 477,69 22,94 25,14 5,14 0,7699 411  2 111231,804687 1
47,41 5122 1741 503,93 453,43 23,36 25,14 5,14 0,9579 414  2 106511,335937 1
47,97 5018 1706 485,85 444,47 23,85 25,14 5,14 1,0363 415  2 103288,28125 1
48,45 5114 1728 489,48 430,4 23,53 25,14 5,14 1,1169 415  2 98291,421875 1
48,89 5139 1747 474,31 421,75 23,28 25,14 5,14 1,1874 416  3 96567,335937 1
49,52 5112 1737 451,75 423,04 23,41 25,14 5,14 1,2422 416  3 95700,9375 1
49,86 5002 1701 455,28 409,24 23,92 25,14 5,14 1,3105 416  3 94273,617187 1
50,1 5033 1683 427,65 406,89 24,2 25,14 5,14 1,3771 417  3 91822,09375 1
50,21 5031 1711 444,17 410,76 23,78 25,14 5,14 1,4432 417  3 91526,632812 1
50,43 4933 1686 421,32 400,6 24,15 25,14 5,14 1,5224 417  3 91233,070312 1
50,6 4777 1664 440,72 402,1 24,48 25,14 5,14 1,5548 417  3 90363,570312 1
50,72 4870 1677 435,24 411,18 24,28 25,14 5,14 1,5942 417  3 90363,570312 1
50,86 4617 1640 430,11 408,55 24,85 25,14 5,14 1,62 417  3 89793,054687 1
50,97 4819 1670 431,42 407,3 24,39 25,14 5,14 1,6543 417  3 89604,476562 1
51,02 4696 1653 427,5 405,1 24,65 25,14 5,14 1,6884 417  3 89793,054687 1
51,13 4394 1610 432,59 407,58 25,34 25,14 5,14 1,7089 417  3 90363,570312 1
51,21 4320 1599 431,86 407,16 25,06 25,14 5,14 1,7186 417  3 90363,570312 1
41,91 15 400 1128,1 2548,56 102,1 25,14 5,14 0,0339 400  1 261691,796875 1
41,9 1022 400 1173,27 2647,02 101,31 25,14 5,14 0,0333 400  1 220880,0625 1
42,1 3702 1563 766,98 960,57 26,16 25,14 5,14 0,0649 400  1 178272,984375 1
42,94 5020 1707 662,43 741,71 23,84 25,14 5,14 0,2024 400  1 155386,953125 1
43,96 5048 1717 600,3 632,63 23,7 25,14 5,14 0,4755 405  2 139623,671875 1
44,94 5138 1746 565,58 562,15 23,29 25,14 5,14 0,6385 407  2 128288,648437 1
45,82 5132 1744 537,58 521,81 23,31 25,14 5,14 0,7623 408  2 113752,5 1
46,55 5108 1752 525,0 483,55 23,21 25,14 5,14 0,8648 409  2 107994,09375 1
47,14 5174 1758 502,74 455,12 23,12 25,14 5,14 0,9697 410  2 104617,898437 1
48,25 5143 1748 498,0 450,83 23,26 25,14 5,14 1,064 411  2 100966,28125 1
48,66 5104 1727 479,31 430,4 23,55 25,14 5,14 1,1241 411  2 99494,75 1
49,09 5034 1712 451,59 422,47 23,77 25,14 5,14 1,1828 412  3 97505,234375 1
49,42 5060 1720 462,89 419,05 23,65 25,14 5,14 1,2427 412  3 96186,359375 1
49,71 4941 1687 462,89 415,8 24,13 25,14 5,14 1,3757 412  3 94849,945312 1
49,93 5012 1704 463,2 416,36 23,87 25,14 5,14 1,4369 412  3 92318,789062 1
50,13 4865 1665 450,07 415,1 24,46 25,14 5,14 1,4751 413  3 91428,570312 1
50,33 4924 1685 437,9 407,3 24,16 25,14 5,14 1,5306 413  3 91330,71875 1
50,64 4998 1700 433,91 408,55 23,94 25,14 5,14 1,5632 413  3 90172,59375 1
50,64 4775 1664 426,49 401,28 24,48 25,14 5,14 1,6039 413  3 89982,421875 1
50,76 4837 1667 419,76 405,65 24,43 25,14 5,14 1,625 413  3 89604,476562 1
50,92 4782 1665 426,2 400,74 24,46 25,14 5,14 1,6475 413  3 89323,101562 1
50,98 4597 1639 432,3 406,61 24,87 25,14 5,14 1,6821 413  3 89793,054687 1
51,07 4397 1610 438,79 404,28 25,34 25,14 5,14 1,7061 413  3 89887,640625 1
51,15 4361 1605 424,47 410,35 25,42 25,14 5,14 1,7349 413  3 90172,59375 1
41,88 19 400 1180,84 2591,18 101,1 25,14 5,14 0,0346 400  1 261691,796875 1
41,92 325 810 1068,64 2191,48 66,54 25,14 5,14 0,0376 400  1 249817,03125 1
41,95 2890 1377 829,07 1233,96 30,16 25,14 5,14 0,1437 400  1 199687,984375 1
42,63 4633 1644 716,3 850,67 24,79 25,14 5,14 0,2711 401  1 147084,171875 1
43,63 5007 1718 634,13 671,0 23,68 25,14 5,14 0,4078 403  2 133402,8125 1
45,57 5070 1724 585,05 582,68 23,6 25,14 5,14 0,5407 406  2 123462,742187 1
46,31 5144 1748 521,81 497,32 23,26 25,14 5,14 0,6689 409  2 115915,78125 1
46,96 5154 1752 512,71 479,47 23,21 25,14 5,14 0,7701 411  2 110226,046875 1
47,58 5060 1737 496,65 457,13 23,41 25,14 5,14 0,867 413  2 106113,992187 1
48,11 5056 1719 483,22 441,92 23,66 25,14 5,14 1,0297 415  2 103163,40625 1
48,52 5109 1737 467,77 434,36 23,41 25,14 5,14 1,1024 415  2 100254,554687 1
48,98 5046 1716 467,14 428,95 23,71 25,14 5,14 1,1752 416  3 96240,601562 1
49,26 5076 1726 458,21 419,76 23,57 25,14 5,14 1,2361 416  3 95326,757812 1
49,85 4992 1702 456,82 419,19 23,91 25,14 5,14 1,3031 416  3 93858,84375 1
50,05 5056 1719 448,7 409,51 23,66 25,14 5,14 1,3386 416  3 92418,773437 1
50,05 4907 1682 445,67 407,3 24,2 25,14 5,14 1,3814 417  3 91526,632812 1
50,28 4821 1670 437,6 402,37 24,38 25,14 5,14 1,439 417  3 91135,632812 1
50,39 4836 1668 437,9 408,41 24,42 25,14 5,14 1,4997 417  3 90747,960937 1
50,53 4461 1620 428,51 407,72 25,18 25,14 5,14 1,5319 417  3 90172,59375 1
50,73 4656 1647 430,11 409,93 24,73 25,14 5,14 1,5643 417  3 89793,054687 1
50,89 4751 1660 435,68 405,93 24,53 25,14 5,14 1,5825 417  3 89698,671875 1
51,06 4824 1671 419,9 412,16 24,37 25,14 5,14 1,6055 417  3 89793,054687 1
51,17 4708 1637 435,53 403,05 24,89 25,14 5,14 1,6271 417  3 89982,421875 1
51,19 4595 1639 412,44 407,44 24,87 25,14 5,14 1,6416 417  3 90459,367187 1
41,91 19 400 1164,97 2604,36 101,07 25,14 5,14 0,0332 400  1 265766,9375 1
41,88 42 441 1163,0 2539,09 96,16 25,14 5,14 0,0351 400  1 213823,34375 1
42,31 1852 1188 912,41 1493,49 36,11 25,14 5,14 0,1143 400  1 174624,828125 1
43,26 5149 1750 662,43 700,0 23,61 25,14 5,14 0,2527 401  1 152881,453125 1
44,3 5070 1724 588,83 605,6 23,6 25,14 5,14 0,3814 402  2 137265,421875 1
45,2 5126 1742 573,29 549,36 23,34 25,14 5,14 0,506 406  2 126015,257812 1
46,08 5158 1753 553,84 508,56 23,19 25,14 5,14 0,7179 410  2 118081,179687 1
46,73 5156 1752 517,59 483,55 23,2 25,14 5,14 0,8054 411  2 112108,601562 1
47,38 5119 1740 494,3 459,15 23,37 25,14 5,14 0,8874 412  2 103727,710937 1
47,88 5116 1736 498,34 445,22 23,42 25,14 5,14 0,9822 413  2 100846,953125 1
48,77 5052 1718 474,15 436,27 23,68 25,14 5,14 1,0557 414  2 98404,765625 1
49,16 5073 1724 472,87 414,53 23,58 25,14 5,14 1,1194 414  2 97061,609375 1
49,49 5015 1705 454,97 421,04 23,85 25,14 5,14 1,1776 414  3 95167,289062 1
49,77 4994 1695 446,88 414,11 24,01 25,14 5,14 1,2307 415  3 94377,882812 1
49,77 5008 1703 454,97 405,93 23,89 25,14 5,14 1,3231 415  3 92418,773437 1
49,99 4633 1644 449,0 411,18 24,78 25,14 5,14 1,3562 415  3 91330,71875 1
50,19 4686 1651 441,77 407,16 24,67 25,14 5,14 1,4027 415  3 90941,382812 1
50,35 4839 1673 449,0 398,98 24,34 25,14 5,14 1,4322 415  3 90459,367187 1
50,67 4731 1676 440,87 404,69 24,29 25,14 5,14 1,4696 415  3 90459,367187 1
50,81 4804 1668 436,42 410,35 24,41 25,14 5,14 1,5067 415  3 90363,570312 1
50,95 4547 1632 430,7 407,99 24,98 25,14 5,14 1,544 415  3 89698,671875 1
51,0 4662 1648 435,83 403,87 24,72 25,14 5,14 1,5642 415  3 89510,492187 1
51,08 4221 1622 429,39 407,58 25,13 25,14 5,14 1,6075 415  3 89982,421875 1
51,13 4583 1637 425,05 405,65 24,89 25,14 5,14 1,6113 415  3 90172,59375 1
41,86 17 400 1116,33 2576,31 101,58 25,14 5,14 0,0344 400  1 261691,796875 1
41,86 855 965 1011,97 1859,73 48,51 25,14 5,14 0,0326 400  1 231674,203125 1
42,07 3529 1480 785,1 1090,19 27,77 25,14 5,14 0,0397 400  1 184637,578125 1
42,93 4760 1662 677,85 790,97 24,51 25,14 5,14 0,2958 401  1 159154,484375 1
43,97 5100 1730 594,83 632,84 23,51 25,14 5,14 0,4325 404  2 141241,375 1
44,95 5128 1743 584,06 569,23 23,33 25,14 5,14 0,5558 405  2 120840,21875 1
45,76 5234 1778 535,59 519,52 22,85 25,14 5,14 0,6544 407  2 113980,40625 1
47,22 5162 1754 535,04 492,8 23,17 25,14 5,14 0,7488 408  2 108405,671875 1
47,72 5145 1721 503,42 450,37 23,63 25,14 5,14 0,8384 408  2 104875,054687 1
48,25 5072 1724 497,83 436,42 23,58 25,14 5,14 0,8978 409  2 101748,804687 1
48,66 5070 1724 476,24 429,53 23,59 25,14 5,14 0,9782 409  2 99147,945312 1
49,04 4992 1698 471,11 422,75 23,96 25,14 5,14 1,0927 410  2 97672,640625 1
49,4 5046 1716 455,59 416,64 23,7 25,14 5,14 1,1559 410  3 95970,007812 1
49,4 5092 1717 456,51 412,99 23,69 25,14 5,14 1,2142 410  3 92518,976562 1
49,71 5007 1703 449,16 407,16 23,89 25,14 5,14 1,2488 410  3 92318,789062 1
50,15 4878 1678 446,88 405,65 24,25 25,14 5,14 1,2956 410  3 91135,632812 1
50,33 4893 1680 432,89 399,93 24,22 25,14 5,14 1,3423 410  3 90651,554687 1
50,47 4893 1678 442,37 401,55 24,26 25,14 5,14 1,3716 410  3 90941,382812 1
50,62 4658 1647 427,36 409,79 24,73 25,14 5,14 1,402 410  3 90172,59375 1
50,72 4753 1661 425,91 397,5 24,52 25,14 5,14 1,4632 410  3 90555,359375 1
50,85 4714 1655 432,16 400,87 24,6 25,14 5,14 1,4764 410  3 89793,054687 1
50,96 4564 1634 432,16 406,61 24,94 25,14 5,14 1,4925 410  3 89793,054687 1
51,05 4509 1626 418,62 407,3 25,06 25,14 5,14 1,5135 410  3 89982,421875 1
51,21 4538 1620 420,9 403,32 25,17 25,14 5,14 1,5353 410  3 90363,570312 1
41,79 18 400 1199,78 2623,83 101,34 25,14 5,14 0,0332 400  1 263306,75 1
41,78 55 467 1119,74 2494,79 93,69 25,14 5,14 0,0364 400  1 211308,296875 1
41,86 1978 1213 830,75 1283,8 31,14 25,14 5,14 0,1254 400  1 172332,546875 1
43,65 4257 1629 699,52 883,24 25,03 25,14 5,14 0,252 401  1 151255,546875 1
44,65 5112 1737 603,15 602,74 23,4 25,14 5,14 0,3874 402  2 136496,9375 1
45,51 5120 1740 557,98 551,22 23,36 25,14 5,14 0,5149 406  2 125829,445312 1
46,28 5132 1744 535,59 515,84 23,3 25,14 5,14 0,6283 408  2 117593,015625 1
47,02 5131 1771 532,33 477,69 22,94 25,14 5,14 0,8093 412  2 112108,601562 1
47,47 5113 1738 507,7 456,51 23,39 25,14 5,14 0,8972 413  2 107112,96875 1
48,08 5091 1731 490,47 451,44 23,49 25,14 5,14 0,9882 413  2 101265,820312 1
48,08 5113 1738 469,68 430,7 23,39 25,14 5,14 1,0593 414  2 98575,28125 1
48,93 4981 1692 463,67 427,21 24,04 25,14 5,14 1,1332 414  3 96731,53125 1
49,25 5009 1703 448,09 413,13 23,88 25,14 5,14 1,1907 415  3 95486,757812 1
49,61 5026 1709 437,01 409,51 23,8 25,14 5,14 1,2434 415  3 94117,648437 1
49,86 5010 1704 444,62 410,21 23,87 25,14 5,14 1,2936 415  3 91921,007812 1
50,09 4944 1687 435,53 400,87 24,11 25,14 5,14 1,3652 415  3 91135,632812 1
50,3 4714 1667 427,93 405,93 24,43 25,14 5,14 1,402 416  3 91624,914062 1
50,45 4920 1684 434,36 413,69 24,16 25,14 5,14 1,4395 416  3 90555,359375 1
50,57 4944 1687 432,16 404,01 24,11 25,14 5,14 1,485 416  3 90651,554687 1
50,86 4787 1665 429,09 400,87 24,44 25,14 5,14 1,514 416  3 90363,570312 1
50,96 4642 1639 425,77 407,44 24,85 25,14 5,14 1,5236 416  3 90267,984375 1
51,02 4422 1614 435,53 404,42 25,27 25,14 5,14 1,5448 416  3 89793,054687 1
51,1 4386 1609 426,34 405,93 25,35 25,14 5,14 1,5686 416  3 90077,414062 1
51,18 4578 1636 424,04 409,24 24,9 25,14 5,14 1,6006 416  3 90363,570312 1
41,75 14 400 1160,24 2609,66 100,59 25,14 5,14 0,0332 400  1 263917,53125 1
41,74 953 990 964,48 1767,07 46,62 25,14 5,14 0,0316 400  1 228724,59375 1
42,34 3787 1520 792,85 1071,17 26,96 25,14 5,14 0,0584 400  1 184438,046875 1
43,33 4982 1693 710,02 778,49 24,04 25,14 5,14 0,3036 401  2 157975,9375 1
44,34 5143 1731 613,23 631,13 23,49 25,14 5,14 0,4314 404  2 141946,21875 1
45,28 5141 1747 595,24 565,77 23,26 25,14 5,14 0,5508 406  2 120669,335937 1
46,04 5137 1746 559,3 514,97 23,28 25,14 5,14 0,6607 407  2 114209,234375 1
46,78 5068 1723 525,0 486,83 23,6 25,14 5,14 0,7762 408  2 108681,804687 1
47,36 5118 1740 505,81 461,17 23,37 25,14 5,14 0,8688 409  2 104875,054687 1
47,92 5146 1749 469,99 429,53 23,24 25,14 5,14 0,9688 409  2 101567,148437 1
48,42 5125 1742 473,03 436,12 23,34 25,14 5,14 1,036 410  2 99436,78125 1
48,85 5049 1717 470,15 425,62 23,69 25,14 5,14 1,0999 410  2 97449,5625 1
49,16 5027 1681 469,04 419,05 24,21 25,14 5,14 1,1917 411  3 96024,007812 1
49,49 4936 1686 443,87 415,24 24,13 25,14 5,14 1,2479 411  3 94534,710937 1
49,73 4920 1684 444,62 410,9 24,16 25,14 5,14 1,2874 411  3 91624,914062 1
49,95 5001 1701 445,37 404,01 23,91 25,14 5,14 1,3246 411  3 91526,632812 1
50,4 4856 1675 453,59 408,55 24,29 25,14 5,14 1,368 411  3 90844,570312 1
50,57 4713 1655 436,27 405,93 24,6 25,14 5,14 1,3969 411  3 90363,570312 1
50,66 4698 1653 426,49 401,69 24,63 25,14 5,14 1,4224 411  3 89604,476562 1
50,81 4717 1656 437,31 402,92 24,59 25,14 5,14 1,4604 411  3 90267,984375 1
50,9 4724 1657 435,83 398,71 24,58 25,14 5,14 1,5261 411  3 90267,984375 1
50,98 4537 1648 418,91 408,13 24,72 25,14 5,14 1,5324 411  3 90363,570312 1
51,06 4504 1626 439,83 414,53 25,07 25,14 5,14 1,5477 411  3 90459,367187 1
51,09 4464 1620 432,74 402,78 25,17 25,14 5,14 1,5742 411  3 90363,570312 1
41,74 12 400 1155,93 2587,67 102,8 25,14 5,14 0,0327 400  1 262901,15625 1
41,75 87 776 1102,81 2213,1 69,82 25,14 5,14 0,0367 400  1 259898,484375 1
42,05 2938 1385 853,56 1247,4 29,95 25,14 5,14 0,1366 400  1 170609,796875 1
43,0 4600 1639 705,95 844,08 24,86 25,14 5,14 0,2735 401  1 150058,609375 1
44,01 5063 1721 642,12 691,05 23,62 25,14 5,14 0,4165 403  2 134878,8125 1
44,98 5110 1757 553,84 525,18 23,13 25,14 5,14 0,5613 407  2 124817,164062 1
45,81 5167 1756 530,72 500,02 23,15 25,14 5,14 0,6742 410  2 117108,875 1
46,53 5135 1745 520,22 475,11 23,29 25,14 5,14 0,7776 412  2 111304,351562 1
47,23 5235 1779 492,13 453,74 22,84 25,14 5,14 0,954 414  2 106511,335937 1
47,77 5142 1748 488,48 439,38 23,26 25,14 5,14 1,04 415  2 103038,84375 1
48,26 5119 1726 485,52 431,13 23,55 25,14 5,14 1,1067 416  2 97952,9375 1
48,64 5094 1731 474,31 422,75 23,48 25,14 5,14 1,167 416  3 96622,007812 1
49,38 5046 1716 454,66 417,49 23,7 25,14 5,14 1,2226 417  3 95167,289062 1
49,66 5035 1712 463,52 405,65 23,75 25,14 5,14 1,2596 417  3 94692,0625 1
49,93 4971 1705 445,97 404,83 23,85 25,14 5,14 1,3091 417  3 91723,398437 1
50,1 5028 1657 450,83 406,48 24,57 25,14 5,14 1,3659 417  3 91135,632812 1
50,31 4988 1696 442,82 398,04 23,98 25,14 5,14 1,4411 418  3 90555,359375 1
50,46 4702 1654 423,47 404,56 24,63 25,14 5,14 1,4796 418  3 90555,359375 1
50,58 4805 1668 431,86 402,92 24,4 25,14 5,14 1,5066 418  3 90459,367187 1
50,75 4793 1666 437,9 403,6 24,43 25,14 5,14 1,532 418  3 90363,570312 1
50,99 4716 1635 417,07 403,6 24,93 25,14 5,14 1,5517 418  3 90172,59375 1
50,99 4486 1623 419,19 404,28 25,11 25,14 5,14 1,5697 418  3 89793,054687 1
51,06 4287 1594 433,03 403,73 25,59 25,14 5,14 1,5842 418  3 90267,984375 1
51,12 4610 1641 424,47 408,96 24,83 25,14 5,14 1,5877 418  3 89793,054687 1
41,68 13 400 1153,59 2567,61 101,28 25,14 5,14 0,0331 400  1 262496,78125 1
41,68 1119 1031 974,65 1743,31 43,9 25,14 5,14 0,0321 400  1 224659,9375 1
41,85 3659 1501 790,43 1052,49 27,35 25,14 5,14 0,0645 400  1 181110,71875 1
42,66 4930 1685 700,0 784,57 24,15 25,14 5,14 0,1864 400  1 156670,75 1
43,7 5055 1754 619,49 633,7 23,17 25,14 5,14 0,459 404  2 140082,078125 1
44,73 5125 1742 576,99 557,22 23,34 25,14 5,14 0,5853 406  2 129064,78125 1
45,55 5130 1744 558,16 515,84 23,31 25,14 5,14 0,691 408  2 113299,40625 1
46,36 5108 1736 517,76 484,2 23,41 25,14 5,14 0,8178 409  2 108199,492187 1
47,6 5128 1743 507,01 472,55 23,32 25,14 5,14 0,8955 410  2 104553,804687 1
48,03 5133 1745 492,97 437,01 23,3 25,14 5,14 0,9883 410  2 101145,789062 1
48,56 5075 1725 476,24 429,39 23,57 25,14 5,14 1,0702 411  2 99263,28125 1
48,94 5104 1735 468,09 430,55 23,43 25,14 5,14 1,1505 411  2 97227,5 1
49,31 4968 1691 456,2 411,6 24,07 25,14 5,14 1,2507 412  3 95326,757812 1
49,62 4996 1710 441,17 410,9 23,77 25,14 5,14 1,3054 412  3 94430,101562 1
49,83 5003 1702 440,13 409,79 23,9 25,14 5,14 1,3616 412  3 91330,71875 1
50,05 4763 1662 449,61 409,65 24,49 25,14 5,14 1,4018 412  3 91330,71875 1
50,47 4951 1688 455,59 410,9 24,1 25,14 5,14 1,4477 412  3 90555,359375 1
50,47 5001 1662 438,05 409,51 24,49 25,14 5,14 1,4803 412  3 90077,414062 1
50,6 4934 1686 419,05 395,75 24,13 25,14 5,14 1,5181 412  3 89698,671875 1
50,68 4596 1639 425,91 412,3 24,86 25,14 5,14 1,5436 412  3 89698,671875 1
50,85 4747 1660 436,86 402,1 24,53 25,14 5,14 1,5982 412  3 89510,492187 1
50,95 4644 1646 438,19 403,19 24,75 25,14 5,14 1,6305 412  3 89416,695312 1
50,99 4428 1624 414,25 410,9 25,11 25,14 5,14 1,6575 412  3 89982,421875 1
51,07 4507 1626 431,13 410,9 25,06 25,14 5,14 1,6803 412  3 89887,640625 1
41,72 24 401 1175,26 2590,3 99,91 25,14 5,14 0,0326 400  1 266597,25 1
41,68 90 532 1128,49 2466,25 88,06 25,14 5,14 0,0368 400  1 260493,515625 1
41,69 2162 1390 867,83 1228,96 29,81 25,14 5,14 0,1362 400  1 170780,515625 1
42,34 4823 1671 727,53 856,45 24,37 25,14 5,14 0,2604 401  1 149401,8125 1
44,36 5026 1709 661,53 687,32 23,8 25,14 5,14 0,3801 403  2 135737,015625 1
45,3 5149 1750 552,71 535,22 23,23 25,14 5,14 0,5031 406  2 125091,617187 1
46,06 5070 1773 538,86 497,16 22,92 25,14 5,14 0,6316 408  2 117350,445312 1
46,75 5192 1764 525,53 478,83 23,03 25,14 5,14 0,7304 410  2 111741,59375 1
47,32 5085 1729 511,15 462,26 23,52 25,14 5,14 0,9022 412  2 106844,742187 1
47,89 5106 1735 499,69 440,72 23,42 25,14 5,14 0,9921 413  2 102976,671875 1
48,43 5085 1729 484,04 439,83 23,52 25,14 5,14 1,0801 414  2 98461,539062 1
48,79 5051 1705 474,31 426,63 23,85 25,14 5,14 1,1356 414  3 96731,53125 1
49,48 5035 1712 459,77 421,32 23,75 25,14 5,14 1,194 415  3 95273,539062 1
49,77 5025 1709 462,11 415,1 23,8 25,14 5,14 1,2362 415  3 94013,953125 1
49,77 4988 1696 436,42 408,55 23,98 25,14 5,14 1,2953 415  3 91921,007812 1
49,99 4988 1639 437,9 405,93 24,85 25,14 5,14 1,3408 415  3 91822,09375 1
50,16 4974 1691 440,72 414,53 24,05 25,14 5,14 1,4266 415  3 91233,070312 1
50,34 4694 1652 446,88 405,65 24,64 25,14 5,14 1,4713 415  3 90363,570312 1
50,53 4728 1657 436,27 403,19 24,57 25,14 5,14 1,5092 415  3 89416,695312 1
50,65 4592 1638 441,77 398,71 24,87 25,14 5,14 1,5294 415  3 89982,421875 1
50,88 4446 1617 433,33 401,01 24,92 25,14 5,14 1,5431 415  3 90077,414062 1
50,98 4522 1628 437,9 405,93 25,03 25,14 5,14 1,5577 415  3 89793,054687 1
51,07 4318 1599 435,83 402,37 25,52 25,14 5,14 1,5757 416  3 89793,054687 1
51,14 4235 1587 422,9 409,79 25,72 25,14 5,14 1,5919 416  3 90459,367187 1
41,67 14 400 1140,39 2603,48 103,35 25,14 5,15 0,033 400  1 264736,3125 1
41,66 1145 1036 989,28 1711,16 43,53 25,14 5,15 0,0321 400  1 224956,0625 1
41,98 3867 1532 812,68 1035,88 26,73 25,14 5,15 0,053 400  1 182857,140625 1
42,98 4851 1674 697,16 785,37 24,31 25,14 5,15 0,1643 400  1 157248,15625 1
44,1 5120 1751 623,7 626,87 23,21 25,14 5,15 0,4205 404  2 140427,859375 1
45,0 5027 1710 577,38 553,84 23,79 25,14 5,15 0,548 405  2 128578,601562 1
45,78 5147 1749 555,34 524,64 23,23 25,14 5,15 0,6507 407  2 113676,734375 1
46,5 5089 1730 535,22 491,8 23,5 25,14 5,15 0,7489 408  2 108612,640625 1
47,73 5087 1729 496,99 467,3 23,51 25,14 5,15 0,8472 408  2 104553,804687 1
48,24 5100 1734 491,47 438,49 23,45 25,14 5,15 0,9306 409  2 101446,40625 1
48,59 4996 1699 469,99 426,92 23,94 25,14 5,15 1,0032 409  2 98746,382812 1
48,59 5069 1723 459,46 417,63 23,59 25,14 5,15 1,0745 409  2 96951,335937 1
49,03 5107 1736 469,36 409,24 23,41 25,14 5,15 1,196 410  3 95754,625 1
49,36 4756 1697 458,21 414,53 23,98 25,14 5,15 1,2602 410  3 94430,101562 1
49,65 5004 1702 445,22 408,41 23,9 25,14 5,15 1,2964 410  3 91330,71875 1
49,85 5042 1714 447,94 416,36 23,72 25,14 5,15 1,3359 410  3 91428,570312 1
50,3 4927 1685 426,92 406,89 24,15 25,14 5,15 1,3669 410  3 91038,40625 1
50,39 4836 1685 451,44 400,87 24,15 25,14 5,15 1,4074 410  3 90363,570312 1
50,55 4918 1684 441,02 400,47 24,16 25,14 5,15 1,4404 410  3 89698,671875 1
50,7 4618 1642 434,21 404,01 24,81 25,14 5,15 1,4757 410  3 90172,59375 1
50,81 4592 1638 428,95 404,69 24,87 25,14 5,15 1,5362 410  3 89604,476562 1
50,89 4399 1611 427,36 405,65 25,32 25,14 5,15 1,5575 410  3 89982,421875 1
51,01 4367 1606 427,93 403,6 25,4 25,14 5,15 1,5782 410  3 90555,359375 1
51,13 4478 1599 420,33 402,37 25,52 25,14 5,15 1,6004 410  3 90555,359375 1
41,61 18 400 1197,34 2592,05 101,24 25,14 5,15 0,0324 400  1 264736,3125 1
41,65 106 559 1174,47 2462,91 85,74 25,14 5,15 0,0365 400  1 261291,140625 1
41,78 2306 1393 837,81 1207,52 29,74 25,14 5,15 0,1351 400  1 170609,796875 1
42,63 4723 1657 728,27 839,23 24,58 25,14 5,15 0,2656 401  1 149663,84375 1
44,74 5082 1728 660,41 693,4 23,53 25,14 5,15 0,3886 403  2 135413,90625 1
45,55 5096 1732 579,93 539,22 23,47 25,14 5,15 0,5145 406  2 125000,0 1
46,27 5133 1729 527,67 492,47 23,51 25,14 5,15 0,6184 409  2 117189,289062 1
46,99 5068 1723 513,57 473,67 23,6 25,14 5,15 0,7134 410  2 111522,546875 1
46,99 5161 1754 506,33 458,68 23,17 25,14 5,15 0,9408 413  2 106911,671875 1
47,56 5166 1756 484,7 441,02 23,15 25,14 5,15 1,0077 414  2 103413,453125 1
48,06 5102 1734 473,35 434,36 23,44 25,14 5,15 1,0741 414  2 98178,328125 1
48,5 5051 1712 473,67 420,61 23,75 25,14 5,15 1,1289 415  3 96512,726562 1
49,23 5050 1717 455,28 415,94 23,68 25,14 5,15 1,1938 415  3 95326,757812 1
49,5 4975 1692 453,43 418,62 24,05 25,14 5,15 1,2374 415  3 94065,773437 1
49,77 4935 1686 452,36 402,64 24,13 25,14 5,15 1,2938 416  3 92418,773437 1
50,04 4683 1682 436,57 398,58 24,2 25,14 5,15 1,3334 416  3 91038,40625 1
50,18 4942 1692 441,92 404,01 24,04 25,14 5,15 1,3877 416  3 90941,382812 1
50,37 4875 1678 426,2 397,23 24,25 25,14 5,15 1,4213 416  3 90941,382812 1
50,5 4820 1670 422,61 402,37 24,37 25,14 5,15 1,4488 416  3 90459,367187 1
50,68 4701 1653 430,99 404,28 24,63 25,14 5,15 1,4838 416  3 89698,671875 1
50,91 4902 1681 427,21 405,65 24,2 25,14 5,15 1,5144 416  3 90555,359375 1
50,96 4580 1637 423,61 404,56 24,89 25,14 5,15 1,537 416  3 90172,59375 1
51,07 4625 1643 428,22 402,37 24,79 25,14 5,15 1,5534 416  3 90172,59375 1
51,13 4346 1603 415,8 408,68 25,45 25,14 5,15 1,5565 416  3 90651,554687 1
41,62 10 400 1174,47 2602,6 103,14 25,14 5,15 0,0339 400  1 263713,625 1
41,63 15 400 1163,0 2637,18 102,03 25,14 5,15 0,0342 400  1 221023,09375 1
42,33 3729 1573 775,86 958,62 25,98 25,14 5,15 0,0974 400  1 178646,203125 1
43,37 5012 1705 676,25 739,95 23,86 25,14 5,15 0,2395 401  1 154963,6875 1
44,37 5051 1717 639,73 623,28 23,68 25,14 5,15 0,3916 402  2 139054,859375 1
45,26 5134 1745 589,22 556,09 23,3 25,14 5,15 0,6414 408  2 127808,289062 1
46,06 5063 1721 548,98 510,63 23,62 25,14 5,15 0,7666 410  2 119236,140625 1
46,06 5146 1749 514,97 478,5 23,24 25,14 5,15 0,8527 412  2 107857,59375 1
46,71 5072 1724 525,89 469,2 23,58 25,14 5,15 0,9317 413  2 104234,53125 1
47,87 5132 1744 507,01 448,09 23,3 25,14 5,15 0,9933 414  2 101026,046875 1
48,38 5107 1736 469,2 423,61 23,41 25,14 5,15 1,0547 414  2 98918,085937 1
48,74 5058 1699 467,61 420,61 23,94 25,14 5,15 1,1248 415  2 96841,3125 1
49,18 5061 1721 469,36 413,69 23,63 25,14 5,15 1,1848 415  3 95486,757812 1
49,48 5074 1725 447,18 411,6 23,57 25,14 5,15 1,2919 415  3 94169,578125 1
49,7 5027 1709 446,88 414,53 23,79 25,14 5,15 1,3439 416  3 92119,46875 1
49,93 4927 1685 454,66 410,07 24,15 25,14 5,15 1,3766 416  3 91135,632812 1
50,13 4887 1675 435,24 406,48 24,3 25,14 5,15 1,4052 416  3 90747,960937 1
50,43 4875 1678 443,87 400,2 24,25 25,14 5,15 1,4328 416  3 89982,421875 1
50,61 4743 1659 442,67 404,42 24,53 25,14 5,15 1,4521 416  3 90077,414062 1
50,76 4697 1653 438,94 402,64 24,63 25,14 5,15 1,4698 416  3 90363,570312 1
50,81 4633 1645 418,2 402,92 24,76 25,14 5,15 1,504 416  3 89698,671875 1
50,89 4515 1627 442,37 403,73 25,05 25,14 5,15 1,5363 416  3 89323,101562 1
50,98 4610 1641 430,99 408,82 24,83 25,14 5,15 1,5601 416  3 90172,59375 1
50,98 4389 1609 432,89 410,76 25,34 25,14 5,15 1,574 416  3 89982,421875 1
41,53 15 400 1213,66 2583,3 101,93 25,14 5,15 0,0348 400  1 264531,125 1
41,56 370 825 1085,04 2191,48 64,09 25,14 5,15 0,0379 400  1 251288,34375 1
42,02 2934 1384 857,03 1201,81 29,97 25,14 5,15 0,1501 400  1 200391,390625 1
43,03 4541 1631 750,8 848,95 25,0 25,14 5,15 0,3219 401  1 146831,09375 1
43,03 5091 1712 633,91 661,31 23,75 25,14 5,15 0,4415 404  2 132987,015625 1
44,96 5123 1741 580,91 588,63 23,34 25,14 5,15 0,5662 405  2 123552,125 1
45,78 5172 1737 546,02 530,36 23,4 25,14 5,15 0,6714 407  2 115837,101562 1
46,57 5139 1746 505,64 467,61 23,27 25,14 5,15 0,7674 408  2 110942,578125 1
47,14 5115 1746 491,47 455,74 23,28 25,14 5,15 0,8436 409  2 106180,007812 1
47,64 5151 1750 505,98 445,67 23,22 25,14 5,15 0,9995 410  2 102359,054687 1
48,18 5120 1740 481,59 428,22 23,36 25,14 5,15 1,0646 410  2 100254,554687 1
48,57 5056 1719 459,46 423,76 23,65 25,14 5,15 1,1313 410  3 96186,359375 1
49,0 5015 1706 477,85 421,89 23,85 25,14 5,15 1,1782 410  3 94692,0625 1
49,59 5078 1714 461,01 417,07 23,73 25,14 5,15 1,2561 410  3 93807,257812 1
49,9 5069 1703 462,89 412,71 23,88 25,14 5,15 1,2895 411  3 91822,09375 1
50,08 4837 1672 450,68 403,6 24,34 25,14 5,15 1,314 411  3 90844,570312 1
50,27 4899 1681 451,75 404,28 24,2 25,14 5,15 1,3555 411  3 90844,570312 1
50,41 4872 1662 442,07 404,01 24,49 25,14 5,15 1,4226 411  3 90363,570312 1
50,55 4668 1649 434,06 409,1 24,7 25,14 5,15 1,4601 411  3 90077,414062 1
50,68 4649 1646 414,25 404,28 24,74 25,14 5,15 1,4915 411  3 89604,476562 1
50,76 4604 1640 434,65 404,56 24,84 25,14 5,15 1,5246 411  3 89793,054687 1
50,89 4705 1609 424,47 406,75 25,35 25,14 5,15 1,5414 411  3 89793,054687 1
50,97 4486 1623 433,47 405,65 25,11 25,14 5,15 1,5618 411  3 90077,414062 1
51,04 4421 1614 428,51 409,38 25,27 25,14 5,15 1,5733 411  3 90363,570312 1
41,55 9 400 1163,39 2611,43 102,8 25,14 5,15 0,0331 400  1 265974,03125 1
41,56 52 461 1199,78 2608,78 94,3 25,14 5,15 0,0351 400  1 216398,984375 1
41,75 1928 1203 928,61 1481,91 35,53 25,14 5,15 0,1219 400  1 176247,84375 1
42,66 5064 1722 671,0 740,45 23,62 25,14 5,15 0,2839 401  1 152608,046875 1
43,74 5139 1740 599,69 602,74 23,36 25,14 5,15 0,4367 403  2 138042,59375 1
44,67 5157 1752 566,16 559,3 23,19 25,14 5,15 0,5603 407  2 127047,148437 1
45,54 5183 1761 551,22 515,14 23,08 25,14 5,15 0,7813 412  2 118903,851562 1
46,25 5191 1764 526,78 490,31 23,04 25,14 5,15 0,8679 413  2 112552,210937 1
46,98 5186 1762 502,4 464,77 23,06 25,14 5,15 0,9681 415  2 104298,226562 1
47,53 4997 1724 509,08 449,31 23,58 25,14 5,15 1,0251 416  2 100906,585937 1
48,46 5106 1736 486,5 435,68 23,42 25,14 5,15 1,0987 416  2 98575,28125 1
48,87 5058 1720 467,14 421,18 23,65 25,14 5,15 1,1661 417  3 97006,445312 1
49,22 5044 1715 448,55 414,53 23,71 25,14 5,15 1,2329 417  3 95220,382812 1
49,47 4928 1708 451,44 408,96 23,81 25,14 5,15 1,279 417  3 94430,101562 1
49,76 4857 1675 454,05 406,34 24,29 25,14 5,15 1,365 418  3 92318,789062 1
49,98 4849 1674 449,31 405,51 24,31 25,14 5,15 1,402 418  3 91526,632812 1
50,14 4904 1682 434,21 403,32 24,2 25,14 5,15 1,4447 418  3 90651,554687 1
50,36 4806 1668 441,02 406,75 24,4 25,14 5,15 1,4785 418  3 90363,570312 1
50,6 4888 1685 434,94 404,69 24,15 25,14 5,15 1,5072 418  3 89793,054687 1
50,6 4645 1646 438,64 404,42 24,75 25,14 5,15 1,5421 418  3 90172,59375 1
50,76 4713 1655 432,3 401,28 24,6 25,14 5,15 1,5636 418  3 90077,414062 1
50,86 4560 1634 418,06 417,49 24,94 25,14 5,15 1,6004 418  3 89887,640625 1
50,92 4698 1624 437,45 407,99 25,1 25,14 5,15 1,6389 418  3 90077,414062 1
51,01 4267 1591 434,36 413,97 25,65 25,14 5,15 1,6477 418  3 90172,59375 1
41,54 16 400 1193,7 2643,44 101,76 25,14 5,15 0,0343 400  1 265560,15625 1
41,57 799 951 983,6 1869,19 49,72 25,14 5,15 0,0325 400  1 234057,140625 1
41,57 3455 1469 833,85 1098,34 28,02 25,14 5,15 0,0394 400  1 186861,3125 1
42,31 4872 1677 702,61 807,2 24,27 25,14 5,15 0,3036 401  1 159451,890625 1
43,38 5011 1707 635,42 641,47 23,83 25,14 5,15 0,4242 404  2 142301,28125 1
44,4 5097 1732 595,84 578,75 23,47 25,14 5,15 0,55 405  2 121011,578125 1
45,27 5148 1750 551,97 519,87 23,23 25,14 5,15 0,654 407  2 114515,765625 1
46,69 5162 1754 514,1 485,68 23,17 25,14 5,15 0,7462 408  2 109238,320312 1
47,33 5077 1729 517,06 452,97 23,52 25,14 5,15 0,8382 408  2 105719,59375 1
47,87 5033 1711 493,13 434,65 23,77 25,14 5,15 0,9179 409  2 102114,078125 1
48,36 5110 1737 477,21 429,53 23,41 25,14 5,15 1,006 409  2 99147,945312 1
48,67 5151 1751 468,09 426,2 23,22 25,14 5,15 1,1353 410  3 97227,5 1
49,14 5074 1725 453,59 416,64 23,57 25,14 5,15 1,1988 410  3 96294,90625 1
49,37 4981 1720 445,67 408,68 23,65 25,14 5,15 1,25 410  3 93962,195312 1
49,67 4921 1684 450,22 411,74 24,16 25,14 5,15 1,3005 410  3 91428,570312 1
50,1 4953 1689 433,77 404,56 24,1 25,14 5,15 1,3422 410  3 91135,632812 1
50,32 4799 1667 447,49 405,65 24,42 25,14 5,15 1,3713 410  3 90747,960937 1
50,43 4913 1661 441,47 406,89 24,52 25,14 5,15 1,3951 410  3 90363,570312 1
50,43 4920 1684 442,52 400,47 24,16 25,14 5,15 1,439 410  3 89887,640625 1
50,56 4684 1651 441,77 403,46 24,67 25,14 5,15 1,4896 410  3 90459,367187 1
50,73 4539 1631 429,82 401,28 25,0 25,14 5,15 1,5176 410  3 89982,421875 1
50,8 4605 1640 446,58 406,61 24,84 25,14 5,15 1,538 410  3 89982,421875 1
50,94 4345 1603 435,09 405,65 25,1 25,14 5,15 1,5714 410  3 90555,359375 1
51,04 4337 1609 440,28 409,79 25,35 25,14 5,15 1,5943 410  3 90267,984375 1
41,54 11 400 1184,05 2660,49 102,0 25,14 5,15 0,0332 400  1 265766,9375 1
41,54 208 703 1128,49 2356,1 74,81 25,14 5,15 0,0377 400  1 263713,625 1
41,51 2475 1305 865,19 1320,82 32,13 25,14 5,15 0,1327 400  1 171123,0 1
42,03 4625 1643 727,04 876,98 24,81 25,14 5,15 0,2833 401  1 149926,796875 1
44,08 4925 1685 648,45 706,9 24,16 25,14 5,15 0,4136 403  2 136170,21875 1
44,99 5104 1735 572,32 541,97 23,44 25,14 5,15 0,5426 407  2 125922,28125 1
45,83 5173 1758 540,87 502,06 23,12 25,14 5,15 0,6609 409  2 117836,59375 1
46,5 5098 1733 521,28 478,99 23,46 25,14 5,15 0,7697 411  2 111741,59375 1
47,09 5064 1722 499,01 457,13 23,62 25,14 5,15 0,9696 414  2 107045,789062 1
47,69 5116 1754 498,17 446,28 23,17 25,14 5,15 1,0418 415  2 103727,710937 1
48,16 5073 1724 475,76 432,59 23,58 25,14 5,15 1,1136 415  2 98632,25 1
48,61 5105 1735 469,99 427,65 23,43 25,14 5,15 1,1758 416  3 96841,3125 1
49,29 5062 1721 456,82 418,62 23,63 25,14 5,15 1,2344 416  3 95326,757812 1
49,63 5091 1696 450,98 411,18 23,99 25,14 5,15 1,2836 417  3 94013,953125 1
49,85 4871 1677 455,59 404,42 24,27 25,14 5,15 1,3397 417  3 91723,398437 1
50,04 4812 1669 450,83 403,73 24,39 25,14 5,15 1,3812 417  3 91624,914062 1
50,25 4800 1667 446,13 405,65 24,42 25,14 5,15 1,4561 417  3 90555,359375 1
50,25 4906 1682 449,46 403,05 24,2 25,14 5,15 1,4831 417  3 90651,554687 1
50,39 4562 1663 422,61 400,6 24,49 25,14 5,15 1,5036 417  3 89982,421875 1
50,53 4606 1640 445,07 413,13 24,84 25,14 5,15 1,528 417  3 89887,640625 1
50,73 4547 1632 431,42 397,63 24,98 25,14 5,15 1,5622 417  3 89982,421875 1
50,87 4580 1636 435,24 409,65 24,9 25,14 5,15 1,6082 417  3 90651,554687 1
50,96 4405 1612 432,3 409,79 25,3 25,14 5,15 1,6213 417  3 90077,414062 1
51,04 4314 1598 425,34 412,71 25,53 25,14 5,15 1,6422 417  3 90267,984375 1
41,46 15 400 1199,78 2632,72 101,76 25,14 5,15 0,0341 400  1 267014,34375 1
41,49 14 400 1195,32 2646,12 102,17 25,14 5,15 0,0342 400  1 220880,0625 1
41,79 4178 1578 767,76 990,62 25,89 25,14 5,15 0,0972 400  1 178833,390625 1
42,68 4918 1684 675,33 747,0 24,18 25,14 5,15 0,2225 400  1 154682,78125 1
43,72 5169 1725 604,78 622,85 23,58 25,14 5,15 0,3478 402  2 139168,25 1
44,73 5117 1739 582,48 562,34 23,38 25,14 5,15 0,5893 407  2 128096,070312 1
45,56 5168 1756 566,16 510,8 23,15 25,14 5,15 0,7142 408  2 119319,507812 1
46,31 5174 1758 530,0 480,12 23,12 25,14 5,15 0,8048 410  2 108062,476562 1
46,98 5113 1738 508,9 462,11 23,4 25,14 5,15 0,874 410  2 104617,898437 1
48,02 5133 1738 502,06 451,9 23,39 25,14 5,15 0,9676 411  2 101325,945312 1
48,48 5034 1729 489,14 435,53 23,52 25,14 5,15 1,0436 412  2 98860,78125 1
48,91 5063 1721 466,19 416,5 23,63 25,14 5,15 1,1166 412  2 96896,289062 1
49,2 4988 1674 448,4 412,16 24,33 25,14 5,15 1,1777 412  3 95862,195312 1
49,6 5000 1700 446,13 410,49 23,93 25,14 5,15 1,2678 413  3 94587,101562 1
49,77 4975 1692 445,37 410,49 24,06 25,14 5,15 1,3226 413  3 92318,789062 1
50,0 5013 1705 434,36 408,68 23,86 25,14 5,15 1,3648 413  3 90747,960937 1
50,25 4798 1667 440,72 407,44 24,43 25,14 5,15 1,4126 413  3 90555,359375 1
50,4 4864 1682 449,92 400,47 24,2 25,14 5,15 1,4367 413  3 90363,570312 1
50,5 4759 1658 418,62 399,12 24,56 25,14 5,15 1,4601 413  3 89698,671875 1
50,65 4671 1649 424,9 409,38 24,7 25,14 5,15 1,49 413  3 89887,640625 1
50,81 4468 1621 425,19 405,24 25,17 25,14 5,15 1,5296 413  3 90363,570312 1
50,87 4603 1629 433,77 402,37 25,03 25,14 5,15 1,5748 413  3 89982,421875 1
50,98 4489 1624 428,66 409,38 25,11 25,14 5,15 1,5912 413  3 90747,960937 1
50,98 4518 1628 423,76 404,69 25,05 25,14 5,15 1,595 413  3 90844,570312 1
41,52 18 400 1201,81 2641,65 101,24 25,14 5,15 0,0344 400  1 265147,59375 1
41,53 536 877 1060,71 2048,74 57,06 25,14 5,15 0,0327 400  1 244100,125 1
41,53 3415 1462 828,51 1170,1 28,16 25,14 5,15 0,1508 400  1 194565,84375 1
42,44 4793 1666 727,04 827,95 24,44 25,14 5,15 0,3005 401  1 164365,96875 1
43,45 5081 1732 636,28 653,08 23,49 25,14 5,15 0,4317 403  2 132163,140625 1
44,46 5081 1727 605,6 576,6 23,55 25,14 5,15 0,557 405  2 122752,335937 1
46,1 5151 1751 562,15 522,16 23,23 25,14 5,15 0,661 406  2 115211,523437 1
46,81 5130 1744 510,11 469,36 23,32 25,14 5,15 0,7622 407  2 110083,851562 1
47,35 5101 1748 504,62 445,82 23,26 25,14 5,15 0,8615 408  2 105982,195312 1
47,9 5072 1724 480,77 441,77 23,59 25,14 5,15 0,9483 409  2 102852,554687 1
48,4 5104 1735 482,4 430,84 23,44 25,14 5,15 1,0923 409  2 100254,554687 1
48,79 5017 1706 454,05 417,92 23,85 25,14 5,15 1,1557 410  3 98234,84375 1
49,09 5025 1709 456,98 418,62 23,81 25,14 5,15 1,2107 410  3 94692,0625 1
49,39 4909 1682 460,7 420,18 23,89 25,14 5,15 1,2557 410  3 93807,257812 1
49,71 4857 1675 460,86 403,46 24,3 25,14 5,15 1,2945 410  3 91526,632812 1
49,96 4940 1687 443,27 403,05 24,13 25,14 5,15 1,3399 410  3 91526,632812 1
50,12 4924 1684 426,78 404,56 24,16 25,14 5,15 1,3896 410  3 91135,632812 1
50,35 4740 1659 439,08 407,99 24,55 25,14 5,15 1,4238 410  3 90459,367187 1
50,49 4868 1644 431,42 406,75 24,79 25,14 5,15 1,4917 410  3 90172,59375 1
50,63 4630 1644 431,13 402,64 24,79 25,14 5,15 1,5272 410  3 90077,414062 1
50,74 4556 1633 414,53 401,28 24,96 25,14 5,15 1,5446 410  3 89698,671875 1
50,76 4501 1625 431,42 409,93 25,09 25,14 5,15 1,5737 410  3 89604,476562 1
51,0 4497 1625 436,42 402,37 25,1 25,14 5,15 1,5926 410  3 90459,367187 1
51,1 4354 1604 435,98 415,38 25,44 25,14 5,15 1,6062 410  3 89698,671875 1
41,53 8 400 1155,54 2638,97 104,51 25,14 5,15 0,0342 400  1 265560,15625 1
41,48 89 531 1134,61 2547,7 88,15 25,14 5,15 0,0373 400  1 212757,109375 1
41,46 2192 1253 919,54 1389,61 33,76 25,14 5,15 0,1323 400  1 174090,453125 1
43,06 4487 1623 741,71 910,86 25,13 25,14 5,15 0,287 401  1 152064,15625 1
44,08 5169 1723 611,16 610,95 23,61 25,14 5,15 0,4242 403  2 137044,96875 1
45,06 5225 1775 557,41 542,52 22,9 25,14 5,15 0,5389 407  2 126201,625 1
45,89 5098 1733 535,04 508,04 23,47 25,14 5,15 0,6579 409  2 118655,851562 1
46,57 5081 1727 539,22 480,29 23,55 25,14 5,15 0,8728 413  2 112256,085937 1
47,17 5076 1726 513,05 457,29 23,57 25,14 5,15 0,9545 414  2 108062,476562 1
47,76 5081 1743 500,19 440,87 23,34 25,14 5,15 1,0319 415  2 100846,953125 1
48,19 5072 1724 486,34 433,77 23,59 25,14 5,15 1,1025 415  2 98746,382812 1
49,02 5070 1724 455,59 427,5 23,6 25,14 5,15 1,1615 416  3 96622,007812 1
49,33 5024 1709 458,37 413,41 23,81 25,14 5,15 1,2032 416  3 95486,757812 1
49,56 4981 1696 460,55 404,69 23,99 25,14 5,15 1,271 417  3 94325,71875 1
49,56 4965 1690 461,8 405,1 24,08 25,14 5,15 1,3277 417  3 93858,84375 1
49,82 4992 1698 448,55 405,93 23,97 25,14 5,15 1,4051 417  3 91526,632812 1
50,04 4995 1699 453,89 408,55 23,95 25,14 5,15 1,4364 417  3 90844,570312 1
50,25 4784 1665 430,7 404,69 24,46 25,14 5,15 1,4849 417  3 90651,554687 1
50,42 4803 1655 442,07 402,1 24,62 25,14 5,15 1,5243 417  3 90459,367187 1
50,68 4579 1636 434,65 399,93 24,91 25,14 5,15 1,5518 417  3 89604,476562 1
50,8 4575 1636 436,27 406,75 24,92 25,14 5,15 1,5613 417  3 90459,367187 1
50,88 4642 1645 431,42 407,99 24,77 25,14 5,15 1,5747 417  3 90363,570312 1
50,99 4405 1588 427,93 408,13 25,72 25,14 5,15 1,6052 417  3 90555,359375 1
51,04 4306 1597 439,53 409,79 25,56 25,14 5,15 1,6339 417  3 90077,414062 1
41,45 3 400 1194,51 2599,08 103,25 25,14 5,15 0,035 400  1 268695,875 1
41,45 1064 1017 1011,97 1733,31 44,77 25,14 5,15 0,0337 400  1 227353,46875 1
41,82 3758 1516 774,54 1043,62 27,06 25,14 5,15 0,0607 400  1 182661,4375 1
42,76 4885 1679 702,61 782,71 24,25 25,14 5,15 0,1851 400  1 157393,171875 1
43,75 5059 1755 637,36 630,06 23,17 25,14 5,15 0,4651 404  2 140543,515625 1
44,78 5149 1750 572,71 565,2 23,24 25,14 5,15 0,5796 406  2 129456,382812 1
45,63 5145 1749 551,97 516,36 23,26 25,14 5,15 0,6973 408  2 114438,984375 1
46,35 5185 1762 533,78 483,88 23,08 25,14 5,15 0,8007 409  2 109028,960937 1
47,59 5059 1720 510,97 473,35 23,65 25,14 5,15 0,9021 410  2 104875,054687 1
48,02 5133 1744 490,47 438,34 23,31 25,14 5,15 0,9915 410  2 101809,507812 1
48,46 5025 1709 470,95 429,97 23,81 25,14 5,15 1,0559 411  2 99263,28125 1
48,87 5038 1713 475,11 426,92 23,75 25,14 5,15 1,1231 411  2 97116,84375 1
49,23 5084 1728 466,51 409,93 23,53 25,14 5,15 1,2374 412  3 95916,070312 1
49,23 5004 1679 446,58 406,48 24,25 25,14 5,15 1,2885 412  3 94377,882812 1
49,49 4926 1685 441,17 404,56 24,16 25,14 5,15 1,3327 412  3 92020,132812 1
49,76 4878 1678 444,02 406,75 24,26 25,14 5,15 1,3753 412  3 91624,914062 1
50,14 4949 1688 432,59 407,72 24,11 25,14 5,15 1,4205 412  3 90363,570312 1
50,33 4643 1639 445,07 403,19 24,87 25,14 5,15 1,4615 412  3 90555,359375 1
50,5 4704 1654 442,82 404,42 24,63 25,14 5,15 1,4977 412  3 90267,984375 1
50,61 4550 1632 444,32 409,51 24,98 25,14 5,15 1,5299 412  3 90363,570312 1
50,69 4632 1644 431,72 408,27 24,79 25,14 5,15 1,5751 412  3 90077,414062 1
50,83 4665 1648 423,76 399,12 24,72 25,14 5,15 1,5997 412  3 90459,367187 1
50,93 4466 1630 419,62 401,42 25,01 25,14 5,15 1,6176 412  3 90651,554687 1
51,0 4520 1628 442,07 407,99 25,05 25,14 5,15 1,626 412  3 90267,984375 1
41,47 8 400 1212,02 2638,97 103,84 25,14 5,15 0,0353 400  1 268273,5 1
41,5 328 811 1110,68 2218,35 66,41 25,14 5,15 0,0387 400  1 256577,296875 1
41,57 2777 1358 857,03 1235,21 30,66 25,14 5,15 0,1478 400  1 202052,09375 1
42,46 4715 1655 758,97 850,67 24,62 25,14 5,15 0,2927 401  1 147592,96875 1
43,49 5078 1721 641,47 661,31 23,64 25,14 5,15 0,4308 403  2 133926,234375 1
45,41 4990 1697 594,03 584,06 23,98 25,14 5,15 0,5636 405  2 124181,421875 1
46,13 5126 1742 537,22 493,97 23,34 25,14 5,15 0,6815 406  2 116868,296875 1
46,74 5137 1746 536,49 478,5 23,3 25,14 5,15 0,8068 407  2 111014,742187 1
47,45 5105 1733 520,05 453,43 23,47 25,14 5,15 0,885 408  2 106644,445312 1
47,94 5166 1755 498,84 438,19 23,16 25,14 5,15 1,0575 409  2 102976,671875 1
48,36 5112 1738 494,3 426,2 23,41 25,14 5,15 1,1359 409  2 100254,554687 1
48,79 5049 1717 483,22 428,66 23,7 25,14 5,15 1,1791 409  3 96240,601562 1
48,79 4996 1699 476,24 411,18 23,95 25,14 5,15 1,2266 409  3 95008,351562 1
49,47 5059 1700 458,68 412,99 23,94 25,14 5,15 1,2913 410  3 94273,617187 1
49,72 5008 1698 446,88 405,93 23,98 25,14 5,15 1,3339 410  3 91723,398437 1
49,95 4994 1694 454,66 406,48 24,02 25,14 5,15 1,377 410  3 91526,632812 1
50,18 4839 1673 448,4 403,6 24,34 25,14 5,15 1,3969 410  3 90747,960937 1
50,36 4934 1647 450,83 406,48 24,75 25,14 5,15 1,4713 410  3 90844,570312 1
50,44 4981 1692 442,97 402,64 24,05 25,14 5,15 1,5053 410  3 89793,054687 1
50,58 4471 1621 436,42 402,64 25,17 25,14 5,15 1,5253 410  3 89887,640625 1
50,74 4606 1640 431,86 403,73 24,85 25,14 5,15 1,5554 410  3 89604,476562 1
50,91 4776 1664 423,04 405,65 24,48 25,14 5,15 1,5656 410  3 89887,640625 1
51,04 4149 1625 430,84 402,1 25,1 25,14 5,15 1,5938 410  3 90459,367187 1
51,07 4307 1597 419,76 410,21 25,56 25,14 5,15 1,6109 410  3 90363,570312 1
41,46 8 400 1172,48 2647,02 103,84 25,14 5,15 0,0343 400  1 268062,8125 1
41,45 28 410 1223,56 2605,25 99,14 25,14 5,15 0,036 400  1 217640,8125 1
42,07 1766 1171 915,5 1512,31 36,81 25,14 5,15 0,1158 400  1 176430,046875 1
43,15 5038 1722 673,28 711,22 23,63 25,14 5,15 0,2608 401  1 153846,15625 1
44,17 5146 1749 591,42 614,27 23,26 25,14 5,15 0,3811 402  2 138154,34375 1
45,05 5106 1736 576,4 552,15 23,44 25,14 5,15 0,517 406  2 126952,640625 1
45,89 5091 1730 555,15 509,94 23,51 25,14 5,15 0,7398 410  2 119654,125 1
46,59 5051 1717 533,42 486,67 23,69 25,14 5,15 0,8209 411  2 112700,859375 1
47,23 5146 1761 504,96 464,93 23,09 25,14 5,15 0,8999 412  2 104043,890625 1
47,73 5053 1718 505,81 448,85 23,69 25,14 5,15 0,9876 413  2 101506,742187 1
48,19 5085 1729 483,88 432,16 23,53 25,14 5,15 1,0746 414  2 99032,882812 1
48,6 5005 1702 452,36 425,05 23,91 25,14 5,15 1,1548 414  3 96896,289062 1
48,99 4960 1676 473,03 413,13 24,3 25,14 5,15 1,2129 415  3 95380,03125 1
49,32 4912 1683 441,47 407,72 24,2 25,14 5,15 1,2753 415  3 94325,71875 1
49,6 4951 1688 451,59 409,51 24,11 25,14 5,15 1,3806 415  3 92318,789062 1
49,79 4996 1699 444,77 404,97 23,95 25,14 5,15 1,4077 415  3 91330,71875 1
50,06 4860 1676 448,55 404,28 24,3 25,14 5,15 1,4445 415  3 90555,359375 1
50,26 4763 1646 432,01 405,51 24,76 25,14 5,15 1,4705 415  3 90172,59375 1
50,51 4801 1668 434,8 408,55 24,43 25,14 5,15 1,5261 415  3 90077,414062 1
50,67 4694 1652 434,36 405,93 24,66 25,14 5,15 1,5492 415  3 89982,421875 1
50,76 4713 1655 423,9 404,42 24,62 25,14 5,15 1,5745 415  3 89793,054687 1
50,89 4435 1616 425,77 412,44 24,68 25,14 5,15 1,6008 416  3 90555,359375 1
50,98 4500 1598 432,16 407,99 25,54 25,14 5,15 1,6369 416  3 90555,359375 1
51,04 4364 1606 431,13 408,55 25,42 25,14 5,15 1,6444 416  3 90363,570312 1
41,41 8 400 1153,2 2639,86 103,74 25,14 5,15 0,0351 400  1 267642,4375 1
41,47 291 928 1014,37 1943,38 51,75 25,14 5,15 0,0332 400  1 245681,375 1
41,76 3365 1454 835,55 1128,1 28,34 25,14 5,15 0,1825 400  1 196131,015625 1
42,77 4887 1679 684,54 796,88 24,25 25,14 5,15 0,3233 401  1 163892,453125 1
43,87 5062 1721 669,19 670,77 23,65 25,14 5,15 0,454 404  2 132676,859375 1
44,78 5195 1765 610,13 578,36 23,04 25,14 5,15 0,5889 406  2 122752,335937 1
46,38 5213 1766 566,35 518,99 23,03 25,14 5,15 0,7104 407  2 115680,070312 1
46,38 5141 1747 526,42 473,67 23,28 25,14 5,15 0,7955 408  2 110440,03125 1
47,0 5165 1755 489,14 449,31 23,17 25,14 5,15 0,8814 409  2 105916,421875 1
47,56 5006 1702 494,97 442,22 23,91 25,14 5,15 0,9634 410  2 102914,570312 1
48,07 5096 1722 477,85 431,57 23,63 25,14 5,15 1,1055 411  2 99902,4375 1
48,53 5068 1723 473,51 418,06 23,61 25,14 5,15 1,1797 411  3 97952,9375 1
48,87 4993 1698 459,46 417,07 23,97 25,14 5,15 1,2325 411  3 94534,710937 1
49,24 4960 1690 460,7 419,33 24,1 25,14 5,15 1,3128 411  3 92318,789062 1
49,77 4993 1698 460,24 407,58 23,97 25,14 5,15 1,3616 411  3 91624,914062 1
49,95 4635 1644 452,97 402,1 24,79 25,14 5,15 1,3997 411  3 91330,71875 1
50,15 4920 1684 450,53 410,76 24,18 25,14 5,15 1,4319 411  3 90844,570312 1
50,35 4822 1670 442,67 405,93 24,39 25,14 5,15 1,4628 412  3 90459,367187 1
50,51 4833 1672 444,17 407,03 24,36 25,14 5,15 1,5216 412  3 90363,570312 1
50,58 4771 1636 436,27 404,56 24,92 25,14 5,15 1,5416 412  3 89982,421875 1
50,76 4691 1652 428,22 409,1 24,67 25,14 5,15 1,5621 412  3 89510,492187 1
50,86 4333 1601 439,68 405,93 25,5 25,14 5,15 1,5937 412  3 90172,59375 1
50,99 4358 1605 427,93 397,23 25,44 25,14 5,15 1,604 412  3 90363,570312 1
51,05 4457 1605 420,04 414,67 25,43 25,14 5,15 1,6254 412  3 90747,960937 1
41,4 9 400 1178,05 2626,49 103,46 25,14 5,15 0,0344 400  1 269119,59375 1
41,42 24 402 1192,09 2632,72 99,91 25,14 5,15 0,0367 400  1 216673,71875 1
42,5 1721 1162 953,77 1513,84 37,2 25,14 5,15 0,1213 400  1 176612,625 1
43,5 4888 1620 764,39 880,55 25,2 25,14 5,15 0,2714 401  1 154263,328125 1
44,54 5066 1722 632,84 614,06 23,63 25,14 5,15 0,4336 403  2 139281,828125 1
44,54 5218 1773 593,43 554,02 22,94 25,14 5,15 0,5609 407  2 127141,789062 1
45,43 5201 1767 557,03 515,49 23,01 25,14 5,15 0,7994 411  2 118986,75 1
46,15 5098 1760 529,46 479,64 23,11 25,14 5,15 0,9146 413  2 112700,859375 1
46,83 5141 1747 503,76 457,75 23,28 25,14 5,15 0,9951 414  2 104234,53125 1
47,39 5176 1759 516,89 447,94 23,12 25,14 5,15 1,0755 415  2 100906,585937 1
47,9 5127 1743 487,82 428,95 23,34 25,14 5,15 1,133 416  2 98860,78125 1
48,77 5067 1718 483,38 423,76 23,69 25,14 5,15 1,2142 416  3 96951,335937 1
49,15 5055 1719 462,89 417,35 23,68 25,14 5,15 1,2681 417  3 95220,382812 1
49,44 5053 1718 450,53 414,25 23,69 25,14 5,15 1,3138 417  3 94377,882812 1
49,7 4839 1673 447,18 409,38 24,35 25,14 5,15 1,3695 417  3 92020,132812 1
49,9 4819 1653 450,68 405,93 24,65 25,14 5,15 1,4669 417  3 91233,070312 1
50,16 5019 1707 443,72 407,3 23,85 25,14 5,15 1,5155 417  3 90747,960937 1
50,3 4692 1652 427,5 404,28 24,67 25,14 5,15 1,5467 417  3 90172,59375 1
50,42 4818 1670 445,67 411,6 24,39 25,14 5,15 1,5727 418  3 90172,59375 1
50,69 4818 1670 441,62 398,31 24,39 25,14 5,15 1,5989 418  3 90172,59375 1
50,82 4613 1641 438,49 404,56 24,84 25,14 5,15 1,6186 418  3 90172,59375 1
50,92 4480 1622 436,27 403,19 25,15 25,14 5,15 1,6426 418  3 89887,640625 1
51,03 4320 1599 417,63 406,61 25,53 25,14 5,15 1,6657 418  3 90459,367187 1
51,03 4373 1607 427,21 411,6 25,4 25,14 5,15 1,7138 418  3 90459,367187 1
41,41 5 400 1180,84 2617,62 104,48 25,14 5,15 0,036 400  1 266597,25 1
41,41 1308 1074 983,6 1663,2 41,4 25,14 5,15 0,0347 400  1 228877,96875 1
42,11 3962 1546 768,8 1010,94 26,48 25,14 5,15 0,0759 400  1 182661,4375 1
43,14 4988 1693 685,93 771,67 24,05 25,14 5,15 0,2153 400  1 157393,171875 1
44,22 5046 1716 622,01 637,36 23,73 25,14 5,15 0,5231 405  2 140891,578125 1
44,22 5083 1728 609,51 570,39 23,55 25,14 5,15 0,6549 407  2 129751,648437 1
45,08 5131 1761 543,25 514,1 23,09 25,14 5,15 0,7738 409  2 114285,710937 1
45,9 5126 1742 542,52 487,66 23,35 25,14 5,15 0,8655 410  2 108405,671875 1
47,2 5133 1744 508,39 457,13 23,32 25,14 5,15 0,938 411  2 104746,320312 1
47,73 5086 1729 495,81 433,18 23,53 25,14 5,15 1,0043 412  2 101688,179687 1
48,23 4995 1750 488,65 427,21 23,25 25,14 5,15 1,0768 413  2 99090,382812 1
48,62 5040 1714 464,62 422,75 23,75 25,14 5,15 1,1486 413  2 97172,140625 1
49,02 5100 1733 458,52 416,64 23,47 25,14 5,15 1,2812 414  3 95380,03125 1
49,33 5060 1720 467,77 411,18 23,65 25,14 5,15 1,3431 414  3 94587,101562 1
49,64 4843 1673 452,97 413,97 24,34 25,14 5,15 1,3963 414  3 91428,570312 1
49,85 5001 1691 454,35 408,27 24,08 25,14 5,15 1,4291 414  3 90747,960937 1
50,24 5006 1702 441,77 398,85 23,91 25,14 5,15 1,473 414  3 90555,359375 1
50,38 4693 1652 438,34 399,93 24,67 25,14 5,15 1,5061 414  3 90747,960937 1
50,56 4874 1678 440,72 402,92 24,28 25,14 5,15 1,5329 414  3 90267,984375 1
50,69 4685 1628 439,53 396,02 25,05 25,14 5,15 1,5649 414  3 90172,59375 1
50,77 4677 1650 429,09 407,16 24,7 25,14 5,15 1,5966 414  3 90172,59375 1
50,84 4495 1624 420,18 400,47 25,11 25,14 5,15 1,6201 414  3 90172,59375 1
50,84 4473 1621 436,71 407,16 25,17 25,14 5,15 1,6336 414  3 89698,671875 1
50,97 4401 1611 431,72 405,38 25,34 25,14 5,15 1,6434 414  3 90363,570312 1
41,39 12 400 1212,02 2691,28 102,73 25,14 5,15 0,0346 400  1 269544,625 1
41,39 142 615 1147,36 2401,18 81,39 25,14 5,15 0,0387 400  1 265147,59375 1
41,77 2449 1300 888,63 1354,32 32,29 25,14 5,15 0,1398 400  1 171639,296875 1
41,77 4521 1651 747,76 841,79 24,7 25,14 5,15 0,2972 401  1 150455,484375 1
43,88 5151 1750 667,38 681,53 23,24 25,14 5,15 0,4327 403  2 136387,859375 1
44,8 5245 1782 572,71 545,28 22,82 25,14 5,15 0,5705 405  2 125829,445312 1
45,67 5170 1757 548,43 507,01 23,15 25,14 5,15 0,6905 406  2 117999,539062 1
46,38 5168 1716 536,86 470,15 23,72 25,14 5,15 0,802 407  2 111741,59375 1
47,01 5114 1746 510,63 456,51 23,3 25,14 5,15 1,002 408  2 107180,242187 1
47,56 5105 1735 489,14 441,77 23,45 25,14 5,15 1,0646 408  2 103601,78125 1
48,1 5090 1730 493,3 434,8 23,52 25,14 5,15 1,1406 409  2 98348,0625 1
48,49 5032 1711 494,3 429,82 23,79 25,14 5,15 1,2028 409  3 96676,734375 1
49,23 5028 1710 468,25 420,33 23,65 25,14 5,15 1,2659 409  3 95114,25 1
49,53 4998 1695 451,44 410,49 24,02 25,14 5,15 1,3144 409  3 93858,84375 1
49,74 4990 1694 463,2 405,24 24,04 25,14 5,15 1,3642 409  3 92318,789062 1
49,94 4930 1685 445,07 399,93 24,16 25,14 5,15 1,3852 409  3 91428,570312 1
50,16 4855 1675 435,24 404,56 24,32 25,14 5,15 1,4789 409  3 91135,632812 1
50,33 4938 1668 439,38 404,01 24,42 25,14 5,15 1,5111 410  3 90363,570312 1
50,48 4754 1661 432,16 397,5 24,53 25,14 5,15 1,5324 410  3 90363,570312 1
50,48 4640 1645 435,98 403,87 24,78 25,14 5,15 1,5482 410  3 89793,054687 1
50,78 4678 1650 433,77 404,42 24,7 25,14 5,15 1,5699 410  3 90077,414062 1
50,82 4554 1641 420,33 409,79 24,85 25,14 5,15 1,6097 410  3 90363,570312 1
50,92 4409 1612 434,94 413,83 25,32 25,14 5,15 1,6276 410  3 90172,59375 1
51,01 4445 1617 434,36 404,56 25,23 25,14 5,15 1,6413 410  3 90555,359375 1
41,4 6 400 1158,67 2622,94 104,27 25,14 5,15 0,0347 400  1 269119,59375 1
41,38 1247 1060 972,35 1689,29 42,18 25,14 5,15 0,0337 400  1 226900,0625 1
41,55 3906 1538 807,74 1020,57 26,65 25,14 5,15 0,0581 400  1 182466,140625 1
42,46 4727 1657 678,77 763,61 24,6 25,14 5,15 0,1873 400  1 157975,9375 1
43,56 5096 1732 641,03 649,99 23,49 25,14 5,15 0,4915 405  2 142064,375 1
44,54 5063 1751 596,85 560,44 23,23 25,14 5,15 0,6149 407  2 129850,367187 1
45,42 5237 1779 563,1 514,44 22,86 25,14 5,15 0,7322 408  2 113904,335937 1
46,1 5142 1748 536,49 485,68 23,28 25,14 5,15 0,8668 410  2 109098,65625 1
47,44 5113 1738 530,36 463,52 23,41 25,14 5,15 0,9548 410  2 104939,539062 1
47,9 5099 1725 501,21 436,12 23,59 25,14 5,15 1,021 411  2 101688,179687 1
48,4 5068 1723 485,68 435,53 23,62 25,14 5,15 1,1104 412  2 99321,046875 1
48,78 5064 1722 465,09 418,2 23,64 25,14 5,15 1,1699 412  2 97505,234375 1
49,08 5020 1707 461,33 421,89 23,85 25,14 5,15 1,2784 413  3 95593,726562 1
49,43 5045 1716 459,61 404,97 23,73 25,14 5,15 1,3281 413  3 94534,710937 1
49,72 4963 1702 446,43 405,1 23,93 25,14 5,15 1,3731 413  3 91723,398437 1
49,89 4939 1687 450,83 406,61 24,15 25,14 5,15 1,4178 413  3 91135,632812 1
50,11 4817 1670 451,29 404,56 24,4 25,14 5,15 1,453 413  3 90651,554687 1
50,31 4790 1666 443,72 405,65 24,46 25,14 5,15 1,4818 413  3 89982,421875 1
50,44 4875 1661 443,12 406,06 24,54 25,14 5,15 1,5205 413  3 89982,421875 1
50,55 4832 1672 430,55 405,1 24,37 25,14 5,15 1,5542 413  3 89793,054687 1
50,66 4555 1633 428,51 402,37 24,98 25,14 5,15 1,5868 413  3 89982,421875 1
50,77 4464 1620 431,86 408,41 25,19 25,14 5,15 1,6076 413  3 90459,367187 1
50,9 4378 1608 438,94 405,1 25,4 25,14 5,15 1,6285 413  3 90172,59375 1
50,98 4482 1622 434,5 404,28 25,34 25,14 5,15 1,6313 413  3 90941,382812 1
41,39 8 400 1247,4 2682,19 103,95 25,14 5,15 0,0333 400  1 268695,875 1
41,36 103 554 1134,61 2444,64 86,26 25,14 5,15 0,0373 400  1 266389,1875 1
41,4 2361 1284 933,65 1383,04 32,78 25,14 5,15 0,1404 400  1 173031,421875 1
42,11 4369 1654 716,3 850,96 24,66 25,14 5,15 0,2961 401  1 150854,453125 1
44,19 5145 1748 659,97 690,59 23,27 25,14 5,15 0,4541 403  2 136061,65625 1
45,18 5178 1759 574,46 545,84 23,12 25,14 5,15 0,5799 405  2 125644,171875 1
45,91 5195 1765 561,96 503,25 23,05 25,14 5,15 0,6941 406  2 117999,539062 1
46,61 5153 1747 533,42 473,19 23,3 25,14 5,15 0,7884 407  2 111522,546875 1
47,23 5163 1755 526,24 453,43 23,19 25,14 5,15 0,9917 409  2 107315,03125 1
47,76 5142 1748 494,64 442,67 23,28 25,14 5,15 1,0824 409  2 103538,929687 1
48,22 5084 1728 476,56 429,24 23,55 25,14 5,15 1,1441 409  2 98461,539062 1
48,68 4994 1698 479,31 426,2 23,98 25,14 5,15 1,2011 410  3 96567,335937 1
48,99 5049 1740 458,99 415,8 23,39 25,14 5,15 1,2706 410  3 95326,757812 1
49,28 4972 1691 472,07 411,32 24,08 25,14 5,15 1,3229 410  3 94013,953125 1
49,57 5020 1707 447,33 404,42 23,85 25,14 5,15 1,3741 410  3 92119,46875 1
49,81 4865 1676 453,43 396,83 24,3 25,14 5,15 1,4174 410  3 92119,46875 1
49,99 4711 1687 432,59 398,85 24,15 25,14 5,15 1,4722 410  3 90651,554687 1
50,2 4775 1664 445,67 404,56 24,49 25,14 5,15 1,5109 410  3 90555,359375 1
50,41 4983 1693 443,57 398,98 24,06 25,14 5,15 1,5397 410  3 89698,671875 1
50,52 4752 1661 423,9 400,47 24,54 25,14 5,15 1,5486 410  3 90651,554687 1
50,77 4623 1643 437,01 407,99 24,83 25,14 5,15 1,5698 410  3 89887,640625 1
50,85 4490 1624 434,06 403,19 25,13 25,14 5,15 1,5896 410  3 89604,476562 1
50,93 4344 1603 422,04 407,72 25,48 25,14 5,15 1,6079 410  3 90651,554687 1
51,02 4312 1598 436,86 410,9 25,56 25,14 5,15 1,6365 410  3 90077,414062 1
41,39 5 400 1246,55 2658,69 102,97 25,14 5,15 0,0344 400  1 269119,59375 1
41,34 1181 1045 981,94 1742,13 43,07 25,14 5,15 0,033 400  1 227505,0 1
41,79 3706 1508 805,83 1047,51 27,24 25,14 5,15 0,0577 400  1 184637,578125 1
42,85 4959 1689 684,77 774,81 24,11 25,14 5,15 0,2009 400  1 157684,015625 1
43,87 5037 1727 609,71 620,33 23,57 25,14 5,15 0,5114 405  2 141358,359375 1
44,85 5069 1723 600,9 563,48 23,62 25,14 5,15 0,6383 407  2 129456,382812 1
45,67 5152 1751 577,77 516,54 23,24 25,14 5,15 0,7499 409  2 113980,40625 1
46,45 5114 1738 538,86 488,48 23,41 25,14 5,15 0,848 410  2 108681,804687 1
47,55 5179 1760 524,64 461,33 23,12 25,14 5,15 0,9372 411  2 104810,648437 1
48,07 5055 1719 469,36 430,26 23,69 25,14 5,15 1,0229 412  2 101931,117187 1
48,07 5191 1764 494,3 429,82 23,06 25,14 5,15 1,1032 413  2 99263,28125 1
48,53 5079 1727 473,03 419,33 23,57 25,14 5,15 1,178 413  3 97338,40625 1
48,85 5028 1710 480,12 414,96 23,81 25,14 5,15 1,29 414  3 95862,195312 1
49,17 5087 1729 452,05 410,21 23,69 25,14 5,15 1,3424 414  3 94377,882812 1
49,53 5001 1696 455,89 411,32 24,01 25,14 5,15 1,3921 414  3 91428,570312 1
49,78 5012 1705 434,06 404,83 23,89 25,14 5,15 1,448 414  3 91428,570312 1
50,15 4757 1661 445,22 404,69 24,53 25,14 5,15 1,4883 414  3 90459,367187 1
50,33 4905 1682 444,47 408,41 24,58 25,14 5,15 1,5306 414  3 90267,984375 1
50,45 4722 1635 424,19 400,2 24,94 25,14 5,15 1,5521 414  3 89698,671875 1
50,63 4783 1665 439,68 404,42 24,48 25,14 5,15 1,5778 414  3 89698,671875 1
50,72 4688 1652 440,13 401,69 24,68 25,14 5,15 1,6656 414  3 90172,59375 1
50,8 4550 1632 426,34 402,78 25,0 25,14 5,15 1,67 414  3 89604,476562 1
50,89 4616 1642 437,31 406,61 24,84 25,14 5,15 1,6941 414  3 90267,984375 1
50,96 4494 1610 427,65 401,55 25,35 25,14 5,15 1,708 414  3 89982,421875 1
41,39 13 400 1229,37 2663,19 102,66 25,14 5,15 0,0339 400  1 268695,875 1
41,36 109 564 1175,66 2496,48 85,48 25,14 5,15 0,0382 400  1 263510,03125 1
41,52 2267 1396 866,65 1230,21 29,71 25,14 5,15 0,1534 400  1 171812,078125 1
42,44 4909 1682 734,96 855,29 24,22 25,14 5,15 0,301 401  1 150854,453125 1
44,5 5049 1717 653,74 687,32 23,72 25,14 5,15 0,4653 403  2 135953,265625 1
45,39 5206 1733 626,87 596,25 23,49 25,14 5,15 0,6036 405  2 126015,257812 1
46,16 5116 1739 538,13 495,14 23,41 25,14 5,15 0,713 407  2 117836,59375 1
46,85 5080 1727 534,86 474,95 23,57 25,14 5,15 0,825 408  2 111741,59375 1
46,85 5161 1754 513,05 449,92 23,2 25,14 5,15 0,979 409  2 107180,242187 1
47,38 5109 1736 515,66 442,67 23,44 25,14 5,15 1,0527 409  2 103538,929687 1
47,86 5109 1728 490,8 426,78 23,56 25,14 5,15 1,1194 410  2 98575,28125 1
48,34 5033 1712 465,88 427,93 23,79 25,14 5,15 1,1892 410  3 96512,726562 1
48,74 5052 1718 482,08 419,33 23,7 25,14 5,15 1,2413 410  3 95273,539062 1
49,42 5084 1728 465,72 419,19 23,55 25,14 5,15 1,2772 410  3 94065,773437 1
49,67 4942 1725 462,89 406,89 23,6 25,14 5,15 1,3243 410  3 92219,023437 1
49,88 4982 1692 441,02 404,69 24,07 25,14 5,15 1,3674 410  3 91135,632812 1
50,12 4758 1661 450,98 404,01 24,53 25,14 5,15 1,4003 411  3 90459,367187 1
50,21 4800 1667 434,5 405,38 24,44 25,14 5,15 1,4609 411  3 90363,570312 1
50,41 4812 1630 448,7 401,55 25,03 25,14 5,15 1,4864 411  3 90267,984375 1
50,57 4700 1653 438,94 403,46 24,66 25,14 5,15 1,5314 411  3 89982,421875 1
50,68 4595 1639 438,64 399,52 24,89 25,14 5,15 1,5595 411  3 90172,59375 1
50,88 4529 1629 438,19 405,65 25,05 25,14 5,15 1,5754 411  3 89604,476562 1
50,97 4388 1626 429,39 401,28 25,1 25,14 5,15 1,5914 411  3 90077,414062 1
51,04 4300 1596 432,59 405,65 25,59 25,14 5,15 1,6175 411  3 90077,414062 1
41,37 11 400 1183,64 2695,84 103,07 25,14 5,15 0,0343 400  1 268907,5625 1
41,37 10 400 1232,71 2698,58 103,28 25,14 5,15 0,0349 400  1 221309,703125 1
42,11 3827 1595 773,76 952,48 25,62 25,14 5,15 0,0976 400  1 179775,28125 1
43,21 4886 1679 700,95 744,98 24,27 25,14 5,15 0,2326 401  1 155812,53125 1
44,22 5132 1744 623,49 631,77 23,34 25,14 5,15 0,3799 402  2 140082,078125 1
45,15 5165 1755 580,91 568,65 23,19 25,14 5,15 0,5997 408  2 128772,632812 1
45,15 5134 1745 567,69 521,28 23,33 25,14 5,15 0,7076 409  2 119906,320312 1
45,9 5066 1756 542,34 482,4 23,18 25,14 5,15 0,8023 411  2 108474,578125 1
46,57 5168 1756 515,66 457,13 23,17 25,14 5,15 0,885 412  2 104746,320312 1
47,73 5029 1710 514,44 449,61 23,81 25,14 5,15 0,9597 412  2 101506,742187 1
48,2 5092 1731 468,57 424,76 23,52 25,14 5,15 1,0386 413  2 99205,578125 1
48,62 5057 1719 469,84 420,61 23,68 25,14 5,15 1,1209 413  2 97227,5 1
48,95 5020 1707 464,46 419,33 23,85 25,14 5,15 1,1888 414  3 95433,367187 1
49,29 5054 1718 444,92 406,61 23,69 25,14 5,15 1,2804 414  3 94587,101562 1
49,57 5011 1704 462,73 415,1 23,9 25,14 5,15 1,3174 414  3 92318,789062 1
49,8 4856 1675 445,67 402,1 24,33 25,14 5,15 1,3595 414  3 91233,070312 1
50,02 4767 1684 438,64 399,12 24,2 25,14 5,15 1,4078 414  3 90267,984375 1
50,37 4899 1681 446,58 400,2 24,24 25,14 5,15 1,4423 414  3 90363,570312 1
50,47 4709 1655 437,9 395,62 24,64 25,14 5,15 1,4639 414  3 89793,054687 1
50,63 4709 1655 442,22 408,27 24,64 25,14 5,15 1,4924 414  3 90077,414062 1
50,78 4743 1639 436,27 405,38 24,89 25,14 5,15 1,5149 415  3 89793,054687 1
50,84 4526 1629 442,67 403,6 25,05 25,14 5,15 1,5562 415  3 90172,59375 1
50,84 4442 1617 429,24 404,42 25,25 25,14 5,15 1,5713 415  3 90363,570312 1
50,92 4533 1630 432,16 412,71 25,04 25,14 5,15 1,5835 415  3 90459,367187 1
41,29 7 400 1223,56 2683,1 104,13 25,14 5,15 0,0359 400  1 268695,875 1
41,26 368 824 1097,97 2205,62 64,26 25,14 5,15 0,0394 400  1 252964,421875 1
41,85 2968 1390 873,43 1244,44 29,87 25,14 5,15 0,1615 400  1 201218,3125 1
42,85 4589 1638 741,46 863,14 24,92 25,14 5,15 0,286 401  1 147976,875 1
42,85 5071 1743 664,9 663,77 23,35 25,14 5,15 0,4035 403  2 133926,234375 1
44,83 5064 1722 603,76 577,38 23,65 25,14 5,15 0,5161 407  2 124181,421875 1
45,65 5019 1759 575,82 535,95 23,14 25,14 5,15 0,6307 409  2 116628,703125 1
46,42 5160 1753 537,22 476,56 23,21 25,14 5,15 0,7415 411  2 110942,578125 1
47,01 5099 1737 498,34 452,67 23,43 25,14 5,15 0,8466 413  2 106511,335937 1
47,61 5085 1729 494,64 437,01 23,55 25,14 5,15 1,0052 415  2 102914,570312 1
48,06 5089 1730 485,68 430,4 23,53 25,14 5,15 1,0705 415  2 100609,15625 1
48,45 4997 1700 480,12 426,49 23,97 25,14 5,15 1,1267 416  3 96731,53125 1
48,85 5061 1706 473,51 415,66 23,88 25,14 5,15 1,1783 416  3 95008,351562 1
49,15 4936 1686 472,39 411,32 24,16 25,14 5,15 1,2209 416  3 92720,03125 1
49,76 4993 1698 452,67 409,79 23,98 25,14 5,15 1,2662 416  3 92020,132812 1
49,98 5004 1696 447,03 402,1 24,02 25,14 5,15 1,3092 417  3 91233,070312 1
50,15 4920 1654 449,46 406,34 24,66 25,14 5,15 1,3579 417  3 90747,960937 1
50,32 4912 1683 445,67 407,99 24,21 25,14 5,15 1,3909 417  3 90459,367187 1
50,45 4771 1663 448,55 400,47 24,51 25,14 5,15 1,4488 417  3 90267,984375 1
50,59 4649 1646 436,27 405,65 24,78 25,14 5,15 1,4741 417  3 90172,59375 1
50,69 4740 1659 443,27 401,96 24,58 25,14 5,15 1,4974 417  3 89604,476562 1
50,69 4545 1614 439,23 404,56 25,29 25,14 5,15 1,5146 417  3 89604,476562 1
50,89 4468 1621 422,61 400,47 25,19 25,14 5,15 1,5347 417  3 90172,59375 1
50,98 4428 1615 433,33 406,34 25,28 25,14 5,15 1,5667 417  3 90267,984375 1
41,31 12 400 1216,54 2659,59 102,93 25,14 5,15 0,0344 400  1 268907,5625 1
41,3 45 447 1195,32 2565,87 95,65 25,14 5,15 0,0374 400  1 214900,3125 1
41,56 1965 1210 927,66 1490,46 35,31 25,14 5,15 0,1196 400  1 175342,46875 1
42,52 4078 1626 769,84 879,06 25,11 25,14 5,15 0,263 401  1 153155,84375 1
43,58 5105 1735 598,47 608,68 23,46 25,14 5,15 0,3871 403  2 137819,65625 1
44,55 5178 1759 581,89 545,84 23,13 25,14 5,15 0,5074 406  2 126952,640625 1
45,39 5126 1742 545,65 511,67 23,37 25,14 5,15 0,626 408  2 118821,070312 1
46,12 5150 1728 532,33 468,09 23,57 25,14 5,15 0,8174 411  2 112849,898437 1
46,77 5100 1733 513,23 459,46 23,49 25,14 5,15 0,9012 412  2 108062,476562 1
47,35 5067 1723 497,83 447,18 23,64 25,14 5,15 0,9942 413  2 101205,773437 1
47,89 5055 1719 482,73 439,23 23,69 25,14 5,15 1,0585 414  2 98975,453125 1
48,71 5125 1742 484,04 429,09 23,37 25,14 5,15 1,1176 414  3 97172,140625 1
49,04 5050 1717 449,92 407,44 23,72 25,14 5,15 1,1761 415  3 95486,757812 1
49,38 4995 1699 463,52 407,16 23,98 25,14 5,15 1,232 415  3 94221,570312 1
49,63 5070 1724 461,17 407,99 23,62 25,14 5,15 1,2983 415  3 92720,03125 1
49,85 4998 1700 446,58 403,87 23,96 25,14 5,15 1,3717 415  3 91428,570312 1
50,08 4846 1690 450,98 404,01 24,11 25,14 5,15 1,4251 415  3 90941,382812 1
50,21 4928 1685 443,42 403,6 24,18 25,14 5,15 1,45 415  3 91038,40625 1
50,39 4904 1682 424,47 400,74 24,23 25,14 5,15 1,4867 415  3 90267,984375 1
50,51 4650 1646 429,53 403,05 24,78 25,14 5,15 1,5217 415  3 90077,414062 1
50,64 4586 1642 426,78 402,64 24,84 25,14 5,15 1,5462 415  3 89982,421875 1
50,7 4465 1620 446,13 406,34 25,2 25,14 5,15 1,5752 415  3 89982,421875 1
50,81 4494 1624 443,27 409,93 25,13 25,14 5,15 1,5988 415  3 89510,492187 1
50,9 4298 1596 419,62 404,01 25,6 25,14 5,15 1,6257 416  3 90363,570312 1
41,24 6 400 1214,49 2728,89 104,44 25,14 5,15 0,0351 400  1 269971,0 1
41,38 853 965 1015,4 1861,62 48,62 25,14 5,15 0,0339 400  1 229493,5 1
41,38 3721 1552 784,3 1004,46 26,4 25,14 5,15 0,0513 400  1 183446,796875 1
42,15 4996 1699 704,28 765,94 23,98 25,14 5,15 0,1654 400  1 158268,9375 1
43,22 5074 1725 622,64 638,0 23,61 25,14 5,15 0,4498 404  2 141475,546875 1
44,27 5175 1758 600,3 569,42 23,15 25,14 5,15 0,5612 406  2 129751,648437 1
45,19 5190 1764 582,48 523,4 23,08 25,14 5,15 0,6473 407  2 114515,765625 1
45,96 5134 1746 547,87 482,08 23,32 25,14 5,15 0,7447 408  2 109098,65625 1
47,24 5157 1752 518,11 464,3 23,23 25,14 5,15 0,8311 409  2 105198,273437 1
47,77 4990 1694 491,47 448,24 24,06 25,14 5,15 0,9111 409  2 101688,179687 1
48,25 5006 1703 486,67 437,01 23,93 25,14 5,15 0,978 410  2 99552,789062 1
48,6 5058 1704 478,18 423,47 23,9 25,14 5,15 1,0347 410  2 97282,921875 1
48,98 5036 1712 445,07 410,49 23,78 25,14 5,15 1,1557 411  3 96024,007812 1
49,26 5018 1706 461,8 418,91 23,87 25,14 5,15 1,2043 411  3 94482,375 1
49,56 4985 1693 459,61 407,99 24,07 25,14 5,15 1,268 411  3 91624,914062 1
49,82 4812 1669 444,47 407,44 24,43 25,14 5,15 1,3093 411  3 91428,570312 1
50,19 4961 1654 458,68 400,74 24,66 25,14 5,15 1,3473 411  3 90941,382812 1
50,29 4803 1668 444,92 404,28 24,44 25,14 5,15 1,3775 411  3 90077,414062 1
50,46 4684 1651 429,09 407,44 24,7 25,14 5,15 1,406 411  3 90267,984375 1
50,46 4546 1632 437,75 404,97 25,01 25,14 5,15 1,4395 411  3 89698,671875 1
50,65 4591 1638 434,06 399,66 24,91 25,14 5,15 1,4797 411  3 89982,421875 1
50,74 4535 1620 427,5 402,1 25,21 25,14 5,15 1,5067 411  3 90172,59375 1
50,82 4380 1608 441,62 409,79 25,4 25,14 5,15 1,5191 411  3 90267,984375 1
50,91 4524 1628 422,18 400,6 25,06 25,14 5,15 1,5266 411  3 89793,054687 1
41,29 17 400 1222,73 2674,03 101,79 25,14 5,15 0,037 400  1 269757,625 1
41,3 220 717 1138,46 2379,34 73,93 25,14 5,16 0,0401 400  1 253716,546875 1
41,3 2672 1452 831,88 1152,81 28,41 25,14 5,16 0,15 400  1 204595,40625 1
41,84 4754 1661 709,06 828,23 24,56 25,14 5,16 0,2862 401  1 148362,796875 1
42,9 5068 1723 667,6 668,51 23,64 25,14 5,16 0,4138 403  2 134559,796875 1
44,91 5049 1717 615,52 590,42 23,73 25,14 5,16 0,5377 407  2 124725,945312 1
45,71 5166 1756 544,91 494,64 23,22 25,14 5,16 0,6531 409  2 117350,445312 1
46,43 5121 1741 532,87 472,55 23,39 25,14 5,16 0,7601 411  2 111522,546875 1
47,04 5154 1752 520,75 455,28 23,24 25,14 5,16 0,8429 413  2 106844,742187 1
47,6 5135 1745 505,98 444,92 23,33 25,14 5,16 1,0019 415  2 103288,28125 1
48,08 5040 1714 489,48 432,59 23,77 25,14 5,16 1,0814 415  2 100549,882812 1
48,5 5062 1721 459,15 419,62 23,66 25,14 5,16 1,1386 416  3 96458,179687 1
48,83 4993 1714 483,71 408,41 23,76 25,14 5,16 1,2029 416  3 95008,351562 1
49,5 4996 1699 460,39 414,53 23,98 25,14 5,16 1,2454 416  3 94482,375 1
49,76 4955 1689 449,61 410,9 24,13 25,14 5,16 1,2901 417  3 91822,09375 1
50,0 4986 1693 452,05 405,51 24,07 25,14 5,16 1,3544 417  3 91526,632812 1
50,17 5033 1663 445,97 404,01 24,53 25,14 5,16 1,3979 417  3 91135,632812 1
50,33 4922 1684 456,05 402,64 24,2 25,14 5,16 1,4507 417  3 90363,570312 1
50,33 4824 1671 437,9 401,83 24,4 25,14 5,16 1,4703 417  3 90363,570312 1
50,5 4906 1682 445,37 403,46 24,23 25,14 5,16 1,491 417  3 90651,554687 1
50,62 4566 1634 424,47 400,87 24,97 25,14 5,16 1,5069 417  3 89604,476562 1
50,79 4599 1625 418,91 402,92 25,13 25,14 5,16 1,5239 417  3 89604,476562 1
50,93 4547 1632 422,75 409,38 25,01 25,14 5,16 1,5382 417  3 89604,476562 1
51,02 4207 1583 443,42 411,32 25,84 25,14 5,16 1,5669 417  3 90267,984375 1
41,27 12 400 1160,64 2663,19 103,28 25,14 5,16 0,036 400  1 268273,5 1
41,25 21 400 1206,7 2677,66 100,87 25,14 5,16 0,0368 400  1 222174,0 1
41,59 4045 1129 991,96 1615,48 38,68 25,14 5,16 0,1061 400  1 180345,1875 1
42,55 4966 1690 710,98 757,69 24,11 25,14 5,16 0,2441 401  1 155670,421875 1
43,55 5067 1736 633,06 617,82 23,46 25,14 5,16 0,3715 402  2 139737,984375 1
44,59 5007 1703 594,83 544,54 23,93 25,14 5,16 0,6292 408  2 128481,804687 1
45,41 5153 1751 553,09 516,01 23,25 25,14 5,16 0,7386 409  2 120075,046875 1
46,18 5104 1735 533,78 484,53 23,47 25,14 5,16 0,8312 411  2 108681,804687 1
46,86 5094 1732 539,41 464,93 23,52 25,14 5,16 0,92 412  2 104810,648437 1
47,97 5051 1730 521,46 448,55 23,53 25,14 5,16 1,0041 412  2 101386,140625 1
48,32 5053 1744 491,14 437,45 23,35 25,14 5,16 1,0713 413  2 99494,75 1
48,71 5077 1726 460,7 422,18 23,6 25,14 5,16 1,1396 413  3 97505,234375 1
49,06 5087 1713 473,03 411,18 23,77 25,14 5,16 1,1911 414  3 95754,625 1
49,4 5029 1710 458,37 409,79 23,82 25,14 5,16 1,2941 414  3 94377,882812 1
49,66 4972 1691 452,82 406,48 24,1 25,14 5,16 1,3346 414  3 94169,578125 1
49,88 5056 1719 450,22 405,38 23,69 25,14 5,16 1,3731 414  3 91135,632812 1
49,88 5028 1710 444,47 400,74 23,82 25,14 5,16 1,4015 414  3 90363,570312 1
50,05 4860 1679 451,29 398,31 24,28 25,14 5,16 1,4282 414  3 90172,59375 1
50,39 4556 1633 434,36 401,01 25,0 25,14 5,16 1,4495 414  3 89982,421875 1
50,48 4461 1620 440,42 406,48 25,22 25,14 5,16 1,4665 414  3 89887,640625 1
50,62 4600 1639 448,85 400,6 24,93 25,14 5,16 1,4928 414  3 90363,570312 1
50,71 4340 1640 439,68 407,58 24,88 25,14 5,16 1,5102 414  3 90267,984375 1
50,81 4578 1636 426,63 401,96 24,94 25,14 5,16 1,5476 415  3 90172,59375 1
50,91 4260 1590 422,04 407,44 25,71 25,14 5,16 1,5719 415  3 90363,570312 1
41,34 7 400 1221,91 2673,13 104,23 25,14 5,16 0,036 400  1 269757,625 1
41,27 597 895 1092,04 2033,55 55,13 25,14 5,16 0,0341 400  1 237973,5 1
41,4 3303 1528 810,21 1039,04 26,86 25,14 5,16 0,0408 400  1 192156,125 1
42,21 4912 1683 733,47 780,86 24,23 25,14 5,16 0,3193 401  1 161259,84375 1
43,28 5056 1719 645,17 652,86 23,7 25,14 5,16 0,4418 404  2 143739,46875 1
44,31 5159 1753 589,02 566,35 23,23 25,14 5,16 0,5622 406  2 121788,773437 1
45,19 5162 1754 594,03 530,0 23,21 25,14 5,16 0,6757 407  2 115133,796875 1
46,6 5202 1743 538,13 487,33 23,37 25,14 5,16 0,7787 408  2 109942,023437 1
47,25 5083 1728 499,01 451,59 23,57 25,14 5,16 0,8575 409  2 105458,289062 1
47,74 5025 1709 498,0 442,82 23,85 25,14 5,16 0,9513 409  2 102297,703125 1
48,25 5079 1727 482,73 427,65 23,59 25,14 5,16 1,0325 410  2 99727,304687 1
48,62 5081 1729 485,35 415,38 23,56 25,14 5,16 1,165 410  3 97896,75 1
48,98 5069 1723 467,61 411,32 23,64 25,14 5,16 1,2249 410  3 96024,007812 1
49,35 5072 1724 452,05 410,49 23,62 25,14 5,16 1,282 411  3 92619,390625 1
49,59 4995 1699 443,42 410,07 23,98 25,14 5,16 1,3255 411  3 91822,09375 1
49,76 5019 1707 454,66 407,44 23,87 25,14 5,16 1,3735 411  3 91526,632812 1
50,03 4866 1676 434,36 403,87 24,32 25,14 5,16 1,41 411  3 90555,359375 1
50,16 4819 1670 446,73 408,41 24,42 25,14 5,16 1,4523 411  3 90363,570312 1
50,37 4757 1661 432,3 401,15 24,55 25,14 5,16 1,4702 411  3 90651,554687 1
50,5 4695 1653 445,67 405,51 24,68 25,14 5,16 1,5091 411  3 90267,984375 1
50,59 4676 1639 440,28 404,97 24,89 25,14 5,16 1,5307 411  3 90077,414062 1
50,74 4642 1645 441,92 411,18 24,8 25,14 5,16 1,5487 411  3 89982,421875 1
50,82 4680 1651 432,89 410,9 24,72 25,14 5,16 1,5623 411  3 90651,554687 1
50,96 4408 1612 441,32 408,13 25,34 25,14 5,16 1,5824 411  3 90267,984375 1
41,25 4 400 1184,05 2676,75 105,01 25,14 5,16 0,0347 400  1 270398,71875 1
41,3 102 552 1200,59 2531,37 86,53 25,14 5,16 0,0391 400  1 267014,34375 1
41,26 2135 1379 868,12 1233,12 30,15 25,14 5,16 0,1437 400  1 173559,328125 1
41,88 4711 1655 731,24 853,84 24,66 25,14 5,16 0,2849 401  1 151928,78125 1
43,98 5111 1737 673,28 710,02 23,45 25,14 5,16 0,4257 403  2 136935,015625 1
44,91 5121 1741 577,97 543,99 23,4 25,14 5,16 0,5477 407  2 126201,625 1
45,77 5149 1759 564,05 501,38 23,15 25,14 5,16 0,6565 409  2 118326,789062 1
46,43 5211 1771 531,97 474,95 22,99 25,14 5,16 0,756 411  2 112035,007812 1
47,06 5164 1755 525,53 453,89 23,2 25,14 5,16 0,9423 414  2 107721,4375 1
47,64 5074 1725 501,72 444,92 23,61 25,14 5,16 1,0219 415  2 103664,710937 1
48,05 5008 1703 493,97 430,7 23,93 25,14 5,16 1,092 416  2 98461,539062 1
48,52 5055 1750 460,55 422,47 23,27 25,14 5,16 1,1535 416  3 96731,53125 1
49,21 5131 1744 476,24 419,05 23,35 25,14 5,16 1,2099 416  3 95540,210937 1
49,51 5074 1725 453,43 408,96 23,61 25,14 5,16 1,259 417  3 94065,773437 1
49,77 5035 1712 453,74 415,8 23,8 25,14 5,16 1,2978 417  3 92119,46875 1
49,77 4839 1679 447,94 409,51 24,29 25,14 5,16 1,3323 417  3 91822,09375 1
50,0 4851 1674 424,9 406,89 24,35 25,14 5,16 1,4055 417  3 90844,570312 1
50,11 4823 1671 434,06 403,73 24,41 25,14 5,16 1,4488 417  3 90363,570312 1
50,31 4636 1644 430,55 400,47 24,82 25,14 5,16 1,4981 417  3 90172,59375 1
50,41 4757 1661 450,68 408,68 24,55 25,14 5,16 1,5213 417  3 90363,570312 1
50,68 4500 1625 434,5 403,87 24,73 25,14 5,16 1,5555 417  3 90555,359375 1
50,82 4543 1631 435,24 405,38 25,03 25,14 5,16 1,5712 417  3 90172,59375 1
50,9 4474 1621 425,19 409,51 25,19 25,14 5,16 1,5912 417  3 90747,960937 1
50,94 4416 1613 436,12 412,3 25,33 25,14 5,16 1,6085 417  3 90077,414062 1
41,29 14 400 1246,97 2699,49 103,7 25,14 5,16 0,0357 400  1 270398,71875 1
41,24 1167 400 1218,6 2722,43 103,56 25,14 5,16 0,0351 400  1 227353,46875 1
41,58 3827 1526 834,14 1044,33 26,9 25,14 5,16 0,0771 400  1 183249,828125 1
42,55 4863 1715 704,75 750,29 23,77 25,14 5,16 0,197 400  1 157975,9375 1
43,71 5174 1758 620,54 627,51 23,16 25,14 5,16 0,4495 404  2 141592,921875 1
44,62 5089 1730 600,3 564,05 23,55 25,14 5,16 0,5679 406  2 129751,648437 1
45,49 5154 1752 557,03 523,58 23,25 25,14 5,16 0,6728 407  2 114056,585937 1
46,2 5147 1749 534,32 489,14 23,28 25,14 5,16 0,7683 408  2 108959,351562 1
47,42 5144 1748 524,47 463,67 23,41 25,14 5,16 0,8776 409  2 105133,46875 1
47,93 5107 1750 511,32 446,88 23,26 25,14 5,16 0,9621 410  2 101992,03125 1
48,38 5020 1707 479,64 431,42 23,87 25,14 5,16 1,0361 410  2 99436,78125 1
48,74 5037 1713 486,17 426,2 23,79 25,14 5,16 1,089 411  2 97505,234375 1
48,74 5075 1733 465,56 414,25 23,5 25,14 5,16 1,1954 411  3 96024,007812 1
49,07 4995 1699 450,07 414,96 23,99 25,14 5,16 1,2581 411  3 94639,554687 1
49,36 5028 1710 459,61 409,51 23,83 25,14 5,16 1,2911 411  3 92020,132812 1
49,65 5013 1705 462,73 397,9 23,9 25,14 5,16 1,3574 411  3 90844,570312 1
49,85 4880 1678 437,31 405,93 24,29 25,14 5,16 1,3891 411  3 90363,570312 1
50,19 4778 1664 453,59 410,35 24,51 25,14 5,16 1,4204 411  3 90844,570312 1
50,36 4832 1672 452,82 407,03 24,39 25,14 5,16 1,4695 412  3 90363,570312 1
50,47 4618 1642 450,83 406,48 24,86 25,14 5,16 1,4921 412  3 89698,671875 1
50,61 4663 1644 439,23 404,69 24,83 25,14 5,16 1,5098 412  3 90267,984375 1
50,73 4592 1638 436,86 402,37 24,92 25,14 5,16 1,5655 412  3 89982,421875 1
50,81 4655 1647 429,97 407,72 24,78 25,14 5,16 1,584 412  3 89982,421875 1
50,91 4460 1619 442,37 409,65 25,22 25,14 5,16 1,6013 412  3 90844,570312 1
41,27 12 400 1238,14 2657,79 103,04 25,14 5,16 0,0371 400  1 269331,9375 1
41,29 348 817 1147,36 2221,35 65,38 25,14 5,16 0,0403 400  1 255808,140625 1
41,37 2874 1374 899,83 1241,08 30,28 25,14 5,16 0,1491 400  1 203134,296875 1
42,31 4713 1655 757,69 844,93 24,66 25,14 5,16 0,284 401  1 148491,875 1
43,35 5007 1731 642,55 666,7 23,53 25,14 5,16 0,41 403  2 135092,34375 1
45,2 5105 1735 609,51 593,43 23,48 25,14 5,16 0,5471 406  2 124543,90625 1
46,04 5117 1740 585,84 526,78 23,41 25,14 5,16 0,6551 409  2 117028,570312 1
46,7 5120 1740 537,22 467,3 23,41 25,14 5,16 0,7591 411  2 111304,351562 1
47,28 5146 1736 525,18 460,24 23,47 25,14 5,16 0,8393 413  2 106777,890625 1
47,79 5085 1729 486,01 441,62 23,57 25,14 5,16 0,9966 415  2 103288,28125 1
48,26 5041 1714 497,49 432,16 23,77 25,14 5,16 1,0715 415  2 100727,914062 1
48,26 4901 1681 479,64 419,9 24,25 25,14 5,16 1,1388 416  3 96622,007812 1
48,64 5043 1715 461,33 419,9 23,77 25,14 5,16 1,1958 416  3 95380,03125 1
49,32 5036 1717 456,05 419,33 23,73 25,14 5,16 1,2378 416  3 94117,648437 1
49,55 4988 1687 461,48 409,24 24,16 25,14 5,16 1,3009 417  3 91921,007812 1
49,84 4896 1681 459,46 407,44 24,26 25,14 5,16 1,3465 417  3 91526,632812 1
50,03 4795 1667 439,53 403,46 24,82 25,14 5,16 1,3776 417  3 90747,960937 1
50,14 4880 1681 449,46 399,93 24,25 25,14 5,16 1,4467 417  3 90459,367187 1
50,32 4849 1674 450,53 400,2 24,36 25,14 5,16 1,4759 417  3 90172,59375 1
50,41 4786 1665 441,02 405,65 24,49 25,14 5,16 1,4989 417  3 89510,492187 1
50,58 4469 1621 440,57 401,42 25,21 25,14 5,16 1,5239 417  3 90077,414062 1
50,71 4597 1635 433,77 399,93 24,98 25,14 5,16 1,5401 417  3 90077,414062 1
50,85 4615 1641 449,16 410,49 24,87 25,14 5,16 1,5514 417  3 90172,59375 1
51,0 4439 1616 435,53 404,83 25,28 25,14 5,16 1,5692 417  3 90363,570312 1
41,24 1 400 1224,81 2672,22 102,73 25,14 5,15 0,0365 400  1 269757,625 1
41,25 38 431 1214,9 2632,72 97,21 25,14 5,15 0,0383 400  1 217363,609375 1
41,92 1868 1191 953,77 1516,92 36,06 25,14 5,15 0,1219 400  1 177531,203125 1
43,02 4996 1694 715,81 738,45 24,07 25,14 5,15 0,277 401  1 154682,78125 1
44,0 5013 1733 630,49 610,54 23,51 25,14 5,15 0,4161 403  2 138828,640625 1
44,96 5100 1734 587,83 547,69 23,5 25,14 5,15 0,5271 406  2 127521,796875 1
45,73 5035 1712 545,28 507,87 23,81 25,14 5,15 0,7318 411  2 119654,125 1
46,45 5109 1736 545,28 484,7 23,46 25,14 5,15 0,8204 412  2 113299,40625 1
47,06 5119 1740 503,93 454,82 23,41 25,14 5,15 0,9099 413  2 104553,804687 1
47,53 5157 1714 485,52 444,32 23,77 25,14 5,15 0,9851 414  2 101325,945312 1
48,11 5084 1728 482,24 436,12 23,57 25,14 5,15 1,0538 415  2 99205,578125 1
48,45 5057 1719 466,19 420,33 23,7 25,14 5,15 1,114 415  3 97061,609375 1
48,86 5029 1710 469,99 415,24 23,83 25,14 5,15 1,1704 415  3 95433,367187 1
49,18 5062 1688 466,82 413,83 24,16 25,14 5,15 1,2278 416  3 94587,101562 1
49,46 5046 1716 443,27 412,44 23,75 25,14 5,15 1,3199 416  3 92119,46875 1
49,73 5002 1701 454,66 403,6 23,96 25,14 5,15 1,3716 416  3 91822,09375 1
49,94 4831 1672 446,58 409,79 24,4 25,14 5,15 1,4226 416  3 90651,554687 1
50,1 4640 1645 440,28 406,34 24,82 25,14 5,15 1,4585 416  3 90555,359375 1
50,46 4715 1668 439,83 407,99 24,46 25,14 5,15 1,4933 416  3 90267,984375 1
50,54 4734 1658 429,39 401,69 24,61 25,14 5,15 1,5212 416  3 89982,421875 1
50,62 4561 1634 430,4 404,01 25,0 25,14 5,15 1,5399 416  3 90077,414062 1
50,75 4520 1628 430,84 399,12 25,09 25,14 5,15 1,5709 416  3 89793,054687 1
50,86 4542 1618 432,74 405,24 25,25 25,14 5,15 1,6 416  3 89698,671875 1
50,93 4373 1607 441,17 410,62 25,44 25,14 5,15 1,6049 416  3 89887,640625 1
41,19 13 400 1220,67 2668,61 102,73 25,14 5,15 0,0368 400  1 268907,5625 1
41,27 343 946 1071,9 1886,99 50,21 25,14 5,15 0,0348 400  1 244624,9375 1
41,6 3476 1472 834,7 1086,88 28,01 25,14 5,15 0,1498 400  1 195793,5 1
42,65 4815 1670 718,97 809,66 24,44 25,14 5,15 0,2833 401  1 164049,984375 1
43,74 5056 1719 668,28 669,19 23,71 25,14 5,15 0,3973 403  2 132368,15625 1
44,73 5109 1737 592,82 586,64 23,46 25,14 5,15 0,5157 406  2 123017,78125 1
45,55 5132 1766 571,35 531,79 23,07 25,14 5,15 0,6331 409  2 115758,53125 1
46,27 5173 1738 553,09 495,81 23,44 25,14 5,15 0,7531 411  2 110440,03125 1
46,85 5130 1743 506,33 452,82 23,37 25,14 5,15 0,8371 412  2 106048,054687 1
47,46 5111 1737 487,49 447,18 23,45 25,14 5,15 0,908 413  2 102605,210937 1
47,94 5090 1731 492,63 430,99 23,53 25,14 5,15 1,0564 415  2 100078,1875 1
48,39 5062 1721 480,12 425,77 23,68 25,14 5,15 1,1155 415  3 97728,570312 1
48,83 5030 1710 474,63 417,07 23,83 25,14 5,15 1,181 415  3 94902,6875 1
49,12 5001 1701 454,82 411,32 23,97 25,14 5,15 1,2274 416  3 92418,773437 1
49,43 5003 1721 446,73 403,87 23,68 25,14 5,15 1,2686 416  3 91723,398437 1
49,86 4895 1681 449,0 409,79 24,27 25,14 5,15 1,3076 416  3 90941,382812 1
50,05 4903 1682 458,68 403,73 24,25 25,14 5,15 1,3545 416  3 90555,359375 1
50,2 4970 1691 442,82 404,97 24,11 25,14 5,15 1,3925 416  3 90555,359375 1
50,38 4766 1638 436,27 401,96 24,94 25,14 5,15 1,4323 416  3 89887,640625 1
50,51 4659 1648 442,22 398,17 24,78 25,14 5,15 1,5062 416  3 89698,671875 1
50,66 4610 1641 434,06 406,48 24,89 25,14 5,15 1,5269 416  3 89887,640625 1
50,74 4446 1617 442,97 405,51 25,27 25,14 5,15 1,5399 416  3 89982,421875 1
50,85 4453 1618 420,9 399,12 25,25 25,14 5,15 1,5687 416  3 90077,414062 1
51,02 4424 1611 426,63 411,6 25,37 25,14 5,15 1,5933 416  3 90555,359375 1
41,2 7 400 1234,38 2662,29 105,37 25,14 5,16 0,0353 400  1 272123,3125 1
41,19 203 697 1165,36 2412,59 75,39 25,14 5,16 0,0414 400  1 268484,53125 1
41,38 2522 1313 921,72 1299,54 31,96 25,14 5,16 0,1479 400  1 172681,28125 1
42,33 4649 1646 786,96 893,76 24,81 25,14 5,16 0,2878 401  1 151658,765625 1
44,35 5079 1727 688,02 695,51 23,61 25,14 5,16 0,4148 403  2 137155,109375 1
45,29 5143 1748 565,01 538,86 23,31 25,14 5,16 0,5507 407  2 126388,546875 1
46,0 5144 1748 560,44 508,39 23,3 25,14 5,16 0,6703 409  2 118326,789062 1
46,0 5060 1720 523,22 473,19 23,69 25,14 5,16 0,7665 411  2 112329,96875 1
46,67 5075 1725 520,4 459,92 23,62 25,14 5,16 0,9545 414  2 107653,492187 1
47,25 5158 1767 507,87 441,92 23,05 25,14 5,16 1,0225 415  2 103790,796875 1
47,83 5048 1716 489,81 436,27 23,75 25,14 5,16 1,0903 415  2 98746,382812 1
48,26 4997 1700 475,6 424,47 23,99 25,14 5,16 1,1567 416  3 97061,609375 1
49,08 5075 1725 468,09 418,62 23,62 25,14 5,16 1,2269 416  3 95433,367187 1
49,28 5020 1727 461,01 407,3 23,59 25,14 5,16 1,2682 417  3 94273,617187 1
49,54 5046 1716 449,31 407,3 23,76 25,14 5,16 1,3056 417  3 92119,46875 1
49,82 4876 1678 456,67 402,1 24,31 25,14 5,16 1,3429 417  3 91330,71875 1
50,01 4940 1687 435,24 404,01 24,18 25,14 5,16 1,4366 417  3 91135,632812 1
50,18 4623 1643 449,46 405,93 24,86 25,14 5,16 1,4641 417  3 90459,367187 1
50,36 4638 1663 445,97 408,27 24,54 25,14 5,16 1,5073 417  3 89793,054687 1
50,5 4813 1669 423,33 399,93 24,44 25,14 5,16 1,532 417  3 90172,59375 1
50,72 4660 1648 429,53 401,01 24,78 25,14 5,16 1,5458 417  3 90747,960937 1
50,81 4611 1641 429,39 405,24 24,89 25,14 5,16 1,5762 417  3 89982,421875 1
50,9 4439 1627 437,31 406,61 25,11 25,14 5,16 1,6021 417  3 90363,570312 1
50,9 4414 1613 435,98 405,93 25,34 25,14 5,16 1,6257 417  3 90844,570312 1
41,2 5 400 1225,22 2715,99 104,73 25,14 5,16 0,0364 400  1 270827,8125 1
41,25 784 1103 966,44 1640,83 39,97 25,14 5,16 0,0354 400  1 230578,703125 1
42,0 4189 1580 796,07 1023,68 25,92 25,14 5,16 0,0775 400  1 184637,578125 1
43,01 5005 1702 714,6 754,11 23,96 25,14 5,16 0,2056 400  1 159154,484375 1
43,01 5062 1721 642,34 641,9 23,69 25,14 5,16 0,4807 405  2 142182,734375 1
44,12 5131 1744 607,24 575,04 23,37 25,14 5,16 0,5948 407  2 129850,367187 1
45,0 5171 1736 569,23 518,82 23,48 25,14 5,16 0,6978 408  2 114362,296875 1
45,75 5138 1746 550,47 485,68 23,34 25,14 5,16 0,7865 410  2 109448,484375 1
47,1 5059 1720 520,93 472,39 23,7 25,14 5,16 0,8798 410  2 105393,164062 1
47,6 5094 1732 501,72 440,57 23,53 25,14 5,16 0,9529 411  2 102114,078125 1
48,15 5137 1752 475,43 425,77 23,25 25,14 5,16 1,0184 412  2 99785,617187 1
48,53 5117 1728 488,32 418,2 23,59 25,14 5,16 1,0831 412  2 97449,5625 1
48,9 5016 1706 454,82 413,55 23,9 25,14 5,16 1,1966 413  3 95808,382812 1
49,22 5044 1715 463,2 412,71 23,77 25,14 5,16 1,2487 413  3 94534,710937 1
49,49 5077 1726 461,64 406,89 23,61 25,14 5,16 1,2979 413  3 91822,09375 1
49,71 4981 1692 450,83 407,72 24,1 25,14 5,16 1,3277 413  3 91526,632812 1
50,12 4792 1675 440,72 403,73 24,36 25,14 5,16 1,3612 413  3 90747,960937 1
50,29 4980 1692 434,5 402,37 24,1 25,14 5,16 1,3922 413  3 90267,984375 1
50,39 4741 1659 438,94 402,64 24,6 25,14 5,16 1,416 413  3 90747,960937 1
50,57 4524 1629 430,7 399,93 25,09 25,14 5,16 1,4362 413  3 89793,054687 1
50,57 4455 1645 441,47 400,2 24,83 25,14 5,16 1,4888 413  3 90077,414062 1
50,67 4444 1617 426,49 406,48 25,28 25,14 5,16 1,5198 413  3 90077,414062 1
50,77 4376 1607 431,86 409,79 25,44 25,14 5,16 1,5409 413  3 90363,570312 1
50,81 4440 1617 443,12 405,65 25,28 25,14 5,16 1,5622 413  3 90555,359375 1
41,23 5 400 1224,81 2668,61 104,8 25,14 5,16 0,0354 400  1 270184,6875 1
41,23 188 679 1158,28 2408,51 76,76 25,14 5,16 0,0463 400  1 268062,8125 1
41,23 2567 1321 866,07 1320,82 31,73 25,14 5,16 0,1587 400  1 173383,0 1
41,71 4442 1617 744,22 892,86 25,29 25,14 5,16 0,2895 401  1 152199,765625 1
43,76 5043 1718 649,11 687,32 23,73 25,14 5,16 0,4268 403  2 137044,96875 1
44,74 5128 1743 585,84 536,86 23,38 25,14 5,16 0,5461 407  2 126764,046875 1
45,52 5107 1736 558,92 504,79 23,48 25,14 5,16 0,6746 410  2 118326,789062 1
46,29 5152 1751 543,99 477,37 23,27 25,14 5,16 0,7645 412  2 112256,085937 1
46,93 5085 1729 517,76 465,4 23,58 25,14 5,16 0,9162 414  2 107721,4375 1
47,45 5140 1733 515,66 447,79 23,52 25,14 5,16 0,9815 415  2 104107,359375 1
47,93 5128 1743 478,18 441,47 23,38 25,14 5,16 1,0517 416  2 98860,78125 1
48,41 5134 1745 468,25 419,47 23,35 25,14 5,16 1,1166 416  3 96622,007812 1
49,07 5042 1714 481,59 420,9 23,78 25,14 5,16 1,1657 417  3 95167,289062 1
49,39 5030 1691 456,82 415,66 24,11 25,14 5,16 1,2178 417  3 94744,632812 1
49,66 4989 1697 443,27 404,83 24,03 25,14 5,16 1,2605 417  3 92020,132812 1
49,89 4990 1694 457,9 407,58 24,08 25,14 5,16 1,3072 417  3 91723,398437 1
50,11 4894 1680 430,26 400,6 24,28 25,14 5,16 1,3715 418  3 90747,960937 1
50,11 4793 1666 447,64 400,87 24,49 25,14 5,16 1,4035 418  3 90747,960937 1
50,21 4926 1655 451,14 404,42 24,67 25,14 5,16 1,4201 418  3 90172,59375 1
50,36 4835 1672 446,28 401,28 24,4 25,14 5,16 1,4555 418  3 89604,476562 1
50,64 4723 1657 430,84 403,19 24,64 25,14 5,16 1,4825 418  3 90172,59375 1
50,76 4463 1620 424,04 401,42 25,23 25,14 5,16 1,5106 418  3 90267,984375 1
50,81 4423 1620 416,36 407,99 25,22 25,14 5,16 1,5249 418  3 90363,570312 1
50,91 4470 1621 425,19 404,97 25,22 25,14 5,16 1,545 418  3 90363,570312 1
41,15 4 400 1194,11 2698,58 105,05 25,14 5,16 0,0364 400  1 271042,875 1
41,15 824 1119 1007,52 1649,18 39,17 25,14 5,16 0,0355 400  1 229339,3125 1
41,41 4037 1558 774,28 991,62 26,32 25,14 5,16 0,0837 400  1 185440,0625 1
42,37 4937 1686 705,71 765,16 24,2 25,14 5,16 0,2075 400  1 158268,9375 1
43,47 5085 1729 645,82 639,52 23,58 25,14 5,16 0,4605 404  2 141828,25 1
44,48 5147 1749 601,72 569,62 23,3 25,14 5,16 0,5786 406  2 130048,257812 1
45,29 5173 1758 568,46 518,82 23,55 25,14 5,16 0,6896 408  2 114669,65625 1
46,07 5114 1742 560,25 488,15 23,39 25,14 5,16 0,7846 409  2 109168,445312 1
47,31 5123 1741 521,28 464,15 23,41 25,14 5,16 0,8727 410  2 105588,78125 1
47,84 5090 1730 488,65 439,68 23,56 25,14 5,16 0,9576 410  2 101992,03125 1
48,24 5095 1732 491,97 428,22 24,1 25,14 5,16 1,0354 411  2 99669,070312 1
48,64 5123 1713 470,79 418,2 23,8 25,14 5,16 1,0954 411  2 97505,234375 1
48,96 5018 1707 474,15 416,64 23,9 25,14 5,16 1,2095 412  3 95647,296875 1
49,35 5015 1705 456,67 411,18 23,91 25,14 5,16 1,2511 412  3 94534,710937 1
49,35 4767 1663 449,0 409,51 24,55 25,14 5,16 1,2905 412  3 92518,976562 1
49,62 5004 1702 461,33 397,5 23,96 25,14 5,16 1,3296 412  3 90747,960937 1
49,99 4801 1695 443,12 407,99 24,07 25,14 5,16 1,3611 412  3 90555,359375 1
50,25 4697 1653 432,16 397,77 24,7 25,14 5,16 1,3947 412  3 90172,59375 1
50,34 4626 1643 453,43 398,85 24,86 25,14 5,16 1,4358 412  3 90172,59375 1
50,46 4663 1648 451,14 412,02 24,78 25,14 5,16 1,4572 412  3 89604,476562 1
50,57 4750 1675 450,98 402,64 24,35 25,14 5,16 1,4964 412  3 90267,984375 1
50,71 4674 1650 432,59 399,52 24,75 25,14 5,16 1,5061 412  3 90172,59375 1
50,8 4551 1632 439,83 405,51 25,03 25,14 5,16 1,5311 412  3 90844,570312 1
50,85 4445 1617 434,06 408,41 25,28 25,14 5,16 1,5417 412  3 89982,421875 1
41,2 0 400 1194,51 2711,4 106,19 25,14 5,16 0,0351 400  1 270827,8125 1
41,14 192 683 1131,16 2404,43 76,42 25,14 5,16 0,0518 400  1 267014,34375 1
41,26 2607 1328 925,47 1337,47 31,54 25,14 5,16 0,1491 400  1 172856,171875 1
42,08 4578 1636 734,21 890,14 24,98 25,14 5,16 0,2806 401  1 151389,703125 1
44,18 5018 1709 643,42 682,68 23,87 25,14 5,16 0,4005 403  2 136935,015625 1
45,04 5174 1758 587,63 538,86 23,18 25,14 5,16 0,5227 406  2 126295,015625 1
45,93 5181 1760 562,34 508,04 23,15 25,14 5,16 0,6348 409  2 118244,804687 1
46,57 5184 1762 537,58 479,47 23,13 25,14 5,16 0,7353 411  2 112403,953125 1
47,18 5253 1785 534,86 455,89 22,83 25,14 5,16 0,9025 413  2 107450,15625 1
47,66 5085 1763 510,11 439,23 23,12 25,14 5,16 0,9753 414  2 103917,1875 1
48,1 5114 1738 499,01 432,16 23,45 25,14 5,16 1,0476 415  2 98518,375 1
48,1 5121 1741 476,88 423,76 23,41 25,14 5,16 1,1112 415  3 96676,734375 1
48,91 5090 1730 465,4 415,1 23,56 25,14 5,16 1,166 415  3 95220,382812 1
49,21 5034 1694 463,05 411,88 24,08 25,14 5,16 1,2095 416  3 94273,617187 1
49,53 5008 1703 449,76 405,38 23,94 25,14 5,16 1,2447 416  3 92720,03125 1
49,76 4988 1697 464,3 404,28 24,04 25,14 5,16 1,2848 416  3 91233,070312 1
49,95 5003 1702 454,82 401,55 23,97 25,14 5,16 1,3523 416  3 90651,554687 1
50,15 4892 1680 457,75 408,13 24,29 25,14 5,16 1,3913 416  3 90459,367187 1
50,27 4864 1673 437,01 399,12 24,39 25,14 5,16 1,4117 416  3 90363,570312 1
50,47 4856 1675 442,67 406,34 24,36 25,14 5,16 1,4395 416  3 89698,671875 1
50,7 4867 1677 437,31 401,28 24,34 25,14 5,16 1,4665 416  3 90172,59375 1
50,71 4648 1646 429,39 401,83 24,81 25,14 5,16 1,4856 416  3 90747,960937 1
50,86 4418 1643 429,39 408,55 24,85 25,14 5,16 1,4972 416  3 90363,570312 1
50,92 4489 1624 430,26 405,65 25,17 25,14 5,16 1,5034 416  3 90459,367187 1
41,17 0 400 1240,24 2632,72 106,23 25,14 5,16 0,0357 400  1 271258,28125 1
41,17 836 400 1235,21 2716,91 102,27 25,14 5,16 0,0349 400  1 228724,59375 1
41,8 3894 1536 773,23 1006,5 26,73 25,14 5,16 0,084 400  1 184040,265625 1
42,85 5003 1695 700,95 769,32 24,07 25,14 5,16 0,2065 400  1 158710,484375 1
43,89 5160 1754 653,74 644,95 23,24 25,14 5,16 0,4597 404  2 142301,28125 1
44,84 5136 1746 608,68 568,65 23,35 25,14 5,16 0,5729 406  2 129554,65625 1
45,61 5138 1767 564,24 522,69 23,06 25,14 5,16 0,6787 408  2 114669,65625 1
46,31 5183 1761 556,66 502,4 23,14 25,14 5,16 0,7687 409  2 109378,335937 1
46,94 5165 1755 515,84 463,05 23,22 25,14 5,16 0,8519 410  2 105328,125 1
47,51 5103 1745 505,98 453,74 23,36 25,14 5,16 0,9327 411  2 101992,03125 1
48,02 5120 1740 471,27 419,9 23,42 25,14 5,16 1,006 411  2 99378,882812 1
48,43 5086 1729 483,38 421,32 23,58 25,14 5,16 1,0771 411  2 97282,921875 1
48,82 5050 1717 468,72 415,38 23,75 25,14 5,16 1,1758 412  3 95754,625 1
49,13 4866 1677 448,24 407,3 24,34 25,14 5,16 1,2325 412  3 94430,101562 1
49,35 5000 1701 454,35 406,34 24,11 25,14 5,16 1,2829 412  3 92418,773437 1
49,64 4992 1698 450,07 406,34 24,02 25,14 5,16 1,3135 412  3 91624,914062 1
49,88 4932 1686 449,16 407,44 24,2 25,14 5,16 1,3505 412  3 91135,632812 1
50,28 4920 1684 430,99 404,28 24,23 25,14 5,16 1,3864 412  3 90077,414062 1
50,43 4900 1671 438,05 402,1 24,42 25,14 5,16 1,419 412  3 90172,59375 1
50,5 4502 1625 444,17 400,2 25,15 25,14 5,16 1,4354 412  3 90172,59375 1
50,63 4608 1640 443,72 402,64 24,9 25,14 5,16 1,4556 412  3 90172,59375 1
50,75 4698 1653 442,97 403,6 24,7 25,14 5,16 1,4909 412  3 90363,570312 1
50,84 4379 1608 422,04 403,32 25,44 25,14 5,16 1,5101 412  3 90172,59375 1
50,9 4408 1605 419,9 410,21 25,48 25,14 5,16 1,5418 412  3 90941,382812 1
41,22 9 400 1240,24 2707,73 103,67 25,14 5,16 0,0364 400  1 271690,09375 1
41,19 194 686 1155,15 2399,56 76,27 25,14 5,16 0,0396 400  1 258716,53125 1
41,47 2617 1428 855,58 1160,24 29,0 25,14 5,16 0,156 400  1 204963,96875 1
42,5 4869 1677 737,45 835,55 24,34 25,14 5,16 0,2917 401  1 148880,484375 1
43,56 5065 1722 666,93 673,96 23,69 25,14 5,16 0,4377 403  2 134985,5 1
45,35 5107 1736 600,3 590,42 23,49 25,14 5,16 0,5454 405  2 124817,164062 1
45,35 5085 1717 554,02 498,5 23,75 25,14 5,16 0,6526 406  2 117269,8125 1
46,1 5133 1745 512,71 474,31 23,37 25,14 5,16 0,7576 407  2 111231,804687 1
46,77 5140 1747 519,34 454,35 23,34 25,14 5,16 0,852 408  2 106911,671875 1
47,32 5086 1729 496,65 439,83 23,58 25,14 5,16 1,0154 409  2 103413,453125 1
47,8 5079 1727 474,15 436,42 23,61 25,14 5,16 1,0842 409  2 100609,15625 1
48,33 5084 1742 473,51 422,61 23,41 25,14 5,16 1,1584 409  3 96458,179687 1
48,67 5042 1714 476,24 418,2 23,79 25,14 5,16 1,2404 410  3 95220,382812 1
49,3 5040 1714 476,24 407,99 23,8 25,14 5,16 1,3142 410  3 93962,195312 1
49,57 4994 1694 450,83 404,28 24,08 25,14 5,16 1,3507 410  3 92119,46875 1
49,86 4820 1682 446,28 404,28 24,27 25,14 5,16 1,3936 410  3 91723,398437 1
49,99 4882 1679 436,71 404,28 24,31 25,14 5,16 1,4213 410  3 90941,382812 1
50,22 4874 1678 443,87 408,13 24,33 25,14 5,16 1,4797 410  3 90747,960937 1
50,33 4827 1671 444,77 398,04 24,43 25,14 5,16 1,5108 410  3 90555,359375 1
50,47 4693 1652 436,71 402,1 24,72 25,14 5,16 1,5516 410  3 90651,554687 1
50,59 4700 1679 449,76 406,61 24,31 25,14 5,16 1,5681 410  3 90267,984375 1
50,79 4651 1646 441,92 401,55 24,81 25,14 5,16 1,5902 410  3 90172,59375 1
50,79 4546 1632 433,91 410,21 25,05 25,14 5,16 1,6162 410  3 90459,367187 1
50,88 4434 1616 418,62 407,16 25,31 25,14 5,16 1,6447 410  3 90651,554687 1
41,19 9 400 1236,05 2689,46 103,84 25,14 5,16 0,0356 400  1 271258,28125 1
41,16 15 400 1186,05 2686,73 102,21 25,14 5,16 0,0379 400  1 220167,703125 1
42,18 1464 1262 893,76 1424,85 33,54 25,14 5,16 0,1206 400  1 178086,953125 1
43,22 5046 1716 669,87 721,89 23,77 25,14 5,16 0,2867 401  1 155245,609375 1
44,18 5051 1717 613,65 619,91 23,75 25,14 5,16 0,4409 403  2 139054,859375 1
44,18 5226 1776 586,84 557,6 22,95 25,14 5,16 0,5547 407  2 127712,648437 1
45,1 5291 1748 558,16 508,56 23,32 25,14 5,16 0,8094 412  2 119822,140625 1
45,9 5135 1745 518,99 481,26 23,36 25,14 5,16 0,9103 413  2 113450,03125 1
46,54 5107 1736 510,97 461,17 23,49 25,14 5,16 0,9951 414  2 104682,070312 1
47,16 5147 1749 501,72 449,46 23,3 25,14 5,16 1,0618 415  2 101688,179687 1
48,13 5064 1722 497,16 434,21 23,69 25,14 5,16 1,1276 416  2 99263,28125 1
48,6 5093 1731 479,47 426,63 23,55 25,14 5,16 1,1883 416  3 97393,953125 1
48,91 5049 1717 476,24 413,13 23,76 25,14 5,16 1,2454 417  3 95808,382812 1
49,2 5003 1695 459,3 412,02 24,07 25,14 5,16 1,3023 417  3 94692,0625 1
49,51 5008 1703 466,82 407,44 23,95 25,14 5,16 1,3834 417  3 92318,789062 1
49,75 4938 1689 467,77 410,35 24,16 25,14 5,16 1,423 417  3 91921,007812 1
49,96 4934 1686 436,27 404,83 24,2 25,14 5,16 1,4572 418  3 90555,359375 1
50,15 4922 1684 445,07 404,01 24,23 25,14 5,16 1,4864 418  3 90363,570312 1
50,39 4577 1636 441,92 400,87 24,98 25,14 5,16 1,5125 418  3 90077,414062 1
50,55 4555 1651 435,53 404,83 24,74 25,14 5,16 1,5398 418  3 90747,960937 1
50,65 4644 1645 444,47 404,69 24,83 25,14 5,16 1,5729 418  3 90267,984375 1
50,65 4580 1636 426,78 403,19 24,97 25,14 5,16 1,5939 418  3 90747,960937 1
50,75 4532 1630 434,36 405,51 25,08 25,14 5,16 1,6489 418  3 90459,367187 1
50,86 4606 1640 433,77 405,51 24,91 25,14 5,16 1,6566 418  3 90363,570312 1
41,16 2 400 1253,32 2674,94 105,69 25,14 5,16 0,0365 400  1 272123,3125 1
41,13 534 1027 1003,1 1770,66 44,24 25,14 5,16 0,0346 400  1 238639,015625 1
41,85 3774 1518 827,11 1062,51 27,08 25,14 5,16 0,0415 400  1 191401,875 1
42,91 4922 1684 737,2 795,26 24,24 25,14 5,16 0,3069 401  1 162025,3125 1
42,91 5127 1743 656,62 657,51 23,4 25,14 5,16 0,4626 404  2 143739,46875 1
43,89 5113 1738 615,1 582,68 23,46 25,14 5,16 0,5973 405  2 122312,46875 1
44,86 5125 1748 573,29 523,05 23,33 25,14 5,16 0,7067 407  2 115289,351562 1
46,34 5160 1753 529,46 492,3 23,25 25,14 5,16 0,7932 408  2 109659,453125 1
46,96 5133 1745 513,92 451,14 23,37 25,14 5,16 0,8859 409  2 105719,59375 1
47,57 5126 1742 511,49 439,83 23,4 25,14 5,16 0,9814 409  2 102420,484375 1
47,98 5111 1737 501,38 428,22 23,59 25,14 5,16 1,0518 410  2 99727,304687 1
48,48 5116 1711 488,32 420,61 23,85 25,14 5,16 1,2131 410  3 97728,570312 1
48,82 5092 1731 476,88 411,18 23,56 25,14 5,16 1,2765 410  3 96078,0625 1
49,16 4996 1699 461,64 412,44 24,01 25,14 5,16 1,3315 411  3 92518,976562 1
49,43 5018 1707 468,41 413,13 23,9 25,14 5,16 1,3632 411  3 91723,398437 1
49,89 4947 1688 439,53 406,34 24,18 25,14 5,16 1,4079 411  3 91330,71875 1
50,06 4895 1681 448,55 406,34 24,29 25,14 5,16 1,4464 411  3 90941,382812 1
50,26 4593 1638 449,46 403,05 24,94 25,14 5,16 1,4813 411  3 90555,359375 1
50,39 4770 1663 440,28 400,47 24,55 25,14 5,16 1,5114 411  3 90363,570312 1
50,5 4782 1665 442,67 402,92 24,53 25,14 5,16 1,5588 411  3 89793,054687 1
50,5 4701 1656 431,42 407,16 24,67 25,14 5,16 1,5786 411  3 90651,554687 1
50,62 4551 1632 429,39 402,92 25,04 25,14 5,16 1,5933 411  3 90555,359375 1
50,73 4618 1642 439,23 400,6 24,89 25,14 5,16 1,6068 411  3 89793,054687 1
50,86 4592 1638 429,97 407,44 24,94 25,14 5,16 1,6189 411  3 90747,960937 1
41,25 1 400 1184,05 2673,13 105,9 25,14 5,16 0,0354 400  1 270827,8125 1
41,25 74 503 1222,32 2540,81 90,79 25,14 5,16 0,0389 400  1 217363,609375 1
41,19 2220 1258 942,86 1425,82 33,68 25,14 5,16 0,1395 400  1 175884,578125 1
42,57 4188 1580 769,58 922,65 25,93 25,14 5,16 0,2773 401  1 153431,21875 1
43,62 5195 1765 630,06 605,6 23,09 25,14 5,16 0,4222 403  2 138378,375 1
44,62 5301 1801 571,35 553,84 22,63 25,14 5,16 0,5482 406  2 127904,070312 1
45,46 5169 1756 581,69 514,97 23,21 25,14 5,16 0,6526 409  2 118986,75 1
46,16 5110 1737 542,7 476,56 23,48 25,14 5,16 0,8663 413  2 113224,234375 1
46,79 5230 1741 506,5 458,84 23,41 25,14 5,16 0,9479 414  2 107857,59375 1
47,38 5091 1730 519,17 447,18 23,57 25,14 5,16 1,0158 415  2 101446,40625 1
47,89 5024 1708 496,32 437,9 23,88 25,14 5,16 1,0799 415  2 98918,085937 1
48,72 5066 1722 489,81 426,2 23,68 25,14 5,16 1,1379 416  3 97172,140625 1
49,03 4881 1679 475,27 418,62 24,24 25,14 5,16 1,1993 416  3 95433,367187 1
49,3 4996 1694 472,55 407,3 24,08 25,14 5,16 1,2492 416  3 94221,570312 1
49,68 4892 1680 451,14 413,13 24,29 25,14 5,16 1,2864 416  3 92518,976562 1
49,84 4877 1678 454,35 405,38 24,33 25,14 5,16 1,3606 417  3 91330,71875 1
50,09 5004 1695 450,07 401,42 24,07 25,14 5,16 1,3985 417  3 91135,632812 1
50,2 4939 1659 454,66 401,96 24,62 25,14 5,16 1,4244 417  3 90555,359375 1
50,2 4806 1668 442,22 402,1 24,48 25,14 5,16 1,4462 417  3 90172,59375 1
50,48 4755 1661 421,75 404,28 24,58 25,14 5,16 1,4729 417  3 90077,414062 1
50,66 4563 1616 452,82 403,32 25,31 25,14 5,16 1,4925 417  3 90172,59375 1
50,7 4611 1638 436,86 411,32 24,94 25,14 5,16 1,5224 417  3 90267,984375 1
50,86 4552 1632 441,17 396,96 25,04 25,14 5,16 1,5438 417  3 90459,367187 1
50,95 4526 1629 430,26 408,68 25,1 25,14 5,16 1,5885 417  3 90651,554687 1
41,21 2 400 1187,66 2659,59 102,83 25,14 5,16 0,0357 400  1 274089,9375 1
41,18 1098 1025 1029,93 1763,49 44,36 25,14 5,16 0,0344 400  1 229185,3125 1
41,35 3782 1519 809,66 1052,84 27,06 25,14 5,16 0,0636 400  1 185843,921875 1
42,27 4868 1677 731,24 782,18 24,35 25,14 5,16 0,1862 400  1 159303,046875 1
43,38 5110 1731 649,11 636,28 23,57 25,14 5,16 0,4667 404  2 142658,125 1
44,32 5192 1764 579,93 558,16 23,11 25,14 5,16 0,5954 406  2 130346,234375 1
45,25 5121 1740 568,08 521,28 23,43 25,14 5,16 0,7108 408  2 114823,953125 1
46,02 5209 1770 537,58 486,01 23,03 25,14 5,16 0,8154 409  2 109589,039062 1
47,23 5157 1752 534,5 464,3 23,26 25,14 5,16 0,9081 410  2 105458,289062 1
47,78 5200 1767 508,39 437,01 23,07 25,14 5,16 0,9868 410  2 102114,078125 1
48,23 5148 1749 493,13 425,05 23,3 25,14 5,16 1,056 411  2 99669,070312 1
48,68 4824 1671 472,71 421,47 24,44 25,14 5,16 1,1222 411  2 97282,921875 1
49,02 5014 1705 479,15 415,38 23,93 25,14 5,16 1,2323 412  3 95970,007812 1
49,29 5067 1685 468,88 402,64 24,22 25,14 5,16 1,2859 412  3 94587,101562 1
49,54 5000 1701 449,92 408,96 23,99 25,14 5,16 1,3293 412  3 91723,398437 1
49,79 4973 1691 457,13 408,96 24,13 25,14 5,16 1,3772 412  3 90941,382812 1
49,99 5014 1705 453,59 400,6 23,93 25,14 5,16 1,4225 412  3 90459,367187 1
50,17 4606 1647 458,99 402,1 24,81 25,14 5,16 1,4624 412  3 90267,984375 1
50,3 4948 1688 449,92 400,47 24,18 25,14 5,16 1,4942 412  3 90172,59375 1
50,41 4673 1650 434,21 399,93 24,77 25,14 5,16 1,5192 412  3 90267,984375 1
50,58 4703 1654 441,62 405,51 24,7 25,14 5,16 1,5727 412  3 90172,59375 1
50,72 4444 1617 437,75 403,6 25,29 25,14 5,16 1,5934 412  3 90651,554687 1
50,8 4513 1644 431,86 403,87 24,85 25,14 5,16 1,6094 412  3 90651,554687 1
50,84 4348 1603 427,93 410,21 25,53 25,14 5,16 1,6184 412  3 89982,421875 1
41,24 2 400 1212,02 2706,81 105,51 25,14 5,16 0,0345 400  1 269971,0 1
41,25 84 522 1233,12 2535,65 89,14 25,14 5,16 0,0387 400  1 270613,09375 1
41,23 2224 1388 864,31 1228,54 29,96 25,14 5,16 0,1436 400  1 173736,0 1
41,97 4654 1647 760,77 865,78 24,82 25,14 5,16 0,2711 401  1 152064,15625 1
44,08 5051 1717 669,19 691,76 23,76 25,14 5,16 0,4205 403  2 137708,453125 1
44,99 5185 1762 602,13 543,44 23,14 25,14 5,16 0,5371 406  2 126576,023437 1
45,77 5128 1760 557,98 503,25 23,16 25,14 5,16 0,6421 409  2 118738,40625 1
46,51 5095 1732 521,81 476,4 23,55 25,14 5,16 0,7321 411  2 112552,210937 1
47,11 5121 1740 520,4 460,24 23,43 25,14 5,16 0,9253 414  2 107247,59375 1
47,63 5091 1731 496,99 447,79 23,57 25,14 5,16 1,005 414  2 104043,890625 1
48,12 5040 1714 510,63 432,01 23,81 25,14 5,16 1,0692 415  2 98632,25 1
48,51 5025 1728 486,17 425,48 23,61 25,14 5,16 1,1308 416  3 97116,84375 1
48,85 5033 1711 481,59 418,48 23,84 25,14 5,16 1,184 416  3 95380,03125 1
49,21 4926 1685 467,93 410,9 24,23 25,14 5,16 1,2451 416  3 94169,578125 1
49,52 5021 1707 442,67 400,87 23,9 25,14 5,16 1,2859 416  3 92119,46875 1
49,71 4637 1711 445,22 400,87 23,84 25,14 5,16 1,3271 416  3 91428,570312 1
49,95 4941 1687 453,43 405,93 24,2 25,14 5,16 1,4172 417  3 90844,570312 1
50,13 4742 1659 448,85 392,15 24,62 25,14 5,16 1,4475 417  3 90363,570312 1
50,27 4792 1666 435,68 403,6 24,51 25,14 5,16 1,4789 417  3 90363,570312 1
50,38 4874 1678 445,37 402,64 24,34 25,14 5,16 1,5166 417  3 89793,054687 1
50,64 4704 1663 440,57 401,69 24,56 25,14 5,16 1,5552 417  3 90077,414062 1
50,81 4463 1620 442,07 403,32 25,25 25,14 5,16 1,5655 417  3 90077,414062 1
50,81 4345 1603 445,37 407,44 25,53 25,14 5,16 1,5828 417  3 90267,984375 1
50,92 4451 1618 432,59 407,03 25,28 25,14 5,16 1,5875 417  3 90651,554687 1
41,23 8 400 1243,18 2673,13 104,73 25,14 5,16 0,0356 400  1 271258,28125 1
41,21 1114 1029 1057,49 1777,27 44,12 25,14 5,16 0,0344 400  1 230734,5625 1
41,69 3740 1513 842,36 1063,95 27,19 25,14 5,16 0,065 400  1 185238,78125 1
42,7 4584 1637 717,27 786,17 24,98 25,14 5,16 0,1916 400  1 159750,390625 1
43,79 4989 1731 644,73 634,13 23,57 25,14 5,16 0,4613 404  2 143136,703125 1
44,72 5201 1767 612,4 561,96 23,07 25,14 5,16 0,5927 406  2 130445,859375 1
45,51 5163 1754 559,68 525,18 23,24 25,14 5,16 0,7057 408  2 114823,953125 1
46,24 5168 1756 550,85 491,8 23,22 25,14 5,16 0,7965 409  2 109589,039062 1
47,45 5147 1749 517,41 469,52 23,31 25,14 5,16 0,8958 409  2 105458,289062 1
47,45 5124 1742 484,53 438,94 23,41 25,14 5,16 0,993 410  2 102297,703125 1
47,98 5092 1731 479,47 426,2 23,57 25,14 5,16 1,0671 411  2 99552,789062 1
48,39 5045 1715 474,95 420,33 23,78 25,14 5,16 1,1282 411  2 97505,234375 1
48,74 5109 1736 472,07 420,61 23,49 25,14 5,16 1,2466 411  3 96186,359375 1
49,12 5076 1698 460,24 413,69 24,03 25,14 5,16 1,2952 411  3 94639,554687 1
49,39 4868 1677 466,67 406,89 24,35 25,14 5,16 1,336 412  3 92119,46875 1
49,65 5007 1696 445,67 408,55 24,07 25,14 5,16 1,3791 412  3 91135,632812 1
50,06 5055 1719 441,62 401,15 23,73 25,14 5,16 1,4066 412  3 91135,632812 1
50,24 4974 1682 431,13 399,93 24,28 25,14 5,16 1,4334 412  3 90172,59375 1
50,38 4886 1679 443,57 409,1 24,31 25,14 5,16 1,4698 412  3 89982,421875 1
50,56 4704 1654 429,97 406,48 24,7 25,14 5,16 1,4916 412  3 89887,640625 1
50,62 4515 1627 432,89 404,69 25,13 25,14 5,16 1,5332 412  3 89793,054687 1
50,76 4478 1622 431,13 404,83 25,22 25,14 5,16 1,559 412  3 90077,414062 1
50,82 4566 1640 433,77 397,77 24,93 25,14 5,16 1,5894 412  3 90555,359375 1
50,92 4385 1609 440,87 407,99 25,44 25,14 5,16 1,6049 412  3 91135,632812 1
41,19 3 400 1246,97 2689,46 105,3 25,14 5,16 0,0348 400  1 271258,28125 1
41,24 101 551 1154,76 2535,65 86,76 25,14 5,16 0,0391 400  1 268062,8125 1
41,46 2159 1401 905,64 1220,67 29,64 25,14 5,16 0,1411 400  1 173736,0 1
42,37 4686 1651 745,99 874,02 24,75 25,14 5,16 0,269 401  1 151928,78125 1
44,42 5099 1733 690,59 702,85 23,53 25,14 5,16 0,3981 403  2 137155,109375 1
45,29 5155 1752 586,64 545,1 23,28 25,14 5,16 0,5187 406  2 126669,96875 1
45,29 5285 1732 570,39 494,47 23,56 25,14 5,16 0,6311 408  2 118738,40625 1
46,08 5174 1758 535,59 467,3 23,19 25,14 5,16 0,7379 410  2 112329,96875 1
46,7 5180 1760 513,23 454,82 23,16 25,14 5,16 0,9017 413  2 107653,492187 1
47,32 5123 1741 512,01 439,38 23,42 25,14 5,16 0,9889 414  2 103917,1875 1
47,77 5082 1728 503,93 435,24 23,61 25,14 5,16 1,0505 414  2 98918,085937 1
48,24 5078 1733 470,47 427,21 23,53 25,14 5,16 1,1195 415  3 96841,3125 1
48,99 5053 1718 476,88 420,47 23,75 25,14 5,16 1,1699 415  3 95380,03125 1
49,3 4986 1696 480,29 404,56 24,07 25,14 5,16 1,2302 415  3 94221,570312 1
49,59 4888 1680 455,59 405,93 24,31 25,14 5,16 1,2819 415  3 92119,46875 1
49,81 4725 1703 459,15 406,75 23,96 25,14 5,16 1,3351 416  3 91330,71875 1
50,01 4763 1662 458,21 403,87 24,58 25,14 5,16 1,3943 416  3 90941,382812 1
50,2 4967 1690 450,53 403,05 24,15 25,14 5,16 1,4377 416  3 90363,570312 1
50,37 4860 1676 429,53 401,69 24,37 25,14 5,16 1,4655 416  3 89982,421875 1
50,51 4675 1650 458,84 401,28 24,77 25,14 5,16 1,4919 416  3 90172,59375 1
50,76 4879 1646 446,88 402,78 24,83 25,14 5,16 1,5205 416  3 89887,640625 1
50,78 4354 1604 434,06 404,83 25,52 25,14 5,16 1,5354 416  3 90555,359375 1
50,88 4475 1621 437,01 406,34 25,22 25,14 5,16 1,56 416  3 89698,671875 1
50,88 4648 1646 446,88 404,01 24,83 25,14 5,16 1,5754 416  3 90459,367187 1
41,24 12 400 1252,05 2693,11 103,84 25,14 5,16 0,0362 400  1 272340,4375 1
41,27 1110 1028 1010,6 1772,46 44,2 25,14 5,16 0,0353 400  1 230890,640625 1
42,05 3809 1523 850,67 1048,93 26,99 25,14 5,16 0,0692 400  1 186656,9375 1
42,05 4931 1686 717,27 779,54 24,23 25,14 5,16 0,1968 400  1 159601,0 1
43,1 5136 1738 648,01 634,77 23,47 25,14 5,16 0,4881 405  2 142658,125 1
44,09 5122 1741 596,25 567,69 23,43 25,14 5,16 0,5966 407  2 130745,65625 1
45,04 5223 1775 565,77 521,63 22,98 25,14 5,16 0,7077 408  2 114746,75 1
45,82 5131 1744 545,84 491,8 23,39 25,14 5,16 0,8037 409  2 109800,554687 1
47,15 5120 1740 542,7 469,99 23,44 25,14 5,16 0,8897 410  2 105263,15625 1
47,65 5149 1750 487,99 435,68 23,3 25,14 5,16 0,9747 411  2 102297,703125 1
48,07 5092 1731 494,3 429,97 23,57 25,14 5,16 1,0547 412  2 99494,75 1
48,57 5132 1744 472,23 417,92 23,38 25,14 5,16 1,1349 412  2 97393,953125 1
48,93 5060 1720 481,26 418,91 23,72 25,14 5,16 1,2515 412  3 95862,195312 1
49,19 4987 1726 460,08 415,8 23,64 25,14 5,16 1,2996 413  3 94534,710937 1
49,48 5082 1728 460,55 413,41 23,61 25,14 5,16 1,3407 413  3 91723,398437 1
49,72 4834 1672 448,85 408,82 24,43 25,14 5,16 1,3873 413  3 91038,40625 1
50,12 4818 1670 452,05 406,89 24,46 25,14 5,16 1,4234 413  3 91428,570312 1
50,26 4853 1657 440,42 398,85 24,65 25,14 5,16 1,4734 413  3 90172,59375 1
50,43 4791 1666 444,47 404,28 24,52 25,14 5,16 1,5016 413  3 90363,570312 1
50,56 4825 1671 454,82 398,31 24,44 25,14 5,16 1,5293 413  3 90267,984375 1
50,56 4531 1629 446,73 402,1 25,1 25,14 5,16 1,5784 413  3 90651,554687 1
50,66 4691 1652 440,13 405,51 24,73 25,14 5,16 1,5983 413  3 90363,570312 1
50,75 4527 1596 436,42 405,65 25,66 25,14 5,16 1,6266 413  3 89793,054687 1
50,82 4368 1606 433,77 401,42 25,48 25,14 5,16 1,6413 413  3 90077,414062 1
41,24 11 400 1247,4 2718,75 103,39 25,14 5,16 0,0352 400  1 274089,9375 1
41,25 83 519 1215,72 2533,94 89,42 25,14 5,16 0,0397 400  1 269544,625 1
41,27 2192 1386 897,4 1255,44 30,03 25,14 5,16 0,1454 400  1 173736,0 1
41,72 4646 1646 752,32 860,81 24,84 25,14 5,16 0,3143 401  1 152199,765625 1
43,81 5054 1718 686,39 700,0 23,75 25,14 5,16 0,4438 403  2 137375,90625 1
44,77 5057 1719 593,03 547,87 23,73 25,14 5,16 0,5752 405  2 126669,96875 1
45,61 5201 1772 567,31 507,36 23,01 25,14 5,16 0,7028 406  2 118903,851562 1
46,3 5148 1750 546,02 470,47 23,31 25,14 5,16 0,7934 407  2 112403,953125 1
46,95 5143 1748 517,94 461,33 23,34 25,14 5,16 0,9613 409  2 107857,59375 1
47,45 5115 1739 496,99 444,47 23,46 25,14 5,16 1,0397 409  2 103853,953125 1
47,94 5062 1721 480,45 431,42 23,71 25,14 5,16 1,114 409  2 98632,25 1
48,42 5115 1729 483,55 421,61 23,59 25,14 5,16 1,1771 410  3 97061,609375 1
49,07 5065 1722 466,51 417,77 23,69 25,14 5,16 1,24 410  3 95700,9375 1
49,43 5079 1727 447,64 407,58 23,63 25,14 5,16 1,2755 410  3 94169,578125 1
49,67 5002 1701 465,56 414,25 23,99 25,14 5,16 1,3162 410  3 92720,03125 1
49,86 4977 1715 455,74 404,69 23,79 25,14 5,16 1,3639 410  3 91526,632812 1
50,03 4874 1678 458,68 396,15 24,34 25,14 5,16 1,4389 410  3 91135,632812 1
50,03 4913 1683 467,3 406,61 24,26 25,14 5,16 1,4597 410  3 90747,960937 1
50,2 4795 1667 437,9 399,52 24,51 25,14 5,16 1,4809 410  3 89793,054687 1
50,37 4757 1661 430,84 401,83 24,59 25,14 5,16 1,5151 410  3 90172,59375 1
50,65 4673 1638 435,24 400,47 24,96 25,14 5,16 1,5514 410  3 90172,59375 1
50,71 4477 1622 444,32 397,77 25,22 25,14 5,16 1,5741 410  3 89793,054687 1
50,85 4583 1637 444,02 408,82 24,98 25,14 5,16 1,6195 410  3 90172,59375 1
50,87 4330 1601 439,98 400,6 25,58 25,14 5,16 1,6284 410  3 90844,570312 1
41,22 10 400 1236,05 2681,28 103,56 25,14 5,16 0,0357 400  1 271690,09375 1
41,17 1043 400 1221,08 2695,84 104,9 25,14 5,16 0,0351 400  1 230734,5625 1
41,52 3637 1497 823,75 1060,71 27,52 25,14 5,16 0,0824 400  1 185037,953125 1
42,48 4972 1712 726,55 743,47 23,84 25,14 5,16 0,2097 400  1 159451,890625 1
43,5 5039 1713 618,86 638,43 23,82 25,14 5,16 0,4993 405  2 142301,28125 1
44,47 5240 1780 607,24 567,69 22,91 25,14 5,16 0,6214 407  2 130147,429687 1
45,38 5180 1760 588,83 519,69 23,17 25,14 5,16 0,7355 409  2 114592,65625 1
46,07 5054 1718 547,13 496,99 23,75 25,14 5,16 0,8336 410  2 109378,335937 1
47,34 5109 1746 529,28 467,3 23,36 25,14 5,16 0,9309 411  2 105588,78125 1
47,81 5143 1764 511,67 455,43 23,12 25,14 5,16 1,0116 412  2 102236,421875 1
48,27 5040 1714 496,32 435,98 23,81 25,14 5,16 1,076 412  2 99610,898437 1
48,66 5081 1718 477,21 424,47 23,76 25,14 5,16 1,1486 413  3 97728,570312 1
49,01 5124 1741 473,67 409,65 23,42 25,14 5,16 1,2576 413  3 96078,0625 1
49,33 5013 1705 453,59 407,72 23,94 25,14 5,16 1,2998 413  3 94639,554687 1
49,56 5043 1715 458,52 405,51 23,8 25,14 5,16 1,347 413  3 91723,398437 1
49,56 5011 1704 467,3 401,01 23,95 25,14 5,16 1,3947 413  3 91330,71875 1
49,83 4969 1696 443,42 403,46 24,07 25,14 5,16 1,431 414  3 90555,359375 1
50,15 4784 1665 441,77 403,87 24,53 25,14 5,16 1,4617 414  3 90363,570312 1
50,34 4796 1667 450,83 399,66 24,51 25,14 5,16 1,5039 414  3 89887,640625 1
50,46 4707 1654 437,6 400,6 24,66 25,14 5,16 1,5188 414  3 90363,570312 1
50,61 4707 1643 442,67 410,49 24,89 25,14 5,16 1,5432 414  3 90363,570312 1
50,7 4539 1631 423,9 407,72 25,08 25,14 5,16 1,5878 414  3 90172,59375 1
50,78 4643 1645 428,22 405,93 24,84 25,14 5,16 1,6129 414  3 90747,960937 1
50,9 4466 1620 442,07 409,51 25,25 25,14 5,16 1,6248 414  3 90555,359375 1
41,21 7 400 1193,7 2707,73 104,44 25,14 5,16 0,0373 400  1 274310,21875 1
41,25 298 800 1106,92 2297,04 68,46 25,14 5,16 0,0404 400  1 259898,484375 1
41,3 2840 1368 908,4 1269,97 30,48 25,14 5,16 0,1677 400  1 204106,046875 1
42,04 4754 1684 738,2 805,29 24,26 25,14 5,16 0,3052 401  1 149663,84375 1
43,14 5123 1741 675,79 658,18 23,43 25,14 5,16 0,4542 404  2 135306,546875 1
45,01 5153 1751 609,1 591,22 23,3 25,14 5,16 0,5896 405  2 125367,289062 1
45,86 5139 1776 590,42 528,03 22,96 25,14 5,16 0,6945 407  2 117431,195312 1
46,61 5107 1742 534,5 462,89 23,42 25,14 5,16 0,8153 408  2 111814,804687 1
47,13 5142 1747 511,84 454,2 23,34 25,14 5,16 0,8842 408  2 107247,59375 1
47,63 5138 1746 491,8 443,57 23,36 25,14 5,16 1,0624 409  2 103538,929687 1
48,18 5150 1750 486,67 430,99 23,3 25,14 5,16 1,1229 410  2 100609,15625 1
48,55 5064 1722 475,6 418,2 23,7 25,14 5,16 1,1804 410  3 96786,390625 1
48,83 5030 1704 476,4 417,77 23,95 25,14 5,16 1,2307 410  3 95220,382812 1
49,24 5028 1710 457,13 412,58 23,87 25,14 5,16 1,283 410  3 94013,953125 1
49,54 4653 1693 466,67 411,18 24,11 25,14 5,16 1,3341 410  3 92020,132812 1
49,75 4907 1682 457,13 405,1 24,28 25,14 5,16 1,3656 410  3 91330,71875 1
49,96 4867 1677 448,85 403,32 24,36 25,14 5,16 1,4125 411  3 90941,382812 1
50,14 4828 1671 447,03 396,56 24,44 25,14 5,16 1,4725 411  3 90459,367187 1
50,25 4804 1668 453,43 400,47 24,49 25,14 5,16 1,4952 411  3 90172,59375 1
50,42 4835 1672 444,17 404,01 24,43 25,14 5,16 1,5238 411  3 90363,570312 1
50,6 4577 1669 441,47 404,56 24,48 25,14 5,16 1,546 411  3 90267,984375 1
50,66 4644 1645 443,57 403,6 24,84 25,14 5,16 1,5652 411  3 90077,414062 1
50,85 4674 1650 442,07 408,55 24,78 25,14 5,16 1,5861 411  3 89982,421875 1
50,94 4449 1618 444,02 406,61 25,29 25,14 5,16 1,6101 411  3 90172,59375 1
41,48 9 400 1266,97 2745,57 103,77 25,14 5,16 0,0346 400  1 274089,9375 1
41,42 25 403 1253,32 2703,15 100,12 25,14 5,16 0,036 400  1 220880,0625 1
41,96 1651 1147 996,67 1570,73 37,93 25,14 5,16 0,101 400  1 179020,984375 1
43,0 4809 1700 683,15 709,06 24,02 25,14 5,16 0,2598 401  1 156097,5625 1
44,06 5127 1743 641,25 620,12 23,41 25,14 5,16 0,4155 403  2 139852,5 1
44,93 5093 1731 604,17 562,72 23,57 25,14 5,16 0,5421 406  2 128578,601562 1
45,75 5184 1762 560,25 515,49 23,15 25,14 5,16 0,7786 411  2 119990,625 1
46,49 5130 1744 559,87 487,99 23,4 25,14 5,16 0,8827 412  2 113601,0625 1
47,08 5177 1746 526,42 459,77 23,37 25,14 5,16 0,9891 413  2 104810,648437 1
47,62 5161 1754 519,52 444,77 23,26 25,14 5,16 1,0544 414  2 101748,804687 1
48,47 5146 1749 499,18 435,24 23,33 25,14 5,16 1,1437 415  2 99321,046875 1
48,85 4988 1693 486,83 425,91 24,11 25,14 5,16 1,2129 415  3 97393,953125 1
48,85 5054 1707 477,69 413,97 23,92 25,14 5,16 1,2668 416  3 95700,9375 1
49,19 5027 1709 464,3 417,07 23,88 25,14 5,16 1,3167 416  3 94692,0625 1
49,41 4998 1700 444,47 408,41 24,02 25,14 5,16 1,416 416  3 92518,976562 1
49,7 4924 1684 465,56 409,24 24,25 25,14 5,16 1,4524 416  3 91624,914062 1
49,88 4979 1692 446,58 403,6 24,13 25,14 5,16 1,5019 417  3 90651,554687 1
50,09 4798 1688 457,13 401,55 24,2 25,14 5,16 1,5317 417  3 90363,570312 1
50,37 4790 1666 434,06 398,31 24,53 25,14 5,16 1,5789 417  3 89982,421875 1
50,55 4645 1646 448,55 401,01 24,84 25,14 5,16 1,6027 417  3 90267,984375 1
50,66 4490 1624 450,98 401,28 25,2 25,14 5,16 1,6463 417  3 90172,59375 1
50,7 4475 1645 433,33 404,83 24,86 25,14 5,16 1,6771 417  3 90363,570312 1
50,85 4526 1629 427,21 403,87 25,11 25,14 5,16 1,719 417  3 90555,359375 1
50,97 4425 1614 431,42 407,72 25,35 25,14 5,16 1,7375 417  3 90267,984375 1
41,68 4 400 1214,07 2720,59 105,05 25,14 5,16 0,0365 400  1 268907,5625 1
41,66 706 926 1089,09 1986,61 52,12 25,14 5,16 0,0345 400  1 235510,578125 1
41,97 3471 1471 883,24 1124,67 28,06 25,14 5,16 0,0415 400  1 191724,390625 1
42,8 5021 1709 697,87 756,41 23,89 25,14 5,16 0,3168 401  1 162025,3125 1
43,9 5106 1736 644,95 649,77 23,51 25,14 5,16 0,497 404  2 144591,921875 1
44,82 5198 1766 617,19 570,97 23,09 25,14 5,16 0,6275 406  2 122488,039062 1
45,66 5080 1727 566,16 528,21 23,63 25,14 5,16 0,7441 407  2 115601,71875 1
47,03 5153 1751 575,43 499,01 23,3 25,14 5,16 0,8444 408  2 110297,289062 1
47,56 5116 1739 498,34 444,92 23,46 25,14 5,16 0,9591 409  2 105850,734375 1
48,11 5160 1753 499,01 435,98 23,26 25,14 5,16 1,0511 410  2 102481,984375 1
48,51 5095 1732 503,76 429,97 23,56 25,14 5,16 1,1319 410  2 99960,953125 1
48,51 5059 1720 498,5 421,47 23,73 25,14 5,16 1,2573 411  3 97728,570312 1
48,85 5061 1721 463,83 423,61 23,69 25,14 5,16 1,3323 411  3 96294,90625 1
49,21 5005 1702 473,35 414,25 23,98 25,14 5,16 1,3867 411  3 94169,578125 1
49,45 5080 1727 456,82 407,44 23,63 25,14 5,16 1,4229 411  3 91921,007812 1
49,97 4972 1691 464,15 407,16 24,15 25,14 5,16 1,466 412  3 91038,40625 1
50,13 4995 1694 451,29 402,1 24,16 25,14 5,16 1,4972 412  3 90941,382812 1
50,32 4821 1670 443,27 402,92 24,46 25,14 5,16 1,5317 412  3 90172,59375 1
50,45 4645 1646 466,19 402,1 24,84 25,14 5,16 1,5639 412  3 90077,414062 1
50,61 4458 1619 453,28 402,92 25,28 25,14 5,16 1,6214 412  3 89793,054687 1
50,72 4615 1641 439,08 407,58 24,91 25,14 5,16 1,6466 412  3 90267,984375 1
50,83 4425 1614 451,29 407,72 25,35 25,14 5,16 1,6761 412  3 90459,367187 1
50,89 4589 1622 448,55 410,9 25,23 25,14 5,16 1,6964 412  3 90651,554687 1
51,07 4497 1625 436,27 405,24 25,18 25,14 5,16 1,7196 412  3 90363,570312 1
41,72 15 400 1206,29 2704,98 102,69 25,14 5,16 0,0378 400  1 269757,625 1
41,79 152 629 1179,65 2463,75 80,54 25,14 5,16 0,0414 400  1 269757,625 1
41,87 2490 1308 908,09 1362,6 32,16 25,14 5,16 0,1437 400  1 174624,828125 1
42,72 4522 1628 776,91 907,17 25,13 25,14 5,16 0,3126 401  1 152471,703125 1
44,6 5075 1725 675,1 685,23 23,66 25,14 5,16 0,4744 403  2 137819,65625 1
45,53 5167 1756 618,86 539,41 23,23 25,14 5,16 0,6108 405  2 127047,148437 1
46,28 5091 1730 570,39 506,15 23,58 25,14 5,16 0,7222 406  2 118655,851562 1
46,88 5142 1748 530,54 473,03 23,34 25,14 5,16 0,8399 407  2 112700,859375 1
47,49 5177 1746 505,13 451,29 23,37 25,14 5,16 1,0467 409  2 107994,09375 1
48,03 5175 1759 502,06 440,42 23,19 25,14 5,16 1,1135 409  2 104043,890625 1
48,03 5039 1713 497,32 428,8 23,82 25,14 5,16 1,1941 409  2 98860,78125 1
48,43 5075 1725 469,84 423,33 23,65 25,14 5,16 1,2632 410  3 97061,609375 1
49,15 5128 1743 483,38 424,04 23,41 25,14 5,16 1,3184 410  3 95220,382812 1
49,47 5109 1737 451,44 407,3 23,49 25,14 5,16 1,382 410  3 94430,101562 1
49,75 5003 1702 468,41 409,38 23,99 25,14 5,16 1,4382 410  3 93807,257812 1
49,94 4947 1688 461,95 405,1 24,2 25,14 5,16 1,4937 410  3 91822,09375 1
50,18 4919 1684 463,2 402,64 24,25 25,14 5,16 1,566 410  3 90941,382812 1
50,33 4798 1667 464,62 403,32 24,51 25,14 5,16 1,5918 410  3 90459,367187 1
50,46 4805 1668 456,05 407,44 24,49 25,14 5,16 1,6202 410  3 90747,960937 1
50,63 4946 1688 457,29 397,77 24,2 25,14 5,16 1,6376 410  3 89698,671875 1
50,82 4736 1658 431,13 402,1 24,64 25,14 5,16 1,6487 410  3 89698,671875 1
50,98 4555 1648 449,0 409,1 24,81 25,14 5,16 1,6843 410  3 90172,59375 1
51,0 4504 1626 427,21 407,99 25,17 25,14 5,16 1,7183 410  3 90555,359375 1
51,07 4290 1595 440,72 412,71 25,68 25,14 5,16 1,7361 410  3 90459,367187 1
41,86 16 400 1254,59 2722,43 102,14 25,14 5,16 0,0398 400  1 269544,625 1
41,89 1387 1091 993,64 1658,7 40,6 25,14 5,16 0,0387 400  1 229802,515625 1
42,48 3931 1542 818,2 1025,07 26,65 25,14 5,16 0,0603 400  1 184040,265625 1
43,49 4886 1679 727,53 777,7 24,33 25,14 5,16 0,2141 400  1 159303,046875 1
44,47 5053 1718 640,38 635,2 23,76 25,14 5,16 0,5051 405  2 142182,734375 1
45,36 5142 1748 619,91 570,77 23,34 25,14 5,16 0,6439 407  2 130048,257812 1
46,13 5137 1766 575,82 514,97 23,09 25,14 5,16 0,7666 408  2 114438,984375 1
46,13 5184 1761 556,66 488,48 23,15 25,14 5,16 0,8639 410  2 109168,445312 1
47,45 5191 1764 531,43 463,2 23,12 25,14 5,16 0,9782 411  2 105263,15625 1
47,92 5100 1734 490,47 447,49 23,53 25,14 5,16 1,0716 411  2 102053,023437 1
48,34 5118 1716 488,48 426,34 23,78 25,14 5,16 1,1454 412  2 99669,070312 1
48,82 5035 1712 484,2 425,62 23,84 25,14 5,16 1,2119 412  3 97560,976562 1
49,13 5093 1731 485,02 409,65 23,57 25,14 5,16 1,3441 413  3 95862,195312 1
49,44 4888 1680 459,92 414,11 24,32 25,14 5,16 1,4032 413  3 94902,6875 1
49,69 5054 1718 468,25 402,64 23,75 25,14 5,16 1,4407 413  3 92318,789062 1
49,94 4994 1710 451,75 405,93 23,86 25,14 5,16 1,4685 413  3 91135,632812 1
50,32 4848 1674 443,72 404,28 24,4 25,14 5,16 1,4976 413  3 90651,554687 1
50,47 4630 1643 443,87 397,5 24,88 25,14 5,16 1,5355 413  3 90267,984375 1
50,62 4724 1657 435,53 400,6 24,67 25,14 5,16 1,5665 413  3 89982,421875 1
50,76 4754 1662 442,82 401,96 24,59 25,14 5,16 1,6105 413  3 89887,640625 1
50,85 4743 1659 449,31 405,38 24,63 25,14 5,16 1,6728 413  3 90077,414062 1
50,95 4644 1646 429,39 403,87 24,84 25,14 5,16 1,6883 413  3 89604,476562 1
51,03 4518 1628 444,02 404,28 25,13 25,14 5,16 1,7011 413  3 90077,414062 1
51,03 4503 1626 430,84 400,2 25,17 25,14 5,16 1,7217 413  3 89793,054687 1
41,93 14 400 1213,25 2645,23 102,59 25,14 5,16 0,047 400  1 267642,4375 1
41,92 173 858 1126,58 2122,14 59,61 25,14 5,16 0,0494 400  1 254853,15625 1
42,27 3124 1416 874,02 1182,44 29,31 25,14 5,16 0,1714 400  1 202052,09375 1
43,22 4757 1661 725,08 834,7 24,6 25,14 5,16 0,3567 401  2 148233,9375 1
44,22 5059 1720 666,7 677,39 23,73 25,14 5,16 0,5125 404  2 134772,3125 1
45,17 5196 1765 638,87 593,43 23,1 25,14 5,16 0,6445 406  2 124362,398437 1
45,96 5136 1746 566,54 491,63 23,37 25,14 5,16 0,7812 407  2 116628,703125 1
46,67 5166 1756 535,95 473,35 23,23 25,14 5,16 0,8876 408  2 110942,578125 1
47,34 5169 1757 529,46 450,83 23,22 25,14 5,16 0,967 409  2 106777,890625 1
47,8 5168 1756 494,47 440,42 23,23 25,14 5,16 1,1373 410  2 103288,28125 1
48,33 5136 1730 490,47 428,8 23,58 25,14 5,16 1,1935 411  3 100254,554687 1
48,69 5114 1738 475,6 425,91 23,47 25,14 5,16 1,2632 411  3 96512,726562 1
49,09 4996 1699 472,23 412,99 24,02 25,14 5,16 1,3285 411  3 95008,351562 1
49,71 4978 1692 467,3 411,74 24,13 25,14 5,16 1,3847 411  3 93962,195312 1
49,95 4999 1706 444,77 404,28 23,92 25,14 5,16 1,4381 411  3 91822,09375 1
50,21 4987 1696 469,2 405,1 24,07 25,14 5,16 1,4876 411  3 91135,632812 1
50,32 4898 1681 450,83 404,83 24,29 25,14 5,16 1,5137 411  3 90555,359375 1
50,44 4874 1678 457,13 405,65 24,34 25,14 5,16 1,6043 412  3 90363,570312 1
50,59 4819 1670 456,2 401,28 24,46 25,14 5,16 1,6424 412  3 89982,421875 1
50,74 5001 1643 436,86 401,55 24,88 25,14 5,16 1,6642 412  3 90267,984375 1
50,86 4780 1665 438,19 404,28 24,54 25,14 5,16 1,6946 412  3 90077,414062 1
50,96 4753 1661 453,74 402,1 24,6 25,14 5,16 1,7166 412  3 89793,054687 1
50,99 4484 1623 441,47 401,42 25,21 25,14 5,16 1,7217 412  3 90172,59375 1
51,09 4380 1638 444,02 402,1 24,96 25,14 5,16 1,7493 412  3 89793,054687 1
41,97 33 420 1211,2 2585,92 98,4 25,14 5,16 0,0534 400  1 267642,4375 1
42,18 27 407 1233,96 2649,71 99,64 25,14 5,16 0,0549 400  1 220737,234375 1
42,18 4101 1567 819,03 1019,87 26,17 25,14 5,16 0,1268 400  1 178833,390625 1
42,96 5011 1717 710,26 725,08 23,77 25,14 5,16 0,2837 401  2 155528,546875 1
44,02 5179 1760 647,57 629,0 23,17 25,14 5,16 0,445 402  2 139737,984375 1
44,98 5158 1753 626,87 557,22 23,26 25,14 5,16 0,7672 409  2 128288,648437 1
45,77 5197 1766 578,75 516,54 23,09 25,14 5,16 0,8903 411  2 119906,320312 1
46,52 5141 1747 554,77 481,75 23,34 25,14 5,16 0,9679 412  2 108268,132812 1
47,17 5099 1728 535,59 458,99 23,61 25,14 5,16 1,0528 414  2 104298,226562 1
48,19 5233 1778 510,63 446,58 22,93 25,14 5,16 1,1528 414  2 101567,148437 1
48,62 5123 1741 508,04 435,53 23,42 25,14 5,16 1,2291 415  3 99494,75 1
49,0 5048 1716 492,47 420,33 23,77 25,14 5,16 1,3214 416  3 97116,84375 1
49,31 5084 1726 480,45 416,22 23,64 25,14 5,16 1,366 416  3 95700,9375 1
49,61 5059 1720 464,3 406,06 23,72 25,14 5,16 1,4539 416  3 94639,554687 1
49,91 5000 1695 449,16 407,72 24,08 25,14 5,16 1,4849 417  3 92318,789062 1
50,12 4877 1678 462,26 404,69 24,34 25,14 5,16 1,5171 417  3 91135,632812 1
50,28 5015 1706 447,94 401,55 23,93 25,14 5,16 1,5512 417  3 91135,632812 1
50,59 4928 1681 453,89 399,66 24,29 25,14 5,16 1,5848 417  3 90172,59375 1
50,59 4794 1667 434,36 399,66 24,51 25,14 5,16 1,6151 417  3 89982,421875 1
50,72 4748 1660 451,9 401,01 24,61 25,14 5,16 1,6541 417  3 89510,492187 1
50,83 4683 1651 453,59 409,79 24,75 25,14 5,16 1,6842 417  3 89416,695312 1
50,97 4801 1668 441,02 407,72 25,0 25,14 5,16 1,7333 417  3 89793,054687 1
51,02 4479 1637 447,18 400,2 24,98 25,14 5,16 1,7578 417  3 89982,421875 1
51,02 4490 1624 429,09 405,93 25,19 25,14 5,16 1,768 417  3 90747,960937 1
41,95 30 413 1259,7 2668,61 99,04 25,14 5,16 0,0581 400  1 267014,34375 1
41,95 511 870 1081,01 2071,75 58,12 25,14 5,16 0,0545 400  1 243057,203125 1
42,1 3394 1459 909,02 1181,24 28,31 25,14 5,16 0,1975 400  1 195121,953125 1
42,7 4757 1661 746,24 788,03 24,15 25,14 5,16 0,3566 401  2 163421,640625 1
43,69 5120 1740 661,53 666,25 23,44 25,14 5,16 0,4981 403  2 132265,5625 1
44,68 5226 1776 599,89 573,48 22,96 25,14 5,16 0,6346 405  2 122664,109375 1
46,35 5144 1748 587,03 537,22 23,33 25,14 5,16 0,7554 407  2 115367,28125 1
46,99 5135 1745 531,43 466,67 23,13 25,14 5,16 0,8483 408  2 110226,046875 1
47,58 5140 1747 538,68 453,43 23,34 25,14 5,16 0,9458 408  2 105916,421875 1
48,03 5166 1756 512,19 441,17 23,23 25,14 5,16 1,0118 409  2 102481,984375 1
48,5 5076 1726 495,98 428,8 23,64 25,14 5,16 1,175 410  3 100136,90625 1
48,85 5095 1732 479,8 421,47 23,55 25,14 5,16 1,2461 410  3 97672,640625 1
49,2 5114 1738 490,47 417,49 23,46 25,14 5,16 1,3134 410  3 94797,257812 1
49,52 4967 1731 485,68 419,9 23,57 25,14 5,16 1,379 410  3 93858,84375 1
49,99 4999 1695 461,17 412,02 24,08 25,14 5,16 1,4189 410  3 91921,007812 1
50,19 5003 1701 462,58 407,03 23,98 25,14 5,16 1,472 410  3 91135,632812 1
50,4 4743 1659 445,67 406,61 24,62 25,14 5,16 1,5065 410  3 90555,359375 1
50,4 4808 1686 448,4 411,6 24,21 25,14 5,16 1,5456 410  3 90267,984375 1
50,49 4720 1656 452,05 397,63 24,67 25,14 5,16 1,6139 411  3 90363,570312 1
50,65 4800 1667 454,05 405,93 24,49 25,14 5,16 1,6684 411  3 89604,476562 1
50,77 4507 1626 441,62 404,97 25,15 25,14 5,16 1,6814 411  3 89793,054687 1
50,86 4592 1638 443,42 400,47 24,95 25,14 5,16 1,7019 411  3 90267,984375 1
51,03 4866 1667 454,35 400,87 24,49 25,14 5,16 1,7421 411  3 89229,695312 1
51,09 4528 1629 442,37 400,2 25,1 25,14 5,16 1,7562 411  3 90077,414062 1
42,04 39 434 1232,71 2568,47 97,01 25,14 5,16 0,0622 400  1 265766,9375 1
42,1 23 400 1244,02 2622,05 100,52 25,14 5,16 0,0723 400  1 214900,3125 1
42,48 1531 1272 946,37 1383,98 33,24 25,14 5,16 0,1617 400  1 175342,46875 1
43,45 5143 1748 697,63 716,05 23,33 25,14 5,16 0,3251 401  2 152608,046875 1
44,43 5140 1747 644,3 622,22 23,34 25,14 5,16 0,4746 403  2 137486,578125 1
45,33 5225 1775 614,69 554,02 22,96 25,14 5,16 0,6195 406  2 126576,023437 1
46,14 5158 1775 559,49 505,81 22,96 25,14 5,16 0,8879 411  2 118903,851562 1
46,81 5255 1785 539,22 479,8 22,83 25,14 5,16 0,985 413  2 112552,210937 1
47,39 5230 1777 530,36 463,05 22,94 25,14 5,16 1,0723 414  2 103727,710937 1
47,89 5305 1802 501,38 446,73 22,61 25,14 5,16 1,1517 415  3 100906,585937 1
48,82 5174 1758 505,64 435,24 23,19 25,14 5,16 1,2147 416  3 98689,28125 1
49,15 5046 1716 482,57 420,04 23,77 25,14 5,16 1,2798 416  3 96841,3125 1
49,46 5043 1715 492,13 417,63 23,79 25,14 5,16 1,35 416  3 95326,757812 1
49,74 5027 1710 469,04 414,25 23,86 25,14 5,16 1,3945 417  3 94221,570312 1
49,74 5082 1728 477,53 408,55 23,61 25,14 5,16 1,5033 417  3 92020,132812 1
49,95 4651 1687 449,46 401,01 24,2 25,14 5,16 1,541 417  3 92119,46875 1
50,11 4988 1693 452,05 407,99 24,1 25,14 5,16 1,5812 417  3 90363,570312 1
50,33 5000 1701 444,92 402,37 23,99 25,14 5,16 1,6034 417  3 90459,367187 1
50,6 4873 1677 436,12 403,05 24,34 25,14 5,16 1,6249 417  3 89698,671875 1
50,7 4665 1652 449,61 405,1 24,73 25,14 5,16 1,6461 417  3 89793,054687 1
50,8 4806 1668 448,24 401,28 24,48 25,14 5,16 1,6748 417  3 89793,054687 1
50,92 4691 1652 446,43 405,65 24,73 25,14 5,16 1,6959 417  3 89416,695312 1
51,0 4751 1661 443,72 396,42 24,59 25,14 5,16 1,7502 418  3 89604,476562 1
51,06 4425 1614 437,45 404,83 25,34 25,14 5,16 1,7663 418  3 89698,671875 1
42,08 31 417 1218,6 2596,44 98,6 25,14 5,16 0,0701 400  1 266805,625 1
42,07 557 883 1105,43 2062,66 56,47 25,14 5,16 0,0658 400  1 242194,890625 1
42,23 3470 1471 857,03 1176,46 28,04 25,14 5,16 0,2185 400  2 193902,671875 1
43,11 4929 1685 737,45 834,14 24,08 25,14 5,16 0,3664 401  2 163578,28125 1
44,08 5125 1736 653,3 653,74 23,49 25,14 5,16 0,5466 404  2 131958,765625 1
45,07 5147 1749 623,28 572,71 23,3 25,14 5,16 0,7017 406  2 122400,1875 1
46,54 5175 1759 564,24 523,76 23,18 25,14 5,16 0,8096 407  2 115056,179687 1
47,17 5071 1749 559,49 499,01 23,31 25,14 5,16 0,9174 408  2 109729,960937 1
47,73 5164 1755 521,28 450,53 23,23 25,14 5,16 1,0274 409  2 105719,59375 1
48,27 5217 1772 498,84 446,43 22,99 25,14 5,16 1,1006 410  2 102420,484375 1
48,64 5085 1728 499,69 431,86 23,59 25,14 5,16 1,2481 410  3 99552,789062 1
48,64 5057 1719 479,64 420,47 23,72 25,14 5,16 1,3028 411  3 97840,625 1
49,06 5140 1722 462,11 421,04 23,68 25,14 5,16 1,3697 411  3 94639,554687 1
49,37 5025 1709 475,6 413,13 23,87 25,14 5,16 1,407 411  3 92418,773437 1
49,88 4999 1700 454,2 408,13 23,99 25,14 5,16 1,4427 411  3 91723,398437 1
50,06 5019 1698 457,59 414,25 24,02 25,14 5,16 1,4833 411  3 91233,070312 1
50,23 4962 1698 450,37 404,01 24,02 25,14 5,16 1,5274 411  3 90363,570312 1
50,42 4743 1659 443,12 407,03 24,61 25,14 5,16 1,5672 411  3 90555,359375 1
50,51 4720 1656 446,73 402,1 24,66 25,14 5,16 1,6501 411  3 90459,367187 1
50,67 4754 1661 447,64 403,05 24,58 25,14 5,16 1,6668 411  3 89416,695312 1
50,77 4777 1664 440,57 402,37 24,53 25,14 5,16 1,6827 411  3 89604,476562 1
50,85 4677 1642 454,51 402,64 24,89 25,14 5,16 1,7204 411  3 89510,492187 1
50,93 4796 1667 444,02 399,93 24,49 25,14 5,16 1,7408 411  3 89136,492187 1
51,06 4470 1621 427,21 409,24 25,22 25,14 5,16 1,7693 411  3 89323,101562 1
41,93 33 421 1250,35 2593,81 98,24 25,14 5,16 0,0843 400  1 264941,78125 1
41,93 117 577 1188,06 2475,45 84,53 25,14 5,16 0,0909 400  1 212492,21875 1
41,97 2373 1287 937,77 1392,91 32,77 25,14 5,16 0,2111 400  2 172158,703125 1
43,71 4634 1644 786,43 918,91 24,85 25,14 5,16 0,3486 401  2 151121,609375 1
44,7 5124 1741 636,71 596,04 23,41 25,14 5,16 0,5008 403  2 136278,953125 1
45,58 5250 1783 576,4 542,7 22,84 25,14 5,16 0,6364 406  2 125459,445312 1
46,32 5113 1738 569,62 507,36 23,45 25,14 5,16 0,7582 409  2 117350,445312 1
47,02 5184 1762 535,22 469,52 23,13 25,14 5,16 0,951 412  2 111522,546875 1
47,55 5181 1745 526,78 449,92 23,36 25,14 5,16 1,0347 414  2 107045,789062 1
48,04 5249 1783 513,4 440,72 22,84 25,14 5,16 1,1297 414  3 100372,476562 1
48,04 5175 1759 511,15 432,16 23,17 25,14 5,16 1,215 415  3 98632,25 1
48,88 5120 1740 494,81 422,47 23,42 25,14 5,16 1,2866 416  3 96951,335937 1
49,18 5092 1721 469,52 419,19 23,69 25,14 5,16 1,3385 416  3 95647,296875 1
49,51 4987 1696 472,39 409,79 24,05 25,14 5,16 1,3922 416  3 94065,773437 1
49,76 5000 1695 469,84 414,25 24,07 25,14 5,16 1,4413 416  3 92318,789062 1
49,97 4861 1676 464,93 402,37 24,35 25,14 5,16 1,5526 417  3 91135,632812 1
50,17 4861 1676 448,85 402,92 24,35 25,14 5,16 1,5912 417  3 91038,40625 1
50,28 4951 1690 447,64 403,6 24,13 25,14 5,16 1,6197 417  3 89887,640625 1
50,44 4975 1692 454,82 406,06 24,11 25,14 5,16 1,6729 417  3 90267,984375 1
50,69 4706 1654 438,34 400,87 24,68 25,14 5,16 1,696 417  3 89510,492187 1
50,82 4664 1648 441,47 394,68 24,78 25,14 5,16 1,7121 417  3 90172,59375 1
50,88 4634 1649 442,52 406,34 24,77 25,14 5,16 1,7275 417  3 89604,476562 1
50,96 4626 1643 447,49 401,83 24,86 25,14 5,16 1,7406 417  3 90077,414062 1
51,03 4705 1654 438,64 408,96 24,68 25,14 5,16 1,7665 417  3 89698,671875 1
42,01 26 404 1184,05 2597,32 99,81 25,14 5,16 0,0825 400  1 263306,75 1
41,99 544 1029 1010,26 1715,8 44,08 25,14 5,16 0,0778 400  1 232621,53125 1
42,47 3901 1537 820,14 1042,21 26,7 25,14 5,16 0,1076 400  1 184438,046875 1
43,44 5000 1701 730,25 782,18 23,98 25,14 5,16 0,4195 401  2 158710,484375 1
44,44 5138 1746 661,53 647,79 23,34 25,14 5,16 0,5682 404  2 141946,21875 1
45,34 5176 1759 618,44 574,46 23,16 25,14 5,16 0,7358 406  2 120754,71875 1
46,11 5220 1783 577,97 519,87 22,84 25,14 5,16 0,8616 408  2 113980,40625 1
46,78 5234 1778 543,44 487,49 22,91 25,14 5,16 0,9594 409  2 108889,835937 1
47,35 5086 1729 523,22 445,97 23,57 25,14 5,16 1,0454 410  2 104875,054687 1
47,88 5141 1747 496,32 442,67 23,32 25,14 5,16 1,1325 410  2 101688,179687 1
48,3 5081 1736 481,43 430,7 23,48 25,14 5,16 1,1887 411  3 99263,28125 1
48,7 5103 1735 486,17 422,75 23,49 25,14 5,16 1,3379 412  3 97338,40625 1
49,08 5108 1736 487,33 411,88 23,47 25,14 5,16 1,3894 412  3 95916,070312 1
49,41 5087 1729 483,71 411,6 23,57 25,14 5,16 1,4307 412  3 92418,773437 1
49,62 4863 1676 471,11 409,51 24,34 25,14 5,16 1,4697 412  3 91428,570312 1
50,06 4785 1671 464,77 407,58 24,43 25,14 5,16 1,53 412  3 90941,382812 1
50,27 4886 1679 453,28 404,01 24,29 25,14 5,16 1,5713 412  3 90363,570312 1
50,39 5014 1705 442,07 401,01 23,91 25,14 5,16 1,6139 412  3 90267,984375 1
50,56 4858 1675 451,59 405,65 24,35 25,14 5,16 1,6382 412  3 89887,640625 1
50,65 4830 1653 455,28 403,05 24,7 25,14 5,16 1,6825 412  3 89887,640625 1
50,79 4726 1657 439,08 399,66 24,63 25,14 5,16 1,6948 412  3 89887,640625 1
50,86 4768 1663 441,77 404,28 24,54 25,14 5,16 1,7267 412  3 89510,492187 1
50,93 4779 1664 440,28 403,46 24,52 25,14 5,16 1,7454 412  3 90172,59375 1
50,99 4676 1650 421,04 402,64 24,74 25,14 5,16 1,7613 412  3 89510,492187 1
42,05 30 415 1240,24 2516,84 98,8 25,14 5,16 0,0915 400  1 262093,671875 1
42,03 103 555 1177,25 2456,25 86,32 25,14 5,16 0,1142 400  2 210008,203125 1
42,24 2180 1251 930,49 1403,79 33,9 25,14 5,16 0,2295 400  2 173031,421875 1
43,12 4522 1628 770,62 917,98 25,1 25,14 5,16 0,3985 401  2 150987,90625 1
44,18 5202 1767 630,06 605,81 23,05 25,14 5,16 0,5372 403  2 136170,21875 1
45,03 5223 1774 572,71 533,42 22,95 25,14 5,16 0,669 405  2 125091,617187 1
45,91 5175 1759 558,54 508,04 23,16 25,14 5,16 0,7888 406  2 117836,59375 1
46,61 5097 1733 549,36 480,77 23,52 25,14 5,16 1,0227 408  2 111814,804687 1
47,22 5221 1753 521,63 457,13 23,24 25,14 5,16 1,1158 408  3 106844,742187 1
47,8 5233 1778 504,1 435,68 22,91 25,14 5,16 1,1856 409  3 100609,15625 1
48,25 5080 1727 492,63 440,42 23,6 25,14 5,16 1,2477 409  3 98404,765625 1
49,03 5104 1735 490,31 422,75 23,49 25,14 5,16 1,3086 409  3 96403,6875 1
49,34 4955 1689 470,15 410,9 24,15 25,14 5,16 1,3652 409  3 95486,757812 1
49,6 5000 1700 471,43 406,61 23,98 25,14 5,16 1,4476 409  3 94273,617187 1
49,85 5003 1695 453,43 404,56 24,05 25,14 5,16 1,4831 409  3 91921,007812 1
50,02 5003 1701 455,43 405,65 23,96 25,14 5,16 1,5965 410  3 91526,632812 1
50,25 4978 1692 438,49 404,97 24,1 25,14 5,16 1,6244 410  3 90941,382812 1
50,37 4970 1664 447,64 404,69 24,52 25,14 5,16 1,6405 410  3 90077,414062 1
50,54 4724 1657 448,24 402,1 24,63 25,14 5,16 1,6735 410  3 89982,421875 1
50,65 4743 1659 450,07 402,1 24,59 25,14 5,16 1,714 410  3 89982,421875 1
50,72 4592 1638 442,67 408,55 24,93 25,14 5,16 1,7396 410  3 89698,671875 1
50,83 4910 1659 449,92 410,35 24,59 25,14 5,16 1,7559 410  3 89604,476562 1
50,89 4839 1673 432,59 397,63 24,39 25,14 5,16 1,7706 410  3 89416,695312 1
50,99 4640 1645 441,77 405,24 24,82 25,14 5,16 1,7864 410  3 89698,671875 1
42,08 39 433 1215,72 2490,57 97,05 25,14 5,16 0,1022 400  2 260692,46875 1
42,2 1102 1026 1012,65 1743,31 44,26 25,14 5,16 0,1053 400  2 221309,703125 1
42,89 3913 1539 813,78 1042,91 26,66 25,14 5,16 0,1648 400  2 179586,109375 1
42,89 5052 1693 705,23 741,2 24,08 25,14 5,16 0,3171 400  2 155104,515625 1
43,97 5145 1748 654,18 625,39 23,3 25,14 5,16 0,6395 405  2 140312,421875 1
44,82 5223 1775 613,65 553,84 22,94 25,14 5,16 0,7741 408  2 127521,796875 1
45,69 5204 1768 561,2 514,97 23,03 25,14 5,16 0,9043 409  2 112775,328125 1
46,4 5216 1772 547,87 486,67 22,98 25,14 5,16 1,0153 411  2 108062,476562 1
47,58 5167 1756 522,87 460,24 23,19 25,14 5,16 1,0996 412  3 103980,5 1
48,08 5104 1735 512,88 439,98 23,48 25,14 5,16 1,1858 413  3 101265,820312 1
48,49 5129 1743 484,04 419,76 23,37 25,14 5,16 1,2572 413  3 98803,546875 1
48,89 5123 1741 471,75 421,04 23,39 25,14 5,16 1,3092 414  3 96731,53125 1
49,18 5012 1729 477,69 413,41 23,57 25,14 5,16 1,4424 414  3 95486,757812 1
49,52 5049 1717 466,03 407,58 23,73 25,14 5,16 1,4808 414  3 94169,578125 1
49,73 5032 1711 461,33 407,72 23,81 25,14 5,16 1,5258 414  3 91526,632812 1
50,0 4990 1697 458,37 407,99 24,02 25,14 5,16 1,5633 415  3 90941,382812 1
50,31 4764 1662 461,64 399,93 24,54 25,14 5,16 1,598 415  3 90941,382812 1
50,46 4787 1666 445,67 402,1 24,49 25,14 5,16 1,6285 415  3 90363,570312 1
50,59 4841 1673 451,75 398,17 24,38 25,14 5,16 1,6635 415  3 90363,570312 1
50,59 4740 1659 446,88 403,6 24,59 25,14 5,16 1,6835 415  3 89323,101562 1
50,69 4996 1699 439,68 400,2 23,98 25,14 5,16 1,712 415  3 89698,671875 1
50,81 4571 1645 439,23 399,93 24,81 25,14 5,16 1,7296 415  3 89604,476562 1
50,87 4608 1640 445,67 402,1 24,89 25,14 5,16 1,7464 415  3 89416,695312 1
50,97 4397 1610 444,02 403,46 25,38 25,14 5,16 1,7777 415  3 89793,054687 1
42,14 42 441 1230,21 2552,87 96,26 25,14 5,16 0,1021 400  2 260294,859375 1
42,14 307 803 1095,0 2205,62 67,75 25,14 5,16 0,1257 400  2 253339,9375 1
42,13 3041 1402 882,04 1237,72 29,58 25,14 5,16 0,2464 400  2 166612,4375 1
42,68 4822 1670 761,03 853,84 24,42 25,14 5,16 0,4304 401  2 146453,09375 1
43,58 5113 1738 664,67 661,53 23,44 25,14 5,16 0,5847 403  2 132883,46875 1
45,42 5206 1769 608,07 582,29 23,01 25,14 5,16 0,7123 405  2 122929,171875 1
46,22 5189 1763 561,77 492,97 23,09 25,14 5,16 0,8104 407  2 115445,320312 1
46,84 5178 1747 545,84 462,42 23,3 25,14 5,16 0,9179 408  2 109942,023437 1
47,4 5203 1768 500,87 445,97 23,03 25,14 5,16 1,0233 409  2 105916,421875 1
47,87 5174 1758 499,52 443,87 23,15 25,14 5,16 1,19 410  3 102236,421875 1
48,37 5124 1742 481,43 429,53 23,38 25,14 5,16 1,2648 410  3 99785,617187 1
48,81 5102 1734 479,47 428,8 23,49 25,14 5,16 1,3351 410  3 96349,265625 1
49,12 5174 1732 465,25 415,38 23,52 25,14 5,16 1,3731 410  3 94902,6875 1
49,7 5088 1729 471,59 416,5 23,55 25,14 5,16 1,4175 411  3 92418,773437 1
49,9 4989 1697 456,67 405,93 24,02 25,14 5,16 1,4768 411  3 92119,46875 1
50,08 4982 1692 463,52 398,04 24,08 25,14 5,16 1,5162 411  3 91330,71875 1
50,21 5001 1689 450,22 397,63 24,13 25,14 5,16 1,5538 411  3 90651,554687 1
50,41 4913 1683 441,77 400,47 24,22 25,14 5,16 1,613 411  3 90363,570312 1
50,41 4681 1651 445,97 402,1 24,72 25,14 5,16 1,6543 411  3 90363,570312 1
50,54 4765 1662 430,55 396,42 24,53 25,14 5,16 1,6808 411  3 89323,101562 1
50,67 4715 1655 440,28 400,6 24,64 25,14 5,16 1,6976 411  3 89043,476562 1
50,82 4776 1670 438,64 400,87 24,42 25,14 5,16 1,7227 411  3 89982,421875 1
50,87 4680 1651 432,59 396,02 24,72 25,14 5,16 1,7369 411  3 89043,476562 1
50,99 4650 1646 440,57 401,42 24,78 25,14 5,16 1,7779 411  3 89982,421875 1
42,18 46 448 1252,05 2531,37 95,61 25,14 5,16 0,1024 400  2 260493,515625 1
42,12 32 475 1208,34 2545,11 93,15 25,14 5,16 0,1109 400  2 216949,15625 1
42,45 4364 1606 806,92 959,27 25,46 25,14 5,16 0,1917 400  2 176066,03125 1
43,34 5086 1729 705,95 732,23 23,56 25,14 5,16 0,3311 400  2 152881,453125 1
44,29 5091 1778 614,06 595,84 22,89 25,14 5,16 0,5344 402  2 137044,96875 1
45,25 5226 1771 619,91 549,17 22,98 25,14 5,16 0,77 408  2 126015,257812 1
45,98 5292 1798 569,42 503,59 22,64 25,14 5,16 0,8882 410  2 118162,9375 1
46,69 5231 1777 557,22 476,24 22,9 25,14 5,16 0,9772 412  2 107315,03125 1
47,29 5180 1760 527,31 459,46 23,12 25,14 5,16 1,0627 413  2 103538,929687 1
48,31 5142 1748 513,23 438,94 23,37 25,14 5,16 1,147 414  3 100372,476562 1
48,69 5119 1752 473,67 426,78 23,23 25,14 5,16 1,227 415  3 98234,84375 1
49,03 5070 1723 482,08 410,21 23,63 25,14 5,16 1,2937 415  3 96349,265625 1
49,4 5087 1729 482,73 408,27 23,55 25,14 5,16 1,3483 415  3 95061,273437 1
49,66 5044 1682 475,6 410,07 24,24 25,14 5,16 1,4437 416  3 93807,257812 1
49,81 4986 1696 466,19 417,35 24,02 25,14 5,16 1,4914 416  3 92219,023437 1
50,05 4923 1684 439,98 406,48 24,2 25,14 5,16 1,5415 416  3 91135,632812 1
50,05 4880 1678 458,06 398,98 24,29 25,14 5,16 1,5808 416  3 90651,554687 1
50,34 4996 1699 456,51 400,87 23,98 25,14 5,16 1,6056 416  3 90267,984375 1
50,5 4782 1659 449,76 407,3 24,58 25,14 5,16 1,6421 416  3 90077,414062 1
50,58 4720 1656 438,19 405,65 24,63 25,14 5,16 1,6682 416  3 89416,695312 1
50,71 4630 1643 437,31 398,71 24,83 25,14 5,16 1,7037 416  3 89416,695312 1
50,83 4548 1632 429,09 403,6 25,01 25,14 5,16 1,7481 416  3 89793,054687 1
50,88 4735 1616 445,37 401,96 25,28 25,14 5,16 1,7714 416  3 89698,671875 1
50,96 4607 1640 439,08 396,96 24,88 25,14 5,16 1,7922 416  3 90077,414062 1
42,22 37 423 1224,39 2520,25 97,91 25,14 5,16 0,0929 400  1 259898,484375 1
42,22 709 927 1091,3 1897,24 51,92 25,14 5,16 0,089 400  1 239476,140625 1
42,3 3643 1498 851,25 1120,49 27,44 25,14 5,16 0,2424 400  2 192589,8125 1
43,11 4920 1684 763,1 799,31 24,2 25,14 5,16 0,4008 401  2 160652,65625 1
44,07 5049 1717 659,74 664,67 23,73 25,14 5,16 0,5667 404  2 130346,234375 1
45,04 5224 1771 609,51 568,46 22,98 25,14 5,16 0,7102 405  2 120925,835937 1
46,5 5143 1748 579,14 512,36 23,29 25,14 5,16 0,8428 407  2 114209,234375 1
47,17 5221 1774 523,76 466,19 22,94 25,14 5,16 0,9424 408  2 109028,960937 1
47,73 5262 1788 494,64 441,02 22,76 25,14 5,16 1,0528 409  2 104810,648437 1
48,17 5160 1773 491,14 438,34 22,94 25,14 5,16 1,138 409  3 101567,148437 1
48,62 5117 1739 487,49 425,62 23,41 25,14 5,16 1,2978 410  3 98860,78125 1
48,95 5084 1728 474,95 417,35 23,56 25,14 5,16 1,3633 410  3 96896,289062 1
49,24 5036 1712 475,43 415,24 23,78 25,14 5,16 1,4247 411  3 94377,882812 1
49,6 5019 1707 470,31 410,07 23,86 25,14 5,16 1,4566 411  3 92518,976562 1
49,83 5043 1704 462,11 408,82 23,9 25,14 5,16 1,5203 411  3 91921,007812 1
50,03 4889 1680 467,77 403,6 24,26 25,14 5,16 1,5581 411  3 90941,382812 1
50,22 4936 1686 439,68 396,83 24,16 25,14 5,16 1,6022 411  3 90172,59375 1
50,35 4909 1682 456,36 401,96 24,22 25,14 5,16 1,6394 411  3 90363,570312 1
50,51 4803 1668 460,24 394,68 24,25 25,14 5,16 1,6802 411  3 90363,570312 1
50,63 4810 1669 450,68 404,42 24,43 25,14 5,16 1,7013 411  3 89604,476562 1
50,7 4802 1668 440,28 396,02 24,44 25,14 5,16 1,7142 411  3 89510,492187 1
50,84 4779 1664 429,82 400,6 24,49 25,14 5,16 1,7432 411  3 89416,695312 1
50,93 4665 1648 437,01 392,82 24,74 25,14 5,16 1,7524 411  3 89604,476562 1
51,02 4691 1608 424,33 399,52 25,4 25,14 5,16 1,7895 411  3 89604,476562 1
42,38 67 491 1165,36 2452,93 93,85 25,14 5,16 0,1752 400  2 256192,140625 1
42,42 85 688 1115,2 2269,23 75,98 25,14 5,16 0,2126 400  2 204228,15625 1
42,44 2741 1351 917,36 1303,51 30,85 25,14 5,16 0,3325 400  2 168255,015625 1
43,9 4827 1671 777,17 878,17 24,39 25,14 5,16 0,4815 401  2 147211,046875 1
44,89 5222 1774 607,86 588,63 22,7 25,14 5,16 0,6102 403  2 133090,71875 1
45,72 5261 1769 596,85 527,31 23,0 25,14 5,16 0,735 405  2 123552,125 1
46,43 5252 1784 577,38 496,32 22,8 25,14 5,16 0,8629 406  2 115994,5625 1
47,06 5243 1781 544,91 475,27 22,84 25,14 5,16 1,0545 408  3 109942,023437 1
47,63 5219 1773 524,29 453,43 22,94 25,14 5,16 1,1625 408  3 105719,59375 1
48,13 5189 1763 500,02 437,31 23,08 25,14 5,16 1,2272 409  3 99205,578125 1
48,54 5243 1758 493,64 427,65 23,15 25,14 5,16 1,2926 409  3 97227,5 1
49,27 5183 1761 468,72 416,64 23,1 25,14 5,16 1,3563 409  3 95754,625 1
49,51 5035 1712 473,67 408,96 23,78 25,14 5,16 1,4117 410  3 94325,71875 1
49,51 5069 1723 448,4 404,42 23,62 25,14 5,16 1,4508 410  3 91822,09375 1
49,78 4919 1722 447,18 393,35 23,64 25,14 5,16 1,4967 410  3 90941,382812 1
50,02 4950 1688 447,79 400,2 24,13 25,14 5,16 1,6256 410  3 90747,960937 1
50,15 4883 1679 453,43 399,66 24,27 25,14 5,16 1,6531 410  3 90077,414062 1
50,34 4950 1688 445,97 397,63 24,13 25,14 5,16 1,6902 410  3 89887,640625 1
50,5 5040 1714 453,43 406,06 23,76 25,14 5,16 1,7297 410  3 89416,695312 1
50,74 4990 1691 443,42 398,71 24,08 25,14 5,16 1,7416 410  3 89604,476562 1
50,87 4636 1644 433,47 395,22 24,8 25,14 5,16 1,7784 410  3 89136,492187 1
50,91 4792 1666 428,22 393,62 24,46 25,14 5,16 1,8004 410  3 89043,476562 1
50,99 4478 1622 447,79 399,12 25,17 25,14 5,16 1,8127 410  3 88858,039062 1
51,05 4606 1650 434,65 392,68 24,72 25,14 5,16 1,8438 410  3 89043,476562 1
42,73 55 468 1211,61 2540,81 93,72 25,14 5,16 0,1383 400  2 258324,921875 1
42,64 800 951 1033,78 1879,98 49,74 25,14 5,16 0,1341 400  2 225699,796875 1
43,02 3812 1524 828,51 983,6 25,45 25,14 5,16 0,1757 400  2 181882,765625 1
43,86 5035 1737 704,28 747,25 23,42 25,14 5,16 0,5008 401  2 155670,421875 1
44,83 5211 1770 656,4 625,39 22,98 25,14 5,16 0,6433 404  2 139395,59375 1
45,67 5234 1778 592,42 555,53 22,87 25,14 5,16 0,7858 406  2 118903,851562 1
46,47 5237 1779 576,6 509,42 22,86 25,14 5,16 0,9179 408  2 112182,296875 1
47,71 5195 1765 533,24 477,05 23,05 25,14 5,16 1,0078 409  2 107045,789062 1
48,23 5188 1773 508,73 457,44 22,94 25,14 5,16 1,0944 410  3 103664,710937 1
48,69 5177 1759 506,15 426,92 23,12 25,14 5,16 1,1785 411  3 100254,554687 1
48,69 5109 1737 473,19 420,75 23,43 25,14 5,16 1,2412 411  3 97784,570312 1
49,05 5101 1718 462,89 417,49 23,69 25,14 5,16 1,3937 412  3 95754,625 1
49,42 5177 1759 475,27 410,9 23,12 25,14 5,16 1,4764 412  3 94430,101562 1
49,69 5099 1733 465,25 403,87 23,48 25,14 5,16 1,5187 412  3 91428,570312 1
49,92 5099 1733 467,3 404,56 23,48 25,14 5,16 1,5501 412  3 90555,359375 1
50,28 5018 1707 456,51 401,01 23,85 25,14 5,16 1,5999 412  3 90267,984375 1
50,49 4963 1695 449,61 395,75 24,02 25,14 5,16 1,6243 412  3 89416,695312 1
50,67 4979 1692 444,47 396,83 24,07 25,14 5,16 1,6588 412  3 89043,476562 1
50,76 4698 1653 448,24 394,15 24,66 25,14 5,16 1,6918 412  3 89416,695312 1
50,88 4852 1675 436,12 397,77 24,33 25,14 5,16 1,7215 412  3 88858,039062 1
51,01 4859 1663 442,07 397,5 24,51 25,14 5,16 1,7452 412  3 88489,460937 1
51,12 4622 1642 433,47 391,62 24,83 25,14 5,16 1,7616 412  3 89043,476562 1
51,11 4607 1640 435,98 396,69 24,86 25,14 5,16 1,7744 412  3 89043,476562 1
51,23 4954 1689 447,64 397,63 24,11 25,14 5,16 1,8038 412  3 88765,601562 1
42,89 36 428 1229,79 2547,7 97,38 25,14 5,16 0,1069 400  2 258716,53125 1
42,83 173 659 1145,03 2377,73 78,07 25,14 5,16 0,1135 400  2 256000,0 1
42,99 2612 1329 905,02 1323,06 31,45 25,14 5,16 0,2401 400  2 167265,59375 1
43,79 4726 1688 766,72 831,6 24,13 25,14 5,16 0,4114 401  2 147211,046875 1
45,58 5243 1781 680,15 664,9 22,83 25,14 5,16 0,5568 403  2 132883,46875 1
46,36 5232 1778 590,42 535,59 22,87 25,14 5,16 0,6941 407  2 122752,335937 1
47,09 5208 1769 545,1 487,16 22,98 25,14 5,16 0,8053 410  2 115523,46875 1
47,7 5209 1798 525,89 462,11 22,61 25,14 5,16 0,9126 412  2 109659,453125 1
48,24 5195 1765 513,57 446,28 23,04 25,14 5,16 1,0961 415  3 105328,125 1
48,24 5271 1791 500,87 432,59 22,7 25,14 5,16 1,1907 416  3 101992,03125 1
48,64 5160 1754 490,97 426,92 23,19 25,14 5,16 1,2584 416  3 97061,609375 1
49,06 5167 1756 492,47 422,18 23,16 25,14 5,16 1,3217 417  3 95433,367187 1
49,7 5169 1721 485,52 418,48 23,65 25,14 5,16 1,3783 417  3 94169,578125 1
50,01 5096 1732 476,56 406,48 23,49 25,14 5,16 1,4424 418  3 92219,023437 1
50,17 4901 1681 469,52 397,77 24,22 25,14 5,16 1,4897 418  3 90941,382812 1
50,44 5009 1703 443,27 397,77 23,9 25,14 5,16 1,5506 418  3 90459,367187 1
50,62 5019 1709 445,07 396,42 23,81 25,14 5,16 1,6128 418  3 89698,671875 1
50,73 4929 1685 451,44 406,48 24,16 25,14 5,16 1,636 418  3 89229,695312 1
50,87 4944 1687 439,68 396,56 24,13 25,14 5,16 1,6692 418  3 88858,039062 1
50,99 4996 1694 449,92 398,58 24,02 25,14 5,16 1,6754 418  3 88673,367187 1
51,15 5004 1696 447,33 393,75 24,01 25,14 5,16 1,6915 418  3 88581,3125 1
51,31 4531 1630 440,28 400,87 25,03 25,14 5,16 1,7284 418  3 88950,664062 1
51,33 4763 1662 434,94 396,69 24,51 25,14 5,16 1,7426 418  3 89043,476562 1
51,4 4763 1662 434,06 394,15 24,51 25,14 5,16 1,7637 418  3 89043,476562 1
43,19 31 416 1225,63 2549,42 98,54 25,14 5,16 0,0744 400  1 260294,859375 1
43,22 1339 1081 994,65 1660,95 41,03 25,14 5,16 0,0729 400  1 221597,0625 1
43,73 4187 1580 804,2 1008,21 25,87 25,14 5,16 0,1221 400  1 179775,28125 1
44,7 5060 1720 692,22 765,68 23,65 25,14 5,16 0,2827 400  2 154963,6875 1
45,56 5186 1762 652,19 641,25 23,08 25,14 5,16 0,6379 406  2 138941,65625 1
46,44 5263 1792 606,83 551,03 22,68 25,14 5,16 0,7856 408  2 127141,789062 1
46,44 5274 1792 550,85 496,65 22,69 25,14 5,16 0,8957 410  2 112035,007812 1
47,11 5196 1766 544,54 479,15 23,03 25,14 5,16 0,9933 411  2 106777,890625 1
48,27 5194 1765 537,95 450,68 23,04 25,14 5,16 1,0971 413  2 103350,828125 1
48,69 5189 1756 490,14 428,51 23,15 25,14 5,16 1,1804 413  3 99960,953125 1
49,13 5081 1727 488,48 426,34 23,55 25,14 5,16 1,2674 414  3 97840,625 1
49,53 5210 1770 488,32 406,89 22,97 25,14 5,16 1,3272 414  3 96240,601562 1
49,81 5095 1732 477,37 406,34 23,49 25,14 5,16 1,4687 415  3 94534,710937 1
50,11 5103 1735 474,47 401,55 23,45 25,14 5,16 1,5233 415  3 92119,46875 1
50,3 5129 1704 459,61 393,88 23,88 25,14 5,16 1,5631 415  3 90459,367187 1
50,47 5045 1715 441,62 395,22 23,72 25,14 5,16 1,6057 416  3 89982,421875 1
50,84 4991 1698 456,36 394,55 23,98 25,14 5,16 1,6342 416  3 89229,695312 1
51,04 4910 1683 438,34 394,68 24,2 25,14 5,16 1,6568 416  3 89229,695312 1
51,06 4770 1682 432,3 395,22 24,2 25,14 5,16 1,6849 416  3 88581,3125 1
51,22 4986 1693 442,67 400,47 24,04 25,14 5,16 1,7005 416  3 88950,664062 1
51,3 4851 1674 440,57 399,52 24,32 25,14 5,16 1,7383 416  3 88397,789062 1
51,42 4902 1681 437,45 395,62 24,21 25,14 5,16 1,774 416  3 88306,3125 1
51,42 4621 1642 445,82 397,23 24,82 25,14 5,16 1,7914 416  3 89416,695312 1
51,46 4750 1649 414,53 394,95 24,72 25,14 5,16 1,7947 416  3 89510,492187 1
43,51 26 406 1202,22 2623,83 99,48 25,14 5,16 0,0582 400  1 262901,15625 1
43,43 140 611 1178,05 2444,64 81,63 25,14 5,16 0,0619 400  1 257934,515625 1
43,76 2401 1444 894,97 1186,05 28,56 25,14 5,16 0,1893 400  1 169424,21875 1
43,76 5045 1716 770,1 838,38 23,72 25,14 5,16 0,3307 401  2 148491,875 1
45,57 5206 1769 682,68 672,82 22,98 25,14 5,16 0,4919 403  2 134136,75 1
46,39 5275 1792 587,83 537,58 22,68 25,14 5,16 0,6409 404  2 123910,9375 1
47,1 5257 1769 558,16 488,32 22,98 25,14 5,16 0,7671 406  2 116469,515625 1
47,81 5269 1771 532,87 464,15 22,95 25,14 5,16 0,8742 407  2 109942,023437 1
48,38 5174 1758 518,82 450,53 23,12 25,14 5,16 1,0702 408  2 105982,195312 1
48,85 5262 1788 512,53 435,98 22,74 25,14 5,16 1,1513 408  2 102297,703125 1
49,25 5209 1770 490,8 426,2 22,97 25,14 5,16 1,2326 408  3 97116,84375 1
49,63 5111 1737 489,64 416,08 23,41 25,14 5,16 1,2929 409  3 95273,539062 1
50,21 5091 1747 487,82 407,58 23,27 25,14 5,16 1,366 409  3 93807,257812 1
50,48 5104 1735 463,05 400,74 23,44 25,14 5,16 1,4345 409  3 91822,09375 1
50,67 5032 1711 457,75 401,15 23,77 25,14 5,16 1,4909 409  3 90747,960937 1
50,82 5056 1719 445,82 396,69 23,66 25,14 5,16 1,5358 409  3 90172,59375 1
50,99 4997 1704 435,83 398,44 23,87 25,14 5,16 1,6057 409  3 89793,054687 1
51,11 4909 1682 441,02 397,9 24,2 25,14 5,16 1,6466 409  3 89323,101562 1
51,23 4980 1692 450,22 394,15 24,05 25,14 5,16 1,6974 409  3 88858,039062 1
51,23 4838 1673 445,97 396,83 24,34 25,14 5,16 1,73 409  3 88950,664062 1
51,45 4924 1685 447,79 396,56 24,16 25,14 5,16 1,7484 409  3 89136,492187 1
51,53 4733 1658 439,38 393,75 24,57 25,14 5,16 1,7957 409  3 88765,601562 1
51,55 4721 1656 438,05 396,83 24,59 25,14 5,16 1,8421 409  3 88765,601562 1
51,68 4706 1654 440,87 401,55 24,63 25,14 5,16 1,8309 409  3 89136,492187 1
43,68 28 407 1255,87 2679,47 99,31 25,14 5,16 0,058 400  1 263713,625 1
43,6 1267 1065 987,27 1706,53 41,9 25,14 5,16 0,0565 400  1 223923,03125 1
43,79 4087 1565 834,14 1027,85 26,13 25,14 5,16 0,0997 400  1 180535,96875 1
44,55 5034 1712 706,66 765,42 23,77 25,14 5,16 0,2415 400  2 156097,5625 1
45,49 5175 1790 651,09 607,86 22,7 25,14 5,16 0,5787 405  2 139168,25 1
46,31 5188 1763 593,83 557,6 23,06 25,14 5,16 0,7155 407  2 127808,289062 1
47,11 5246 1782 555,34 502,4 22,8 25,14 5,16 0,8159 409  2 112999,335937 1
47,73 5187 1763 550,29 479,96 23,06 25,14 5,16 0,9234 410  2 107585,625 1
48,82 5277 1793 535,04 459,61 22,67 25,14 5,16 1,0278 411  2 103727,710937 1
49,28 5224 1775 488,65 422,61 22,9 25,14 5,16 1,1169 412  2 100609,15625 1
49,68 5140 1747 492,13 420,18 23,27 25,14 5,16 1,2004 413  3 97840,625 1
49,96 5105 1735 484,04 417,49 23,43 25,14 5,16 1,2813 413  3 96132,179687 1
50,21 5068 1723 476,24 407,72 23,61 25,14 5,16 1,4196 414  3 94797,257812 1
50,43 5066 1722 455,12 401,96 23,8 25,14 5,16 1,4788 414  3 92219,023437 1
50,7 5042 1737 468,09 402,92 23,41 25,14 5,16 1,5239 414  3 90363,570312 1
50,89 5079 1727 458,06 398,04 23,55 25,14 5,16 1,5797 414  3 90459,367187 1
51,03 4995 1694 442,22 400,6 24,02 25,14 5,16 1,6055 414  3 89604,476562 1
51,2 5001 1701 450,53 399,66 24,2 25,14 5,16 1,6355 414  3 89229,695312 1
51,34 4902 1682 432,59 398,98 24,2 25,14 5,16 1,6593 414  3 88950,664062 1
51,44 4930 1685 437,01 401,96 24,15 25,14 5,16 1,6789 414  3 88765,601562 1
51,53 4686 1651 446,28 394,68 24,67 25,14 5,16 1,7273 414  3 89698,671875 1
51,6 4614 1641 433,03 396,29 24,83 25,14 5,16 1,7348 414  3 88673,367187 1
51,7 4555 1633 436,71 392,42 24,96 25,14 5,16 1,7569 414  3 88673,367187 1
51,8 4592 1623 442,97 400,47 25,12 25,14 5,16 1,7719 414  3 89043,476562 1
43,79 23 400 1221,91 2604,36 100,22 25,14 5,16 0,0572 400  1 262496,78125 1
43,79 119 580 1192,09 2479,64 84,1 25,14 5,16 0,0609 400  1 258520,578125 1
43,83 2448 1418 882,64 1208,34 29,14 25,14 5,16 0,1884 400  1 169592,578125 1
44,43 4932 1686 771,14 828,23 24,15 25,14 5,16 0,344 401  2 148750,71875 1
46,19 5220 1774 669,19 679,23 22,91 25,14 5,16 0,487 403  2 134985,5 1
46,96 5245 1782 576,79 539,22 22,8 25,14 5,16 0,6259 405  2 124543,90625 1
47,67 5190 1776 551,22 489,48 22,87 25,14 5,16 0,7536 406  2 116628,703125 1
48,24 5225 1775 542,34 467,77 22,89 25,14 5,16 0,851 407  2 110726,640625 1
48,75 5255 1785 529,46 451,14 22,76 25,14 5,16 1,0384 408  2 106180,007812 1
49,23 5185 1762 502,91 433,77 23,07 25,14 5,16 1,1318 408  2 102481,984375 1
49,6 5144 1748 500,02 419,33 23,25 25,14 5,16 1,2189 409  3 97338,40625 1
49,96 5246 1746 490,8 418,48 23,28 25,14 5,16 1,2814 409  3 95593,726562 1
50,24 5072 1724 486,17 411,6 23,58 25,14 5,16 1,3493 409  3 94325,71875 1
50,5 5086 1729 479,31 397,23 23,52 25,14 5,16 1,4016 409  3 92119,46875 1
50,72 4997 1700 457,13 401,28 23,94 25,14 5,16 1,4624 409  3 91330,71875 1
50,88 5090 1700 472,39 399,93 23,93 25,14 5,16 1,5244 409  3 90555,359375 1
51,05 5007 1712 449,76 399,52 23,75 25,14 5,16 1,6183 409  3 89887,640625 1
51,21 4960 1690 438,94 399,25 24,08 25,14 5,16 1,6306 409  3 89323,101562 1
51,39 4741 1659 449,92 395,48 24,54 25,14 5,16 1,655 410  3 88858,039062 1
51,45 4988 1697 445,07 393,62 23,98 25,14 5,16 1,6792 410  3 89229,695312 1
51,64 4745 1660 446,13 389,9 24,73 25,14 5,16 1,7068 410  3 88950,664062 1
51,77 4369 1606 444,92 399,39 25,4 25,14 5,16 1,7176 410  3 89043,476562 1
51,83 4473 1621 446,28 398,44 25,15 25,14 5,16 1,7571 410  3 89229,695312 1
51,89 4582 1637 440,72 401,01 24,89 25,14 5,16 1,7655 410  3 89043,476562 1
43,9 29 411 1245,29 2611,43 98,9 25,14 5,16 0,0577 400  1 263306,75 1
43,91 25 403 1257,14 2632,72 99,68 25,14 5,16 0,0575 400  1 217502,125 1
44,28 4403 1611 778,49 939,35 25,32 25,14 5,16 0,1278 400  1 176612,625 1
45,16 5092 1731 727,78 719,45 23,49 25,14 5,16 0,2946 401  2 153569,28125 1
46,03 5207 1769 656,18 606,83 22,97 25,14 5,16 0,4307 402  2 137819,65625 1
46,86 5202 1767 592,82 556,66 22,99 25,14 5,16 0,754 408  2 126764,046875 1
47,55 5132 1744 574,46 518,29 23,1 25,14 5,16 0,8692 410  2 118162,9375 1
48,16 5219 1747 556,28 478,34 23,26 25,14 5,16 0,9632 412  2 106978,6875 1
48,67 5140 1747 538,68 449,61 23,26 25,14 5,16 1,053 413  2 103288,28125 1
49,6 5163 1754 500,36 443,27 23,16 25,14 5,16 1,1234 414  2 100254,554687 1
49,93 5142 1737 501,55 431,13 23,41 25,14 5,16 1,2029 414  3 97728,570312 1
50,22 5131 1744 487,82 417,49 23,3 25,14 5,16 1,2592 415  3 96403,6875 1
50,22 5097 1733 477,69 414,11 23,46 25,14 5,16 1,3198 415  3 94849,945312 1
50,51 5131 1744 471,75 399,66 23,3 25,14 5,16 1,4448 415  3 92619,390625 1
50,73 5064 1722 459,77 407,58 23,61 25,14 5,16 1,4918 416  3 91723,398437 1
50,95 5030 1709 464,15 400,47 23,79 25,14 5,16 1,5466 416  3 90747,960937 1
51,06 5117 1739 457,13 394,01 23,37 25,14 5,16 1,5848 416  3 89887,640625 1
51,37 4967 1690 460,39 398,04 24,07 25,14 5,16 1,6199 416  3 89793,054687 1
51,47 4910 1688 449,16 398,58 24,1 25,14 5,16 1,6735 416  3 89793,054687 1
51,6 4820 1651 425,91 391,62 24,67 25,14 5,16 1,7061 416  3 88950,664062 1
51,73 4674 1650 435,24 397,5 24,68 25,14 5,16 1,7272 416  3 89043,476562 1
51,78 4750 1660 447,18 404,42 24,52 25,14 5,16 1,7755 416  3 89043,476562 1
51,83 4754 1661 447,94 401,42 24,51 25,14 5,16 1,7935 416  3 89323,101562 1
51,9 4529 1629 436,57 404,69 25,01 25,14 5,16 1,8116 416  3 89604,476562 1
44,01 22 400 1232,71 2640,76 100,25 25,14 5,16 0,0606 400  1 261491,3125 1
44,04 415 839 1087,61 2183,34 61,89 25,14 5,16 0,057 400  1 238472,28125 1
44,21 3155 1502 879,96 1064,67 27,31 25,14 5,16 0,1988 400  1 193244,015625 1
45,0 4987 1693 720,67 796,61 24,02 25,14 5,16 0,3743 401  2 161871,640625 1
45,92 5136 1746 670,55 648,01 23,28 25,14 5,16 0,5408 404  2 130845,898437 1
46,7 5243 1781 599,89 575,43 22,8 25,14 5,16 0,7006 406  2 121528,601562 1
48,14 5222 1774 599,69 527,67 22,9 25,14 5,16 0,8301 407  2 114515,765625 1
48,63 5209 1770 534,5 457,44 22,95 25,14 5,16 0,9407 408  2 108959,351562 1
49,13 5223 1775 515,14 445,07 22,89 25,14 5,16 1,0368 409  2 104939,539062 1
49,55 5234 1778 502,06 429,39 22,84 25,14 5,16 1,11 410  2 101386,140625 1
49,55 5113 1738 483,38 431,13 23,38 25,14 5,16 1,2574 411  3 98689,28125 1
49,94 5033 1732 468,72 411,88 23,47 25,14 5,16 1,3202 411  3 96951,335937 1
50,21 5077 1726 480,45 406,89 23,55 25,14 5,16 1,3988 411  3 94169,578125 1
50,52 5002 1701 457,44 405,38 23,9 25,14 5,16 1,4559 411  3 91921,007812 1
50,93 5027 1710 465,09 405,65 23,78 25,14 5,16 1,4865 411  3 91233,070312 1
51,11 4941 1695 458,84 397,63 23,99 25,14 5,16 1,5194 411  3 90459,367187 1
51,24 4964 1690 440,87 395,89 24,07 25,14 5,16 1,5571 411  3 90267,984375 1
51,42 4932 1686 455,89 399,93 24,13 25,14 5,16 1,5777 412  3 89793,054687 1
51,49 4726 1657 443,12 394,68 24,57 25,14 5,16 1,6392 412  3 89982,421875 1
51,6 4830 1672 461,17 400,2 24,34 25,14 5,16 1,6612 412  3 89416,695312 1
51,71 4587 1646 435,24 394,68 24,73 25,14 5,16 1,6991 412  3 89604,476562 1
51,74 4868 1677 438,94 391,89 24,26 25,14 5,16 1,7279 412  3 89043,476562 1
51,95 4601 1639 425,62 395,75 24,84 25,14 5,16 1,7464 412  3 89510,492187 1
51,95 4575 1636 430,4 401,83 24,9 25,14 5,16 1,772 412  3 89416,695312 1
44,14 30 415 1260,55 2631,83 98,5 25,14 5,16 0,0576 400  1 262295,09375 1
44,18 63 483 1219,02 2551,15 92,28 25,14 5,16 0,0643 400  1 212757,109375 1
44,84 2101 1236 962,53 1480,4 34,31 25,14 5,16 0,1489 400  1 173736,0 1
45,78 5118 1611 790,97 958,62 25,31 25,14 5,16 0,3236 401  2 151928,78125 1
46,61 5170 1757 641,25 600,7 23,12 25,14 5,16 0,4934 403  2 137044,96875 1
47,33 5292 1798 590,22 543,81 22,59 25,14 5,16 0,6204 407  2 126015,257812 1
47,98 5217 1773 567,31 505,81 22,91 25,14 5,16 0,8568 412  2 117836,59375 1
48,55 5205 1768 541,05 480,45 22,97 25,14 5,16 0,956 413  2 111522,546875 1
48,55 5215 1767 512,53 449,61 22,99 25,14 5,16 1,0599 414  2 102976,671875 1
49,05 5145 1749 510,8 435,24 23,23 25,14 5,16 1,1414 415  2 100313,476562 1
49,85 5138 1746 502,23 428,37 23,26 25,14 5,16 1,2043 416  3 97840,625 1
50,15 5102 1727 487,49 417,35 23,53 25,14 5,16 1,2632 417  3 96132,179687 1
50,42 5076 1752 491,97 409,24 23,19 25,14 5,16 1,3424 417  3 94482,375 1
50,71 5018 1707 453,59 410,62 23,82 25,14 5,16 1,3912 417  3 92619,390625 1
50,9 5000 1700 458,37 403,73 23,91 25,14 5,16 1,4733 418  3 91822,09375 1
51,05 5057 1719 447,79 404,01 23,64 25,14 5,16 1,5272 418  3 90941,382812 1
51,25 4991 1698 452,67 400,2 23,95 25,14 5,16 1,5565 418  3 89887,640625 1
51,39 4867 1677 455,12 405,65 24,26 25,14 5,16 1,5984 418  3 89510,492187 1
51,52 4962 1690 438,64 395,75 24,07 25,14 5,16 1,6305 418  3 89698,671875 1
51,71 4501 1625 435,24 398,58 25,07 25,14 5,16 1,656 418  3 89416,695312 1
51,82 4793 1633 441,02 397,9 24,94 25,14 5,16 1,6772 418  3 89323,101562 1
51,93 4742 1659 454,2 392,55 24,53 25,14 5,16 1,6986 418  3 89043,476562 1
51,95 4678 1650 444,02 402,92 24,67 25,14 5,16 1,7261 418  3 89043,476562 1
52,04 4577 1636 448,24 402,64 24,89 25,14 5,16 1,7616 418  3 89604,476562 1
44,21 26 405 1217,78 2603,48 99,48 25,14 5,16 0,0581 400  1 261291,140625 1
44,25 858 966 1054,63 1944,04 48,43 25,14 5,16 0,0549 400  1 229957,328125 1
44,72 3933 1542 843,5 1080,28 26,53 25,14 5,16 0,0767 400  1 184837,546875 1
45,56 5032 1711 719,7 793,92 23,76 25,14 5,16 0,3644 401  2 158563,015625 1
46,48 5164 1770 641,47 634,77 22,94 25,14 5,16 0,5043 404  2 141592,921875 1
47,19 5116 1739 618,86 565,2 23,37 25,14 5,16 0,6516 406  2 120244,25 1
47,19 5259 1787 570,19 513,57 22,73 25,14 5,16 0,7664 407  2 113752,5 1
48,5 5169 1757 544,54 489,97 23,12 25,14 5,16 0,8801 408  2 108405,671875 1
49,04 5150 1761 507,87 440,42 23,06 25,14 5,16 0,9773 409  2 104682,070312 1
49,5 5179 1760 493,97 429,39 23,08 25,14 5,16 1,0701 409  2 101325,945312 1
49,84 5136 1745 502,91 424,19 23,27 25,14 5,16 1,1656 410  3 99090,382812 1
50,13 5120 1740 495,64 416,08 23,34 25,14 5,16 1,2924 410  3 96841,3125 1
50,41 5087 1729 481,59 413,27 23,49 25,14 5,16 1,3489 411  3 95167,289062 1
50,72 4995 1732 459,46 406,75 23,46 25,14 5,16 1,4083 411  3 91526,632812 1
50,95 5041 1714 463,2 398,04 23,71 25,14 5,16 1,4547 411  3 90941,382812 1
51,24 4969 1691 462,58 399,93 24,05 25,14 5,16 1,5169 411  3 90459,367187 1
51,43 4921 1684 456,98 398,85 24,15 25,14 5,16 1,5619 411  3 89793,054687 1
51,54 4964 1695 453,74 396,83 23,98 25,14 5,16 1,5775 411  3 89510,492187 1
51,6 4791 1666 445,82 397,23 24,42 25,14 5,16 1,608 411  3 89323,101562 1
51,74 4779 1664 437,6 402,1 24,44 25,14 5,16 1,6919 411  3 89136,492187 1
51,88 4749 1660 446,43 398,31 24,51 25,14 5,16 1,707 411  3 89416,695312 1
51,91 4676 1650 437,9 401,96 24,67 25,14 5,16 1,7344 411  3 88858,039062 1
51,91 4756 1660 440,28 400,87 24,51 25,14 5,16 1,7566 411  3 89229,695312 1
52,05 4553 1633 443,72 400,74 24,94 25,14 5,16 1,7857 411  3 89136,492187 1
44,31 14 400 1187,66 2585,92 102,27 25,14 5,16 0,0548 400  1 261291,140625 1
44,31 189 680 1147,36 2346,55 76,42 25,14 5,16 0,0614 400  1 258520,578125 1
44,63 2790 1360 926,1 1316,36 30,57 25,14 5,16 0,1771 400  1 169930,296875 1
45,39 4712 1655 763,35 881,74 24,59 25,14 5,16 0,3329 401  2 149010,484375 1
46,3 5143 1741 660,86 671,68 23,33 25,14 5,16 0,4865 403  2 135092,34375 1
47,07 5207 1769 587,83 536,86 22,95 25,14 5,16 0,6429 405  2 124634,859375 1
47,8 5195 1765 557,03 499,18 23,01 25,14 5,16 0,7662 406  2 116868,296875 1
48,38 5158 1753 543,81 475,76 23,17 25,14 5,16 0,8933 407  2 110942,578125 1
48,96 5223 1755 523,22 446,88 23,15 25,14 5,16 1,0971 408  2 106577,851562 1
49,46 5198 1766 514,62 438,79 22,99 25,14 5,16 1,1788 408  2 102976,671875 1
49,83 5189 1763 500,02 425,91 23,03 25,14 5,16 1,2611 409  3 98291,421875 1
50,18 5126 1742 478,83 415,94 23,31 25,14 5,16 1,3281 409  3 96349,265625 1
50,7 5085 1729 469,68 417,07 23,5 25,14 5,16 1,3853 409  3 94849,945312 1
50,91 5020 1707 465,56 400,47 23,81 25,14 5,16 1,4376 409  3 92518,976562 1
51,11 5013 1705 444,47 400,74 23,84 25,14 5,16 1,4781 409  3 92020,132812 1
51,32 5030 1710 456,36 406,34 23,76 25,14 5,16 1,5001 409  3 91330,71875 1
51,44 5037 1713 454,97 396,29 23,73 25,14 5,16 1,5624 409  3 90844,570312 1
51,59 4927 1689 438,94 391,89 24,07 25,14 5,16 1,5917 409  3 90363,570312 1
51,7 4821 1670 452,67 397,5 24,35 25,14 5,16 1,616 409  3 89887,640625 1
51,77 4801 1667 442,52 393,08 24,39 25,14 5,16 1,6377 409  3 89510,492187 1
52,01 4743 1659 426,78 398,17 24,52 25,14 5,16 1,6635 409  3 89982,421875 1
52,01 4777 1636 441,92 402,1 24,89 25,14 5,16 1,6862 409  3 89229,695312 1
52,1 4529 1629 433,18 401,15 25,0 25,14 5,16 1,7061 409  3 89323,101562 1
52,08 4555 1633 454,2 401,42 24,94 25,14 5,16 1,7398 410  3 89510,492187 1
44,37 33 422 1243,18 2600,84 97,84 25,14 5,16 0,0636 400  1 261091,28125 1
44,45 30 415 1233,96 2598,2 98,44 25,14 5,16 0,0653 400  1 217363,609375 1
45,15 3955 1545 792,31 998,36 26,46 25,14 5,16 0,1352 400  1 176978,921875 1
46,02 5119 1732 689,18 721,89 23,45 25,14 5,16 0,2979 401  2 153018,53125 1
46,02 5210 1770 644,73 617,61 22,94 25,14 5,16 0,436 402  2 138042,59375 1
46,86 5275 1792 607,86 547,13 22,65 25,14 5,16 0,7249 408  2 126858,273437 1
47,6 5234 1778 569,23 510,46 22,83 25,14 5,16 0,8321 410  2 118573,414062 1
48,25 5195 1765 560,63 480,45 23,0 25,14 5,16 0,9252 411  2 107450,15625 1
48,79 5121 1770 504,1 459,92 22,94 25,14 5,16 1,0241 412  2 103601,78125 1
49,69 5119 1740 520,75 442,97 23,34 25,14 5,16 1,1264 413  2 100609,15625 1
50,04 5058 1720 493,3 424,9 23,62 25,14 5,16 1,1905 414  3 98689,28125 1
50,35 5084 1728 475,76 421,75 23,5 25,14 5,16 1,268 414  3 96731,53125 1
50,55 5072 1729 485,85 414,67 23,49 25,14 5,16 1,3214 414  3 95433,367187 1
50,82 5002 1695 460,24 408,27 23,98 25,14 5,16 1,4289 415  3 94117,648437 1
51,0 4957 1689 453,43 408,27 24,07 25,14 5,16 1,4906 415  3 92318,789062 1
51,24 4925 1685 464,15 405,93 24,13 25,14 5,16 1,5212 415  3 90844,570312 1
51,34 5002 1701 442,07 402,64 23,89 25,14 5,16 1,5518 415  3 90555,359375 1
51,56 4591 1638 464,15 399,25 24,34 25,14 5,16 1,602 415  3 90077,414062 1
51,71 4738 1659 438,19 407,99 24,53 25,14 5,16 1,6329 415  3 90363,570312 1
51,78 4620 1642 451,9 401,28 24,78 25,14 5,16 1,6674 415  3 89793,054687 1
51,78 4795 1667 447,03 403,87 24,4 25,14 5,16 1,6941 415  3 89604,476562 1
51,88 4722 1656 430,11 399,93 24,56 25,14 5,16 1,7517 415  3 89416,695312 1
51,98 4437 1650 430,55 404,83 24,66 25,14 5,16 1,7838 415  3 89604,476562 1
51,96 4462 1620 428,8 404,83 25,15 25,14 5,16 1,7912 415  3 89698,671875 1
44,41 24 401 1203,44 2645,23 99,78 25,14 5,16 0,0591 400  1 261491,3125 1
44,45 489 863 1073,71 2112,83 58,71 25,14 5,16 0,0551 400  1 239644,28125 1
44,9 3285 1442 868,42 1163,78 28,57 25,14 5,16 0,199 400  1 193463,0625 1
44,9 4746 1704 716,78 790,97 23,85 25,14 5,16 0,3544 401  2 161565,15625 1
45,74 5191 1764 664,9 655,51 23,01 25,14 5,16 0,499 403  2 130946,289062 1
46,55 5263 1788 610,54 580,91 22,7 25,14 5,16 0,6364 405  2 121875,742187 1
48,02 5149 1750 577,57 522,34 23,2 25,14 5,16 0,7663 406  2 114362,296875 1
48,64 5205 1748 549,91 490,8 23,23 25,14 5,16 0,8859 407  2 109028,960937 1
49,09 5208 1770 501,38 444,47 22,94 25,14 5,16 0,9753 408  2 105004,101562 1
49,53 5165 1755 509,76 435,24 23,13 25,14 5,16 1,0592 409  2 101748,804687 1
49,92 5166 1756 481,43 423,76 23,12 25,14 5,16 1,2264 410  3 99032,882812 1
50,24 5097 1733 477,05 419,47 23,44 25,14 5,16 1,3036 410  3 97449,5625 1
50,49 5090 1741 476,24 411,6 23,32 25,14 5,16 1,356 410  3 94482,375 1
50,74 5010 1704 478,34 409,1 23,85 25,14 5,16 1,3989 410  3 92119,46875 1
51,12 5133 1744 462,89 407,99 23,27 25,14 5,16 1,4664 410  3 91330,71875 1
51,26 4979 1724 463,99 402,1 23,55 25,14 5,16 1,506 410  3 90747,960937 1
51,41 4988 1696 438,79 402,78 23,95 25,14 5,16 1,5623 410  3 90363,570312 1
51,52 4774 1664 449,46 404,42 24,44 25,14 5,16 1,6016 410  3 90267,984375 1
51,65 4766 1663 447,64 401,69 24,46 25,14 5,16 1,6762 410  3 89698,671875 1
51,67 4716 1656 438,19 402,92 24,57 25,14 5,16 1,691 410  3 89604,476562 1
51,67 4701 1644 444,47 403,6 24,74 25,14 5,16 1,7141 410  3 89229,695312 1
51,84 4731 1658 444,47 401,15 24,53 25,14 5,16 1,7291 410  3 89604,476562 1
51,92 4471 1621 443,42 397,77 25,12 25,14 5,16 1,7409 410  3 89323,101562 1
52,02 4644 1645 436,12 400,6 24,73 25,14 5,16 1,747 410  3 89604,476562 1
44,54 25 404 1265,25 2626,49 99,51 25,14 5,16 0,0556 400  1 261291,140625 1
44,54 69 494 1177,25 2582,42 91,19 25,14 5,16 0,0725 400  1 209107,609375 1
44,54 2132 1242 919,23 1433,08 34,08 25,14 5,16 0,1733 400  1 171985,21875 1
45,61 4594 1695 763,61 852,98 23,98 25,14 5,16 0,328 401  2 150190,671875 1
46,44 5225 1775 625,39 594,43 22,86 25,14 5,16 0,4973 403  2 135737,015625 1
47,24 5204 1768 590,22 538,68 22,95 25,14 5,16 0,6503 405  2 125000,0 1
47,92 5239 1780 566,35 502,4 22,8 25,14 5,16 0,798 406  2 117189,289062 1
48,57 5183 1778 536,68 470,47 22,83 25,14 5,16 1,0239 408  2 111087,0 1
49,07 5201 1767 528,92 451,29 22,97 25,14 5,16 1,1197 408  2 106577,851562 1
49,55 5143 1748 510,97 440,28 23,23 25,14 5,16 1,1906 408  3 100372,476562 1
49,94 5151 1751 477,85 420,9 23,19 25,14 5,16 1,256 409  3 98009,1875 1
50,51 5086 1729 497,32 422,04 23,49 25,14 5,16 1,3403 409  3 96294,90625 1
50,78 5127 1743 482,73 411,18 23,3 25,14 5,16 1,3933 409  3 94482,375 1
51,03 5089 1730 466,19 404,69 23,47 25,14 5,16 1,4393 409  3 92418,773437 1
51,21 4781 1665 462,26 406,48 24,43 25,14 5,16 1,4815 409  3 91526,632812 1
51,37 4965 1690 438,94 397,23 24,04 25,14 5,16 1,5846 409  3 90941,382812 1
51,55 4614 1695 444,62 399,66 23,98 25,14 5,16 1,6207 410  3 90363,570312 1
51,68 4799 1667 467,61 400,2 24,39 25,14 5,16 1,6432 410  3 89698,671875 1
51,75 4952 1688 442,97 400,47 24,07 25,14 5,16 1,6599 410  3 89229,695312 1
