Co2(scd40) raw_signla(sgp40) aiq(ens160) tvoc(ens160) eco2(ens160) rs1(ens160) rs3(ens160) rs4(ens160) rmox(zmod4410) tvoc(zmod4410) eco2(zmod4410) iaq(zmod4410) resistencia(bme688) Aire/muestra
30,14 46 453 219,77 362,54 71,54 25,14 4,75 0,0159 400  1 41857,421875 1
30,17 69 554 219,47 343,78 64,92 25,14 4,75 0,0159 400  1 41898,527344 1
30,56 161 642 204,76 325,11 59,73 25,14 4,75 0,0221 400  1 41250,402344 1
31,41 221 719 197,47 315,03 55,56 25,14 4,75 0,0664 401  1 40816,328125 1
32,28 237 737 196,67 301,88 54,61 25,14 4,75 0,1026 401  1 40201,003906 1
33,09 271 774 193,18 295,61 52,75 25,14 4,75 0,142 402  1 39384,617187 1
33,72 282 786 198,55 286,84 52,2 25,14 4,75 0,1827 404  2 39203,675781 1
34,28 295 774 197,21 284,62 52,81 25,14 4,75 0,2227 406  2 38635,675781 1
34,78 281 785 189,55 279,74 52,31 25,14 4,75 0,2628 409  2 38254,632812 1
35,2 304 802 191,55 278,05 51,22 25,14 4,75 0,3015 412  2 38152,011719 1
35,49 296 800 196,08 269,34 51,28 25,14 4,75 0,3386 415  2 37713,613281 1
35,82 284 798 185,99 265,99 51,75 25,14 4,75 0,3726 417  2 37383,175781 1
36,0 271 774 185,55 264,82 52,93 25,14 4,75 0,4357 419  2 37448,800781 1
36,19 268 771 187,89 260,73 53,11 25,14 4,75 0,4646 420  2 37090,699219 1
36,39 283 787 187,32 261,88 52,33 25,14 4,75 0,4917 421  2 36581,878906 1
36,49 291 778 189,87 264,1 52,77 25,14 4,75 0,5168 421  2 36456,851562 1
36,7 288 793 182,13 256,01 52,08 25,14 4,75 0,5398 421  2 36056,339844 1
36,77 270 773 187,19 254,11 53,1 25,14 4,75 0,5613 422  2 36117,382812 1
36,85 268 771 182,56 251,97 53,22 25,14 4,75 0,5812 422  2 35844,300781 1
36,88 260 762 179,44 253,08 53,66 25,14 4,75 0,5995 422  2 35754,191406 1
36,96 272 778 176,61 249,84 52,9 25,14 4,75 0,6317 422  2 35516,09375 1
36,91 277 780 179,2 247,65 52,81 25,14 4,75 0,6464 422  2 35339,589844 1
36,97 277 780 183,0 246,23 52,81 25,14 4,75 0,6601 422  2 35135,878906 1
36,97 275 779 181,27 251,63 52,9 25,14 4,75 0,6728 422  2 34848,898437 1
29,99 54 466 215,2 341,8 71,18 25,14 4,75 0,0316 400  1 39203,675781 1
29,98 69 494 208,53 324,56 69,23 25,14 4,75 0,0309 400  1 39024,390625 1
30,21 168 652 198,82 306,41 59,55 25,14 4,75 0,0406 400  1 38565,832031 1
31,11 227 726 191,94 293,82 55,56 25,14 4,75 0,1153 400  1 38152,011719 1
32,03 293 797 193,18 279,65 51,99 25,14 4,75 0,1635 401  2 37746,976562 1
32,89 288 804 189,74 271,63 51,28 25,14 4,75 0,2119 402  2 36866,359375 1
33,55 324 809 185,74 272,46 50,57 25,14 4,75 0,2588 404  2 36581,878906 1
34,74 328 811 187,38 262,77 50,43 25,14 4,75 0,3021 407  2 36332,671875 1
35,12 319 807 188,91 254,45 50,86 25,14 4,75 0,3436 410  2 35934,867187 1
35,45 319 803 183,12 257,31 51,45 25,14 4,75 0,382 413  2 35814,214844 1
35,79 322 809 186,75 246,98 50,74 25,14 4,75 0,418 414  2 35368,886719 1
35,79 323 809 182,62 251,11 50,71 25,14 4,75 0,4816 417  2 35281,148437 1
36,07 312 805 182,19 246,23 51,22 25,14 4,75 0,5099 418  2 35078,105469 1
36,22 307 803 175,06 249,0 51,47 25,14 4,75 0,536 418  2 34792,0625 1
36,4 292 796 175,95 248,75 52,2 25,14 4,75 0,5603 419  2 34566,566406 1
36,63 304 803 185,49 236,27 51,54 25,14 4,75 0,5825 419  2 34482,757812 1
36,82 308 806 180,23 242,76 51,19 25,14 4,75 0,6028 419  2 34151,546875 1
36,86 303 802 179,44 237,8 51,75 25,14 4,75 0,622 419  2 34015,414062 1
36,99 323 809 179,07 239,82 50,83 25,14 4,75 0,6393 419  2 33988,316406 1
36,93 298 801 175,71 238,2 51,87 25,14 4,75 0,6704 420  2 33746,375 1
37,07 303 802 179,44 233,1 51,78 25,14 4,75 0,684 420  2 33639,949219 1
37,09 282 786 172,88 235,24 52,81 25,14 4,75 0,6964 420  2 33272,679687 1
37,09 305 803 176,97 231,76 51,71 25,14 4,75 0,708 420  3 33220,867187 1
37,02 286 790 175,65 231,37 52,61 25,14 4,75 0,7187 420  3 33220,867187 1
29,79 70 496 217,4 333,69 69,44 25,14 4,75 0,0342 400  1 38254,632812 1
29,76 111 567 201,19 324,78 64,85 25,14 4,75 0,033 400  1 38083,902344 1
29,79 209 704 194,75 301,17 56,95 25,14 4,75 0,0729 400  1 37680,304687 1
30,6 247 748 194,75 287,23 54,63 25,14 4,75 0,1177 400  1 37220,121094 1
31,65 279 802 190,77 273,29 51,75 25,14 4,75 0,1675 401  2 36581,878906 1
32,56 309 804 193,44 269,43 51,45 25,14 4,75 0,216 402  2 36086,832031 1
33,95 326 810 184,36 260,55 50,71 25,14 4,75 0,2631 404  2 35724,253906 1
34,47 338 813 189,62 255,66 50,33 25,14 4,75 0,3078 407  2 35575,320312 1
34,96 344 821 182,62 251,37 49,34 25,14 4,75 0,3498 410  2 35106,964844 1
35,33 327 810 179,74 249,84 50,71 25,14 4,75 0,3886 412  2 35135,878906 1
35,7 340 815 179,26 240,39 50,13 25,14 4,75 0,4579 415  2 34650,785156 1
35,92 346 817 177,63 244,24 49,91 25,14 4,75 0,4887 416  2 34707,160156 1
36,19 332 812 179,99 242,02 50,5 25,14 4,75 0,5169 417  2 34427,113281 1
36,44 331 814 183,43 243,58 50,23 25,14 4,75 0,5433 418  2 33907,285156 1
36,54 328 811 179,44 237,15 50,71 25,14 4,75 0,5675 418  2 33799,839844 1
36,64 352 819 170,96 238,28 49,69 25,14 4,75 0,59 418  2 33719,703125 1
36,76 325 810 176,85 230,98 50,84 25,14 4,75 0,6105 419  2 33481,558594 1
36,91 329 812 179,44 232,15 50,59 25,14 4,75 0,6292 419  2 33429,09375 1
36,95 341 815 170,5 232,78 50,18 25,14 4,75 0,6466 419  2 33376,792969 1
37,01 335 813 172,06 230,27 50,47 25,14 4,75 0,6774 419  2 33015,21875 1
37,04 309 804 173,82 230,59 51,62 25,14 4,75 0,6905 419  2 33066,390625 1
37,02 325 810 173,0 227,02 50,91 25,14 4,75 0,7027 419  2 32736,572266 1
37,02 315 805 174,23 231,29 51,48 25,14 4,75 0,7141 419  3 32586,558594 1
37,06 296 800 172,35 227,48 52,27 25,14 4,75 0,7242 419  3 32636,410156 1
29,49 66 488 217,84 334,25 70,05 25,14 4,75 0,0287 400  1 38220,363281 1
29,57 102 553 212,24 328,31 65,87 25,14 4,75 0,0364 400  1 38083,902344 1
30,18 188 678 204,0 308,8 58,47 25,14 4,75 0,0634 400  1 37680,304687 1
31,16 257 779 193,31 290,55 53,18 25,14 4,75 0,1059 400  1 37090,699219 1
31,16 306 803 187,19 278,99 51,68 25,14 4,75 0,1556 401  1 36394,65625 1
32,12 345 817 188,72 269,7 49,92 25,14 4,75 0,2048 402  2 35844,300781 1
33,7 356 820 183,49 268,07 49,49 25,14 4,75 0,2526 404  2 35664,53125 1
34,19 341 821 185,68 252,22 49,37 25,14 4,75 0,2977 407  2 35339,589844 1
34,75 375 827 184,55 248,58 48,75 25,14 4,75 0,3401 410  2 35222,894531 1
35,08 364 823 178,47 249,17 49,22 25,14 4,75 0,3797 412  2 34905,917969 1
35,46 354 819 181,45 244,16 49,64 25,14 4,75 0,4503 415  2 34792,0625 1
35,71 391 832 181,33 241,28 48,16 25,14 4,75 0,4812 416  2 34482,757812 1
36,05 368 825 177,93 240,47 48,99 25,14 4,75 0,5099 417  2 34096,964844 1
36,23 362 822 178,77 236,27 49,34 25,14 4,75 0,5368 417  2 33826,636719 1
36,49 363 822 180,66 237,32 49,3 25,14 4,75 0,5613 418  2 33666,492187 1
36,66 358 821 174,59 231,29 49,52 25,14 4,75 0,5839 418  2 33534,1875 1
36,72 373 820 175,89 231,45 49,59 25,14 4,75 0,6047 418  2 33481,558594 1
36,81 345 816 175,47 230,74 50,08 25,14 4,75 0,6234 419  2 33402,921875 1
36,81 332 812 175,89 232,39 50,62 25,14 4,75 0,657 419  2 33220,867187 1
36,83 338 814 172,65 231,99 50,36 25,14 4,75 0,6718 419  2 33117,722656 1
36,91 354 820 177,14 227,56 49,7 25,14 4,75 0,6851 419  2 32786,886719 1
36,96 321 808 175,24 228,57 51,14 25,14 4,75 0,6973 419  2 32611,464844 1
36,96 332 819 172,0 229,26 49,82 25,14 4,75 0,7087 419  3 32364,095703 1
37,01 321 809 165,89 225,42 51,05 25,14 4,75 0,7194 419  3 32437,912109 1
29,37 68 492 215,06 337,32 69,94 25,14 4,75 0,0228 400  1 38323,351562 1
29,43 63 538 206,78 330,88 66,88 25,14 4,75 0,0297 400  1 38323,351562 1
29,72 198 690 202,41 303,72 57,88 25,14 4,75 0,0528 400  1 37813,886719 1
30,73 261 764 191,03 299,03 54,02 25,14 4,75 0,0935 400  1 36898,242187 1
31,77 317 807 192,07 279,65 51,26 25,14 4,75 0,1398 401  1 36644,71875 1
33,39 347 817 184,05 272,64 49,96 25,14 4,75 0,1879 402  2 36086,832031 1
33,39 367 829 183,99 259,67 48,51 25,14 4,75 0,2349 404  2 35754,191406 1
34,0 360 821 177,69 256,79 49,44 25,14 4,75 0,2794 406  2 35634,742187 1
34,56 377 827 176,91 254,28 48,77 25,14 4,75 0,3215 409  2 35427,621094 1
34,97 367 824 181,39 249,51 49,17 25,14 4,75 0,3985 413  2 34934,496094 1
35,32 375 826 175,12 244,57 48,85 25,14 4,75 0,4326 414  2 34820,457031 1
35,66 379 832 172,24 241,37 48,26 25,14 4,75 0,4646 415  2 34510,648437 1
35,93 351 818 180,66 245,32 49,84 25,14 4,75 0,4938 416  2 34316,355469 1
36,28 362 822 179,2 240,39 49,4 25,14 4,75 0,5208 417  2 34124,234375 1
36,41 348 816 177,32 240,39 50,11 25,14 4,75 0,546 417  2 33961,261719 1
36,58 345 818 177,57 236,51 49,94 25,14 4,75 0,5692 417  2 33746,375 1
36,66 352 819 175,12 233,1 49,84 25,14 4,75 0,5908 417  2 33586,984375 1
36,72 338 814 173,35 234,28 50,43 25,14 4,75 0,6284 418  2 33195,019531 1
36,84 341 815 173,53 231,13 50,3 25,14 4,75 0,6448 418  2 33376,792969 1
36,85 312 805 175,77 231,76 51,59 25,14 4,75 0,6598 418  2 33143,449219 1
36,95 330 813 176,91 228,87 50,59 25,14 4,75 0,6735 418  2 32837,351562 1
36,92 322 808 173,29 227,56 51,17 25,14 4,75 0,6863 418  2 32736,572266 1
36,89 350 818 175,83 231,92 49,96 25,14 4,75 0,6979 418  2 32561,689453 1
36,96 304 802 172,18 227,72 52,03 25,14 4,75 0,7088 418  3 32462,591797 1
29,39 52 462 220,29 347,52 70,53 25,14 4,75 0,0195 400  1 38635,675781 1
29,27 65 522 210,59 344,01 68,04 25,14 4,75 0,0248 400  1 38776,128906 1
29,42 186 675 200,98 311,85 58,79 25,14 4,75 0,046 400  1 37780,402344 1
30,37 254 756 194,42 297,42 54,48 25,14 4,75 0,0849 400  1 37285,171875 1
32,42 304 802 185,74 285,58 51,92 25,14 4,75 0,1325 401  1 36866,359375 1
33,14 335 813 190,32 276,64 50,5 25,14 4,75 0,1818 402  1 36456,851562 1
33,89 373 826 185,05 264,01 48,95 25,14 4,75 0,2295 404  2 36209,335937 1
34,34 361 822 186,62 260,38 49,44 25,14 4,75 0,2755 406  2 35724,253906 1
34,86 382 829 181,21 252,73 48,62 25,14 4,75 0,3579 412  2 35694,367187 1
35,29 396 833 181,7 253,76 48,1 25,14 4,75 0,395 413  2 35251,996094 1
35,29 395 819 181,64 247,91 49,79 25,14 4,75 0,4293 415  2 35020,519531 1
35,59 367 824 182,81 243,33 49,24 25,14 4,75 0,4609 415  2 34848,898437 1
36,05 358 821 177,08 245,4 49,6 25,14 4,75 0,4901 416  2 34650,785156 1
36,29 391 832 176,97 242,35 48,33 25,14 4,75 0,5173 417  2 34427,113281 1
36,49 344 822 176,49 242,02 49,54 25,14 4,75 0,5425 417  2 34069,738281 1
36,59 363 822 176,07 238,93 49,44 25,14 4,75 0,5654 417  2 33853,476562 1
36,71 322 809 179,13 239,49 51,17 25,14 4,75 0,5866 418  2 33799,839844 1
36,77 366 824 175,18 235,48 49,3 25,14 4,75 0,6238 418  2 33639,949219 1
36,85 346 817 176,55 232,31 50,14 25,14 4,75 0,6402 418  2 33586,984375 1
36,91 338 817 170,04 234,12 50,16 25,14 4,75 0,6553 418  2 33324,65625 1
36,93 353 819 174,59 231,99 49,87 25,14 4,75 0,6688 418  2 33220,867187 1
37,06 363 823 172,94 229,65 49,45 25,14 4,75 0,6813 418  2 33040,785156 1
37,0 333 813 171,42 229,73 50,71 25,14 4,75 0,6929 418  2 32887,976562 1
36,97 341 808 171,54 224,81 51,29 25,14 4,75 0,7038 418  2 32761,708984 1
29,32 66 488 217,77 355,61 70,39 25,14 4,76 0,0184 400  1 39131,765625 1
29,29 71 498 211,73 355,49 69,77 25,14 4,76 0,0238 400  1 38846,738281 1
29,36 174 660 198,41 320,52 59,73 25,14 4,76 0,0468 400  1 38220,363281 1
31,17 264 767 193,18 306,62 54,0 25,14 4,76 0,0894 400  1 37881,03125 1
32,18 298 813 193,05 293,02 50,66 25,14 4,76 0,1386 401  1 37252,621094 1
33,03 362 822 186,94 273,19 49,45 25,14 4,76 0,1885 402  1 36962,171875 1
33,68 381 828 184,55 268,61 48,72 25,14 4,76 0,237 404  2 36581,878906 1
34,29 356 820 187,45 262,32 49,74 25,14 4,76 0,2829 407  2 36332,671875 1
34,73 381 825 180,53 254,8 49,12 25,14 4,76 0,366 412  2 36025,894531 1
35,16 358 821 179,8 254,54 49,65 25,14 4,76 0,4027 414  2 35814,214844 1
35,49 396 833 177,08 251,63 48,2 25,14 4,76 0,4372 416  2 35310,34375 1
35,86 377 827 179,68 247,4 48,92 25,14 4,76 0,4686 417  2 35164,835937 1
36,26 340 815 177,93 250,1 50,42 25,14 4,76 0,4976 417  2 34934,496094 1
36,26 378 827 179,2 241,04 48,89 25,14 4,76 0,5242 418  2 34991,796875 1
36,44 369 824 172,53 245,4 49,25 25,14 4,76 0,5487 418  2 34707,160156 1
36,63 368 824 176,73 240,39 49,27 25,14 4,76 0,5709 419  2 34510,648437 1
36,66 356 820 171,83 235,71 49,75 25,14 4,76 0,6109 419  2 34510,648437 1
36,8 349 818 176,07 235,87 50,06 25,14 4,76 0,6285 419  2 34288,777344 1
36,88 339 821 176,13 240,96 49,72 25,14 4,76 0,6439 419  2 33799,839844 1
36,95 363 823 176,19 234,68 49,5 25,14 4,76 0,6584 419  2 33799,839844 1
37,05 366 823 167,13 234,84 49,4 25,14 4,76 0,6716 419  2 33666,492187 1
37,02 328 815 170,67 231,13 50,47 25,14 4,76 0,684 419  2 33560,566406 1
37,02 336 814 172,06 230,82 50,64 25,14 4,76 0,6957 419  2 33324,65625 1
36,97 350 818 174,76 234,2 50,08 25,14 4,76 0,7061 419  2 33246,753906 1
29,24 65 487 218,28 361,07 70,58 25,14 4,76 0,0185 400  1 39603,960937 1
29,27 61 479 217,1 358,15 71,11 25,14 4,76 0,0231 400  1 39131,765625 1
29,27 165 648 200,1 333,58 60,5 25,14 4,76 0,0445 400  1 38740,921875 1
30,91 256 760 200,78 309,54 54,4 25,14 4,76 0,0871 400  1 38288,960937 1
31,84 333 813 189,68 280,98 50,71 25,14 4,76 0,1371 401  1 37780,402344 1
32,73 352 819 182,93 276,26 49,92 25,14 4,76 0,1882 402  1 37481,699219 1
33,51 381 829 184,61 272,83 48,75 25,14 4,76 0,2359 404  2 36994,21875 1
34,18 366 824 182,56 264,28 49,29 25,14 4,76 0,324 410  2 36676,21875 1
34,7 396 833 183,0 264,28 48,23 25,14 4,76 0,3634 412  2 36644,71875 1
35,11 405 836 178,05 256,27 47,87 25,14 4,76 0,4002 414  2 36086,832031 1
35,51 363 822 184,86 254,88 49,5 25,14 4,76 0,4341 415  2 35784,175781 1
36,05 382 829 180,53 257,48 48,74 25,14 4,76 0,4655 416  2 35457,0625 1
36,32 383 820 180,05 249,17 49,82 25,14 4,76 0,4947 417  2 35310,34375 1
36,48 368 824 174,64 248,16 49,32 25,14 4,76 0,5217 418  2 35222,894531 1
36,59 353 819 181,64 241,04 49,94 25,14 4,76 0,5464 418  2 35049,289062 1
36,68 372 826 179,26 245,24 49,15 25,14 4,76 0,5905 419  2 34792,0625 1
36,85 367 824 179,07 242,92 49,3 25,14 4,76 0,6096 419  2 34707,160156 1
36,85 330 811 177,75 240,39 50,93 25,14 4,76 0,6271 419  2 34594,59375 1
36,87 361 822 181,15 237,8 49,62 25,14 4,76 0,6433 419  2 34261,242187 1
36,96 360 822 175,24 239,57 49,65 25,14 4,76 0,6582 419  2 34069,738281 1
37,05 342 816 170,67 235,71 50,4 25,14 4,76 0,6719 419  2 33853,476562 1
37,0 344 816 172,65 236,83 50,35 25,14 4,76 0,6844 419  2 33773,085937 1
37,09 330 812 173,76 238,52 50,93 25,14 4,76 0,6958 419  2 33853,476562 1
37,11 314 806 175,24 236,19 51,66 25,14 4,76 0,7061 419  2 33639,949219 1
29,29 58 473 218,87 365,5 71,56 25,14 4,77 0,0185 400  1 40163,164062 1
29,34 77 509 218,73 368,48 69,09 25,14 4,77 0,0217 400  1 39751,554687 1
30,53 147 658 206,57 328,31 59,95 25,14 4,77 0,0414 400  1 39095,90625 1
31,64 321 766 193,83 312,69 54,15 25,14 4,77 0,0852 400  1 38531,003906 1
32,59 363 823 188,27 292,62 49,49 25,14 4,77 0,1354 401  1 38254,632812 1
32,59 367 824 187,51 279,18 49,34 25,14 4,77 0,1872 402  1 37948,414062 1
33,4 386 825 188,27 275,89 49,25 25,14 4,77 0,2819 407  2 37481,699219 1
34,08 403 836 181,76 268,25 47,97 25,14 4,77 0,3249 410  2 37252,621094 1
34,65 386 830 187,64 265,18 48,59 25,14 4,77 0,3653 412  2 36581,878906 1
35,09 394 833 181,02 263,66 48,29 25,14 4,77 0,4024 414  2 36301,757812 1
35,8 388 831 184,49 260,38 48,52 25,14 4,77 0,4368 415  2 36117,382812 1
36,08 371 824 184,3 252,82 49,37 25,14 4,77 0,4686 416  2 36086,832031 1
36,3 378 828 178,11 252,56 48,92 25,14 4,77 0,4982 417  2 35874,441406 1
36,56 391 832 181,88 245,15 48,43 25,14 4,77 0,5254 418  2 35605,007812 1
36,67 362 822 179,5 248,49 49,59 25,14 4,77 0,5504 418  2 35339,589844 1
36,83 343 817 172,06 247,65 50,19 25,14 4,77 0,594 419  2 35339,589844 1
36,92 369 825 182,13 245,4 49,3 25,14 4,77 0,6132 419  2 35164,835937 1
36,98 371 825 181,82 243,75 49,22 25,14 4,77 0,6302 419  2 34735,414062 1
37,04 366 823 168,49 242,43 49,44 25,14 4,77 0,6464 419  2 34707,160156 1
37,1 365 823 179,07 241,12 49,45 25,14 4,77 0,6613 419  2 34399,355469 1
37,13 318 807 174,05 239,09 51,48 25,14 4,77 0,6747 419  2 34510,648437 1
37,16 340 815 178,47 241,61 50,5 25,14 4,77 0,6868 419  2 34261,242187 1
37,17 331 812 176,31 235,55 50,91 25,14 4,77 0,6981 419  2 34015,414062 1
37,19 378 827 176,55 237,56 48,99 25,14 4,77 0,7179 419  3 34042,554687 1
29,27 83 500 221,03 371,36 69,75 25,14 4,77 0,0187 400  1 40467,910156 1
29,29 75 506 220,21 363,89 69,35 25,14 4,77 0,0214 400  1 40314,960937 1
30,18 163 644 210,66 334,93 60,75 25,14 4,77 0,0411 400  1 39457,460937 1
31,32 331 812 195,28 303,11 50,84 25,14 4,77 0,0844 400  1 38917,605469 1
32,26 359 812 195,22 291,73 50,81 25,14 4,77 0,1357 401  1 38565,832031 1
33,19 360 822 188,97 281,84 49,64 25,14 4,77 0,1869 402  1 38152,011719 1
33,84 369 824 185,93 280,31 49,3 25,14 4,77 0,2826 406  2 37948,414062 1
34,43 387 831 183,37 269,43 48,57 25,14 4,77 0,3257 410  2 37713,613281 1
34,96 372 825 184,3 270,53 49,19 25,14 4,77 0,3661 412  2 37155,296875 1
34,96 392 831 185,3 265,99 48,49 25,14 4,77 0,4034 414  2 36898,242187 1
35,73 376 827 177,87 264,37 49,02 25,14 4,77 0,4375 415  2 36519,257812 1
36,08 384 829 178,89 259,23 48,74 25,14 4,77 0,4691 416  2 36456,851562 1
36,27 355 820 183,86 261,44 49,86 25,14 4,77 0,4983 417  2 36147,980469 1
36,49 383 822 175,47 249,0 49,64 25,14 4,77 0,5253 418  2 35965,160156 1
36,69 383 829 178,47 250,61 48,75 25,14 4,77 0,5723 418  2 35904,628906 1
36,81 399 834 181,39 253,25 48,16 25,14 4,77 0,5931 418  2 35398,230469 1
36,93 369 824 177,32 247,82 49,34 25,14 4,77 0,6123 419  2 35251,996094 1
37,06 359 821 176,49 246,4 49,72 25,14 4,77 0,6295 419  2 35049,289062 1
37,13 361 822 176,55 247,65 49,64 25,14 4,77 0,6456 419  2 34963,125 1
37,15 371 814 181,21 242,68 50,69 25,14 4,77 0,6606 419  2 34877,382812 1
37,22 342 816 178,71 243,99 50,43 25,14 4,77 0,674 419  2 34792,0625 1
37,23 370 825 173,58 239,17 49,29 25,14 4,77 0,6864 419  2 34678,949219 1
37,23 344 816 174,64 243,0 50,36 25,14 4,77 0,7081 419  2 34343,976562 1
37,23 349 811 169,98 239,66 51,0 25,14 4,77 0,7176 419  3 34343,976562 1
29,34 77 508 210,73 379,49 69,23 25,14 4,78 0,0185 400  1 40973,113281 1
29,29 77 509 219,77 379,62 69,16 25,14 4,78 0,0205 400  1 40467,910156 1
29,87 244 745 191,03 323,57 53,76 25,14 4,78 0,0392 400  1 40163,164062 1
31,03 306 807 194,36 310,06 51,55 25,14 4,78 0,0817 400  1 39640,753906 1
32,02 384 830 191,94 295,51 48,7 25,14 4,78 0,1323 401  1 38988,730469 1
33,02 367 824 187,32 292,53 49,37 25,14 4,78 0,2341 404  2 38776,128906 1
33,81 390 831 190,71 286,26 48,51 25,14 4,78 0,2812 406  2 38049,941406 1
34,44 400 835 185,68 276,36 48,12 25,14 4,78 0,3252 410  2 37881,03125 1
35,01 395 832 183,43 269,07 48,43 25,14 4,78 0,3655 412  2 37547,667969 1
35,8 394 833 186,94 268,25 48,36 25,14 4,78 0,403 414  2 37187,679687 1
36,05 397 833 182,44 263,66 48,33 25,14 4,78 0,4381 415  2 36994,21875 1
36,35 392 832 183,55 256,79 48,44 25,14 4,78 0,4704 416  2 36707,773437 1
36,35 394 834 179,8 256,44 48,16 25,14 4,78 0,5003 417  2 36613,273437 1
36,58 395 833 180,72 255,57 48,33 25,14 4,78 0,5526 418  2 36363,636719 1
36,7 377 827 184,05 251,2 49,02 25,14 4,78 0,5753 418  2 36178,632812 1
36,9 377 827 178,65 249,51 49,02 25,14 4,78 0,5965 418  2 35664,53125 1
37,04 362 822 172,0 248,66 49,62 25,14 4,78 0,6154 419  2 35634,742187 1
37,16 353 819 174,64 250,78 49,99 25,14 4,78 0,6329 419  2 35457,0625 1
37,29 366 824 180,23 242,18 49,45 25,14 4,78 0,6492 419  2 35457,0625 1
37,32 357 821 171,54 242,84 49,82 25,14 4,78 0,6641 419  2 35193,839844 1
37,31 354 820 175,65 245,48 49,94 25,14 4,78 0,6779 419  2 34934,496094 1
37,36 361 817 174,88 241,61 50,26 25,14 4,78 0,6906 419  2 34991,796875 1
37,34 352 819 169,35 243,5 50,06 25,14 4,78 0,7125 419  3 34877,382812 1
37,4 354 820 176,97 237,72 49,96 25,14 4,78 0,7222 419  3 34735,414062 1
29,37 78 511 227,87 377,57 69,09 25,14 4,78 0,0186 400  1 41531,472656 1
29,39 126 486 220,51 379,74 70,77 25,14 4,78 0,0194 400  1 41131,105469 1
29,58 247 748 198,95 322,48 55,11 25,14 4,78 0,0364 400  1 40353,089844 1
30,68 316 807 195,81 316,53 51,55 25,14 4,78 0,0777 400  1 39862,972656 1
31,84 351 818 193,77 299,23 50,06 25,14 4,78 0,1833 402  1 39640,753906 1
32,87 365 823 185,61 293,62 49,47 25,14 4,78 0,2341 404  2 38988,730469 1
33,65 388 824 186,56 286,84 49,4 25,14 4,78 0,2812 406  2 38635,675781 1
34,27 370 825 185,61 280,88 49,27 25,14 4,78 0,3262 409  2 38016,039062 1
34,81 383 829 189,68 272,64 48,79 25,14 4,78 0,3674 412  2 37948,414062 1
35,72 383 829 184,86 269,7 48,77 25,14 4,78 0,406 414  2 37746,976562 1
36,04 397 840 182,19 267,97 47,58 25,14 4,78 0,4416 415  2 37252,621094 1
36,36 379 828 181,7 260,64 48,95 25,14 4,78 0,4742 416  2 37122,96875 1
36,57 384 829 183,93 255,14 48,75 25,14 4,78 0,504 417  2 36962,171875 1
36,8 374 826 174,53 259,76 49,14 25,14 4,78 0,5564 418  2 36771,042969 1
37,0 379 828 180,11 254,11 48,95 25,14 4,78 0,5791 418  2 36425,726562 1
37,06 395 829 179,99 249,59 48,85 25,14 4,78 0,6002 418  2 36270,898437 1
37,06 376 827 180,17 249,59 49,05 25,14 4,78 0,6195 418  2 36025,894531 1
37,26 356 820 181,21 248,91 49,87 25,14 4,78 0,6373 419  2 35874,441406 1
37,34 371 828 178,89 249,17 48,95 25,14 4,78 0,6536 419  2 35724,253906 1
37,47 384 818 173,94 247,91 50,16 25,14 4,78 0,6683 419  2 35486,554687 1
37,45 346 817 175,65 246,4 50,3 25,14 4,78 0,6822 419  2 35427,621094 1
37,46 343 816 172,53 243,75 50,45 25,14 4,78 0,7061 419  2 35193,839844 1
37,45 359 821 176,97 245,48 49,75 25,14 4,78 0,7165 419  3 35049,289062 1
37,48 351 818 176,13 249,0 50,11 25,14 4,78 0,7261 419  3 34792,0625 1
29,41 82 518 226,03 383,36 68,65 25,14 4,79 0,0189 400  1 41693,8125 1
29,42 133 601 207,13 361,44 63,36 25,14 4,79 0,0196 400  1 41491,085937 1
30,28 221 719 208,96 330,43 56,68 25,14 4,79 0,0361 400  1 40738,382812 1
31,51 339 814 191,16 313,44 50,55 25,14 4,79 0,0781 400  1 40314,960937 1
32,56 354 824 193,18 304,14 49,34 25,14 4,79 0,1831 402  1 40012,503906 1
32,56 354 820 194,03 301,17 49,92 25,14 4,79 0,2341 404  2 39348,292969 1
33,41 380 828 189,74 287,13 48,89 25,14 4,79 0,282 406  2 38917,605469 1
34,14 427 843 191,62 281,84 47,18 25,14 4,79 0,3268 409  2 38288,960937 1
35,24 384 829 187,26 277,67 48,75 25,14 4,79 0,3686 412  2 38016,039062 1
35,7 401 832 183,12 272,92 48,43 25,14 4,79 0,4072 414  2 37948,414062 1
36,04 397 834 186,94 262,85 48,26 25,14 4,79 0,4428 415  2 37613,871094 1
36,33 399 834 183,62 265,18 48,2 25,14 4,79 0,4756 416  2 37317,785156 1
36,62 407 837 183,0 260,99 47,92 25,14 4,79 0,5331 417  2 37187,679687 1
36,81 376 825 176,61 263,39 49,34 25,14 4,79 0,5583 418  2 37155,296875 1
36,95 406 837 180,17 256,7 47,94 25,14 4,79 0,5812 418  2 36519,257812 1
37,13 388 831 183,12 257,83 48,61 25,14 4,79 0,6026 418  2 36519,257812 1
37,29 384 829 175,18 256,61 48,77 25,14 4,79 0,6221 418  2 36332,671875 1
37,42 353 819 177,03 252,65 50,02 25,14 4,79 0,64 418  2 36209,335937 1
37,41 388 831 179,99 249,76 48,62 25,14 4,79 0,6564 419  2 35995,5 1
37,52 335 813 177,57 245,15 50,79 25,14 4,79 0,6714 419  2 35784,175781 1
37,52 362 822 175,36 246,07 49,65 25,14 4,79 0,685 419  2 35754,191406 1
37,54 360 821 175,12 245,15 49,74 25,14 4,79 0,7089 419  2 35398,230469 1
37,58 352 824 180,23 241,04 49,4 25,14 4,79 0,7198 419  3 35398,230469 1
37,57 365 823 173,76 245,4 49,54 25,14 4,79 0,7291 419  3 35164,835937 1
29,54 69 506 216,44 392,29 69,44 25,14 4,79 0,019 400  1 42188,53125 1
29,51 112 570 220,14 373,75 65,34 25,14 4,79 0,0187 400  1 41980,976562 1
30,05 249 743 202,96 336,98 55,43 25,14 4,79 0,0328 400  1 41531,472656 1
31,27 324 809 190,9 324,12 51,26 25,14 4,79 0,1256 401  1 40544,820312 1
32,41 366 823 190,71 306,82 49,47 25,14 4,79 0,1797 402  1 40314,960937 1
33,3 374 826 190,84 298,53 49,14 25,14 4,79 0,2311 404  2 39751,554687 1
34,09 392 832 184,11 288,4 48,46 25,14 4,79 0,2796 406  2 39203,675781 1
34,74 385 844 184,8 288,79 47,18 25,14 4,79 0,3249 409  2 38776,128906 1
35,78 406 837 187,95 279,84 47,94 25,14 4,79 0,3669 411  2 38426,898437 1
35,78 403 836 184,93 267,25 48,05 25,14 4,79 0,4057 413  2 38357,804687 1
36,09 377 827 178,59 268,79 49,04 25,14 4,79 0,4417 415  2 37982,195312 1
36,4 391 830 184,24 264,1 48,69 25,14 4,79 0,4748 416  2 37713,613281 1
36,68 389 831 179,68 265,36 48,59 25,14 4,79 0,5328 417  2 37547,667969 1
36,87 386 830 182,75 262,5 48,7 25,14 4,79 0,5578 417  2 37547,667969 1
37,12 401 835 182,93 262,14 48,13 25,14 4,79 0,5812 418  2 37155,296875 1
37,29 361 822 180,84 256,44 49,7 25,14 4,79 0,6025 418  2 36834,53125 1
37,51 390 826 175,36 254,88 49,19 25,14 4,79 0,6221 418  2 36644,71875 1
37,59 403 836 180,66 254,62 48,08 25,14 4,79 0,6398 418  2 36394,65625 1
37,64 357 821 174,64 250,86 49,86 25,14 4,79 0,6565 418  2 36270,898437 1
37,6 363 822 179,74 255,14 49,64 25,14 4,79 0,6713 418  2 36270,898437 1
37,74 347 825 169,58 250,61 49,27 25,14 4,79 0,6976 418  2 36056,339844 1
37,74 351 828 172,18 249,42 48,95 25,14 4,79 0,709 418  2 35874,441406 1
37,73 369 824 173,0 245,48 49,4 25,14 4,79 0,7194 418  3 35784,175781 1
37,73 357 820 176,79 248,16 49,87 25,14 4,79 0,7294 418  3 35605,007812 1
29,63 68 503 229,34 396,56 69,68 25,14 4,8 0,019 400  1 42524,917969 1
29,63 132 600 212,6 370,48 63,48 25,14 4,8 0,0187 400  1 42230,285156 1
29,85 251 753 197,61 343,66 54,94 25,14 4,8 0,0297 400  1 41612,484375 1
30,98 313 805 195,28 326,87 51,76 25,14 4,8 0,1212 401  1 41250,402344 1
32,2 336 813 194,69 310,27 50,74 25,14 4,8 0,1747 402  1 40583,386719 1
33,15 384 830 190,06 303,11 48,7 25,14 4,8 0,2261 403  2 39900,25 1
34,01 395 833 185,93 293,42 48,36 25,14 4,8 0,2748 406  2 39603,960937 1
35,3 391 832 190,19 287,71 48,51 25,14 4,8 0,3202 409  2 39239,730469 1
35,72 418 840 188,27 276,64 47,53 25,14 4,8 0,3621 411  2 38917,605469 1
36,16 418 830 193,18 273,29 48,77 25,14 4,8 0,4011 413  2 38531,003906 1
36,52 394 828 186,56 268,34 48,92 25,14 4,8 0,4369 414  2 38531,003906 1
36,74 394 833 177,99 264,82 48,39 25,14 4,8 0,5003 416  2 38357,804687 1
36,74 407 837 182,87 266,89 47,92 25,14 4,8 0,5283 416  2 37914,691406 1
37,03 429 844 178,17 262,85 47,15 25,14 4,8 0,5542 417  2 37514,652344 1
37,18 379 828 177,26 260,99 48,99 25,14 4,8 0,5777 417  2 37514,652344 1
37,47 389 829 181,58 261,17 48,89 25,14 4,8 0,5987 417  2 37220,121094 1
37,6 396 825 180,23 255,66 49,32 25,14 4,8 0,6186 417  2 37026,324219 1
37,69 362 822 176,73 255,57 49,65 25,14 4,8 0,6366 418  2 36898,242187 1
37,75 381 825 174,35 252,91 49,37 25,14 4,8 0,6533 418  2 36739,378906 1
37,81 381 832 177,32 254,97 48,47 25,14 4,8 0,6824 418  2 36519,257812 1
37,83 373 826 175,47 248,07 49,24 25,14 4,8 0,6951 418  2 36519,257812 1
37,89 360 821 175,18 248,66 49,77 25,14 4,8 0,7065 418  2 36301,757812 1
37,9 348 817 170,67 252,31 50,26 25,14 4,8 0,7174 418  3 36025,894531 1
37,86 362 822 175,89 251,71 49,65 25,14 4,8 0,7272 418  3 35844,300781 1
29,74 77 510 223,59 397,09 69,23 25,14 4,8 0,0188 400  1 43039,675781 1
29,74 121 583 212,02 382,32 64,52 25,14 4,8 0,0185 400  1 42609,855469 1
29,83 217 714 205,31 351,19 56,99 25,14 4,8 0,0685 400  1 42356,054687 1
30,81 296 799 196,54 334,93 52,61 25,14 4,8 0,1212 401  1 41531,472656 1
32,06 336 821 188,53 315,03 49,81 25,14 4,8 0,176 402  1 40622,023437 1
33,02 394 833 198,88 307,97 48,41 25,14 4,8 0,2284 403  2 40163,164062 1
34,67 398 834 189,55 299,44 48,26 25,14 4,8 0,2783 406  2 39788,621094 1
35,25 418 839 190,06 295,21 47,73 25,14 4,8 0,3247 409  2 39714,550781 1
35,72 411 838 183,49 278,7 47,79 25,14 4,8 0,3676 411  2 39239,730469 1
36,16 407 837 184,36 278,8 47,95 25,14 4,8 0,4073 413  2 38988,730469 1
36,52 371 825 179,32 272,92 49,32 25,14 4,8 0,4772 415  2 38882,136719 1
36,81 403 836 183,12 270,25 48,1 25,14 4,8 0,5077 416  2 38565,832031 1
37,11 398 834 179,07 271,9 48,26 25,14 4,8 0,5357 417  2 38254,632812 1
37,27 377 839 177,93 266,17 47,68 25,14 4,8 0,5615 417  2 38049,941406 1
37,48 377 827 185,55 263,48 49,07 25,14 4,8 0,5854 417  2 37514,652344 1
37,6 385 830 181,45 261,08 48,77 25,14 4,8 0,6068 418  2 37680,304687 1
37,72 381 829 173,94 260,64 47,89 25,14 4,8 0,6268 418  2 37220,121094 1
37,84 389 829 179,07 257,83 48,92 25,14 4,8 0,6451 418  2 37122,96875 1
37,94 357 820 177,5 256,18 49,91 25,14 4,8 0,6622 418  2 37122,96875 1
37,93 361 822 177,63 254,19 49,74 25,14 4,8 0,6912 418  2 36613,273437 1
38,0 368 824 176,97 251,11 49,45 25,14 4,8 0,7037 418  2 36771,042969 1
38,08 372 826 176,79 256,01 49,29 25,14 4,8 0,7154 418  2 36332,671875 1
38,04 343 825 177,87 252,99 49,34 25,14 4,8 0,726 418  3 36332,671875 1
38,05 353 819 175,0 247,57 50,08 25,14 4,8 0,7357 418  3 36086,832031 1
29,9 88 528 219,39 411,6 68,04 25,14 4,81 0,0194 400  1 43257,855469 1
29,92 104 556 224,81 394,95 66,25 25,14 4,81 0,0299 400  1 43170,320312 1
30,56 176 727 211,3 353,57 56,33 25,14 4,81 0,0679 400  1 42440,316406 1
31,78 295 799 197,01 335,05 52,65 25,14 4,81 0,1208 401  1 41857,421875 1
32,92 351 818 191,81 322,37 50,14 25,14 4,81 0,1757 402  1 41012,496094 1
32,92 376 827 195,94 309,75 49,12 25,14 4,81 0,2283 403  2 40467,910156 1
34,56 374 823 190,52 299,44 49,57 25,14 4,81 0,2783 406  2 40238,917969 1
35,28 380 828 187,07 287,62 48,95 25,14 4,81 0,3244 409  2 39788,621094 1
35,72 413 839 185,24 287,91 47,74 25,14 4,81 0,367 411  2 39640,753906 1
36,29 406 837 186,88 283,37 47,98 25,14 4,81 0,4062 413  2 39203,675781 1
36,64 398 834 187,07 273,75 48,29 25,14 4,81 0,4764 415  2 38988,730469 1
36,96 438 834 182,44 272,92 48,33 25,14 4,81 0,5072 416  2 38811,402344 1
37,17 424 842 180,72 270,43 47,37 25,14 4,81 0,5352 416  2 38565,832031 1
37,43 411 838 178,47 266,89 47,84 25,14 4,81 0,5605 417  2 38254,632812 1
37,75 395 833 182,07 265,36 48,39 25,14 4,81 0,5841 417  2 37982,195312 1
37,9 386 828 182,75 262,77 49,02 25,14 4,81 0,6056 417  2 37746,976562 1
38,03 368 824 178,77 257,4 49,44 25,14 4,81 0,6253 417  2 37780,402344 1
38,03 386 830 182,38 260,55 48,75 25,14 4,81 0,6434 418  2 37383,175781 1
38,17 374 826 180,11 255,23 49,24 25,14 4,81 0,6755 418  2 37220,121094 1
38,17 378 827 182,13 258,62 49,07 25,14 4,81 0,689 418  2 37058,484375 1
38,16 392 827 176,97 255,31 49,15 25,14 4,81 0,7021 418  2 36962,171875 1
38,17 372 823 174,88 257,05 49,65 25,14 4,81 0,7142 418  2 36739,378906 1
38,21 374 826 177,81 256,7 49,24 25,14 4,81 0,7248 418  3 36425,726562 1
38,25 363 828 172,18 254,62 48,99 25,14 4,81 0,7345 418  3 36394,65625 1
30,0 62 484 228,57 407,72 71,01 25,14 4,81 0,0192 400  1 43700,921875 1
30,02 101 550 214,62 403,73 66,65 25,14 4,81 0,0291 400  1 43656,207031 1
30,38 190 680 204,55 363,4 58,91 25,14 4,81 0,0683 400  1 42909,824219 1
31,58 286 790 202,55 342,27 53,13 25,14 4,81 0,1223 401  1 42022,324219 1
32,72 348 817 196,81 333,12 50,3 25,14 4,81 0,1786 402  1 41410,546875 1
34,53 397 822 195,28 312,48 49,72 25,14 4,81 0,2325 403  2 40933,800781 1
35,25 367 824 187,38 293,52 49,5 25,14 4,81 0,2831 406  2 40622,023437 1
35,82 403 836 191,23 289,77 48,13 25,14 4,81 0,3302 409  2 40163,164062 1
35,82 417 840 182,62 284,33 47,61 25,14 4,81 0,3732 411  2 39937,597656 1
36,25 382 829 185,68 283,17 48,92 25,14 4,81 0,4498 414  2 39530,574219 1
36,75 382 838 185,93 275,7 47,92 25,14 4,81 0,4836 415  2 39421,003906 1
37,02 405 836 182,19 278,7 48,07 25,14 4,81 0,5142 416  2 39024,390625 1
37,31 391 832 181,15 272,27 48,59 25,14 4,81 0,5427 417  2 38776,128906 1
37,77 392 832 185,93 269,34 48,54 25,14 4,81 0,5685 417  2 38635,675781 1
37,87 392 833 177,69 270,53 48,39 25,14 4,81 0,5922 417  2 38288,960937 1
38,09 381 829 179,01 265,54 48,95 25,14 4,81 0,6141 418  2 38083,902344 1
38,22 389 831 173,7 263,48 48,66 25,14 4,81 0,6338 418  2 37914,691406 1
38,2 359 821 181,58 263,66 49,84 25,14 4,81 0,6685 418  2 37780,402344 1
38,24 377 827 179,74 258,01 49,14 25,14 4,81 0,6837 418  2 37780,402344 1
38,35 347 820 176,91 258,79 49,96 25,14 4,81 0,6975 418  2 37481,699219 1
38,4 363 822 174,05 260,02 49,7 25,14 4,81 0,7104 418  2 37187,679687 1
38,35 357 821 177,44 254,02 49,92 25,14 4,81 0,7223 418  2 36834,53125 1
38,42 375 826 179,99 254,97 49,22 25,14 4,81 0,7331 418  3 36771,042969 1
38,38 359 814 179,68 256,09 50,74 25,14 4,81 0,743 418  3 36581,878906 1
30,14 77 508 224,12 415,38 69,44 25,14 4,82 0,0194 400  1 44107,511719 1
30,21 86 525 220,14 415,94 68,32 25,14 4,82 0,0277 400  1 44016,507812 1
30,28 175 661 212,52 369,73 60,06 25,14 4,82 0,0637 400  1 42780,75 1
31,34 289 793 199,15 352,62 53,02 25,14 4,82 0,1176 401  1 42398,144531 1
33,55 331 820 199,15 330,43 50,06 25,14 4,82 0,173 402  1 41653,109375 1
34,49 377 825 195,15 322,58 49,45 25,14 4,82 0,2274 403  2 41330,320312 1
35,24 372 826 189,04 298,93 49,34 25,14 4,82 0,2786 406  2 41051,957031 1
35,78 390 831 189,87 297,52 48,8 25,14 4,82 0,3261 409  2 40544,820312 1
36,31 397 834 195,81 286,35 48,39 25,14 4,82 0,4099 413  2 40238,917969 1
36,76 413 839 189,42 284,71 47,82 25,14 4,82 0,4469 414  2 40050,0625 1
37,15 392 832 190,32 281,36 48,57 25,14 4,82 0,4806 415  2 39788,621094 1
37,15 400 835 189,29 279,84 48,29 25,14 4,82 0,5114 416  2 39203,675781 1
37,46 387 831 183,99 279,18 48,75 25,14 4,82 0,5398 416  2 39060,117187 1
37,9 395 833 186,31 273,56 48,47 25,14 4,82 0,5658 416  2 38740,921875 1
38,06 399 834 181,88 268,34 48,33 25,14 4,82 0,5898 417  2 38740,921875 1
38,19 422 842 179,13 266,62 47,5 25,14 4,82 0,6118 417  2 38496,242187 1
38,39 394 833 179,44 262,32 48,52 25,14 4,82 0,6321 417  2 38323,351562 1
38,44 379 826 180,05 264,46 49,34 25,14 4,82 0,6675 417  2 38016,039062 1
38,45 374 826 177,99 260,38 49,27 25,14 4,82 0,6824 417  2 37948,414062 1
38,5 372 825 174,17 255,57 49,37 25,14 4,82 0,6965 418  2 37613,871094 1
38,58 374 826 179,92 259,32 49,27 25,14 4,82 0,7094 418  2 37383,175781 1
38,62 359 821 176,85 260,2 49,89 25,14 4,82 0,7209 418  2 37415,960937 1
38,61 367 824 175,71 258,01 49,57 25,14 4,82 0,7314 418  3 37155,296875 1
38,65 366 824 177,93 255,31 49,6 25,14 4,82 0,741 418  3 37090,699219 1
30,2 63 483 229,34 423,18 71,23 25,14 4,82 0,0191 400  1 44521,738281 1
30,22 70 495 225,03 421,18 70,39 25,14 4,82 0,0265 400  1 44107,511719 1
30,21 167 650 214,11 387,14 60,71 25,14 4,82 0,0588 400  1 43567,050781 1
32,22 266 776 205,1 347,52 53,89 25,14 4,82 0,1138 400  1 43083,136719 1
33,47 341 815 197,21 340,65 50,64 25,14 4,82 0,1714 401  1 42314,050781 1
34,35 425 843 194,23 315,78 47,4 25,14 4,82 0,2264 403  2 41775,457031 1
35,13 402 838 195,28 301,37 47,97 25,14 4,82 0,2779 405  2 41531,472656 1
35,81 377 827 189,17 299,94 49,2 25,14 4,82 0,3258 408  2 41250,402344 1
36,37 364 823 190,39 292,53 49,69 25,14 4,82 0,4111 412  2 40855,410156 1
36,82 427 843 185,11 287,71 47,36 25,14 4,82 0,4483 414  2 40506,328125 1
37,23 401 835 190,97 284,04 48,29 25,14 4,82 0,4825 415  2 40087,691406 1
37,55 359 834 192,53 280,6 48,43 25,14 4,82 0,5145 415  2 39714,550781 1
38,04 396 833 183,93 280,22 48,46 25,14 4,82 0,5435 416  2 39567,234375 1
38,2 400 835 183,8 276,92 48,33 25,14 4,82 0,5694 416  2 39239,730469 1
38,2 376 827 180,47 277,86 49,22 25,14 4,82 0,5934 417  2 38988,730469 1
38,36 355 820 185,43 273,38 49,87 25,14 4,82 0,6152 417  2 38917,605469 1
38,53 378 833 179,26 265,36 48,51 25,14 4,82 0,6538 417  2 38740,921875 1
38,55 396 833 181,39 266,53 48,47 25,14 4,82 0,6708 417  2 38565,832031 1
38,64 367 824 185,24 262,85 49,59 25,14 4,82 0,6863 417  2 38220,363281 1
38,71 371 825 181,02 261,79 49,44 25,14 4,82 0,7001 417  2 38016,039062 1
38,83 360 822 176,97 263,39 49,87 25,14 4,82 0,7129 417  2 37914,691406 1
38,81 353 827 178,11 263,66 49,19 25,14 4,82 0,7247 417  2 37713,613281 1
38,81 358 821 180,47 259,41 49,96 25,14 4,82 0,7353 418  3 37481,699219 1
38,85 346 817 174,11 254,71 50,48 25,14 4,82 0,7451 418  3 37415,960937 1
30,44 71 498 230,43 426,49 70,27 25,14 4,83 0,0191 400  1 45229,683594 1
30,42 77 510 222,91 431,72 69,46 25,14 4,83 0,0258 400  1 44849,335937 1
30,83 178 665 212,52 384,66 59,91 25,14 4,83 0,0592 400  1 44198,894531 1
32,09 289 793 204,2 359,0 53,1 25,14 4,83 0,114 400  1 43345,75 1
33,38 380 823 194,69 329,65 49,69 25,14 4,83 0,1716 401  1 43039,675781 1
34,4 393 832 197,01 318,57 48,61 25,14 4,83 0,2271 403  2 42356,054687 1
35,25 398 834 196,14 310,16 48,41 25,14 4,83 0,2792 405  2 42188,53125 1
35,94 415 839 189,04 300,15 47,81 25,14 4,83 0,3729 411  2 41734,59375 1
36,52 445 849 188,59 296,71 46,78 25,14 4,83 0,4144 413  2 41131,105469 1
37,06 390 832 193,57 293,82 48,7 25,14 4,83 0,452 414  2 40699,523437 1
37,45 401 829 189,68 290,36 48,99 25,14 4,83 0,4867 415  2 40467,910156 1
38,18 390 832 186,75 286,65 48,7 25,14 4,83 0,5183 416  2 40353,089844 1
38,37 405 837 182,07 284,81 48,03 25,14 4,83 0,5477 416  2 39900,25 1
38,57 382 829 185,74 277,76 48,99 25,14 4,83 0,5744 416  2 39825,761719 1
38,74 421 841 189,42 275,24 47,61 25,14 4,83 0,5991 417  2 39493,984375 1
38,88 365 823 180,72 276,26 49,72 25,14 4,83 0,6411 417  2 39421,003906 1
39,0 359 821 185,05 268,79 49,96 25,14 4,83 0,6599 417  2 39312,039062 1
39,04 373 826 177,69 266,98 49,37 25,14 4,83 0,677 417  2 39060,117187 1
39,04 370 825 179,62 273,94 49,47 25,14 4,83 0,6932 417  2 38496,242187 1
39,16 360 823 182,62 266,98 49,74 25,14 4,83 0,7069 418  2 38461,539062 1
39,25 385 830 174,64 267,43 48,92 25,14 4,83 0,7202 418  2 38392,320312 1
39,27 366 823 179,01 260,73 49,69 25,14 4,83 0,7322 418  3 38049,941406 1
39,31 371 825 180,29 261,88 49,24 25,14 4,83 0,743 418  3 38049,941406 1
39,24 365 829 179,74 260,73 49,02 25,14 4,83 0,7526 418  3 37813,886719 1
30,85 66 488 231,76 447,03 70,99 25,14 4,84 0,0189 400  1 46309,695312 1
30,8 59 474 230,51 441,02 71,93 25,14 4,84 0,0246 400  1 45665,359375 1
32,15 179 666 212,38 400,74 59,87 25,14 4,84 0,059 400  1 45181,785156 1
33,39 320 759 209,45 365,12 54,87 25,14 4,84 0,1161 401  1 44290,65625 1
34,6 378 827 198,95 334,71 49,22 25,14 4,84 0,1761 402  1 43880,699219 1
35,55 412 839 194,36 319,65 47,92 25,14 4,84 0,2326 403  2 43170,320312 1
35,55 405 836 193,96 317,06 48,2 25,14 4,84 0,3345 409  2 42996,304687 1
36,33 407 837 191,62 310,8 48,12 25,14 4,84 0,3794 411  2 42567,34375 1
36,99 393 852 192,79 305,27 46,51 25,14 4,84 0,4209 413  2 41939,710937 1
37,52 408 837 191,1 298,93 48,1 25,14 4,84 0,459 414  2 41491,085937 1
38,4 442 848 184,3 296,91 46,91 25,14 4,84 0,4936 415  2 41290,324219 1
38,77 409 837 189,42 285,39 48,07 25,14 4,84 0,5259 416  2 40973,113281 1
38,99 426 830 184,99 279,08 48,95 25,14 4,84 0,5554 417  2 40816,328125 1
39,16 368 824 180,72 283,08 49,6 25,14 4,84 0,5821 417  2 40544,820312 1
39,34 414 839 184,11 278,05 47,89 25,14 4,84 0,607 417  2 40314,960937 1
39,55 373 826 186,88 275,14 49,4 25,14 4,84 0,6504 418  2 39937,597656 1
39,62 397 834 181,02 274,31 48,49 25,14 4,84 0,6689 418  2 40012,503906 1
39,76 387 830 180,11 277,11 48,95 25,14 4,84 0,6861 418  2 39493,984375 1
39,8 385 830 179,44 270,25 48,95 25,14 4,84 0,701 418  2 39493,984375 1
39,97 397 834 180,47 269,43 48,49 25,14 4,84 0,7155 418  2 39421,003906 1
39,99 367 824 183,0 268,07 49,65 25,14 4,84 0,7281 418  2 38953,132812 1
39,99 380 824 181,02 265,72 49,59 25,14 4,84 0,7401 418  3 38917,605469 1
39,97 373 826 180,96 267,25 49,44 25,14 4,84 0,7502 418  3 38670,695312 1
39,99 353 819 178,95 266,62 50,25 25,14 4,84 0,7682 418  3 38565,832031 1
31,33 56 512 238,44 441,17 69,42 25,14 4,85 0,0191 400  1 48365,765625 1
31,35 73 496 237,4 447,79 70,51 25,14 4,85 0,0254 400  1 47904,191406 1
32,23 179 666 216,66 412,44 59,93 25,14 4,85 0,0605 400  1 46159,394531 1
33,62 314 806 206,64 353,81 51,97 25,14 4,85 0,1194 401  1 45229,683594 1
34,84 365 823 200,37 341,11 49,77 25,14 4,85 0,1799 402  1 44708,347656 1
35,88 372 830 198,95 332,56 48,95 25,14 4,85 0,237 403  2 44336,683594 1
36,73 400 835 197,88 322,48 48,39 25,14 4,85 0,3403 409  2 43835,617187 1
37,5 443 848 198,21 314,92 46,91 25,14 4,85 0,3869 411  2 43345,75 1
38,17 409 838 193,18 306,1 48,08 25,14 4,85 0,4287 413  2 42609,855469 1
38,54 402 835 192,92 309,95 48,33 25,14 4,85 0,4674 414  2 42567,34375 1
38,95 414 845 186,12 297,92 47,29 25,14 4,85 0,5028 415  2 42272,125 1
39,34 389 844 190,77 291,34 47,36 25,14 4,85 0,5356 416  2 41898,527344 1
39,59 422 842 187,76 291,64 47,63 25,14 4,85 0,5659 417  2 41491,085937 1
39,86 398 834 194,16 284,9 48,47 25,14 4,85 0,5933 417  2 41330,320312 1
40,07 358 828 186,94 284,81 49,14 25,14 4,85 0,6413 418  2 40933,800781 1
40,25 405 836 190,13 279,18 48,23 25,14 4,85 0,6621 418  2 40738,382812 1
40,37 389 831 191,55 285,19 48,82 25,14 4,85 0,6812 418  2 40467,910156 1
40,45 380 828 184,93 273,94 49,19 25,14 4,85 0,6978 418  2 40314,960937 1
40,64 398 834 182,87 275,7 48,49 25,14 4,85 0,7133 418  2 39975,015625 1
40,71 382 829 184,93 278,52 49,05 25,14 4,85 0,7276 418  2 39788,621094 1
40,72 397 834 179,5 268,43 48,52 25,14 4,85 0,7411 418  2 39640,753906 1
40,72 356 820 180,96 269,61 50,14 25,14 4,85 0,7525 418  3 39421,003906 1
40,78 376 827 181,21 268,34 49,34 25,14 4,85 0,7629 418  3 39275,851562 1
40,79 371 822 183,86 269,79 49,91 25,14 4,85 0,7815 418  3 39384,617187 1
31,75 83 520 237,4 448,7 68,88 25,14 4,86 0,0193 400  1 49259,1875 1
31,76 74 504 234,52 461,17 69,98 25,14 4,86 0,023 400  1 48613,75 1
32,36 266 641 226,41 424,47 61,37 25,14 4,86 0,0554 400  1 47796,863281 1
33,72 352 819 211,38 353,93 50,33 25,14 4,86 0,1159 400  1 46209,386719 1
35,07 373 826 202,41 346,58 49,49 25,14 4,86 0,1782 401  1 45470,691406 1
36,14 384 829 200,37 332,45 49,04 25,14 4,86 0,2915 406  2 45086,296875 1
37,17 404 836 196,47 325,66 48,29 25,14 4,86 0,3424 409  2 44521,738281 1
37,97 416 833 195,81 319,54 48,67 25,14 4,86 0,3895 411  2 43971,144531 1
38,6 408 837 195,94 312,8 48,16 25,14 4,86 0,4323 413  2 43301,757812 1
39,12 413 839 191,68 309,64 47,98 25,14 4,86 0,4723 414  2 42953,019531 1
39,9 458 853 192,07 301,88 46,45 25,14 4,86 0,5079 415  2 42695,128906 1
40,24 436 836 188,46 288,89 48,29 25,14 4,86 0,5413 416  2 42314,050781 1
40,5 419 841 187,38 287,71 47,74 25,14 4,86 0,5711 417  2 42105,261719 1
40,69 381 828 197,47 288,3 49,17 25,14 4,86 0,5985 417  2 41734,59375 1
40,69 400 835 186,81 282,6 48,44 25,14 4,86 0,6457 418  2 41734,59375 1
40,87 387 831 187,57 284,62 48,92 25,14 4,86 0,6661 418  2 41330,320312 1
41,07 401 835 185,55 283,27 48,39 25,14 4,86 0,6849 418  2 41012,496094 1
41,19 393 834 186,12 283,17 48,54 25,14 4,86 0,7023 418  2 40699,523437 1
41,34 367 824 184,8 284,23 49,74 25,14 4,86 0,718 418  2 40583,386719 1
41,44 390 831 183,8 273,94 48,82 25,14 4,86 0,7318 418  2 40391,289062 1
41,46 369 825 187,7 281,64 49,64 25,14 4,86 0,7451 418  2 40125,390625 1
41,47 374 821 181,82 280,79 50,08 25,14 4,86 0,7572 418  3 40012,503906 1
41,44 351 819 182,69 269,7 50,36 25,14 4,86 0,7774 418  3 39825,761719 1
41,5 374 826 180,9 272,64 49,45 25,14 4,86 0,7862 418  3 39677,621094 1
32,2 84 522 248,49 465,88 68,81 25,14 4,87 0,0197 400  1 50215,769531 1
32,39 73 501 245,32 459,46 70,2 25,14 4,87 0,0225 400  1 49401,773437 1
32,39 258 760 212,38 385,83 54,89 25,14 4,87 0,0529 400  1 48475,667969 1
33,74 308 804 211,52 371,1 52,33 25,14 4,87 0,1138 400  1 46715,328125 1
35,11 382 829 202,83 348,7 49,14 25,14 4,87 0,1774 401  1 46159,394531 1
36,33 388 832 209,31 336,3 48,79 25,14 4,87 0,2948 405  2 45567,816406 1
37,45 407 837 200,1 328,87 48,2 25,14 4,87 0,3471 409  2 45038,707031 1
38,32 398 834 199,29 325,55 48,52 25,14 4,87 0,3944 411  2 44016,507812 1
38,95 396 833 193,77 314,92 48,62 25,14 4,87 0,4381 413  2 43835,617187 1
40,04 411 838 195,41 310,27 48,08 25,14 4,87 0,4784 414  2 43478,261719 1
40,4 431 845 194,82 295,31 47,37 25,14 4,87 0,5157 415  2 43083,136719 1
40,76 411 838 186,69 293,62 48,08 25,14 4,87 0,5503 416  2 42780,75 1
41,01 426 843 192,92 294,41 47,53 25,14 4,87 0,5809 416  2 42524,917969 1
41,29 398 834 197,34 294,91 48,56 25,14 4,87 0,6339 417  2 42314,050781 1
41,45 401 835 188,91 288,2 48,43 25,14 4,87 0,6566 417  2 41898,527344 1
41,66 402 836 187,76 288,69 48,33 25,14 4,87 0,678 418  2 41531,472656 1
41,77 392 832 185,87 280,98 48,77 25,14 4,87 0,6972 418  2 41250,402344 1
41,87 365 823 185,87 281,64 49,82 25,14 4,87 0,7153 418  2 41290,324219 1
41,98 373 834 186,56 281,55 48,54 25,14 4,87 0,7313 418  2 40855,410156 1
42,08 380 834 182,07 277,29 48,57 25,14 4,87 0,7461 418  2 40738,382812 1
42,1 346 817 184,05 275,24 50,62 25,14 4,87 0,7604 418  3 40467,910156 1
42,14 370 825 185,68 273,84 49,64 25,14 4,87 0,7831 418  3 40353,089844 1
42,21 392 832 182,32 281,55 48,79 25,14 4,87 0,7932 418  3 40353,089844 1
42,16 377 827 185,24 268,25 49,34 25,14 4,87 0,8029 418  3 39937,597656 1
32,55 76 508 244,57 463,67 69,79 25,14 4,87 0,0205 400  1 50483,140625 1
32,63 134 603 229,5 433,03 63,72 25,14 4,87 0,0224 400  1 49834,535156 1
33,62 246 747 218,14 399,52 55,6 25,14 4,87 0,051 400  1 49117,421875 1
35,15 291 806 213,75 370,6 52,08 25,14 4,87 0,1131 400  1 48256,363281 1
36,46 359 821 208,18 349,17 50,09 25,14 4,87 0,2383 403  2 46817,847656 1
37,63 403 836 202,83 337,44 48,39 25,14 4,87 0,2961 405  2 46209,386719 1
37,63 393 832 203,17 337,89 48,74 25,14 4,87 0,3485 408  2 45181,785156 1
38,51 427 843 196,94 329,09 47,53 25,14 4,87 0,3975 411  2 44661,550781 1
39,89 423 842 202,21 317,6 47,65 25,14 4,87 0,4425 413  2 44290,65625 1
40,39 399 842 201,39 311,01 47,65 25,14 4,87 0,4829 414  2 43835,617187 1
40,83 395 833 197,21 304,14 48,67 25,14 4,87 0,5204 415  2 43611,585937 1
41,26 384 829 193,18 305,17 49,1 25,14 4,87 0,5544 416  2 43345,75 1
41,52 417 841 195,55 299,54 47,79 25,14 4,87 0,614 417  2 43039,675781 1
41,77 394 833 197,94 296,51 48,72 25,14 4,87 0,6399 417  2 42695,128906 1
42,0 398 834 190,77 292,03 48,56 25,14 4,87 0,6637 417  2 42524,917969 1
42,13 392 832 188,78 292,92 48,79 25,14 4,87 0,6855 417  2 42063,753906 1
42,3 423 842 185,68 284,42 47,66 25,14 4,87 0,7049 418  2 41734,59375 1
42,52 403 823 187,76 284,04 49,91 25,14 4,87 0,7236 418  2 41491,085937 1
42,62 387 830 189,81 284,04 48,99 25,14 4,87 0,7396 418  2 41290,324219 1
42,68 392 832 186,56 279,27 48,8 25,14 4,87 0,7538 418  2 41170,792969 1
42,73 375 827 190,45 280,79 49,45 25,14 4,87 0,7675 418  3 40894,570312 1
42,73 377 825 187,83 280,79 49,62 25,14 4,87 0,7904 418  3 40816,328125 1
42,81 390 831 183,12 273,38 48,89 25,14 4,87 0,8006 418  3 40467,910156 1
42,76 379 828 186,18 280,6 49,32 25,14 4,87 0,8093 418  3 40163,164062 1
32,89 68 512 246,73 475,92 69,53 25,14 4,88 0,0205 400  1 50783,574219 1
32,9 121 611 227,56 438,05 63,29 25,14 4,88 0,0201 400  1 50572,894531 1
33,52 242 743 220,51 406,34 55,86 25,14 4,88 0,044 400  1 49776,394531 1
35,02 331 812 215,06 371,23 51,29 25,14 4,88 0,1706 401  1 49089,164062 1
36,44 375 827 212,96 365,12 49,45 25,14 4,88 0,2325 403  2 48338,367187 1
37,74 367 824 208,53 352,62 49,77 25,14 4,88 0,2897 405  2 46259,488281 1
38,71 395 833 204,0 341,0 48,7 25,14 4,88 0,3441 408  2 45665,359375 1
40,15 397 838 200,91 328,76 48,16 25,14 4,88 0,394 410  2 45373,980469 1
40,76 410 838 199,96 326,87 48,16 25,14 4,88 0,4389 412  2 44943,820312 1
40,76 431 845 192,92 317,39 47,4 25,14 4,88 0,4797 413  2 44429,019531 1
41,25 401 835 193,31 305,89 47,0 25,14 4,88 0,5168 414  2 44016,507812 1
41,6 406 843 197,01 305,48 47,63 25,14 4,88 0,5503 415  2 43925,875 1
41,92 419 841 195,68 299,03 47,82 25,14 4,88 0,6101 416  2 43611,585937 1
42,23 407 837 195,35 299,23 48,26 25,14 4,88 0,6356 416  2 43257,855469 1
42,47 382 829 194,49 295,61 49,19 25,14 4,88 0,659 417  2 42780,75 1
42,66 413 830 191,94 287,03 49,09 25,14 4,88 0,6808 417  2 42567,34375 1
42,9 367 824 188,4 288,79 49,81 25,14 4,88 0,7004 417  2 42230,285156 1
43,05 404 836 186,37 286,16 48,36 25,14 4,88 0,7189 417  2 42022,324219 1
43,12 377 827 188,65 284,04 49,4 25,14 4,88 0,7347 417  2 41898,527344 1
43,19 360 821 191,68 282,6 50,09 25,14 4,88 0,75 417  2 41612,484375 1
43,25 364 825 192,2 280,6 49,64 25,14 4,88 0,7756 417  3 41450,777344 1
43,28 393 832 182,56 278,33 48,8 25,14 4,88 0,7873 417  3 41250,402344 1
43,31 377 827 187,07 278,14 49,4 25,14 4,88 0,7979 417  3 40855,410156 1
43,34 368 824 188,14 278,7 49,75 25,14 4,88 0,8076 417  3 40738,382812 1
33,22 77 509 250,01 475,11 69,79 25,14 4,88 0,0205 400  1 51271,78125 1
33,25 119 580 236,19 448,24 65,23 25,14 4,88 0,0201 400  1 51179,527344 1
33,51 211 707 218,43 416,64 57,78 25,14 4,88 0,0425 400  1 50423,476562 1
34,87 313 806 214,98 375,91 51,52 25,14 4,88 0,1707 401  1 49631,640625 1
36,37 339 823 206,5 372,11 49,91 25,14 4,88 0,234 403  2 48586,070312 1
37,73 406 837 209,1 360,95 48,33 25,14 4,88 0,2928 405  2 46766,53125 1
38,84 428 844 204,07 338,7 47,55 25,14 4,88 0,3483 408  2 46109,511719 1
40,38 388 831 203,51 332,67 48,99 25,14 4,88 0,3977 410  2 45861,699219 1
41,01 419 844 203,51 326,87 47,47 25,14 4,88 0,444 412  2 45325,777344 1
41,49 422 842 201,19 309,64 47,74 25,14 4,88 0,4862 414  2 44802,238281 1
41,92 423 842 198,01 310,59 47,73 25,14 4,88 0,5256 415  2 44614,847656 1
42,29 437 847 192,92 300,76 47,23 25,14 4,88 0,592 416  2 44244,730469 1
42,59 397 834 195,15 300,35 48,66 25,14 4,88 0,6213 416  2 43971,144531 1
42,84 418 838 193,31 300,86 48,16 25,14 4,88 0,6471 417  2 43478,261719 1
42,84 408 837 195,81 301,06 48,26 25,14 4,88 0,6714 417  2 43170,320312 1
43,24 409 838 189,74 289,77 48,2 25,14 4,88 0,6932 417  2 42996,304687 1
43,35 373 826 191,94 290,95 49,59 25,14 4,88 0,7134 417  2 42609,855469 1
43,45 369 827 188,65 286,35 49,44 25,14 4,88 0,7312 417  2 42398,144531 1
43,55 400 835 189,55 288,2 48,54 25,14 4,88 0,7473 417  2 42272,125 1
43,63 377 827 187,76 289,57 49,44 25,14 4,88 0,7627 417  2 42063,753906 1
43,69 392 832 188,91 287,13 48,85 25,14 4,88 0,7883 417  3 41816,398437 1
43,75 388 831 188,53 284,81 48,99 25,14 4,88 0,799 417  3 41612,484375 1
43,76 367 824 185,93 277,11 49,81 25,14 4,88 0,8087 417  3 41330,320312 1
43,79 367 824 190,97 279,65 49,84 25,14 4,88 0,8182 418  3 41091,492187 1
33,46 69 494 249,93 490,47 70,84 25,14 4,88 0,0216 400  1 52085,453125 1
33,52 105 581 239,01 453,74 65,14 25,14 4,88 0,021 400  1 51832,355469 1
34,61 248 749 226,72 407,03 55,56 25,14 4,88 0,1024 400  1 50844,089844 1
34,61 308 804 218,43 383,62 52,42 25,14 4,88 0,1694 401  1 50127,277344 1
36,21 366 824 214,4 372,36 49,86 25,14 4,88 0,2339 403  2 49316,125 1
37,7 426 843 211,45 354,41 47,61 25,14 4,88 0,2943 405  2 48147,453125 1
38,79 407 831 203,51 341,34 48,95 25,14 4,88 0,3496 408  2 46715,328125 1
40,48 432 845 203,86 333,35 47,42 25,14 4,88 0,3991 410  2 46209,386719 1
41,14 414 839 199,83 323,35 48,07 25,14 4,88 0,4454 412  2 45911,046875 1
41,72 414 839 203,17 318,57 48,05 25,14 4,88 0,4872 413  2 45373,980469 1
42,13 448 845 202,14 311,64 47,45 25,14 4,88 0,5269 414  2 45086,296875 1
42,57 429 844 194,69 308,8 47,53 25,14 4,88 0,5941 416  2 44661,550781 1
42,89 412 839 196,54 305,27 48,12 25,14 4,88 0,6244 416  2 44244,730469 1
43,15 401 835 198,75 298,32 48,54 25,14 4,88 0,651 416  2 43880,699219 1
43,39 440 848 192,66 293,32 47,15 25,14 4,88 0,6754 417  2 43478,261719 1
43,73 403 844 191,62 301,57 47,52 25,14 4,88 0,698 417  2 43478,261719 1
43,82 402 835 189,17 288,01 48,51 25,14 4,88 0,7171 417  2 43083,136719 1
43,82 387 831 192,79 285,39 49,05 25,14 4,88 0,7343 417  2 42780,75 1
43,93 360 821 197,01 284,62 50,14 25,14 4,88 0,7516 417  2 42567,34375 1
43,97 398 829 195,08 288,49 49,2 25,14 4,88 0,7797 417  3 42482,574219 1
44,03 412 839 185,74 281,74 48,13 25,14 4,88 0,792 417  3 42398,144531 1
44,09 385 830 188,27 283,08 49,14 25,14 4,88 0,8034 417  3 41775,457031 1
44,14 376 827 185,8 279,93 49,49 25,14 4,88 0,8135 417  3 41612,484375 1
44,16 380 828 187,13 281,64 49,34 25,14 4,88 0,8224 417  3 41450,777344 1
33,75 62 480 252,99 491,63 71,81 25,14 4,89 0,0214 400  1 52373,160156 1
33,74 104 557 240,79 468,41 66,74 25,14 4,89 0,0209 400  1 52117,265625 1
34,41 229 728 225,42 421,04 56,7 25,14 4,89 0,1032 400  1 51333,46875 1
36,0 288 802 216,66 384,14 52,7 25,14 4,89 0,1707 401  1 50483,140625 1
37,51 325 810 214,91 374,38 51,66 25,14 4,89 0,2343 403  2 49060,941406 1
38,79 390 831 212,96 357,66 48,95 25,14 4,89 0,2948 405  2 48393,195312 1
39,71 399 834 209,38 351,9 48,62 25,14 4,89 0,349 408  2 48012,003906 1
40,56 417 829 205,8 340,3 49,19 25,14 4,89 0,4001 410  2 46562,386719 1
41,32 427 843 198,41 325,11 47,61 25,14 4,89 0,4477 412  2 46159,394531 1
41,85 417 840 202,96 319,54 47,97 25,14 4,89 0,4894 413  2 45812,457031 1
42,31 415 839 199,42 308,91 48,05 25,14 4,89 0,5641 415  2 45325,777344 1
42,77 415 839 199,83 311,85 48,05 25,14 4,89 0,5965 416  2 44943,820312 1
43,11 413 839 198,28 305,48 48,13 25,14 4,89 0,6258 416  2 44336,683594 1
43,39 434 841 198,28 301,37 47,87 25,14 4,89 0,6515 416  2 44153,15625 1
43,86 389 831 194,16 298,32 48,99 25,14 4,89 0,6757 417  2 44061,960937 1
44,03 407 837 194,62 299,03 48,33 25,14 4,89 0,6974 417  2 43611,585937 1
44,14 390 836 191,1 288,98 48,47 25,14 4,89 0,7187 417  2 43434,0 1
44,21 375 826 192,46 298,12 49,55 25,14 4,89 0,7366 417  2 43126,683594 1
44,35 391 832 193,77 287,42 48,92 25,14 4,89 0,7529 417  2 43083,136719 1
44,36 390 832 189,62 288,89 48,95 25,14 4,89 0,7824 417  3 42823,6875 1
44,44 375 826 191,1 285,1 49,57 25,14 4,89 0,7943 417  3 42398,144531 1
44,44 414 821 190,19 283,65 50,19 25,14 4,89 0,8058 417  3 42063,753906 1
44,44 377 827 186,5 282,41 49,49 25,14 4,89 0,8156 417  3 41980,976562 1
44,52 351 818 188,27 285,87 50,54 25,14 4,89 0,8254 417  3 41693,8125 1
33,9 65 494 254,54 495,64 70,89 25,14 4,89 0,022 400  1 52892,5625 1
33,89 116 576 241,04 461,8 65,58 25,14 4,89 0,0214 400  1 52794,390625 1
34,25 224 722 224,96 433,77 57,06 25,14 4,89 0,1098 400  1 51895,398437 1
35,76 320 808 222,53 397,5 51,9 25,14 4,89 0,1797 401  1 50904,753906 1
37,34 384 830 215,2 376,04 49,22 25,14 4,89 0,2464 403  2 49487,726562 1
38,66 371 834 209,24 359,73 48,67 25,14 4,89 0,3065 405  2 48892,285156 1
40,56 423 842 211,73 346,58 47,77 25,14 4,89 0,3631 408  2 48229,089844 1
41,33 408 837 203,58 333,69 48,33 25,14 4,89 0,4146 411  2 46613,253906 1
41,91 410 838 203,86 324,23 48,26 25,14 4,89 0,4639 413  2 46360,015625 1
42,52 433 829 204,83 320,08 49,29 25,14 4,89 0,5076 414  2 46159,394531 1
42,52 411 838 197,34 314,71 48,23 25,14 4,89 0,5852 416  2 45567,816406 1
42,86 423 842 199,76 316,53 47,81 25,14 4,89 0,6181 416  2 45277,679687 1
43,32 398 834 195,22 305,17 48,69 25,14 4,89 0,6477 417  2 44896,527344 1
43,58 414 839 195,68 308,18 48,12 25,14 4,89 0,6745 417  2 44429,019531 1
44,05 400 835 198,41 303,42 47,65 25,14 4,89 0,6996 417  2 44244,730469 1
44,26 377 832 198,21 302,39 48,92 25,14 4,89 0,7226 418  2 43835,617187 1
44,37 380 828 193,9 296,01 49,37 25,14 4,89 0,7433 418  2 43478,261719 1
44,52 414 839 190,06 291,34 48,12 25,14 4,89 0,7616 418  2 43434,0 1
44,58 378 833 192,92 285,87 48,85 25,14 4,89 0,7934 418  3 43301,757812 1
44,65 389 831 187,83 294,01 49,04 25,14 4,89 0,8073 418  3 42953,019531 1
44,76 402 835 190,77 287,62 48,57 25,14 4,89 0,819 418  3 42737,898437 1
44,76 395 833 187,38 285,87 48,8 25,14 4,89 0,8294 418  3 42398,144531 1
44,78 363 823 188,53 288,4 50,06 25,14 4,89 0,8394 418  3 42188,53125 1
44,8 380 816 187,45 286,35 50,9 25,14 4,89 0,8488 418  3 41980,976562 1
34,02 71 498 261,35 499,52 70,7 25,14 4,9 0,0235 400  1 53322,222656 1
34,1 93 538 249,17 477,21 68,04 25,14 4,9 0,0382 400  1 53255,667969 1
34,13 197 689 233,97 437,9 58,91 25,14 4,9 0,1017 400  1 52181,003906 1
35,35 266 801 221,63 411,32 52,84 25,14 4,9 0,1704 401  1 50753,371094 1
37,01 346 817 213,17 379,49 50,79 25,14 4,9 0,2353 402  2 49805,449219 1
39,59 359 821 213,32 368,6 50,25 25,14 4,9 0,2967 405  2 49430,390625 1
40,47 425 834 211,09 351,19 48,72 25,14 4,9 0,354 408  2 48669,203125 1
41,32 414 835 206,08 338,58 48,67 25,14 4,9 0,4059 410  2 48174,632812 1
41,94 413 839 207,69 327,31 48,2 25,14 4,9 0,4531 412  2 46766,53125 1
42,55 436 846 201,32 321,82 47,37 25,14 4,9 0,535 414  2 46309,695312 1
42,99 443 848 203,17 318,46 47,15 25,14 4,9 0,5717 415  2 45911,046875 1
43,42 423 842 201,19 313,22 47,84 25,14 4,9 0,6044 415  2 45229,683594 1
43,77 398 834 197,88 306,82 47,94 25,14 4,9 0,6345 416  2 44896,527344 1
44,03 409 839 193,77 319,0 48,13 25,14 4,9 0,6615 416  2 44708,347656 1
44,28 407 837 198,82 305,99 48,41 25,14 4,9 0,6861 416  2 44429,019531 1
44,44 402 835 194,49 302,8 48,61 25,14 4,9 0,7085 416  2 44016,507812 1
44,61 419 829 196,34 294,61 49,29 25,14 4,9 0,7289 417  2 44107,511719 1
44,68 373 826 193,05 302,08 49,69 25,14 4,9 0,7481 417  2 43700,921875 1
44,85 395 833 190,9 291,14 48,85 25,14 4,9 0,78 417  3 43434,0 1
44,89 359 821 193,64 294,41 50,26 25,14 4,9 0,7937 417  3 43214,042969 1
44,97 392 832 192,92 287,91 48,95 25,14 4,9 0,8068 417  3 42737,898437 1
44,96 355 823 193,05 288,69 50,08 25,14 4,9 0,8189 417  3 42695,128906 1
45,06 380 828 189,49 287,71 49,44 25,14 4,9 0,8297 417  3 42567,34375 1
45,0 402 835 189,04 282,89 48,59 25,14 4,9 0,8387 417  3 42272,125 1
34,22 63 512 257,4 507,53 69,82 25,14 4,9 0,0221 400  1 53623,796875 1
34,16 94 540 248,66 484,86 67,98 25,14 4,9 0,0368 400  1 53657,515625 1
35,0 203 697 234,6 436,42 58,55 25,14 4,9 0,1002 400  1 52566,734375 1
35,0 289 793 221,71 410,35 53,49 25,14 4,9 0,1692 401  1 50813,816406 1
36,66 334 813 217,62 387,27 51,4 25,14 4,9 0,2369 402  2 50304,578125 1
39,42 396 827 215,57 365,74 49,55 25,14 4,9 0,2992 405  2 49401,773437 1
40,43 392 832 206,5 341,34 48,99 25,14 4,9 0,3577 408  2 49004,59375 1
41,24 417 840 209,95 339,73 48,1 25,14 4,9 0,4089 410  2 48256,363281 1
41,93 427 843 203,58 330,65 47,73 25,14 4,9 0,457 412  2 47796,863281 1
42,57 395 839 201,73 321,6 48,26 25,14 4,9 0,5406 414  2 46562,386719 1
43,05 393 833 205,66 319,0 48,95 25,14 4,9 0,5769 415  2 46109,511719 1
43,48 405 836 199,15 311,64 48,51 25,14 4,9 0,6102 415  2 45470,691406 1
43,83 414 839 197,14 311,85 48,2 25,14 4,9 0,6411 416  2 45229,683594 1
44,39 410 838 200,1 310,59 48,33 25,14 4,9 0,6697 416  2 44802,238281 1
44,62 432 834 194,42 298,12 48,75 25,14 4,9 0,6941 416  2 44568,246094 1
44,77 375 827 194,16 299,34 49,65 25,14 4,9 0,7177 417  2 44429,019531 1
44,95 397 834 195,68 290,36 48,8 25,14 4,9 0,7401 417  2 44107,511719 1
44,95 394 833 193,64 293,62 48,95 25,14 4,9 0,7746 417  2 43880,699219 1
45,06 384 830 193,31 295,91 49,3 25,14 4,9 0,7897 417  3 43611,585937 1
45,14 406 827 196,81 292,13 49,65 25,14 4,9 0,8038 417  3 43301,757812 1
45,18 380 828 189,04 291,14 49,49 25,14 4,9 0,8161 417  3 43083,136719 1
45,23 388 831 190,77 290,06 49,15 25,14 4,9 0,827 417  3 42909,824219 1
45,24 377 821 191,16 289,96 50,35 25,14 4,9 0,8377 417  3 42652,449219 1
45,27 386 823 186,5 283,94 50,13 25,14 4,9 0,8468 417  3 42356,054687 1
34,34 75 505 254,54 510,63 70,34 25,14 4,9 0,0227 400  1 53860,71875 1
34,29 83 520 255,14 500,02 69,35 25,14 4,9 0,0361 400  1 53894,738281 1
34,71 179 666 235,0 458,06 60,34 25,14 4,9 0,0998 400  1 52117,265625 1
36,26 267 802 222,99 414,53 52,81 25,14 4,9 0,1703 401  1 51364,367187 1
39,17 326 810 219,47 386,62 51,78 25,14 4,9 0,2385 402  2 50363,957031 1
40,24 395 833 212,16 356,94 48,92 25,14 4,9 0,3011 405  2 49631,640625 1
40,24 387 830 214,62 356,33 49,25 25,14 4,9 0,3587 408  2 49089,164062 1
41,13 417 836 208,25 337,89 48,64 25,14 4,9 0,4115 410  2 48669,203125 1
41,92 411 838 203,58 333,58 48,36 25,14 4,9 0,5041 413  2 47985,003906 1
42,57 428 844 204,2 329,2 47,73 25,14 4,9 0,5458 414  2 46664,234375 1
43,1 419 841 202,76 325,0 48,05 25,14 4,9 0,5836 415  2 46109,511719 1
43,59 391 832 199,36 309,75 49,07 25,14 4,9 0,6184 415  2 45665,359375 1
44,23 393 832 204,48 311,43 47,76 25,14 4,9 0,6479 416  2 45422,285156 1
44,47 429 842 200,84 308,49 47,95 25,14 4,9 0,677 416  2 45086,296875 1
44,72 411 838 197,47 303,62 48,36 25,14 4,9 0,7025 416  2 44755,246094 1
44,91 422 842 196,14 298,53 47,97 25,14 4,9 0,726 417  2 44336,683594 1
45,01 417 832 197,07 299,44 49,04 25,14 4,9 0,7655 417  2 44336,683594 1
45,2 373 826 197,88 302,49 49,79 25,14 4,9 0,7817 417  2 44107,511719 1
45,29 382 829 195,68 299,44 49,44 25,14 4,9 0,798 417  3 43835,617187 1
45,33 378 827 191,87 300,86 49,6 25,14 4,9 0,8111 417  3 43257,855469 1
45,39 374 826 194,03 291,24 49,74 25,14 4,9 0,8246 417  3 43170,320312 1
45,45 388 828 194,16 294,11 49,52 25,14 4,9 0,8362 417  3 42953,019531 1
45,47 341 815 186,75 291,73 51,12 25,14 4,9 0,8468 417  3 42737,898437 1
45,51 387 830 193,31 290,55 49,25 25,14 4,9 0,8556 417  3 42524,917969 1
34,73 50 484 256,79 519,87 71,86 25,14 4,91 0,0216 400  1 54479,675781 1
34,74 69 495 255,4 510,46 71,11 25,14 4,91 0,0333 400  1 53422,371094 1
34,75 187 677 237,23 449,16 59,75 25,14 4,91 0,0949 400  1 52599,136719 1
37,81 249 751 226,72 419,62 55,77 25,14 4,91 0,1656 401  1 51738,074219 1
39,2 341 815 222,23 398,98 51,15 25,14 4,91 0,2346 402  2 50783,574219 1
40,4 390 832 211,3 363,64 49,15 25,14 4,91 0,2988 405  2 50068,453125 1
41,38 402 835 212,38 357,3 48,7 25,14 4,91 0,3565 408  2 49602,789062 1
42,21 426 843 206,57 341,11 47,84 25,14 4,91 0,4101 410  2 49004,59375 1
42,89 440 848 209,31 337,67 48,13 25,14 4,91 0,5062 413  2 48641,460937 1
43,49 404 839 205,59 331,21 48,29 25,14 4,91 0,5467 414  2 48147,453125 1
44,0 453 852 206,08 325,44 46,94 25,14 4,91 0,5859 415  2 46259,488281 1
44,0 408 837 202,55 320,62 48,49 25,14 4,91 0,6204 415  2 45960,503906 1
44,78 417 840 206,01 317,6 48,16 25,14 4,91 0,6515 416  2 45861,699219 1
45,07 416 846 201,8 308,39 47,52 25,14 4,91 0,6799 416  2 45616,535156 1
45,34 378 827 199,83 307,76 49,65 25,14 4,91 0,7051 416  2 45086,296875 1
45,55 387 830 197,21 302,6 49,29 25,14 4,91 0,7292 416  2 44991,210937 1
45,71 432 845 193,77 302,39 47,66 25,14 4,91 0,7691 417  2 44802,238281 1
45,86 372 826 197,01 302,08 49,87 25,14 4,91 0,7881 417  2 44429,019531 1
45,96 426 835 196,41 305,89 48,72 25,14 4,91 0,8035 417  3 43835,617187 1
46,02 390 831 199,76 295,21 49,19 25,14 4,91 0,8187 417  3 43611,585937 1
46,18 380 828 193,57 293,12 49,55 25,14 4,91 0,8318 417  3 43567,050781 1
46,19 411 830 198,82 292,53 49,34 25,14 4,91 0,8426 417  3 43257,855469 1
46,19 373 835 190,19 297,12 48,8 25,14 4,91 0,8529 417  3 43214,042969 1
46,19 388 831 193,64 290,55 49,24 25,14 4,91 0,8619 417  3 42996,304687 1
35,16 68 493 263,48 527,49 71,35 25,14 4,91 0,0226 400  1 54864,980469 1
35,08 59 476 260,38 521,28 72,52 25,14 4,91 0,0332 400  1 54031,238281 1
35,15 160 667 237,4 464,93 60,38 25,14 4,91 0,0939 400  1 53123,054687 1
37,72 270 773 231,37 426,2 54,66 25,14 4,91 0,1659 401  1 52181,003906 1
39,18 382 829 217,1 375,02 49,54 25,14 4,91 0,2355 402  2 51457,285156 1
40,43 384 830 219,84 375,4 49,44 25,14 4,91 0,2987 404  2 50753,371094 1
41,49 402 839 217,4 354,17 48,33 25,14 4,91 0,358 408  2 50097,847656 1
42,4 418 840 209,38 346,11 48,2 25,14 4,91 0,4627 412  2 49573,972656 1
43,18 394 833 209,31 340,3 49,07 25,14 4,91 0,5085 413  2 49060,941406 1
43,77 434 846 209,95 335,61 47,63 25,14 4,91 0,5522 414  2 48012,003906 1
44,33 421 842 205,45 329,54 48,07 25,14 4,91 0,5904 415  2 46715,328125 1
45,15 410 838 206,57 330,77 48,47 25,14 4,91 0,6242 415  2 46460,980469 1
45,37 388 833 206,78 323,35 49,09 25,14 4,91 0,6555 415  2 46410,441406 1
45,65 416 840 201,73 318,89 48,26 25,14 4,91 0,6836 416  2 45911,046875 1
45,65 399 834 206,22 308,49 48,89 25,14 4,91 0,7099 416  2 45519,203125 1
45,89 381 833 198,14 306,1 49,04 25,14 4,91 0,7539 416  2 45325,777344 1
46,05 404 836 199,22 305,68 48,69 25,14 4,91 0,7726 416  2 45133,992187 1
46,23 353 819 200,3 305,58 50,69 25,14 4,91 0,7895 416  2 44708,347656 1
46,37 382 829 196,08 302,6 49,52 25,14 4,91 0,8063 417  3 44429,019531 1
46,43 372 826 198,48 302,39 49,92 25,14 4,91 0,821 417  3 44061,960937 1
46,52 389 831 197,01 301,06 49,24 25,14 4,91 0,8336 417  3 43790,625 1
46,56 384 829 194,29 294,51 49,45 25,14 4,91 0,8452 417  3 43745,726562 1
46,54 377 827 195,41 295,21 49,72 25,14 4,91 0,8561 417  3 43434,0 1
46,61 360 822 192,66 292,62 50,42 25,14 4,91 0,8657 417  3 43257,855469 1
35,17 53 463 267,16 529,46 73,45 25,14 4,91 0,0235 400  1 55220,015625 1
35,17 69 495 263,39 522,16 71,27 25,14 4,91 0,0322 400  1 54514,480469 1
37,14 142 615 242,76 473,67 63,53 25,14 4,91 0,0909 400  1 53255,667969 1
37,14 253 755 234,92 431,42 55,63 25,14 4,91 0,165 401  1 52341,035156 1
38,81 374 826 219,39 385,05 49,89 25,14 4,91 0,2385 402  2 51863,855469 1
40,18 350 818 218,87 379,74 50,9 25,14 4,91 0,3066 404  2 50935,136719 1
41,32 424 842 215,42 359,97 48,02 25,14 4,91 0,3678 408  2 50304,578125 1
42,23 390 837 209,38 353,45 48,66 25,14 4,91 0,4771 412  2 49747,375 1
43,05 402 835 211,23 343,31 48,84 25,14 4,91 0,5233 413  2 49089,164062 1
43,68 434 846 205,38 336,41 47,68 25,14 4,91 0,5657 414  2 48174,632812 1
44,26 389 831 205,03 327,31 49,3 25,14 4,91 0,6048 415  2 47716,683594 1
45,17 416 840 206,22 325,33 48,33 25,14 4,91 0,6398 415  2 46817,847656 1
45,51 378 832 201,32 320,08 49,25 25,14 4,91 0,6728 416  2 46209,386719 1
45,75 395 833 205,59 314,71 49,09 25,14 4,91 0,7031 416  2 45960,503906 1
46,03 381 828 201,73 307,97 49,62 25,14 4,91 0,7285 416  2 45665,359375 1
46,23 388 831 198,35 301,17 49,37 25,14 4,91 0,772 417  2 45373,980469 1
46,37 406 837 200,1 312,06 48,67 25,14 4,91 0,7913 417  2 45229,683594 1
46,47 370 829 203,17 304,14 49,5 25,14 4,91 0,8076 417  3 44475,332031 1
46,57 389 831 202,0 303,93 49,32 25,14 4,91 0,823 417  3 44568,246094 1
46,66 382 829 197,01 300,15 49,59 25,14 4,91 0,8376 417  3 44244,730469 1
46,72 407 825 201,05 299,84 50,08 25,14 4,91 0,8499 417  3 43880,699219 1
46,73 358 820 192,2 293,12 50,67 25,14 4,91 0,8615 417  3 43925,875 1
46,8 356 820 194,75 294,81 50,64 25,14 4,91 0,8717 417  3 43656,207031 1
46,81 362 822 195,81 292,23 50,4 25,14 4,91 0,8901 417  3 43522,613281 1
35,19 65 487 266,44 527,67 71,9 25,14 4,91 0,0269 400  1 55041,925781 1
35,19 45 498 260,11 535,04 71,15 25,14 4,91 0,0336 400  1 54619,160156 1
36,61 163 645 245,32 473,03 61,83 25,14 4,91 0,087 400  1 53623,796875 1
38,45 320 808 223,29 408,68 52,27 25,14 4,91 0,1605 401  1 52664,0625 1
39,8 341 815 221,56 390,83 51,31 25,14 4,91 0,2315 402  2 51926,976562 1
41,01 399 829 218,14 372,87 49,65 25,14 4,91 0,2963 404  2 51118,210937 1
42,0 401 835 213,1 364,75 48,92 25,14 4,91 0,4102 409  2 50542,941406 1
42,83 412 838 215,06 360,58 48,52 25,14 4,91 0,462 411  2 49747,375 1
42,83 405 836 211,09 351,9 48,77 25,14 4,91 0,5099 412  2 49032,753906 1
43,54 388 831 209,31 335,5 49,4 25,14 4,91 0,5525 413  2 48311,003906 1
44,71 397 840 206,92 330,43 48,39 25,14 4,91 0,5912 413  2 48093,179687 1
45,15 376 842 206,29 332,79 48,13 25,14 4,91 0,6257 414  2 46664,234375 1
45,46 412 838 203,86 319,0 48,52 25,14 4,91 0,6574 414  2 46259,488281 1
45,82 424 842 199,96 316,96 48,08 25,14 4,91 0,6871 415  2 46259,488281 1
46,05 396 838 200,91 311,32 48,56 25,14 4,91 0,7363 415  2 45714,285156 1
46,24 382 829 201,73 308,91 49,62 25,14 4,91 0,7579 415  2 45470,691406 1
46,38 366 824 196,61 305,89 50,26 25,14 4,91 0,7785 415  2 45086,296875 1
46,55 386 830 203,86 303,62 49,49 25,14 4,91 0,7974 415  3 44896,527344 1
46,66 398 834 197,81 304,65 49,04 25,14 4,91 0,8125 415  3 44382,800781 1
46,78 381 831 197,88 302,9 49,34 25,14 4,91 0,826 415  3 44198,894531 1
46,86 376 827 192,53 296,21 49,89 25,14 4,91 0,8395 415  3 44153,15625 1
46,87 376 827 196,87 297,01 49,89 25,14 4,91 0,852 415  3 43700,921875 1
46,87 369 824 191,1 295,91 50,18 25,14 4,91 0,8627 415  3 43567,050781 1
46,92 348 814 191,03 294,01 51,42 25,14 4,91 0,8814 416  3 43434,0 1
35,38 60 476 261,61 539,41 72,71 25,14 4,91 0,0245 400  1 55471,289062 1
35,3 51 458 265,99 542,89 73,98 25,14 4,91 0,0303 400  1 54759,359375 1
36,18 136 648 246,48 473,35 61,73 25,14 4,91 0,0848 400  1 53792,8125 1
37,85 316 807 227,72 412,71 52,51 25,14 4,91 0,1565 401  1 52761,746094 1
39,43 366 824 223,89 398,58 50,33 25,14 4,91 0,2263 402  2 52085,453125 1
40,75 399 834 219,02 379,36 49,04 25,14 4,91 0,292 404  2 51240,992187 1
41,77 398 838 217,25 362,66 48,57 25,14 4,91 0,4093 409  2 50453,292969 1
42,65 405 836 212,81 356,45 48,84 25,14 4,91 0,4598 411  2 49921,996094 1
43,44 392 832 210,95 345,29 49,3 25,14 4,91 0,5078 412  2 48808,390625 1
44,07 437 847 208,32 337,55 47,68 25,14 4,91 0,5492 413  2 48558,421875 1
45,06 401 835 211,95 334,14 48,95 25,14 4,91 0,5876 413  2 47985,003906 1
45,44 427 844 205,59 321,28 48,02 25,14 4,91 0,6218 414  2 46715,328125 1
45,44 410 838 205,38 321,28 48,66 25,14 4,91 0,6537 414  2 46460,980469 1
45,8 404 836 200,78 315,35 48,85 25,14 4,91 0,6832 415  2 46059,734375 1
46,03 426 843 200,91 311,64 48,08 25,14 4,91 0,7335 415  2 45861,699219 1
46,24 388 831 203,86 314,61 49,47 25,14 4,91 0,7541 415  2 45519,203125 1
46,48 381 829 202,14 307,76 49,62 25,14 4,91 0,7742 415  2 44991,210937 1
46,57 405 836 203,03 308,59 48,84 25,14 4,91 0,7917 415  3 44755,246094 1
46,71 415 840 198,48 304,86 48,44 25,14 4,91 0,8077 415  3 44475,332031 1
46,8 371 833 202,14 300,76 49,22 25,14 4,91 0,8221 415  3 44382,800781 1
46,86 358 825 195,81 298,83 50,18 25,14 4,91 0,8348 415  3 44290,65625 1
46,94 380 828 197,47 299,03 49,77 25,14 4,91 0,8481 416  3 43880,699219 1
46,97 384 829 194,95 299,84 49,64 25,14 4,91 0,8679 416  3 43611,585937 1
46,92 364 823 192,92 298,93 50,42 25,14 4,91 0,8749 416  3 43567,050781 1
35,34 56 470 266,17 543,25 73,26 25,14 4,92 0,024 400  1 55761,273437 1
35,41 52 461 266,62 547,69 73,9 25,14 4,92 0,0276 400  1 54864,980469 1
35,73 216 713 232,31 455,59 58,12 25,14 4,92 0,0744 400  1 53894,738281 1
37,38 293 814 225,72 411,6 51,62 25,14 4,92 0,1474 401  1 52827,074219 1
39,0 350 818 225,87 399,66 51,07 25,14 4,92 0,2191 402  1 52212,929687 1
40,35 386 830 224,73 379,23 49,59 25,14 4,92 0,3472 406  2 51240,992187 1
41,49 416 840 216,88 371,48 48,49 25,14 4,92 0,4065 409  2 50453,292969 1
42,45 414 839 213,61 357,91 48,56 25,14 4,92 0,4601 410  2 49776,394531 1
43,27 431 845 212,45 350,95 47,94 25,14 4,92 0,5071 411  2 49089,164062 1
44,46 438 847 210,8 342,96 47,73 25,14 4,92 0,5518 412  2 48641,460937 1
44,96 445 838 211,38 336,98 48,64 25,14 4,92 0,5902 413  2 48174,632812 1
45,4 417 840 208,68 324,67 48,46 25,14 4,92 0,6257 413  2 47743,378906 1
45,74 426 842 205,24 322,91 48,2 25,14 4,92 0,6571 414  2 46460,980469 1
45,99 402 835 201,87 317,06 48,99 25,14 4,92 0,7139 414  2 46159,394531 1
46,23 378 827 200,57 308,28 49,92 25,14 4,92 0,738 414  2 45812,457031 1
46,44 393 832 205,45 311,43 49,34 25,14 4,92 0,7588 415  2 45616,535156 1
46,44 377 827 199,49 312,59 49,96 25,14 4,92 0,7782 415  2 45086,296875 1
46,56 386 827 199,96 303,93 49,99 25,14 4,92 0,7969 415  3 44802,238281 1
46,76 407 837 199,83 312,06 48,82 25,14 4,92 0,8137 415  3 44849,335937 1
46,88 400 835 195,81 304,14 49,07 25,14 4,92 0,8278 415  3 44336,683594 1
46,96 385 830 197,61 308,18 49,65 25,14 4,92 0,8414 415  3 44429,019531 1
46,97 349 832 194,23 301,98 49,34 25,14 4,92 0,8535 415  3 44016,507812 1
47,03 360 822 192,66 300,86 50,64 25,14 4,92 0,8747 415  3 43700,921875 1
47,0 359 821 195,81 307,24 50,69 25,14 4,92 0,8844 415  3 43522,613281 1
35,43 59 478 267,97 538,86 72,79 25,14 4,92 0,0243 400  1 55507,371094 1
35,5 60 477 265,54 551,41 72,83 25,14 4,92 0,0282 400  1 55041,925781 1
36,84 240 740 236,03 449,16 56,68 25,14 4,92 0,0748 400  1 54065,46875 1
38,61 302 802 227,64 415,94 53,33 25,14 4,92 0,1479 401  1 53090,003906 1
39,95 387 809 225,03 402,92 52,27 25,14 4,92 0,2202 402  1 52085,453125 1
41,21 408 837 218,28 383,62 48,82 25,14 4,92 0,3496 406  2 51271,78125 1
41,21 382 829 216,08 371,98 49,79 25,14 4,92 0,4063 409  2 50542,941406 1
42,2 425 843 211,73 358,39 48,2 25,14 4,92 0,4578 410  2 49747,375 1
43,05 402 835 210,38 351,66 49,04 25,14 4,92 0,5052 411  2 49032,753906 1
44,33 424 842 212,88 348,7 48,26 25,14 4,92 0,5485 412  2 48613,75 1
44,84 406 837 206,99 335,27 48,89 25,14 4,92 0,5886 413  2 48393,195312 1
45,31 430 844 205,66 328,76 48,05 25,14 4,92 0,6234 413  2 47931,097656 1
45,69 404 836 203,58 323,24 48,99 25,14 4,92 0,6569 414  2 46613,253906 1
45,98 406 837 202,83 313,97 48,89 25,14 4,92 0,7121 414  2 46309,695312 1
46,23 388 833 202,21 314,18 49,37 25,14 4,92 0,7369 414  2 46010,066406 1
46,38 410 838 204,0 318,14 48,75 25,14 4,92 0,7593 415  2 45422,285156 1
46,62 403 836 199,49 313,75 49,02 25,14 4,92 0,7788 415  2 45373,980469 1
46,87 378 828 202,0 307,34 49,96 25,14 4,92 0,7964 415  3 44943,820312 1
46,95 369 824 206,08 305,68 50,45 25,14 4,92 0,8124 415  3 44943,820312 1
46,98 382 829 198,55 297,92 49,82 25,14 4,92 0,8282 415  3 44429,019531 1
46,98 381 829 198,21 305,27 49,84 25,14 4,92 0,8425 415  3 44336,683594 1
47,06 374 826 193,96 295,51 50,11 25,14 4,92 0,8675 415  3 44198,894531 1
47,1 353 819 198,61 296,71 51,0 25,14 4,92 0,877 415  3 44016,507812 1
47,1 366 820 197,47 296,91 50,9 25,14 4,92 0,8853 415  3 43611,585937 1
35,38 63 483 265,63 545,1 72,52 25,14 4,92 0,0239 400  1 55615,902344 1
35,3 113 482 270,43 551,22 72,59 25,14 4,92 0,0261 400  1 55255,773437 1
36,25 230 729 234,28 448,09 57,34 25,14 4,92 0,0674 400  1 54340,902344 1
37,96 314 806 231,52 421,47 52,77 25,14 4,92 0,1382 400  1 52991,097656 1
39,54 336 813 224,73 404,01 51,78 25,14 4,92 0,2748 403  2 52437,527344 1
40,8 392 832 223,14 385,83 49,47 25,14 4,92 0,3361 406  2 51800,890625 1
41,86 443 840 215,79 375,02 48,54 25,14 4,92 0,3934 408  2 50127,277344 1
42,76 415 839 213,24 360,95 48,64 25,14 4,92 0,4458 409  2 49660,523437 1
44,18 405 836 208,53 345,64 48,99 25,14 4,92 0,4924 411  2 49174,03125 1
44,18 422 842 215,49 345,88 48,36 25,14 4,92 0,536 411  2 48836,320312 1
44,76 402 840 206,92 330,09 48,61 25,14 4,92 0,5745 412  2 48393,195312 1
45,19 397 834 207,13 334,37 49,3 25,14 4,92 0,6102 413  2 47770,105469 1
45,58 393 832 208,46 329,76 49,45 25,14 4,92 0,643 413  2 46766,53125 1
45,88 421 841 200,57 317,71 48,43 25,14 4,92 0,6994 413  2 46613,253906 1
46,16 407 837 206,15 319,22 48,92 25,14 4,92 0,7244 414  2 46259,488281 1
46,38 423 826 204,62 319,54 50,23 25,14 4,92 0,7476 414  2 45567,816406 1
46,58 380 828 201,59 311,85 49,96 25,14 4,92 0,769 414  2 45277,679687 1
46,84 386 830 202,41 309,43 49,72 25,14 4,92 0,7876 414  2 45181,785156 1
46,85 411 838 198,55 305,06 48,77 25,14 4,92 0,8046 414  3 44708,347656 1
47,01 399 834 196,14 308,18 49,2 25,14 4,92 0,82 414  3 44661,550781 1
47,01 363 822 196,67 307,45 50,64 25,14 4,92 0,8333 414  3 44244,730469 1
47,02 369 824 199,09 301,57 50,4 25,14 4,92 0,8572 414  3 44107,511719 1
47,05 361 822 196,87 302,9 50,71 25,14 4,92 0,8677 414  3 43880,699219 1
47,06 366 824 196,67 297,82 50,5 25,14 4,92 0,8758 414  3 43611,585937 1
35,39 57 470 270,43 545,28 73,48 25,14 4,92 0,0243 400  1 55870,796875 1
35,43 119 580 251,54 502,4 66,09 25,14 4,92 0,0255 400  1 55471,289062 1
35,76 211 709 234,2 447,49 58,49 25,14 4,92 0,0607 400  1 53997,046875 1
37,39 299 801 232,31 426,2 53,58 25,14 4,92 0,1316 400  1 53355,566406 1
39,09 370 825 220,36 401,55 50,38 25,14 4,92 0,2683 403  2 52405,324219 1
40,41 383 829 221,86 387,93 49,87 25,14 4,92 0,3307 406  2 51863,855469 1
41,55 419 841 215,57 374,26 48,52 25,14 4,92 0,3878 408  2 50453,292969 1
42,53 421 842 224,88 363,03 48,44 25,14 4,92 0,4412 409  2 49863,652344 1
44,0 390 842 212,45 352,14 48,41 25,14 4,92 0,4885 410  2 49344,640625 1
44,58 407 837 209,1 340,65 48,95 25,14 4,92 0,5323 411  2 48920,3125 1
45,05 432 845 207,13 341,92 48,08 25,14 4,92 0,5715 412  2 48503,222656 1
45,54 390 831 204,55 325,55 49,62 25,14 4,92 0,6071 412  2 48039,03125 1
45,82 432 836 203,17 322,48 49,1 25,14 4,92 0,6706 413  2 47796,863281 1
46,08 398 834 203,31 321,06 49,32 25,14 4,92 0,6986 413  2 46613,253906 1
46,08 406 837 205,31 324,78 48,99 25,14 4,92 0,7235 413  2 46109,511719 1
46,3 400 835 200,23 316,53 49,22 25,14 4,92 0,7459 413  2 45665,359375 1
46,67 410 838 201,46 316,53 48,85 25,14 4,92 0,7655 413  2 45519,203125 1
46,78 382 834 202,0 306,72 49,34 25,14 4,92 0,7837 413  2 45325,777344 1
46,9 389 831 197,01 305,48 49,64 25,14 4,92 0,8011 413  3 44991,210937 1
46,94 391 832 197,21 305,99 49,57 25,14 4,92 0,8159 413  3 44661,550781 1
47,02 417 840 197,74 305,06 48,61 25,14 4,92 0,8426 413  3 44521,738281 1
47,01 389 835 199,56 298,12 49,15 25,14 4,92 0,8548 413  3 44153,15625 1
47,06 360 822 196,54 298,02 50,79 25,14 4,92 0,8662 413  3 44153,15625 1
47,15 379 828 195,08 300,86 50,02 25,14 4,92 0,875 413  3 43567,050781 1
35,39 59 463 267,43 548,98 74,05 25,14 4,92 0,0237 400  1 55724,859375 1
35,49 116 576 255,31 513,75 66,47 25,14 4,92 0,0236 400  1 55471,289062 1
36,87 211 707 241,69 465,25 58,69 25,14 4,92 0,0521 400  1 54584,222656 1
36,87 294 798 230,82 434,5 53,86 25,14 4,92 0,1946 401  1 53522,894531 1
38,54 358 825 224,35 405,38 50,43 25,14 4,92 0,261 403  2 52181,003906 1
39,98 408 837 220,96 383,62 48,99 25,14 4,92 0,3238 405  2 51026,511719 1
41,19 395 833 216,0 376,8 49,47 25,14 4,92 0,3827 409  2 50662,972656 1
43,08 418 841 213,46 366,24 48,61 25,14 4,92 0,4364 411  2 50186,238281 1
43,87 412 839 217,25 356,21 48,82 25,14 4,92 0,4856 413  2 49459,042969 1
44,4 413 839 209,67 342,38 48,8 25,14 4,92 0,5294 415  2 49202,382812 1
44,95 414 839 208,68 336,3 48,75 25,14 4,92 0,5697 416  2 48558,421875 1
45,39 421 841 201,87 326,87 48,52 25,14 4,92 0,6079 417  2 48311,003906 1
45,73 422 842 201,94 329,2 48,47 25,14 4,92 0,6747 418  2 47958,035156 1
46,07 429 834 203,51 319,87 49,3 25,14 4,92 0,7015 418  2 46664,234375 1
46,26 408 837 205,31 319,76 48,99 25,14 4,92 0,7273 418  2 46309,695312 1
46,52 364 823 200,84 318,03 50,71 25,14 4,92 0,7496 418  2 45714,285156 1
46,79 386 830 202,96 313,22 49,81 25,14 4,92 0,7697 419  2 45470,691406 1
46,93 385 835 199,63 310,06 49,24 25,14 4,92 0,7881 419  2 45277,679687 1
46,93 419 841 195,55 307,76 48,59 25,14 4,92 0,8051 419  3 44943,820312 1
47,01 395 833 199,49 307,03 49,47 25,14 4,92 0,8205 419  3 44849,335937 1
47,08 382 829 196,21 305,17 49,96 25,14 4,92 0,8481 419  3 44849,335937 1
47,1 395 833 198,14 308,28 49,45 25,14 4,92 0,8593 419  3 44198,894531 1
47,12 375 828 194,23 300,96 50,08 25,14 4,92 0,8688 419  3 44107,511719 1
47,13 385 830 194,42 301,47 49,84 25,14 4,92 0,8776 419  3 44016,507812 1
35,42 63 482 270,53 543,99 72,59 25,14 4,92 0,0242 400  1 56017,503906 1
35,39 120 583 255,92 500,02 66,09 25,14 4,92 0,0234 400  1 55834,242187 1
36,25 220 718 242,76 466,51 58,14 25,14 4,92 0,0461 400  1 54654,140625 1
37,96 288 792 229,11 422,9 54,22 25,14 4,92 0,1962 401  1 53590,121094 1
39,57 353 819 228,57 414,11 51,19 25,14 4,92 0,2665 403  2 52859,796875 1
40,83 369 826 220,51 386,88 50,4 25,14 4,92 0,3314 405  2 51210,242187 1
41,94 416 840 215,2 376,16 48,72 25,14 4,92 0,3888 407  2 50783,574219 1
42,84 375 826 212,96 368,6 50,3 25,14 4,92 0,4441 409  2 50215,769531 1
43,6 477 859 214,84 347,05 46,69 25,14 4,92 0,4938 410  2 49602,789062 1
44,22 404 838 207,69 338,81 48,89 25,14 4,92 0,5398 411  2 49202,382812 1
44,86 419 841 209,88 338,92 48,61 25,14 4,92 0,5796 411  2 48976,46875 1
45,26 435 846 205,45 330,88 48,07 25,14 4,92 0,6516 412  2 48448,144531 1
45,65 436 846 202,28 327,31 48,03 25,14 4,92 0,6825 412  2 48201,84375 1
46,01 417 840 206,71 326,21 48,7 25,14 4,92 0,7114 413  2 46562,386719 1
46,22 406 837 207,27 323,9 49,09 25,14 4,92 0,7361 413  2 46159,394531 1
46,62 403 838 201,05 316,31 48,95 25,14 4,92 0,7592 413  2 46059,734375 1
46,76 396 831 202,83 321,06 49,74 25,14 4,92 0,7791 413  2 45665,359375 1
46,87 376 827 197,81 309,43 50,26 25,14 4,92 0,7968 413  2 45519,203125 1
46,95 421 837 198,35 305,06 49,09 25,14 4,92 0,8138 413  3 45133,992187 1
47,03 404 836 199,09 311,32 49,19 25,14 4,92 0,8443 413  3 44849,335937 1
47,12 405 836 196,08 301,57 49,15 25,14 4,92 0,8568 413  3 44614,847656 1
47,18 388 831 195,41 303,11 49,77 25,14 4,92 0,868 413  3 44382,800781 1
47,18 396 833 197,88 303,31 49,47 25,14 4,92 0,878 413  3 44061,960937 1
47,15 389 829 198,48 298,02 50,02 25,14 4,92 0,8882 413  3 43880,699219 1
35,48 58 473 264,37 561,01 73,45 25,14 4,92 0,0256 400  1 55980,757812 1
35,44 95 542 263,21 526,96 68,79 25,14 4,92 0,0246 400  1 55834,242187 1
35,78 207 720 239,82 459,61 58,04 25,14 4,92 0,1209 400  1 54935,621094 1
37,4 297 800 226,72 429,53 53,84 25,14 4,92 0,1946 401  1 53522,894531 1
39,03 328 811 224,12 414,96 52,36 25,14 4,92 0,2633 403  2 52085,453125 1
40,48 412 839 219,47 392,15 48,92 25,14 4,92 0,3283 405  2 51644,140625 1
42,52 411 838 216,88 376,8 48,95 25,14 4,92 0,3876 409  2 50935,136719 1
43,34 398 847 214,69 359,73 48,02 25,14 4,92 0,4405 411  2 50245,339844 1
44,06 442 848 214,84 347,29 47,87 25,14 4,92 0,4901 413  2 49747,375 1
44,6 412 839 211,09 343,31 48,92 25,14 4,92 0,5355 415  2 49430,390625 1
45,13 447 850 216,3 339,15 48,54 25,14 4,92 0,5748 416  2 48724,78125 1
45,53 415 840 204,13 332,56 48,8 25,14 4,92 0,646 417  2 48586,070312 1
45,53 424 843 204,62 321,82 48,47 25,14 4,92 0,6778 417  2 48311,003906 1
45,84 426 843 204,62 329,76 48,41 25,14 4,92 0,706 418  2 46766,53125 1
46,16 397 834 202,83 322,69 49,47 25,14 4,92 0,7323 418  2 46309,695312 1
46,54 414 839 210,8 320,62 48,64 25,14 4,92 0,7554 418  2 45960,503906 1
46,78 400 835 206,5 309,43 49,37 25,14 4,92 0,7762 418  2 45714,285156 1
46,87 398 834 199,42 310,8 49,44 25,14 4,92 0,7947 418  2 45616,535156 1
46,91 388 831 199,83 307,76 49,81 25,14 4,92 0,8118 419  3 45181,785156 1
47,03 428 844 197,61 301,37 48,36 25,14 4,92 0,8421 419  3 45181,785156 1
47,05 399 829 201,94 302,08 50,06 25,14 4,92 0,8556 419  3 44991,210937 1
47,13 403 836 198,41 303,11 49,27 25,14 4,92 0,8685 419  3 44290,65625 1
47,19 385 830 194,23 305,99 49,96 25,14 4,92 0,88 419  3 44290,65625 1
47,1 388 831 193,18 304,14 49,84 25,14 4,92 0,8892 419  3 43971,144531 1
35,48 73 501 264,73 546,57 71,59 25,14 4,92 0,0255 400  1 56276,105469 1
35,48 81 516 259,67 528,92 70,53 25,14 4,92 0,0246 400  1 55944,054687 1
35,54 212 708 241,61 474,95 58,79 25,14 4,92 0,1174 400  1 55363,320312 1
36,76 278 800 229,11 434,36 53,87 25,14 4,92 0,1918 401  1 53997,046875 1
38,56 372 826 226,49 406,34 50,48 25,14 4,92 0,2627 403  2 52566,734375 1
40,05 385 830 223,82 387,14 49,99 25,14 4,92 0,3272 405  2 51426,277344 1
42,28 393 832 219,39 374,13 49,65 25,14 4,92 0,3887 409  2 50753,371094 1
43,12 423 840 216,52 364,26 48,79 25,14 4,92 0,4435 411  2 50542,941406 1
43,86 448 850 209,45 351,78 47,71 25,14 4,92 0,4946 413  2 49863,652344 1
44,5 427 843 212,24 345,06 48,43 25,14 4,92 0,5386 414  2 49545,191406 1
44,95 434 846 210,52 343,66 48,16 25,14 4,92 0,6183 416  2 49145,710937 1
45,4 435 846 207,97 329,42 48,13 25,14 4,92 0,6522 417  2 48696,976562 1
45,76 432 845 211,09 331,89 48,23 25,14 4,92 0,6837 417  2 48066,089844 1
46,09 399 844 207,9 325,0 48,29 25,14 4,92 0,7105 418  2 46613,253906 1
46,57 415 840 203,72 321,93 48,84 25,14 4,92 0,7355 418  2 46460,980469 1
46,57 402 835 205,87 319,76 49,4 25,14 4,92 0,7584 418  2 46059,734375 1
46,72 415 839 201,32 313,86 48,95 25,14 4,92 0,7803 418  2 45911,046875 1
46,84 405 836 200,78 305,27 49,22 25,14 4,92 0,7994 418  2 45714,285156 1
47,0 396 833 199,76 315,14 49,55 25,14 4,92 0,8336 419  3 45567,816406 1
47,06 427 843 198,01 314,61 48,43 25,14 4,92 0,8471 419  3 45229,683594 1
47,12 393 833 199,49 303,93 49,65 25,14 4,92 0,8602 419  3 44991,210937 1
47,12 392 840 199,29 305,17 48,84 25,14 4,92 0,8724 419  3 44614,847656 1
47,15 399 834 196,61 298,43 49,45 25,14 4,92 0,8826 419  3 44475,332031 1
47,17 380 828 194,42 297,92 50,18 25,14 4,92 0,8918 419  3 44153,15625 1
35,55 67 490 270,53 557,41 72,37 25,14 4,92 0,0254 400  1 56128,042969 1
35,58 96 543 262,5 525,53 68,81 25,14 4,93 0,044 400  1 56091,148437 1
36,32 211 706 240,39 469,84 58,89 25,14 4,93 0,1143 400  1 55113,023437 1
38,11 288 791 236,35 436,86 54,37 25,14 4,93 0,1875 401  1 54306,320312 1
39,66 353 820 228,18 415,38 51,24 25,14 4,93 0,2585 403  2 52244,898437 1
39,66 393 832 220,44 395,48 49,7 25,14 4,93 0,3232 405  2 51832,355469 1
42,0 443 848 220,14 380,9 47,9 25,14 4,93 0,3824 408  2 51302,605469 1
42,91 433 845 213,75 353,09 48,23 25,14 4,93 0,4378 411  2 50453,292969 1
43,66 448 836 210,59 353,93 49,3 25,14 4,93 0,487 413  2 50186,238281 1
44,38 408 837 212,38 352,97 49,14 25,14 4,93 0,5338 414  2 49430,390625 1
44,87 427 843 207,69 334,93 48,46 25,14 4,93 0,6137 416  2 49316,125 1
45,31 439 847 207,69 334,14 48,03 25,14 4,93 0,6483 417  2 48530,804687 1
45,71 428 844 209,6 328,65 48,39 25,14 4,93 0,6795 417  2 48147,453125 1
46,01 471 857 203,65 324,12 46,97 25,14 4,93 0,7083 417  2 46766,53125 1
46,5 399 847 208,68 323,57 48,03 25,14 4,93 0,7344 418  2 46664,234375 1
46,68 441 848 202,96 315,89 47,97 25,14 4,93 0,7581 418  2 46209,386719 1
46,87 415 839 200,3 311,64 48,89 25,14 4,93 0,7806 418  2 45911,046875 1
46,98 413 839 204,69 314,39 48,95 25,14 4,93 0,8016 418  2 45960,503906 1
47,08 383 841 203,03 312,27 48,66 25,14 4,93 0,8338 418  3 45422,285156 1
47,08 387 831 198,21 307,97 49,91 25,14 4,93 0,8497 418  3 45373,980469 1
47,09 374 826 199,96 304,86 50,43 25,14 4,93 0,862 418  3 44802,238281 1
47,13 395 833 196,74 304,65 49,6 25,14 4,93 0,8732 418  3 44661,550781 1
47,2 384 830 196,41 299,34 50,02 25,14 4,93 0,8825 418  3 44429,019531 1
47,22 364 837 195,81 296,71 49,2 25,14 4,93 0,8929 418  3 44061,960937 1
35,54 64 485 274,68 560,25 72,74 25,14 4,93 0,0255 400  1 56350,429687 1
35,57 93 538 263,66 540,87 69,18 25,14 4,93 0,0436 400  1 56350,429687 1
35,84 185 713 250,18 472,87 58,53 25,14 4,93 0,116 400  1 55148,644531 1
37,49 284 788 234,44 439,98 54,59 25,14 4,93 0,193 401  1 53388,945312 1
39,14 348 818 230,9 415,38 51,54 25,14 4,93 0,265 403  2 52534,375 1
41,69 391 832 224,96 400,2 49,79 25,14 4,93 0,3318 405  2 51895,398437 1
42,62 395 846 220,88 370,1 48,2 25,14 4,93 0,3927 409  2 51148,851562 1
43,43 432 845 216,88 365,87 48,29 25,14 4,93 0,4499 411  2 50632,910156 1
44,15 417 840 216,96 353,33 48,82 25,14 4,93 0,5014 413  2 50097,847656 1
44,15 407 837 211,02 349,41 49,2 25,14 4,93 0,5898 416  2 49660,523437 1
44,71 408 837 210,09 336,98 49,15 25,14 4,93 0,6311 417  2 49660,523437 1
45,22 408 855 207,55 330,77 47,18 25,14 4,93 0,668 417  2 48530,804687 1
45,63 440 847 210,8 332,67 48,02 25,14 4,93 0,7006 418  2 48147,453125 1
46,23 457 853 207,27 323,24 47,45 25,14 4,93 0,7297 418  2 47743,378906 1
46,46 428 848 205,94 322,37 47,92 25,14 4,93 0,7566 418  2 46766,53125 1
46,67 444 849 200,84 315,14 47,87 25,14 4,93 0,7788 418  2 46309,695312 1
46,83 429 844 204,69 316,74 48,39 25,14 4,93 0,7985 419  2 46059,734375 1
46,91 392 832 204,9 315,78 49,75 25,14 4,93 0,8351 419  3 46109,511719 1
47,0 394 833 201,05 308,49 49,69 25,14 4,93 0,8526 419  3 45665,359375 1
47,12 400 835 202,0 310,69 49,44 25,14 4,93 0,8663 419  3 45519,203125 1
47,2 402 836 200,37 305,48 49,32 25,14 4,93 0,8795 419  3 45086,296875 1
47,18 397 834 198,55 301,06 49,55 25,14 4,93 0,8921 419  3 44614,847656 1
47,21 402 835 197,14 302,9 49,37 25,14 4,93 0,9006 419  3 44521,738281 1
47,21 377 827 197,47 301,06 50,67 25,14 4,93 0,9091 419  3 44475,332031 1
35,51 60 477 274,31 553,84 73,35 25,14 4,93 0,0258 400  1 56649,703125 1
35,56 77 510 264,37 549,36 71,08 25,14 4,93 0,039 400  1 56876,25 1
35,65 187 677 250,52 483,71 60,61 25,14 4,93 0,1056 400  1 54689,167969 1
36,95 311 805 233,41 449,61 53,28 25,14 4,93 0,1782 401  1 53691,273437 1
40,06 346 815 226,64 416,93 51,83 25,14 4,93 0,2496 402  2 52958,210937 1
41,28 404 829 223,44 394,55 50,11 25,14 4,93 0,3142 405  2 52149,113281 1
42,34 466 856 218,28 372,74 47,18 25,14 4,93 0,3752 408  2 51395,300781 1
43,22 441 848 217,4 364,75 48,02 25,14 4,93 0,43 410  2 51210,242187 1
43,98 453 849 214,55 358,27 47,89 25,14 4,93 0,5279 413  2 50363,957031 1
44,51 475 858 213,61 345,64 46,89 25,14 4,93 0,5694 414  2 50068,453125 1
45,06 444 849 207,62 339,73 47,9 25,14 4,93 0,6074 415  2 49259,1875 1
45,53 448 850 209,1 334,14 47,76 25,14 4,93 0,6421 416  2 48864,285156 1
45,89 408 837 206,92 331,77 49,19 25,14 4,93 0,6754 416  2 48365,765625 1
46,22 393 848 203,31 324,34 47,98 25,14 4,93 0,7055 416  2 48120,300781 1
46,45 433 845 204,97 319,11 48,29 25,14 4,93 0,7306 417  2 47823,648437 1
46,62 418 841 202,83 315,89 48,8 25,14 4,93 0,7569 417  2 46410,441406 1
46,84 421 841 205,87 323,35 48,7 25,14 4,93 0,7778 417  2 46209,386719 1
46,91 407 837 202,96 315,03 49,24 25,14 4,93 0,8139 417  3 46109,511719 1
47,08 419 841 198,82 313,22 48,79 25,14 4,93 0,8299 417  3 45911,046875 1
47,13 401 835 201,05 304,34 49,45 25,14 4,93 0,8476 417  3 45229,683594 1
47,22 402 835 197,61 308,39 49,4 25,14 4,93 0,8604 417  3 45133,992187 1
47,29 388 831 195,68 305,99 49,92 25,14 4,93 0,8715 417  3 44849,335937 1
47,28 375 827 198,41 305,99 50,45 25,14 4,93 0,8816 417  3 44849,335937 1
47,25 414 839 201,19 302,39 48,95 25,14 4,93 0,8916 417  3 44521,738281 1
35,56 76 481 269,34 558,35 73,16 25,14 4,93 0,0254 400  1 56687,332031 1
35,56 90 532 260,38 546,02 69,63 25,14 4,93 0,0372 400  1 56687,332031 1
35,56 200 693 246,9 484,37 59,75 25,14 4,93 0,1018 400  1 54724,242187 1
36,32 299 801 237,4 444,62 53,86 25,14 4,93 0,1779 401  1 53997,046875 1
39,66 346 817 229,65 421,75 51,68 25,14 4,93 0,2492 402  2 53024,027344 1
40,9 409 838 225,26 389,37 49,17 25,14 4,93 0,3156 405  2 52599,136719 1
42,01 447 850 216,96 374,13 47,84 25,14 4,93 0,3757 408  2 51581,703125 1
42,93 423 842 218,5 366,86 48,66 25,14 4,93 0,4321 410  2 51118,210937 1
43,7 453 852 212,67 353,93 47,63 25,14 4,93 0,5314 413  2 50783,574219 1
44,43 452 849 209,67 346,46 47,89 25,14 4,93 0,5722 414  2 50363,957031 1
44,92 429 844 211,88 337,89 48,44 25,14 4,93 0,6086 415  2 49430,390625 1
45,42 429 844 211,09 351,3 48,46 25,14 4,93 0,6441 416  2 48641,460937 1
46,09 426 843 205,45 333,69 48,54 25,14 4,93 0,6776 416  2 48724,78125 1
46,39 432 840 206,15 327,76 48,85 25,14 4,93 0,7049 416  2 48174,632812 1
46,65 437 847 202,76 318,89 48,16 25,14 4,93 0,7317 417  2 47716,683594 1
46,8 446 849 201,59 319,54 47,87 25,14 4,93 0,7558 417  2 46613,253906 1
46,93 418 840 206,15 316,74 48,85 25,14 4,93 0,7989 417  2 46460,980469 1
46,93 396 833 201,19 317,06 49,65 25,14 4,93 0,8189 417  3 46259,488281 1
47,04 414 831 199,83 308,28 49,92 25,14 4,93 0,8339 417  3 45861,699219 1
47,09 405 836 200,44 308,49 49,3 25,14 4,93 0,8479 417  3 45567,816406 1
47,23 418 840 197,34 307,97 48,85 25,14 4,93 0,861 417  3 45422,285156 1
47,32 397 834 196,41 301,68 49,64 25,14 4,93 0,871 417  3 45133,992187 1
47,24 382 836 198,28 307,03 49,32 25,14 4,93 0,8809 417  3 44943,820312 1
47,27 388 831 195,41 302,6 49,96 25,14 4,93 0,8915 417  3 44802,238281 1
35,6 63 483 272,92 547,13 73,03 25,14 4,93 0,0247 400  1 56914,183594 1
35,56 64 485 273,29 555,34 72,86 25,14 4,93 0,035 400  1 56239,015625 1
35,93 164 661 248,49 492,8 61,62 25,14 4,93 0,0963 400  1 54900,277344 1
39,17 280 783 237,48 443,87 54,89 25,14 4,93 0,1684 401  1 54134,066406 1
40,52 391 815 228,57 414,53 51,97 25,14 4,93 0,2382 402  2 53288,925781 1
41,7 412 832 224,65 389,9 49,84 25,14 4,93 0,3027 404  2 52502,050781 1
41,7 438 847 216,66 370,85 48,16 25,14 4,93 0,3659 407  2 51769,464844 1
42,69 431 845 218,65 365,74 48,41 25,14 4,93 0,4714 411  2 51302,605469 1
43,48 478 859 214,62 354,65 46,85 25,14 4,93 0,5171 413  2 50693,070312 1
44,17 446 849 210,59 345,29 47,89 25,14 4,93 0,5606 414  2 50186,238281 1
44,83 421 849 208,75 341,8 47,97 25,14 4,93 0,6013 414  2 49344,640625 1
45,29 429 844 215,13 339,38 48,46 25,14 4,93 0,6361 415  2 49004,59375 1
46,04 418 841 205,94 331,89 48,85 25,14 4,93 0,6678 415  2 48752,617187 1
46,27 433 845 204,69 323,79 48,33 25,14 4,93 0,6959 416  2 48201,84375 1
46,54 415 848 205,59 324,23 48,05 25,14 4,93 0,7231 416  2 48093,179687 1
46,7 404 836 202,83 321,71 49,37 25,14 4,93 0,7497 416  2 46817,847656 1
46,86 429 844 206,5 316,21 48,47 25,14 4,93 0,7895 416  2 46613,253906 1
47,02 432 845 200,44 314,29 48,36 25,14 4,93 0,8075 416  3 46309,695312 1
47,11 414 839 202,35 312,48 49,02 25,14 4,93 0,8242 416  3 46010,066406 1
47,16 427 844 200,23 312,48 48,52 25,14 4,93 0,8395 416  3 45519,203125 1
47,27 402 842 200,3 305,17 48,72 25,14 4,93 0,8521 416  3 45325,777344 1
47,25 402 835 199,96 307,97 49,47 25,14 4,93 0,8635 416  3 45181,785156 1
47,34 406 836 197,47 304,75 49,32 25,14 4,93 0,8738 416  3 44991,210937 1
47,29 389 831 201,73 305,17 49,96 25,14 4,93 0,8827 417  3 44802,238281 1
35,55 71 498 269,34 559,68 72,0 25,14 4,93 0,0242 400  1 56914,183594 1
35,61 66 488 270,43 547,5 72,71 25,14 4,93 0,0332 400  1 56499,667969 1
35,57 164 646 251,37 501,04 62,5 25,14 4,93 0,0924 400  1 55399,265625 1
38,71 289 798 237,72 446,58 54,17 25,14 4,93 0,171 401  1 54065,46875 1
40,17 398 834 230,9 404,01 49,6 25,14 4,93 0,2433 402  2 53322,222656 1
41,39 394 833 224,73 389,37 49,79 25,14 4,93 0,31 404  2 52958,210937 1
42,39 422 842 222,46 382,84 48,72 25,14 4,93 0,3714 408  2 52021,945312 1
43,21 475 848 220,66 368,23 48,03 25,14 4,93 0,4798 412  2 51364,367187 1
43,97 442 848 214,47 357,3 48,03 25,14 4,93 0,528 413  2 50813,816406 1
44,61 435 846 211,45 350,95 48,26 25,14 4,93 0,5701 414  2 49921,996094 1
44,61 458 853 216,88 346,7 47,52 25,14 4,93 0,6111 415  2 49573,972656 1
45,59 418 840 208,18 341,34 48,89 25,14 4,93 0,6454 415  2 49459,042969 1
45,93 440 841 206,78 334,93 48,77 25,14 4,93 0,6772 416  2 48948,375 1
46,19 460 854 204,83 330,88 47,45 25,14 4,93 0,7068 416  2 48530,804687 1
46,48 433 845 202,62 320,73 48,36 25,14 4,93 0,734 416  2 48256,363281 1
46,68 425 843 207,9 324,78 48,62 25,14 4,93 0,7824 417  2 47823,648437 1
46,87 409 838 202,96 318,57 49,22 25,14 4,93 0,8009 417  2 47770,105469 1
46,99 414 854 200,84 311,64 47,39 25,14 4,93 0,8189 417  3 46159,394531 1
47,13 425 843 201,73 312,27 48,62 25,14 4,93 0,8356 417  3 45960,503906 1
47,25 445 849 199,29 307,97 47,95 25,14 4,93 0,8498 417  3 45960,503906 1
47,27 445 849 198,35 307,97 47,92 25,14 4,93 0,8628 417  3 45422,285156 1
47,29 415 840 200,3 304,34 48,99 25,14 4,93 0,8764 417  3 45470,691406 1
47,34 399 834 195,41 302,29 49,59 25,14 4,93 0,8867 417  3 44991,210937 1
47,31 397 834 198,95 305,89 49,65 25,14 4,93 0,8951 417  3 44896,527344 1
35,58 84 522 272,55 568,46 70,39 25,14 4,93 0,0246 400  1 57066,429687 1
35,7 71 497 272,64 551,41 72,07 25,14 4,93 0,034 400  1 56091,148437 1
35,65 194 686 248,41 495,14 60,2 25,14 4,93 0,0941 400  1 55184,308594 1
38,25 283 786 237,72 458,21 54,77 25,14 4,93 0,171 401  1 54584,222656 1
39,73 413 839 232,23 408,55 49,09 25,14 4,93 0,2424 402  2 53388,945312 1
41,07 405 836 225,26 388,19 49,37 25,14 4,93 0,3098 404  2 52502,050781 1
42,12 449 850 223,06 382,06 47,81 25,14 4,93 0,3699 408  2 52212,929687 1
43,06 457 853 216,66 371,61 47,53 25,14 4,93 0,4772 412  2 51581,703125 1
43,81 473 864 214,33 355,85 46,4 25,14 4,93 0,5263 413  2 51026,511719 1
44,5 425 843 213,61 345,29 48,64 25,14 4,93 0,5705 414  2 50363,957031 1
44,95 423 842 215,27 353,09 48,7 25,14 4,93 0,6095 415  2 49776,394531 1
45,88 446 849 211,23 337,55 47,9 25,14 4,93 0,6469 415  2 49060,941406 1
46,18 451 853 207,83 330,43 47,58 25,14 4,93 0,6782 416  2 49117,421875 1
46,46 420 841 206,36 326,87 48,84 25,14 4,93 0,7086 416  2 48724,78125 1
46,46 448 850 210,88 322,15 47,84 25,14 4,93 0,735 416  2 48174,632812 1
46,72 438 847 207,83 326,87 48,2 25,14 4,93 0,7845 416  2 48174,632812 1
46,9 421 842 203,86 318,03 48,77 25,14 4,93 0,8044 417  2 48012,003906 1
46,99 424 842 205,45 321,82 48,67 25,14 4,93 0,822 417  3 46511,628906 1
47,11 413 844 204,76 316,74 48,51 25,14 4,93 0,8378 417  3 46159,394531 1
47,25 437 846 209,6 314,5 48,23 25,14 4,93 0,852 417  3 45960,503906 1
47,35 410 838 198,75 308,18 49,22 25,14 4,93 0,8646 417  3 45616,535156 1
47,34 400 844 202,55 308,59 48,56 25,14 4,93 0,8763 417  3 45325,777344 1
47,32 407 837 201,46 311,32 49,29 25,14 4,93 0,8877 417  3 45181,785156 1
47,35 389 831 199,02 308,28 49,99 25,14 4,93 0,905 417  3 44991,210937 1
35,66 78 505 274,96 561,01 71,56 25,14 4,93 0,0243 400  1 57334,828125 1
35,67 73 502 274,49 560,63 71,76 25,14 4,93 0,0314 400  1 56762,75 1
37,72 173 658 256,27 503,93 61,81 25,14 4,93 0,0906 400  1 55688,492187 1
37,72 333 780 240,63 459,46 55,11 25,14 4,93 0,1647 401  1 54514,480469 1
39,3 370 823 235,55 402,1 50,93 25,14 4,93 0,2354 402  2 53758,925781 1
40,67 447 850 225,42 391,62 47,9 25,14 4,93 0,3017 404  2 53090,003906 1
41,83 433 845 222,84 377,44 48,36 25,14 4,93 0,4181 409  2 52502,050781 1
42,79 436 846 219,02 363,77 48,26 25,14 4,93 0,4713 411  2 51581,703125 1
43,65 454 852 216,66 360,95 47,66 25,14 4,93 0,5171 412  2 51240,992187 1
44,3 419 853 213,46 349,76 47,52 25,14 4,93 0,5604 413  2 50156,738281 1
44,91 462 854 218,06 348,82 47,4 25,14 4,93 0,6001 414  2 49892,808594 1
45,76 471 857 212,24 335,84 47,1 25,14 4,93 0,6368 415  2 49401,773437 1
46,16 454 852 208,96 331,44 47,66 25,14 4,93 0,6687 415  2 49060,941406 1
46,42 438 845 205,94 327,42 48,44 25,14 4,93 0,7002 415  2 48724,78125 1
46,65 461 854 208,32 317,39 47,44 25,14 4,93 0,726 416  2 48724,78125 1
46,81 419 841 207,55 324,56 48,85 25,14 4,93 0,7729 416  2 48147,453125 1
46,97 404 836 206,92 315,67 49,4 25,14 4,93 0,7924 416  2 48093,179687 1
47,09 412 839 204,55 317,71 49,12 25,14 4,93 0,8094 416  3 46511,628906 1
47,23 425 846 205,1 320,19 48,26 25,14 4,93 0,8243 416  3 46309,695312 1
47,29 413 839 206,85 315,89 49,07 25,14 4,93 0,84 416  3 46159,394531 1
47,33 440 844 206,85 307,76 48,52 25,14 4,93 0,8529 416  3 45911,046875 1
47,34 393 832 199,49 305,27 49,84 25,14 4,93 0,8653 416  3 45567,816406 1
47,4 412 843 198,48 309,22 48,61 25,14 4,93 0,8748 416  3 45229,683594 1
47,39 394 833 199,83 303,72 49,79 25,14 4,93 0,8942 416  3 45470,691406 1
35,68 76 507 278,33 567,88 71,42 25,14 4,94 0,0241 400  1 57879,265625 1
35,68 85 495 276,64 556,28 72,25 25,14 4,94 0,0305 400  1 56800,53125 1
37,11 174 699 252,22 502,06 59,47 25,14 4,94 0,0879 400  1 55688,492187 1
38,78 356 820 235,08 433,91 51,33 25,14 4,94 0,1623 401  1 54689,167969 1
40,23 383 829 229,73 412,99 50,21 25,14 4,94 0,2339 402  2 53928,796875 1
41,42 414 839 226,64 398,44 49,04 25,14 4,94 0,3012 404  2 53189,277344 1
42,54 442 849 222,69 387,67 47,98 25,14 4,94 0,4217 409  2 52599,136719 1
43,36 458 853 219,17 370,85 47,52 25,14 4,94 0,4765 411  2 52212,929687 1
43,36 468 856 217,99 358,27 47,2 25,14 4,94 0,5222 412  2 50965,558594 1
44,11 475 859 220,51 354,53 46,97 25,14 4,94 0,5654 413  2 50453,292969 1
45,25 463 855 212,74 349,53 47,36 25,14 4,94 0,6052 414  2 50215,769531 1
45,68 460 853 211,02 339,96 47,55 25,14 4,94 0,6416 415  2 49660,523437 1
46,05 467 856 207,62 334,14 47,24 25,14 4,94 0,6753 415  2 49230,769531 1
46,33 463 855 208,32 324,01 47,37 25,14 4,94 0,7044 415  2 48892,285156 1
46,59 414 838 208,68 325,0 49,24 25,14 4,94 0,757 416  2 48586,070312 1
46,8 439 847 208,89 321,17 48,16 25,14 4,94 0,7785 416  2 48503,222656 1
46,95 428 844 209,31 319,0 48,56 25,14 4,94 0,7974 416  2 48039,03125 1
47,1 439 847 207,27 316,31 48,16 25,14 4,94 0,8157 416  3 47770,105469 1
47,22 450 851 208,04 311,22 47,81 25,14 4,94 0,8341 416  3 46360,015625 1
47,31 425 838 200,51 311,11 49,19 25,14 4,94 0,8492 416  3 46159,394531 1
47,31 413 839 203,44 308,18 49,09 25,14 4,94 0,8641 416  3 45763,316406 1
47,39 423 842 198,14 304,44 48,74 25,14 4,94 0,8771 416  3 45861,699219 1
47,4 418 840 201,59 311,74 48,92 25,14 4,94 0,8877 416  3 45519,203125 1
47,4 405 836 198,28 307,34 50,3 25,14 4,94 0,906 416  3 45277,679687 1
35,75 65 487 278,61 567,69 72,81 25,14 4,94 0,0257 400  1 57644,675781 1
35,7 85 524 274,31 565,2 70,27 25,14 4,94 0,0313 400  1 57142,855469 1
36,56 157 636 258,79 517,06 63,12 25,14 4,94 0,0835 400  1 55907,402344 1
38,3 341 815 238,28 430,4 51,97 25,14 4,94 0,1618 401  1 55184,308594 1
39,81 370 825 228,1 419,05 50,76 25,14 4,94 0,2339 402  2 54134,066406 1
41,15 424 842 230,12 392,95 48,7 25,14 4,94 0,3018 404  2 53288,925781 1
42,21 413 843 224,73 383,88 48,69 25,14 4,94 0,4244 409  2 52599,136719 1
43,09 458 853 220,88 378,59 47,53 25,14 4,94 0,477 411  2 52244,898437 1
43,86 469 856 220,14 359,73 47,2 25,14 4,94 0,5256 412  2 51087,605469 1
44,56 463 855 220,59 358,15 47,39 25,14 4,94 0,5698 413  2 50844,089844 1
45,55 481 860 221,41 350,71 46,81 25,14 4,94 0,6129 414  2 50483,140625 1
45,97 448 855 211,3 346,11 47,39 25,14 4,94 0,6482 414  2 49834,535156 1
45,97 474 858 214,62 332,67 47,02 25,14 4,94 0,6817 415  2 49373,191406 1
46,28 428 844 208,53 326,21 48,56 25,14 4,94 0,7119 415  2 49089,164062 1
46,57 465 855 210,95 327,09 47,32 25,14 4,94 0,7656 415  2 48864,285156 1
46,69 458 844 209,81 333,12 48,51 25,14 4,94 0,7888 415  2 48808,390625 1
46,94 438 843 206,01 320,08 48,69 25,14 4,94 0,8078 416  2 47850,46875 1
47,03 402 835 205,59 321,82 49,5 25,14 4,94 0,826 416  3 46766,53125 1
47,3 441 848 204,34 314,39 48,12 25,14 4,94 0,8416 416  3 46613,253906 1
47,27 428 844 204,41 314,29 48,56 25,14 4,94 0,8575 416  3 46209,386719 1
47,33 409 838 205,24 310,69 49,25 25,14 4,94 0,8731 416  3 46059,734375 1
47,37 389 831 200,57 318,57 50,02 25,14 4,94 0,8847 416  3 45763,316406 1
47,38 397 834 202,76 312,27 49,69 25,14 4,94 0,8939 416  3 45519,203125 1
47,39 413 839 198,55 304,34 49,1 25,14 4,94 0,9126 416  3 45519,203125 1
35,77 81 516 279,18 568,84 70,82 25,14 4,94 0,0258 400  1 58036,726562 1
36,1 80 514 281,64 570,97 70,96 25,14 4,94 0,0304 400  1 57181,148437 1
36,1 175 661 258,01 519,17 61,68 25,14 4,94 0,0838 400  1 55944,054687 1
37,69 348 817 238,28 434,36 51,69 25,14 4,94 0,1611 401  1 55184,308594 1
39,3 400 835 231,13 416,64 49,57 25,14 4,94 0,2351 402  2 54134,066406 1
40,71 404 836 233,1 399,25 49,44 25,14 4,94 0,307 404  2 53657,515625 1
41,84 431 845 226,64 388,19 48,46 25,14 4,94 0,4335 409  2 52729,144531 1
42,78 448 854 221,56 372,36 47,44 25,14 4,94 0,4855 411  2 52276,902344 1
43,62 463 855 221,33 360,95 47,39 25,14 4,94 0,5351 412  2 51148,851562 1
44,33 451 851 222,08 356,94 47,76 25,14 4,94 0,5802 413  2 50783,574219 1
45,37 472 857 213,61 353,57 47,1 25,14 4,94 0,6204 414  2 50602,886719 1
45,88 472 859 214,18 339,04 46,92 25,14 4,94 0,6595 415  2 49951,21875 1
46,2 465 855 211,09 337,32 47,32 25,14 4,94 0,6944 415  2 49602,789062 1
46,45 450 851 208,32 326,32 47,82 25,14 4,94 0,7286 415  2 49430,390625 1
46,69 457 853 209,88 328,65 47,58 25,14 4,94 0,7806 416  2 49032,753906 1
46,87 450 851 208,96 323,79 47,81 25,14 4,94 0,801 416  2 48920,3125 1
47,04 459 854 203,17 321,71 47,63 25,14 4,94 0,8209 416  3 48283,667969 1
47,04 426 841 207,13 319,76 48,89 25,14 4,94 0,8411 416  3 47850,46875 1
47,23 416 840 207,69 314,29 48,99 25,14 4,94 0,8573 416  3 46664,234375 1
47,28 419 845 204,9 310,37 48,41 25,14 4,94 0,8714 416  3 46360,015625 1
47,37 417 851 204,69 311,85 47,82 25,14 4,94 0,8828 416  3 46209,386719 1
47,35 409 838 205,45 311,95 49,25 25,14 4,94 0,8924 416  3 45861,699219 1
47,39 412 838 200,57 311,32 49,15 25,14 4,94 0,9152 416  3 46010,066406 1
47,43 411 838 200,98 300,55 49,17 25,14 4,94 0,9227 416  3 45763,316406 1
35,75 68 501 280,79 574,46 71,86 25,14 4,94 0,0268 400  1 57918,550781 1
35,85 84 522 279,18 569,62 70,41 25,14 4,94 0,0306 400  1 57257,882812 1
37,17 283 787 246,48 469,04 54,77 25,14 4,94 0,0804 400  1 56276,105469 1
38,94 374 826 237,88 435,24 50,62 25,14 4,94 0,1569 401  1 55255,773437 1
40,31 404 828 233,65 409,24 50,38 25,14 4,94 0,2323 402  2 54900,277344 1
41,49 403 836 230,35 401,96 49,49 25,14 4,94 0,3653 407  2 53758,925781 1
41,49 419 841 224,5 386,62 48,89 25,14 4,94 0,424 409  2 53156,144531 1
42,54 432 845 222,23 373,88 48,43 25,14 4,94 0,4777 411  2 52021,945312 1
43,45 428 844 225,11 366,73 48,57 25,14 4,94 0,5272 412  2 51271,78125 1
44,71 494 864 219,17 360,95 46,4 25,14 4,94 0,5719 413  2 51148,851562 1
45,26 440 852 217,55 350,12 47,69 25,14 4,94 0,6122 413  2 50483,140625 1
45,69 451 851 212,74 334,48 47,79 25,14 4,94 0,6481 414  2 50274,941406 1
46,07 437 846 211,09 335,84 48,26 25,14 4,94 0,6837 414  2 49660,523437 1
46,37 453 852 214,55 325,66 47,12 25,14 4,94 0,7432 415  2 49316,125 1
46,58 447 850 212,96 334,59 47,92 25,14 4,94 0,7694 415  2 49004,59375 1
46,8 468 856 209,81 324,78 47,21 25,14 4,94 0,7928 415  2 48586,070312 1
47,0 407 837 210,8 322,37 49,34 25,14 4,94 0,8121 415  2 48229,089844 1
47,24 459 854 206,85 319,11 47,5 25,14 4,94 0,8297 415  3 47985,003906 1
47,3 415 840 206,92 321,28 49,02 25,14 4,94 0,8467 415  3 46817,847656 1
47,35 425 843 205,03 320,73 48,67 25,14 4,94 0,8624 415  3 46511,628906 1
47,38 447 850 202,14 311,32 47,9 25,14 4,94 0,8755 415  3 46410,441406 1
47,38 405 836 201,8 315,78 49,4 25,14 4,94 0,8865 415  3 46309,695312 1
47,39 417 829 205,94 308,39 50,23 25,14 4,94 0,9059 415  3 45960,503906 1
47,34 411 838 198,55 310,69 49,19 25,14 4,94 0,915 415  3 45960,503906 1
35,72 82 519 284,62 569,81 70,63 25,14 4,94 0,0256 400  1 57918,550781 1
35,71 77 505 277,11 573,29 71,56 25,14 4,94 0,0294 400  1 57528,089844 1
36,51 271 774 251,97 470,47 55,43 25,14 4,94 0,0735 400  1 56612,117187 1
38,34 365 823 237,07 444,02 50,96 25,14 4,94 0,1483 400  1 55435,253906 1
39,84 368 824 238,2 421,32 50,84 25,14 4,94 0,2198 402  2 54619,160156 1
41,11 418 848 231,37 400,47 48,13 25,14 4,94 0,3538 406  2 53928,796875 1
42,2 466 856 224,96 389,77 47,28 25,14 4,94 0,412 408  2 53288,925781 1
43,08 431 845 223,21 375,53 48,47 25,14 4,94 0,4661 410  2 52117,265625 1
43,86 474 858 224,12 371,48 47,04 25,14 4,94 0,5181 411  2 51738,074219 1
45,08 456 853 217,91 359,73 47,61 25,14 4,94 0,5635 412  2 51057,039062 1
45,08 459 854 216,3 348,7 47,5 25,14 4,94 0,6041 413  2 50542,941406 1
45,51 468 856 212,02 338,47 47,23 25,14 4,94 0,6417 413  2 50363,957031 1
45,92 472 857 210,52 332,67 47,1 25,14 4,94 0,6764 414  2 49951,21875 1
46,23 470 857 213,61 334,25 47,15 25,14 4,94 0,7346 414  2 49487,726562 1
46,55 445 848 212,45 330,99 48,12 25,14 4,94 0,7603 414  2 49174,03125 1
46,76 453 852 206,85 323,35 47,73 25,14 4,94 0,7844 414  2 48586,070312 1
46,88 432 845 209,6 324,56 48,43 25,14 4,94 0,805 414  2 48393,195312 1
47,16 432 845 207,48 318,03 48,43 25,14 4,94 0,8261 414  3 48120,300781 1
47,23 444 846 205,38 318,25 48,33 25,14 4,94 0,8419 415  3 47958,035156 1
47,35 430 844 206,85 320,08 48,49 25,14 4,94 0,8562 415  3 46664,234375 1
47,4 439 847 204,83 311,43 48,2 25,14 4,94 0,8694 415  3 46715,328125 1
47,36 429 844 204,55 309,22 48,52 25,14 4,94 0,8912 415  3 46410,441406 1
47,43 428 844 200,37 305,68 48,56 25,14 4,94 0,8996 415  3 46059,734375 1
47,4 425 839 204,48 305,99 49,07 25,14 4,94 0,9086 415  3 46109,511719 1
35,85 88 529 273,29 572,71 69,96 25,14 4,94 0,0253 400  1 58394,160156 1
35,94 152 527 278,05 568,46 70,05 25,14 4,94 0,0273 400  1 57840,035156 1
36,29 277 781 252,91 480,29 55,09 25,14 4,94 0,0698 400  1 56649,703125 1
37,87 343 816 239,66 443,87 51,92 25,14 4,94 0,1425 400  1 55363,320312 1
39,51 419 841 234,6 414,53 48,89 25,14 4,94 0,2819 403  2 54549,328125 1
40,83 431 845 235,16 401,55 48,44 25,14 4,94 0,348 406  2 53860,71875 1
41,95 437 853 223,52 388,45 47,53 25,14 4,94 0,4052 408  2 53189,277344 1
42,98 487 862 226,41 377,57 46,62 25,14 4,94 0,4611 410  2 52117,265625 1
43,7 485 861 223,14 367,73 46,69 25,14 4,94 0,511 411  2 51706,726562 1
45,02 476 859 218,65 365,62 46,97 25,14 4,94 0,5572 412  2 51210,242187 1
45,49 456 862 215,71 346,23 46,59 25,14 4,94 0,5982 412  2 50965,558594 1
45,92 469 856 216,59 340,88 47,2 25,14 4,94 0,6377 413  2 50393,699219 1
46,25 482 861 210,52 336,98 46,77 25,14 4,94 0,6722 413  2 50009,765625 1
46,53 458 853 213,61 331,21 47,53 25,14 4,94 0,7316 414  2 49487,726562 1
46,72 495 864 210,45 331,21 46,39 25,14 4,94 0,7579 414  2 49373,191406 1
46,72 451 849 207,69 325,55 47,97 25,14 4,94 0,7802 414  2 48724,78125 1
46,97 467 856 208,32 324,89 47,24 25,14 4,94 0,8004 414  2 48338,367187 1
47,23 454 852 207,48 320,62 47,68 25,14 4,94 0,8217 414  3 48420,65625 1
47,33 427 843 206,57 317,6 48,61 25,14 4,94 0,8415 414  3 47850,46875 1
47,38 459 848 207,97 314,5 48,12 25,14 4,94 0,8565 414  3 46817,847656 1
47,37 433 845 203,58 320,52 48,39 25,14 4,94 0,8701 414  3 46766,53125 1
47,43 434 846 205,66 315,67 48,36 25,14 4,94 0,8918 414  3 46460,980469 1
47,45 416 840 203,03 307,97 48,99 25,14 4,94 0,901 414  3 46109,511719 1
47,48 413 839 202,0 304,75 49,1 25,14 4,94 0,9101 414  3 45763,316406 1
35,93 84 521 282,89 566,35 70,46 25,14 4,94 0,0254 400  1 58434,148437 1
35,92 153 631 270,8 537,58 63,46 25,14 4,94 0,0267 400  1 57722,660156 1
37,31 265 800 250,52 471,11 54,07 25,14 4,94 0,0654 400  1 56687,332031 1
38,93 372 825 241,61 437,45 50,69 25,14 4,94 0,1383 400  1 55761,273437 1
38,93 402 835 235,95 415,38 49,5 25,14 4,94 0,2794 403  2 54794,519531 1
40,44 420 841 229,11 407,03 48,85 25,14 4,94 0,341 406  2 54410,203125 1
41,62 433 845 227,64 382,45 48,39 25,14 4,94 0,3986 408  2 52631,578125 1
42,58 450 852 222,99 368,6 47,66 25,14 4,94 0,4513 409  2 52373,160156 1
44,16 446 849 225,42 379,23 47,94 25,14 4,94 0,5002 411  2 51800,890625 1
44,79 472 857 220,88 361,44 47,1 25,14 4,94 0,5479 411  2 51179,527344 1
45,37 478 860 215,27 346,93 46,88 25,14 4,94 0,5904 412  2 50935,136719 1
45,74 465 861 212,45 341,92 46,73 25,14 4,94 0,6291 413  2 50513,023437 1
46,13 503 867 212,45 332,56 46,14 25,14 4,94 0,6958 413  2 50039,09375 1
46,46 469 857 215,2 332,79 47,16 25,14 4,94 0,7245 413  2 49834,535156 1
46,69 429 844 210,8 334,93 48,52 25,14 4,94 0,7502 413  2 49373,191406 1
46,9 448 850 213,61 331,21 47,86 25,14 4,94 0,7736 414  2 48948,375 1
47,06 458 851 210,66 320,3 47,81 25,14 4,94 0,7936 414  2 48892,285156 1
47,27 474 858 208,11 317,71 47,02 25,14 4,94 0,8124 414  3 48201,84375 1
47,32 458 853 206,29 315,24 47,55 25,14 4,94 0,8291 414  3 48147,453125 1
47,32 439 847 209,24 315,03 48,16 25,14 4,94 0,8448 414  3 48147,453125 1
47,36 443 849 204,97 315,78 47,98 25,14 4,94 0,8593 414  3 47931,097656 1
47,43 452 851 206,99 311,64 47,74 25,14 4,94 0,8837 414  3 46613,253906 1
47,44 425 843 200,84 307,55 48,67 25,14 4,94 0,8934 414  3 46259,488281 1
47,43 439 847 201,19 308,28 48,16 25,14 4,94 0,9015 414  3 46109,511719 1
36,05 96 551 279,74 569,23 68,46 25,14 4,94 0,026 400  1 58155,382812 1
36,01 146 621 270,8 534,5 64,02 25,14 4,94 0,0267 400  1 57918,550781 1
36,89 262 764 254,28 482,57 55,92 25,14 4,94 0,0603 400  1 56762,75 1
38,61 352 829 248,41 445,07 50,26 25,14 4,94 0,1334 400  1 55907,402344 1
40,14 417 840 239,82 425,91 48,92 25,14 4,94 0,2809 403  2 54935,621094 1
41,37 432 845 241,37 407,44 48,39 25,14 4,94 0,3464 406  2 54168,429687 1
42,46 470 857 228,49 393,22 47,12 25,14 4,94 0,4076 408  2 52958,210937 1
43,3 479 860 232,07 381,68 46,83 25,14 4,94 0,4663 409  2 52469,769531 1
44,08 508 848 230,35 369,22 48,07 25,14 4,94 0,5168 411  2 52021,945312 1
44,72 490 863 220,14 360,7 46,51 25,14 4,94 0,5652 411  2 51519,421875 1
45,25 481 860 220,73 347,87 46,77 25,14 4,94 0,6112 412  2 51057,039062 1
45,75 504 867 216,88 341,92 46,08 25,14 4,94 0,6492 412  2 50632,910156 1
46,07 424 857 212,38 341,92 47,1 25,14 4,94 0,7154 413  2 50304,578125 1
46,4 462 854 218,65 342,85 47,4 25,14 4,94 0,7454 413  2 49921,996094 1
46,67 489 863 211,88 335,39 46,53 25,14 4,94 0,7706 413  2 49316,125 1
46,9 498 866 214,11 329,42 46,26 25,14 4,94 0,7951 414  2 49032,753906 1
47,19 450 851 210,95 326,21 47,79 25,14 4,94 0,8167 414  2 48948,375 1
47,32 450 852 214,26 323,57 47,68 25,14 4,94 0,8353 414  3 48393,195312 1
47,37 458 853 211,59 321,82 47,52 25,14 4,94 0,8523 414  3 48201,84375 1
47,42 462 854 208,11 313,65 47,4 25,14 4,94 0,8697 414  3 47958,035156 1
47,51 431 845 205,8 314,61 48,44 25,14 4,94 0,8944 414  3 46817,847656 1
47,48 438 845 204,55 317,49 48,44 25,14 4,94 0,9049 414  3 46664,234375 1
47,52 457 853 202,35 309,22 47,56 25,14 4,94 0,9136 414  3 46460,980469 1
47,52 394 833 204,9 313,75 49,81 25,14 4,94 0,9209 414  3 46259,488281 1
36,17 91 537 287,13 571,93 69,32 25,14 4,94 0,0266 400  1 58634,90625 1
36,14 168 652 274,49 540,5 62,17 25,14 4,94 0,0269 400  1 57997,28125 1
36,54 266 769 250,95 475,6 55,63 25,14 4,94 0,0579 400  1 56762,75 1
38,17 328 811 244,16 451,75 52,52 25,14 4,94 0,2072 401  1 56091,148437 1
39,71 431 845 238,44 421,04 49,5 25,14 4,94 0,2796 403  2 55363,320312 1
41,07 412 846 230,12 408,13 48,29 25,14 4,94 0,3465 406  2 54375,53125 1
42,18 452 851 228,49 385,05 47,71 25,14 4,94 0,4071 408  2 53024,027344 1
43,16 452 851 231,92 391,36 47,71 25,14 4,94 0,4626 409  2 52599,136719 1
44,61 480 860 222,99 376,54 46,8 25,14 4,94 0,5132 410  2 52212,929687 1
45,2 508 869 223,44 357,78 45,95 25,14 4,94 0,561 411  2 51550,542969 1
45,61 449 850 220,06 349,76 47,81 25,14 4,94 0,6027 412  2 51148,851562 1
46,0 486 862 217,91 345,06 46,61 25,14 4,94 0,6431 412  2 50542,941406 1
46,37 476 859 219,02 340,88 46,92 25,14 4,94 0,7062 413  2 50393,699219 1
46,37 496 861 219,91 337,89 46,7 25,14 4,94 0,7353 413  2 49863,652344 1
46,66 442 848 214,84 329,09 48,05 25,14 4,94 0,7633 413  2 49344,640625 1
46,86 466 856 213,97 327,09 47,23 25,14 4,94 0,788 413  2 49259,1875 1
47,18 460 854 219,47 323,13 47,45 25,14 4,94 0,8081 413  2 48808,390625 1
47,32 455 852 212,24 322,37 47,6 25,14 4,94 0,8292 414  3 48586,070312 1
47,34 430 844 212,38 321,93 48,54 25,14 4,94 0,848 414  3 48558,421875 1
47,5 439 847 206,64 320,19 48,13 25,14 4,94 0,8622 414  3 48229,089844 1
47,51 460 854 207,13 320,41 47,44 25,14 4,94 0,8908 414  3 47823,648437 1
47,52 429 844 210,59 314,39 48,47 25,14 4,94 0,9008 414  3 46817,847656 1
47,5 458 853 205,66 315,67 47,5 25,14 4,94 0,9108 414  3 46460,980469 1
47,51 429 851 206,5 311,22 47,76 25,14 4,94 0,9208 414  3 46209,386719 1
36,18 98 530 281,17 570,77 69,82 25,14 4,94 0,0256 400  1 58554,4375 1
36,29 147 622 269,7 543,25 63,89 25,14 4,94 0,0257 400  1 58195,042969 1
36,29 275 778 251,37 480,45 55,16 25,14 4,94 0,0563 400  1 57028,292969 1
37,67 343 816 246,15 448,4 51,83 25,14 4,94 0,2068 401  1 56499,667969 1
39,27 406 837 237,23 430,99 49,3 25,14 4,94 0,2804 403  2 55291,578125 1
40,73 470 855 236,35 406,06 47,28 25,14 4,94 0,3487 406  2 53860,71875 1
41,9 460 854 230,98 386,62 47,4 25,14 4,94 0,4085 408  2 53288,925781 1
43,71 457 853 230,98 383,75 47,53 25,14 4,94 0,4619 409  2 52729,144531 1
44,37 493 864 225,8 371,1 46,39 25,14 4,94 0,5103 410  2 52373,160156 1
45,02 493 864 222,99 361,68 46,42 25,14 4,94 0,558 411  2 51706,726562 1
45,48 498 866 219,1 352,38 46,22 25,14 4,94 0,6019 412  2 51210,242187 1
45,94 464 855 216,0 346,11 47,28 25,14 4,94 0,6397 412  2 50996,015625 1
46,3 460 854 218,5 344,83 47,42 25,14 4,94 0,7095 413  2 50304,578125 1
46,61 445 849 216,3 340,07 46,7 25,14 4,94 0,7372 413  2 50453,292969 1
46,87 494 851 218,21 334,37 47,74 25,14 4,94 0,7632 413  2 49602,789062 1
47,03 449 850 213,68 329,76 47,77 25,14 4,94 0,7885 414  2 49660,523437 1
47,29 456 852 211,3 327,42 47,56 25,14 4,94 0,8116 414  2 49344,640625 1
47,29 441 848 208,68 320,73 48,05 25,14 4,94 0,8299 414  3 48613,75 1
47,45 442 858 211,09 323,57 47,04 25,14 4,94 0,8493 414  3 48641,460937 1
47,44 475 858 207,06 317,71 46,94 25,14 4,94 0,8642 414  3 48256,363281 1
47,54 449 850 208,68 317,17 47,77 25,14 4,94 0,8911 414  3 48147,453125 1
47,57 428 844 211,95 314,39 48,49 25,14 4,94 0,9034 414  3 47823,648437 1
47,62 479 860 207,62 311,22 46,83 25,14 4,94 0,9147 414  3 46460,980469 1
47,58 405 851 211,09 312,8 47,74 25,14 4,94 0,9237 414  3 46259,488281 1
36,19 94 550 287,13 579,34 68,44 25,14 4,94 0,0265 400  1 58594,644531 1
36,25 166 650 276,26 542,34 62,25 25,14 4,94 0,0262 400  1 58115,777344 1
37,15 274 777 256,27 495,81 55,2 25,14 4,94 0,0558 400  1 57296,328125 1
38,86 360 821 248,58 445,22 51,12 25,14 4,94 0,207 401  1 56649,703125 1
40,32 416 840 238,44 432,01 48,92 25,14 4,94 0,2797 403  2 55363,320312 1
41,55 460 850 234,44 408,55 47,81 25,14 4,94 0,3452 406  2 53860,71875 1
42,57 426 843 231,05 389,77 48,56 25,14 4,94 0,4061 408  2 53156,144531 1
43,46 450 851 230,27 386,88 47,74 25,14 4,94 0,4599 409  2 52631,578125 1
44,2 464 855 227,72 375,65 47,28 25,14 4,94 0,5113 410  2 52341,035156 1
44,88 500 860 223,21 355,37 46,77 25,14 4,94 0,5561 411  2 52053,679687 1
45,31 483 861 226,41 352,97 46,69 25,14 4,94 0,5988 412  2 51612,902344 1
45,85 477 859 216,96 345,53 46,85 25,14 4,94 0,6388 412  2 51087,605469 1
46,21 466 856 218,95 340,07 47,2 25,14 4,94 0,7065 413  2 50602,886719 1
46,51 486 862 215,2 337,67 46,59 25,14 4,94 0,7354 413  2 50423,476562 1
46,72 465 855 213,17 338,7 47,24 25,14 4,94 0,7642 413  2 49863,652344 1
47,02 459 853 221,03 327,65 47,45 25,14 4,94 0,786 413  2 49259,1875 1
47,32 466 856 209,31 326,87 47,21 25,14 4,94 0,8074 413  2 49174,03125 1
47,4 454 852 211,59 322,91 47,6 25,14 4,94 0,8257 413  3 48920,3125 1
47,51 455 848 209,67 324,56 47,98 25,14 4,94 0,8456 414  3 48530,804687 1
47,53 477 859 207,97 320,95 46,88 25,14 4,94 0,8599 414  3 48174,632812 1
47,63 469 857 208,18 316,53 47,12 25,14 4,94 0,8878 414  3 48039,03125 1
47,61 480 860 206,5 317,17 46,77 25,14 4,94 0,9005 414  3 48066,089844 1
47,61 457 853 206,22 312,8 47,52 25,14 4,94 0,9119 414  3 46562,386719 1
47,57 410 847 206,01 312,8 48,16 25,14 4,94 0,9219 414  3 46511,628906 1
36,26 99 547 287,91 583,27 68,62 25,14 4,94 0,0252 400  1 58877,644531 1
36,26 124 634 272,92 535,22 63,14 25,14 4,94 0,0244 400  1 58715,597656 1
36,7 271 775 252,99 484,7 55,31 25,14 4,94 0,0498 400  1 57257,882812 1
38,29 349 818 247,15 454,35 51,57 25,14 4,94 0,1969 401  1 56276,105469 1
39,86 393 832 240,22 427,93 49,77 25,14 4,94 0,2681 403  2 55543,5 1
41,19 465 855 233,57 413,69 47,23 25,14 4,94 0,3341 405  2 54168,429687 1
42,34 467 845 232,78 393,75 48,29 25,14 4,94 0,3945 407  2 53489,34375 1
43,94 498 861 230,04 387,67 46,69 25,14 4,94 0,4515 409  2 52761,746094 1
44,64 508 869 227,02 363,15 45,9 25,14 4,94 0,5029 410  2 52502,050781 1
45,17 477 859 220,51 358,51 46,86 25,14 4,94 0,5514 411  2 52085,453125 1
45,73 471 857 222,01 353,57 47,04 25,14 4,94 0,5942 411  2 51612,902344 1
45,73 486 855 223,44 342,85 47,26 25,14 4,94 0,6695 412  2 51057,039062 1
46,1 438 847 222,23 340,3 48,13 25,14 4,94 0,704 412  2 50874,402344 1
46,46 481 860 213,97 341,11 46,72 25,14 4,94 0,737 412  2 49951,21875 1
46,66 481 860 216,74 335,27 46,72 25,14 4,94 0,7688 413  2 50039,09375 1
47,04 482 861 213,75 330,88 46,69 25,14 4,94 0,7923 413  2 49545,191406 1
47,23 461 856 213,17 325,0 47,2 25,14 4,94 0,8141 413  2 49174,03125 1
47,35 471 857 216,08 327,98 47,04 25,14 4,94 0,8337 413  3 48920,3125 1
47,42 453 852 209,03 319,87 47,63 25,14 4,94 0,8508 413  3 48724,78125 1
47,52 430 844 211,59 313,86 48,41 25,14 4,94 0,8811 413  3 48530,804687 1
47,59 477 852 210,73 317,39 47,53 25,14 4,94 0,893 413  3 48669,203125 1
47,57 441 848 206,36 312,8 48,03 25,14 4,94 0,9065 413  3 48012,003906 1
47,58 421 842 206,99 314,29 48,72 25,14 4,94 0,915 413  3 46817,847656 1
47,6 435 846 209,31 315,35 48,23 25,14 4,94 0,926 413  3 46817,847656 1
36,37 101 550 286,26 576,99 68,39 25,14 4,94 0,0254 400  1 58837,050781 1
36,48 147 618 269,7 541,97 64,09 25,14 4,94 0,0249 400  1 58715,597656 1
36,48 285 788 253,25 489,14 54,59 25,14 4,94 0,0511 400  1 57528,089844 1
37,8 373 826 246,65 451,14 50,54 25,14 4,94 0,1964 401  1 56537,101562 1
39,4 395 833 238,12 424,47 49,69 25,14 4,94 0,2686 403  2 55507,371094 1
40,82 420 841 238,52 412,16 48,74 25,14 4,94 0,3331 405  2 54410,203125 1
41,97 423 840 229,96 397,5 48,92 25,14 4,94 0,3934 409  2 53522,894531 1
43,79 466 856 231,92 390,83 47,18 25,14 4,94 0,4516 411  2 52859,796875 1
44,47 486 859 227,56 370,48 46,86 25,14 4,94 0,5042 413  2 52599,136719 1
45,05 457 853 224,81 357,42 47,47 25,14 4,94 0,5519 415  2 52085,453125 1
45,59 477 860 218,95 357,78 46,7 25,14 4,94 0,597 416  2 51457,285156 1
46,0 495 865 223,21 343,2 46,26 25,14 4,94 0,6711 417  2 51271,78125 1
46,32 446 849 222,84 344,13 47,86 25,14 4,94 0,7039 418  2 50904,753906 1
46,65 445 849 214,33 338,92 47,89 25,14 4,94 0,7338 418  2 50483,140625 1
46,85 451 851 213,61 336,07 47,68 25,14 4,94 0,7593 418  2 49980,476562 1
47,06 488 848 216,44 330,65 47,98 25,14 4,94 0,7839 419  2 49602,789062 1
47,16 458 853 213,68 324,34 47,45 25,14 4,94 0,8056 419  2 49487,726562 1
47,38 455 852 214,33 325,11 47,53 25,14 4,94 0,8257 419  3 49117,421875 1
47,45 470 847 212,52 322,15 48,05 25,14 4,94 0,8424 419  3 48808,390625 1
47,5 439 862 209,03 320,08 46,56 25,14 4,94 0,8572 419  3 48586,070312 1
47,55 426 843 210,16 321,06 48,52 25,14 4,94 0,8843 419  3 48229,089844 1
47,54 432 845 210,02 316,42 48,33 25,14 4,94 0,8959 419  3 48256,363281 1
47,58 444 849 206,92 315,67 47,9 25,14 4,94 0,9079 419  3 46766,53125 1
47,61 449 850 209,6 319,0 47,74 25,14 4,94 0,916 419  3 46562,386719 1
36,43 101 551 289,47 579,14 68,3 25,14 4,95 0,0251 400  1 58999,769531 1
36,33 121 584 275,42 551,41 66,2 25,14 4,95 0,0242 400  1 58274,527344 1
37,26 263 781 251,97 487,16 54,94 25,14 4,95 0,119 400  1 57840,035156 1
38,94 359 821 246,98 456,05 51,09 25,14 4,95 0,1933 401  1 56499,667969 1
40,38 415 839 239,09 426,49 48,92 25,14 4,95 0,2637 403  2 55870,796875 1
41,61 471 857 237,8 412,99 47,0 25,14 4,95 0,3315 405  2 54514,480469 1
41,61 441 848 237,15 403,6 47,98 25,14 4,95 0,3943 409  2 54065,46875 1
43,56 496 849 230,9 387,53 47,84 25,14 4,95 0,4499 411  2 52925,367187 1
44,25 483 861 225,64 367,6 46,64 25,14 4,95 0,5011 413  2 52794,390625 1
44,95 487 862 226,26 357,66 46,5 25,14 4,95 0,5493 415  2 52244,898437 1
45,42 523 873 219,84 346,7 45,44 25,14 4,95 0,5939 416  2 52053,679687 1
45,85 496 867 218,43 340,3 46,08 25,14 4,95 0,6684 417  2 51395,300781 1
46,23 468 856 222,99 342,04 47,1 25,14 4,95 0,7 418  2 51210,242187 1
46,55 477 859 217,03 340,53 46,81 25,14 4,95 0,7303 418  2 50363,957031 1
46,83 476 859 216,44 338,12 46,86 25,14 4,95 0,7572 418  2 50009,765625 1
47,19 464 855 213,24 336,98 47,24 25,14 4,95 0,785 418  2 49776,394531 1
47,33 456 853 212,88 328,87 47,5 25,14 4,95 0,8069 419  2 49487,726562 1
47,36 478 859 216,74 323,13 46,8 25,14 4,95 0,8277 419  3 49117,421875 1
47,53 465 855 210,23 320,41 47,21 25,14 4,95 0,845 419  3 49004,59375 1
47,59 449 850 209,81 323,46 47,74 25,14 4,95 0,8756 419  3 48696,976562 1
47,63 448 846 210,45 317,6 48,23 25,14 4,95 0,8888 419  3 48448,144531 1
47,63 441 848 209,74 316,74 48,02 25,14 4,95 0,9005 419  3 48201,84375 1
47,64 431 845 211,52 314,5 48,36 25,14 4,95 0,9093 419  3 47877,3125 1
47,65 442 848 207,13 311,43 47,97 25,14 4,95 0,9214 419  3 46715,328125 1
36,36 84 522 288,89 588,63 70,22 25,14 4,95 0,0249 400  1 59122,402344 1
36,42 125 589 268,79 561,2 65,87 25,14 4,95 0,024 400  1 58999,769531 1
36,82 252 754 259,06 497,83 56,35 25,14 4,95 0,1141 400  1 58155,382812 1
38,39 342 815 243,91 456,36 51,82 25,14 4,95 0,1901 401  1 56914,183594 1
39,95 363 844 242,43 434,5 48,41 25,14 4,95 0,2619 403  2 55327,425781 1
41,31 426 843 237,48 415,8 48,52 25,14 4,95 0,3301 405  2 54689,167969 1
43,32 427 843 239,01 402,37 48,49 25,14 4,95 0,3912 409  2 54306,320312 1
44,02 465 855 229,81 382,32 47,2 25,14 4,95 0,4471 411  2 53455,835937 1
44,76 471 858 226,49 368,23 46,88 25,14 4,95 0,4977 413  2 53123,054687 1
44,76 492 864 228,18 359,73 46,34 25,14 4,95 0,5441 414  2 52405,324219 1
45,29 488 862 221,11 354,53 46,47 25,14 4,95 0,6281 416  2 52308,949219 1
45,8 489 863 224,27 352,38 46,44 25,14 4,95 0,6648 417  2 51612,902344 1
46,2 487 862 216,96 342,62 46,5 25,14 4,95 0,6989 417  2 50874,402344 1
46,5 478 862 218,87 340,07 46,55 25,14 4,95 0,7294 418  2 50542,941406 1
47,01 495 865 218,95 337,89 46,25 25,14 4,95 0,7561 418  2 50453,292969 1
47,21 480 857 212,88 336,75 47,0 25,14 4,95 0,7828 418  2 49747,375 1
47,37 422 842 214,77 330,43 48,66 25,14 4,95 0,8051 418  2 49951,21875 1
47,49 445 856 215,93 325,88 47,1 25,14 4,95 0,8243 418  3 49718,390625 1
47,51 464 855 210,52 321,93 47,21 25,14 4,95 0,8575 419  3 49230,769531 1
47,61 439 847 211,95 321,49 48,07 25,14 4,95 0,8701 419  3 48864,285156 1
47,64 439 847 208,04 323,57 48,05 25,14 4,95 0,8826 419  3 49004,59375 1
47,71 419 841 207,69 315,78 48,75 25,14 4,95 0,8951 419  3 48311,003906 1
47,7 466 856 208,68 316,74 47,12 25,14 4,95 0,9066 419  3 48338,367187 1
47,71 443 848 209,95 313,01 47,94 25,14 4,95 0,9173 419  3 46766,53125 1
36,38 89 530 291,73 595,04 69,7 25,14 4,95 0,025 400  1 59701,492187 1
36,33 126 591 273,84 563,1 65,74 25,14 4,95 0,0427 400  1 59451,925781 1
36,41 241 741 260,38 505,98 57,01 25,14 4,95 0,113 400  1 58354,226562 1
37,73 359 821 245,73 464,15 51,07 25,14 4,95 0,1882 401  1 57334,828125 1
39,42 352 843 237,88 432,01 48,56 25,14 4,95 0,2631 403  2 55652,175781 1
40,8 427 843 236,51 413,83 48,46 25,14 4,95 0,3283 405  2 54935,621094 1
42,97 424 842 236,03 400,2 48,57 25,14 4,95 0,391 409  2 54031,238281 1
43,8 489 863 229,18 383,1 46,44 25,14 4,95 0,4496 411  2 53522,894531 1
44,48 464 862 226,41 372,11 46,51 25,14 4,95 0,5043 413  2 53222,453125 1
45,09 490 863 222,46 363,03 46,39 25,14 4,95 0,5515 414  2 52761,746094 1
45,58 464 855 219,47 349,29 47,21 25,14 4,95 0,6352 416  2 52341,035156 1
46,03 463 855 219,62 351,54 47,24 25,14 4,95 0,6703 417  2 52053,679687 1
46,34 452 851 218,95 346,11 47,63 25,14 4,95 0,7042 417  2 51057,039062 1
46,65 461 854 219,77 346,11 47,31 25,14 4,95 0,7353 418  2 50753,371094 1
46,91 490 860 218,65 338,12 46,7 25,14 4,95 0,7638 418  2 50693,070312 1
47,09 426 843 213,1 330,88 48,51 25,14 4,95 0,7854 418  2 50245,339844 1
47,28 457 853 217,1 330,21 47,44 25,14 4,95 0,8072 418  2 49951,21875 1
47,38 433 845 211,09 326,65 48,26 25,14 4,95 0,8276 418  3 49747,375 1
47,5 432 847 210,31 321,49 48,05 25,14 4,95 0,8616 418  3 49344,640625 1
47,58 446 849 211,23 328,42 47,81 25,14 4,95 0,8762 419  3 49174,03125 1
47,62 429 844 207,9 319,87 48,39 25,14 4,95 0,8878 419  3 48808,390625 1
47,66 430 844 209,45 315,03 48,36 25,14 4,95 0,8993 419  3 48393,195312 1
47,72 469 857 209,95 316,74 47,07 25,14 4,95 0,9111 419  3 48283,667969 1
47,69 450 845 209,1 318,68 48,29 25,14 4,95 0,9206 419  3 47958,035156 1
36,31 91 534 287,91 585,25 69,39 25,14 4,95 0,0262 400  1 59493,375 1
36,37 79 588 274,12 560,44 65,94 25,14 4,95 0,0425 400  1 59743,289062 1
37,23 225 723 259,5 507,36 58,02 25,14 4,95 0,1117 400  1 58514,285156 1
38,89 354 820 249,17 475,43 51,28 25,14 4,95 0,1881 401  1 56762,75 1
38,89 370 825 242,18 435,24 50,62 25,14 4,95 0,258 403  2 55834,242187 1
41,63 405 836 240,96 422,18 49,25 25,14 4,95 0,3244 405  2 55291,578125 1
42,64 467 846 235,24 407,03 48,13 25,14 4,95 0,3871 408  2 54514,480469 1
43,57 422 842 229,57 382,32 48,64 25,14 4,95 0,4433 411  2 53962,902344 1
44,28 460 854 224,43 377,44 47,36 25,14 4,95 0,4962 413  2 53388,945312 1
44,92 472 857 220,51 366,24 46,97 25,14 4,95 0,591 415  2 52827,074219 1
45,46 480 869 219,17 353,33 45,84 25,14 4,95 0,6323 416  2 52599,136719 1
45,93 478 859 222,69 354,53 46,78 25,14 4,95 0,6685 416  2 51675,414062 1
46,29 468 856 217,91 352,26 47,1 25,14 4,95 0,6998 417  2 51240,992187 1
46,89 483 861 218,87 343,31 46,61 25,14 4,95 0,7318 417  2 51057,039062 1
47,07 453 852 217,25 338,92 47,58 25,14 4,95 0,7592 417  2 50723,203125 1
47,25 460 854 216,08 330,88 47,36 25,14 4,95 0,784 418  2 50334,25 1
47,35 426 843 219,17 329,65 48,49 25,14 4,95 0,8072 418  2 50304,578125 1
47,5 431 845 222,99 327,76 48,33 25,14 4,95 0,8289 418  3 49776,394531 1
47,56 457 851 210,73 323,57 47,65 25,14 4,95 0,8629 418  3 49573,972656 1
47,56 425 843 209,81 325,0 48,56 25,14 4,95 0,8769 418  3 49145,710937 1
47,6 437 846 209,31 317,39 48,13 25,14 4,95 0,8899 418  3 48752,617187 1
47,65 443 849 208,68 312,27 47,9 25,14 4,95 0,9023 418  3 48530,804687 1
47,67 411 838 211,09 319,0 49,04 25,14 4,95 0,9125 418  3 48530,804687 1
47,7 427 838 207,27 316,42 49,05 25,14 4,95 0,9221 418  3 48147,453125 1
36,41 97 544 283,17 602,13 68,74 25,14 4,95 0,0241 400  1 59827,0625 1
36,4 104 557 282,89 573,48 67,93 25,14 4,95 0,0388 400  1 59953,160156 1
36,74 215 702 259,41 506,33 59,15 25,14 4,95 0,1056 400  1 59245,546875 1
38,35 335 813 247,91 466,82 52,13 25,14 4,95 0,1839 401  1 56876,25 1
39,89 384 830 243,75 439,38 50,06 25,14 4,95 0,2574 402  2 56091,148437 1
42,35 414 839 238,28 423,76 48,92 25,14 4,95 0,3256 405  2 55255,773437 1
43,3 441 856 231,37 395,22 47,1 25,14 4,95 0,3876 408  2 54724,242187 1
44,08 452 851 229,5 381,03 47,61 25,14 4,95 0,4433 411  2 54134,066406 1
44,08 460 854 233,1 373,62 47,36 25,14 4,95 0,4977 413  2 53590,121094 1
44,79 485 862 233,89 368,73 46,55 25,14 4,95 0,5961 415  2 52958,210937 1
45,3 443 849 226,72 360,7 47,9 25,14 4,95 0,6359 416  2 52664,0625 1
45,76 467 856 224,43 359,0 47,15 25,14 4,95 0,6728 416  2 51895,398437 1
46,16 466 856 218,5 344,48 47,16 25,14 4,95 0,7068 417  2 51612,902344 1
46,76 458 853 220,96 351,19 47,4 25,14 4,95 0,7375 417  2 51210,242187 1
47,02 451 851 214,11 335,61 47,65 25,14 4,95 0,7634 417  2 50662,972656 1
47,21 441 850 213,39 342,62 47,79 25,14 4,95 0,7891 418  2 50483,140625 1
47,34 436 846 215,71 333,8 48,16 25,14 4,95 0,8118 418  2 50334,25 1
47,48 462 854 212,45 330,77 47,29 25,14 4,95 0,85 418  3 49951,21875 1
47,54 441 848 214,11 332,79 47,97 25,14 4,95 0,867 418  3 49631,640625 1
47,59 432 845 212,81 319,65 48,29 25,14 4,95 0,8795 418  3 49287,640625 1
47,69 423 842 209,45 317,6 48,61 25,14 4,95 0,8934 418  3 49202,382812 1
47,66 414 843 208,32 322,58 48,49 25,14 4,95 0,9042 418  3 48808,390625 1
47,66 446 838 213,82 319,76 49,05 25,14 4,95 0,9153 418  3 48586,070312 1
47,71 416 840 208,68 320,41 48,85 25,14 4,95 0,9244 418  3 48696,976562 1
36,37 92 535 284,9 591,02 69,32 25,14 4,95 0,0249 400  1 59995,3125 1
36,38 108 563 283,85 570,77 67,49 25,14 4,95 0,0367 400  1 60164,511719 1
36,44 208 703 266,53 508,21 59,13 25,14 4,95 0,1021 400  1 57840,035156 1
37,72 292 796 248,24 476,24 54,17 25,14 4,95 0,1745 401  1 57296,328125 1
40,77 365 826 238,52 438,19 50,45 25,14 4,95 0,2459 402  2 56276,105469 1
41,94 438 847 232,15 403,46 48,07 25,14 4,95 0,3119 405  2 55688,492187 1
42,89 430 844 235,63 397,5 48,36 25,14 4,95 0,3736 408  2 54829,726562 1
43,77 452 851 228,8 385,57 47,6 25,14 4,95 0,4308 410  2 54514,480469 1
44,47 463 851 223,14 373,5 47,66 25,14 4,95 0,5331 413  2 53928,796875 1
45,13 478 859 222,46 364,88 46,77 25,14 4,95 0,5768 414  2 53189,277344 1
45,54 446 849 226,72 360,7 47,82 25,14 4,95 0,6181 415  2 52469,769531 1
45,98 504 867 224,43 354,05 45,98 25,14 4,95 0,6556 415  2 52149,113281 1
46,36 496 865 224,73 347,87 46,22 25,14 4,95 0,6889 416  2 51675,414062 1
46,69 453 852 221,56 343,31 47,5 25,14 4,95 0,7195 416  2 51395,300781 1
46,92 449 850 216,52 330,65 47,71 25,14 4,95 0,7481 416  2 50996,015625 1
47,1 450 851 218,28 334,93 47,66 25,14 4,95 0,7725 417  2 50662,972656 1
47,24 466 856 211,73 333,8 47,15 25,14 4,95 0,8145 417  3 50186,238281 1
47,4 412 846 212,45 324,23 48,2 25,14 4,95 0,8317 417  3 50186,238281 1
47,54 455 852 211,45 324,56 47,52 25,14 4,95 0,848 417  3 50097,847656 1
47,63 434 846 213,97 325,44 48,23 25,14 4,95 0,863 417  3 49430,390625 1
47,62 438 847 209,52 320,73 48,07 25,14 4,95 0,8758 417  3 49060,941406 1
47,73 407 846 209,95 317,6 48,23 25,14 4,95 0,8881 417  3 48836,320312 1
47,69 431 845 205,8 320,95 48,33 25,14 4,95 0,8979 417  3 48586,070312 1
47,68 400 835 208,32 318,25 49,45 25,14 4,95 0,9074 417  3 48696,976562 1
36,36 84 538 283,27 596,25 69,14 25,14 4,95 0,0239 400  1 60122,125 1
36,36 98 545 285,48 583,67 68,67 25,14 4,95 0,0351 400  1 60164,511719 1
36,36 194 686 260,38 518,46 60,06 25,14 4,95 0,1008 400  1 58274,527344 1
37,18 322 809 252,82 465,09 52,72 25,14 4,95 0,1792 401  1 57219,492187 1
40,33 353 828 240,14 437,9 50,26 25,14 4,95 0,254 402  2 56574,585937 1
41,55 436 846 232,07 403,05 48,16 25,14 4,95 0,3251 405  2 55834,242187 1
42,67 454 852 234,6 396,69 47,53 25,14 4,95 0,3913 408  2 54829,726562 1
43,55 454 852 226,41 384,66 47,53 25,14 4,95 0,4486 411  2 54375,53125 1
44,28 441 855 228,18 377,44 47,23 25,14 4,95 0,5551 414  2 54031,238281 1
44,92 460 854 225,64 365,99 47,36 25,14 4,95 0,6026 415  2 53657,515625 1
45,45 466 856 227,1 363,03 47,16 25,14 4,95 0,6446 416  2 52566,734375 1
45,84 432 845 220,96 350,95 48,29 25,14 4,95 0,6827 416  2 52244,898437 1
46,59 451 851 223,36 350,35 47,65 25,14 4,95 0,7197 417  2 51926,976562 1
46,81 455 864 221,48 338,12 46,33 25,14 4,95 0,7503 417  2 51612,902344 1
47,08 435 846 215,93 337,89 48,2 25,14 4,95 0,7784 417  2 51210,242187 1
47,21 442 848 221,03 340,65 47,94 25,14 4,95 0,8061 418  2 50844,089844 1
47,21 433 845 214,26 328,65 48,26 25,14 4,95 0,8512 418  3 50304,578125 1
47,32 476 859 217,62 331,55 46,83 25,14 4,95 0,8678 418  3 50453,292969 1
47,45 422 845 213,97 330,65 48,29 25,14 4,95 0,8838 418  3 49805,449219 1
47,58 427 843 212,96 324,34 48,46 25,14 4,95 0,9003 418  3 49573,972656 1
47,61 438 847 209,52 322,04 48,08 25,14 4,95 0,9156 418  3 49631,640625 1
47,67 436 840 212,96 325,44 48,89 25,14 4,95 0,9268 418  3 49145,710937 1
47,68 397 849 211,52 316,85 47,81 25,14 4,95 0,9367 418  3 49117,421875 1
47,66 416 840 209,31 319,76 48,85 25,14 4,95 0,9459 418  3 48669,203125 1
36,35 91 521 287,13 586,24 70,29 25,14 4,95 0,0263 400  1 60249,46875 1
36,31 102 552 284,42 576,01 68,23 25,14 4,95 0,0365 400  1 59410,535156 1
36,66 198 690 264,64 515,66 59,81 25,14 4,95 0,1003 400  1 58314,351562 1
39,89 308 804 253,08 472,71 53,37 25,14 4,95 0,1801 401  1 57450,628906 1
41,2 385 826 249,42 450,53 50,5 25,14 4,95 0,257 402  2 56537,101562 1
41,2 407 837 237,48 408,96 49,17 25,14 4,95 0,3252 405  2 55907,402344 1
42,3 455 852 236,59 396,42 47,52 25,14 4,95 0,388 408  2 55255,773437 1
43,25 465 855 229,5 386,36 47,2 25,14 4,95 0,5053 412  2 54900,277344 1
44,04 466 856 224,35 376,8 47,16 25,14 4,95 0,5536 414  2 53997,046875 1
44,7 441 848 229,65 368,98 47,97 25,14 4,95 0,5984 415  2 53725,078125 1
45,29 477 859 225,11 362,29 46,8 25,14 4,95 0,6393 415  2 52729,144531 1
45,76 467 856 219,84 355,97 47,12 25,14 4,95 0,676 416  2 52469,769531 1
46,5 426 843 222,84 354,17 48,51 25,14 4,95 0,7099 416  2 51990,25 1
46,77 469 849 220,81 338,35 47,89 25,14 4,95 0,7412 417  2 51706,726562 1
46,99 481 860 217,77 338,7 46,69 25,14 4,95 0,7688 417  2 51240,992187 1
47,12 466 856 218,5 342,38 47,16 25,14 4,95 0,7934 417  2 51087,605469 1
47,37 428 844 215,35 330,88 48,43 25,14 4,95 0,8398 417  3 50693,070312 1
47,46 421 841 216,3 333,35 48,69 25,14 4,95 0,8597 417  3 50662,972656 1
47,55 445 847 215,27 327,2 48,07 25,14 4,95 0,8766 417  3 50039,09375 1
47,62 419 841 212,96 327,31 48,74 25,14 4,95 0,89 418  3 49776,394531 1
47,62 435 846 209,95 325,88 48,2 25,14 4,95 0,9032 418  3 49373,191406 1
47,7 409 838 207,62 321,93 49,1 25,14 4,95 0,9153 418  3 49316,125 1
47,63 420 841 209,95 320,3 48,72 25,14 4,95 0,928 418  3 49032,753906 1
47,69 411 839 211,88 319,22 48,99 25,14 4,95 0,9365 418  3 48948,375 1
36,34 100 549 290,85 592,42 68,39 25,14 4,95 0,0254 400  1 60462,917969 1
36,27 84 522 289,96 582,88 70,22 25,14 4,95 0,0323 400  1 59701,492187 1
36,35 169 722 267,97 510,46 58,04 25,14 4,95 0,0972 400  1 58675,222656 1
39,29 314 806 250,35 477,21 53,1 25,14 4,95 0,1785 401  1 57800,859375 1
40,71 411 838 239,49 426,2 49,05 25,14 4,95 0,2566 402  2 57142,855469 1
41,94 398 834 239,33 410,76 49,54 25,14 4,95 0,3317 405  2 55907,402344 1
42,87 428 852 234,92 402,64 47,56 25,14 4,95 0,3965 408  2 55399,265625 1
43,72 471 857 229,5 385,57 47,0 25,14 4,95 0,5176 412  2 54900,277344 1
44,45 446 849 227,18 372,24 47,81 25,14 4,95 0,5732 414  2 54271,78125 1
45,05 456 853 234,36 367,98 47,47 25,14 4,95 0,6213 415  2 53455,835937 1
45,05 461 854 222,53 359,61 47,32 25,14 4,95 0,6649 416  2 52958,210937 1
45,96 471 851 221,78 350,95 47,61 25,14 4,95 0,7051 416  2 52761,746094 1
46,39 477 859 227,56 349,76 46,81 25,14 4,95 0,7412 417  2 52276,902344 1
46,68 473 858 217,91 338,81 46,94 25,14 4,95 0,7755 417  2 51519,421875 1
46,9 460 854 222,16 343,31 47,36 25,14 4,95 0,8023 417  2 51519,421875 1
47,1 472 847 219,02 336,52 48,1 25,14 4,95 0,8515 418  3 51240,992187 1
47,22 471 857 215,27 331,66 46,99 25,14 4,95 0,8732 418  3 50874,402344 1
47,36 435 846 216,0 329,98 48,2 25,14 4,95 0,8901 418  3 50423,476562 1
47,5 427 843 212,24 327,2 48,47 25,14 4,95 0,9083 418  3 50156,738281 1
47,6 443 848 211,3 320,95 47,92 25,14 4,95 0,9229 418  3 49805,449219 1
47,6 450 844 211,16 325,0 48,39 25,14 4,95 0,935 418  3 49573,972656 1
47,65 455 852 209,31 321,06 47,5 25,14 4,95 0,9472 418  3 49373,191406 1
47,64 441 848 212,16 322,69 47,98 25,14 4,95 0,958 418  3 49316,125 1
47,64 417 840 206,36 315,78 48,82 25,14 4,95 0,9739 418  3 49316,125 1
36,27 71 499 290,75 595,24 71,81 25,14 4,96 0,0274 400  1 60677,886719 1
36,28 89 530 287,52 585,65 69,65 25,14 4,96 0,0337 400  1 59911,070312 1
37,03 192 683 266,71 532,33 60,26 25,14 4,96 0,0924 400  1 58959,003906 1
38,78 347 804 254,28 469,84 53,4 25,14 4,96 0,1706 401  1 57879,265625 1
40,29 379 828 241,04 423,47 50,26 25,14 4,96 0,2474 402  2 57181,148437 1
41,45 410 838 240,22 407,58 49,09 25,14 4,96 0,3195 404  2 56350,429687 1
42,53 468 844 238,28 391,62 48,41 25,14 4,96 0,4545 410  2 55652,175781 1
43,4 452 851 229,42 389,11 47,6 25,14 4,96 0,5102 411  2 55255,773437 1
44,2 459 853 231,99 371,1 47,39 25,14 4,96 0,5626 413  2 54514,480469 1
44,8 428 844 230,98 372,49 48,43 25,14 4,96 0,6093 414  2 53422,371094 1
45,34 441 848 224,73 367,11 47,97 25,14 4,96 0,6551 415  2 52925,367187 1
46,19 437 854 221,63 355,01 47,37 25,14 4,96 0,6929 415  2 52631,578125 1
46,49 489 863 217,99 344,01 46,42 25,14 4,96 0,7287 416  2 52308,949219 1
46,78 454 852 222,61 337,44 47,53 25,14 4,96 0,7615 416  2 51832,355469 1
46,78 443 849 220,73 344,13 47,9 25,14 4,96 0,7904 416  2 51863,855469 1
46,96 437 856 219,25 334,37 47,1 25,14 4,96 0,8397 416  3 51333,46875 1
47,14 443 846 212,45 337,32 48,13 25,14 4,96 0,8637 416  3 51087,605469 1
47,34 455 852 216,52 332,67 47,5 25,14 4,96 0,8826 417  3 50723,203125 1
47,44 448 850 213,61 329,98 47,74 25,14 4,96 0,9008 417  3 50215,769531 1
47,53 444 849 213,32 325,11 47,87 25,14 4,96 0,9168 417  3 50039,09375 1
47,6 437 846 213,1 323,13 48,23 25,14 4,96 0,9296 417  3 49863,652344 1
47,67 439 847 209,1 319,54 48,05 25,14 4,96 0,938 417  3 49631,640625 1
47,65 415 840 211,09 324,78 48,89 25,14 4,96 0,9525 417  3 49401,773437 1
47,63 391 832 206,15 324,56 49,79 25,14 4,96 0,9731 417  3 48920,3125 1
36,23 74 503 288,79 593,23 71,54 25,14 4,96 0,0274 400  1 60721,0625 1
36,26 80 514 285,58 593,83 70,79 25,14 4,96 0,0327 400  1 60292,039062 1
38,12 162 643 266,44 536,49 62,57 25,14 4,96 0,0868 400  1 59163,394531 1
38,12 321 817 249,93 459,46 51,55 25,14 4,96 0,1621 401  1 58274,527344 1
39,75 413 839 238,93 434,36 48,99 25,14 4,96 0,2391 402  2 57296,328125 1
41,09 446 849 241,69 424,47 47,81 25,14 4,96 0,3097 404  2 56914,183594 1
42,19 447 850 232,78 410,9 47,77 25,14 4,96 0,4366 409  2 55834,242187 1
43,12 458 853 231,52 394,15 47,42 25,14 4,96 0,4909 411  2 55291,578125 1
43,94 435 851 232,7 377,44 47,69 25,14 4,96 0,5457 412  2 54271,78125 1
44,63 456 852 227,33 370,85 47,5 25,14 4,96 0,5917 413  2 53826,746094 1
45,68 472 857 230,66 368,23 46,97 25,14 4,96 0,6372 414  2 53455,835937 1
46,09 448 861 225,26 360,46 46,62 25,14 4,96 0,6747 414  2 52991,097656 1
46,42 437 853 224,43 350,95 47,42 25,14 4,96 0,7114 415  2 52469,769531 1
46,65 460 854 217,32 342,62 47,36 25,14 4,96 0,7446 415  2 52276,902344 1
46,93 449 850 221,63 347,64 47,73 25,14 4,96 0,7994 416  2 51706,726562 1
47,1 445 849 215,57 334,25 47,84 25,14 4,96 0,8231 416  2 51706,726562 1
47,27 436 846 224,96 336,64 48,16 25,14 4,96 0,8463 416  3 51057,039062 1
47,39 437 848 215,49 332,34 47,92 25,14 4,96 0,8637 416  3 50753,371094 1
47,44 439 847 214,18 326,87 48,07 25,14 4,96 0,879 416  3 50572,894531 1
47,52 402 835 212,74 329,09 49,37 25,14 4,96 0,8964 416  3 50245,339844 1
47,58 413 844 219,1 327,42 48,39 25,14 4,96 0,9101 416  3 50097,847656 1
47,64 426 843 209,95 330,43 48,51 25,14 4,96 0,9206 416  3 49747,375 1
47,58 412 839 210,59 322,69 49,02 25,14 4,96 0,9326 416  3 49631,640625 1
47,64 410 838 214,26 328,31 49,09 25,14 4,96 0,952 416  3 49459,042969 1
36,2 66 518 293,12 600,9 70,51 25,14 4,96 0,0267 400  1 61332,054687 1
36,22 65 487 292,03 597,66 72,61 25,14 4,96 0,0306 400  1 60634,769531 1
37,46 248 649 267,25 534,86 62,25 25,14 4,96 0,0818 400  1 59245,546875 1
39,14 330 823 252,05 451,14 50,81 25,14 4,96 0,1576 401  1 58554,4375 1
40,65 380 828 243,09 435,53 50,23 25,14 4,96 0,2323 402  2 57489,332031 1
41,8 402 835 240,79 416,08 49,4 25,14 4,96 0,3708 407  2 56725,015625 1
42,83 440 848 232,78 402,78 48,02 25,14 4,96 0,4306 409  2 56164,984375 1
43,66 452 851 233,57 391,09 47,63 25,14 4,96 0,4876 411  2 55652,175781 1
43,66 443 846 229,11 379,49 48,23 25,14 4,96 0,542 412  2 54514,480469 1
44,37 447 850 230,04 377,57 47,77 25,14 4,96 0,5873 413  2 54065,46875 1
45,48 451 851 225,34 371,48 47,65 25,14 4,96 0,6315 414  2 53623,796875 1
45,96 442 848 222,01 354,05 47,95 25,14 4,96 0,6712 414  2 53090,003906 1
46,27 475 859 223,74 347,76 46,86 25,14 4,96 0,7057 414  2 52827,074219 1
46,6 418 841 217,32 345,06 48,79 25,14 4,96 0,7382 415  2 52469,769531 1
46,81 454 852 221,63 342,96 47,56 25,14 4,96 0,7933 415  2 52117,265625 1
47,03 463 855 219,62 337,32 47,28 25,14 4,96 0,8162 415  2 52117,265625 1
47,19 429 844 217,77 342,15 48,39 25,14 4,96 0,8383 415  3 51333,46875 1
47,31 446 849 221,26 338,12 47,84 25,14 4,96 0,8578 415  3 50874,402344 1
47,52 443 846 213,46 335,84 48,2 25,14 4,96 0,8764 415  3 50693,070312 1
47,59 397 834 216,37 327,98 49,57 25,14 4,96 0,892 416  3 50393,699219 1
47,6 422 842 212,02 327,98 48,67 25,14 4,96 0,9062 416  3 50127,277344 1
47,57 452 851 212,45 324,34 47,61 25,14 4,96 0,9188 416  3 50274,941406 1
47,57 410 837 211,45 323,46 49,22 25,14 4,96 0,936 416  3 49892,808594 1
47,62 404 836 208,68 317,17 49,3 25,14 4,96 0,9433 416  3 49776,394531 1
36,27 80 514 303,62 605,81 70,79 25,14 4,96 0,0254 400  1 61464,585937 1
36,21 74 503 296,61 607,24 71,56 25,14 4,96 0,0288 400  1 60721,0625 1
36,88 241 742 258,01 496,48 57,01 25,14 4,96 0,075 400  1 59827,0625 1
38,61 339 814 249,76 468,57 51,97 25,14 4,96 0,1525 400  1 58634,90625 1
40,09 395 833 240,47 441,02 50,96 25,14 4,96 0,2255 402  2 57957,890625 1
41,33 396 833 242,27 415,94 49,64 25,14 4,96 0,3582 406  2 56914,183594 1
42,41 415 840 235,79 402,1 48,92 25,14 4,96 0,4192 409  2 56387,664062 1
43,39 425 843 234,12 388,45 48,54 25,14 4,96 0,4742 410  2 54900,277344 1
44,15 447 850 234,52 391,89 47,81 25,14 4,96 0,5277 411  2 54584,222656 1
45,31 487 862 229,5 375,78 46,5 25,14 4,96 0,5742 412  2 54134,066406 1
45,75 465 849 225,87 369,73 47,84 25,14 4,96 0,6186 413  2 53758,925781 1
46,18 453 852 224,43 357,54 47,6 25,14 4,96 0,6561 414  2 53189,277344 1
46,18 456 853 222,23 353,81 47,5 25,14 4,96 0,692 414  2 52925,367187 1
46,44 430 844 220,36 341,34 48,59 25,14 4,96 0,7527 414  2 52437,527344 1
46,78 469 843 221,33 343,43 48,51 25,14 4,96 0,7784 415  2 52276,902344 1
46,97 432 845 215,71 338,81 48,33 25,14 4,96 0,8034 415  2 51832,355469 1
47,11 455 852 218,73 339,61 47,52 25,14 4,96 0,8261 415  3 51581,703125 1
47,36 426 843 219,77 344,01 48,54 25,14 4,96 0,8463 415  3 51148,851562 1
47,39 440 848 219,17 338,35 48,72 25,14 4,96 0,8629 415  3 50874,402344 1
47,46 406 837 214,4 332,11 49,24 25,14 4,96 0,8783 415  3 50844,089844 1
47,55 439 847 213,97 323,35 48,08 25,14 4,96 0,8937 415  3 50542,941406 1
47,55 412 839 214,84 327,09 49,02 25,14 4,96 0,906 415  3 50009,765625 1
47,55 385 838 213,1 329,42 49,05 25,14 4,96 0,9254 415  3 49951,21875 1
47,6 411 838 210,88 326,21 49,05 25,14 4,96 0,9348 415  3 49660,523437 1
36,23 84 522 290,55 599,89 70,24 25,14 4,96 0,0252 400  1 61686,746094 1
36,23 105 529 299,23 604,58 69,77 25,14 4,96 0,0272 400  1 60937,871094 1
36,48 273 776 262,85 504,1 55,2 25,14 4,96 0,07 400  1 59618,070312 1
38,09 346 817 247,82 462,89 51,66 25,14 4,96 0,1475 400  1 58918,296875 1
39,67 369 824 249,84 446,28 50,71 25,14 4,96 0,2991 404  2 57840,035156 1
41,0 419 841 239,66 423,18 48,79 25,14 4,96 0,3674 406  2 57411,976562 1
42,09 442 840 235,55 410,49 48,85 25,14 4,96 0,4295 409  2 55944,054687 1
43,1 429 844 235,16 397,5 48,43 25,14 4,96 0,4933 410  2 55327,425781 1
44,52 458 853 238,44 391,09 47,44 25,14 4,96 0,5456 412  2 54900,277344 1
45,14 460 854 229,73 382,71 47,39 25,14 4,96 0,5931 412  2 54514,480469 1
45,69 442 855 227,18 363,77 47,29 25,14 4,96 0,64 413  2 53997,046875 1
46,02 444 849 223,67 359,0 47,92 25,14 4,96 0,6797 414  2 53455,835937 1
46,4 436 846 223,21 355,01 48,2 25,14 4,96 0,7134 414  2 53322,222656 1
46,7 463 855 224,58 355,25 47,28 25,14 4,96 0,7817 415  2 52469,769531 1
46,91 416 847 223,89 345,99 48,13 25,14 4,96 0,807 415  2 52437,527344 1
47,1 458 853 217,32 342,04 47,45 25,14 4,96 0,8278 415  2 51832,355469 1
47,19 423 842 218,8 336,07 48,62 25,14 4,96 0,8498 415  3 51395,300781 1
47,33 430 844 218,28 338,7 48,39 25,14 4,96 0,8683 415  3 51240,992187 1
47,48 420 842 217,77 333,8 48,69 25,14 4,96 0,8835 415  3 50965,558594 1
47,5 402 835 216,0 336,52 49,4 25,14 4,96 0,898 415  3 50874,402344 1
47,61 425 843 212,81 333,12 48,57 25,14 4,96 0,9129 415  3 50483,140625 1
47,54 390 831 215,57 333,35 49,87 25,14 4,96 0,9396 415  3 50274,941406 1
47,57 402 835 211,38 324,34 49,4 25,14 4,96 0,9506 415  3 49980,476562 1
47,59 429 844 216,74 326,21 48,41 25,14 4,96 0,9565 415  3 49602,789062 1
36,22 68 491 291,83 608,89 72,37 25,14 4,96 0,0262 400  1 61553,257812 1
36,27 114 636 271,17 549,91 63,06 25,14 4,96 0,0273 400  1 61156,234375 1
37,49 266 769 261,17 511,84 55,61 25,14 4,96 0,0609 400  1 60079,792969 1
39,16 347 817 249,17 468,57 51,62 25,14 4,96 0,1358 400  1 59163,394531 1
40,63 377 827 248,33 448,4 50,36 25,14 4,96 0,2827 403  2 58234,757812 1
41,8 403 836 249,93 428,37 49,37 25,14 4,96 0,3498 406  2 57219,492187 1
41,8 433 842 233,65 407,58 48,64 25,14 4,96 0,4112 408  2 55907,402344 1
42,76 447 850 234,92 399,66 47,81 25,14 4,96 0,4675 409  2 55579,679687 1
44,35 461 854 234,68 401,15 47,36 25,14 4,96 0,5225 411  2 55113,023437 1
44,99 456 857 227,64 380,0 47,07 25,14 4,96 0,572 411  2 54689,167969 1
45,48 455 849 230,2 360,95 47,94 25,14 4,96 0,6155 412  2 54099,746094 1
45,85 439 847 220,51 358,51 48,1 25,14 4,96 0,6547 413  2 53826,746094 1
46,28 450 851 221,11 355,61 47,73 25,14 4,96 0,7313 413  2 53123,054687 1
46,58 452 851 225,8 354,17 47,66 25,14 4,96 0,7614 413  2 53090,003906 1
46,87 454 852 221,33 351,3 47,58 25,14 4,96 0,7886 413  2 52469,769531 1
47,05 448 844 219,77 342,85 48,41 25,14 4,96 0,8135 414  2 52021,945312 1
47,35 458 853 220,06 338,81 47,44 25,14 4,96 0,8361 414  3 51832,355469 1
47,43 423 842 218,28 338,35 48,64 25,14 4,96 0,8574 414  3 51426,277344 1
47,48 410 838 221,33 334,14 49,1 25,14 4,96 0,877 414  3 51087,605469 1
47,64 398 831 218,5 333,12 49,96 25,14 4,96 0,8918 414  3 50632,910156 1
47,64 400 835 213,82 330,09 49,49 25,14 4,96 0,9037 414  3 50483,140625 1
47,64 419 841 216,44 330,09 48,79 25,14 4,96 0,9297 414  3 50542,941406 1
47,64 434 846 212,81 322,69 48,26 25,14 4,96 0,9408 414  3 50068,453125 1
47,63 445 849 213,46 321,49 47,89 25,14 4,96 0,9485 414  3 50068,453125 1
36,22 70 493 287,42 618,86 72,29 25,14 4,96 0,0268 400  1 61955,46875 1
36,21 108 562 282,03 572,32 67,65 25,14 4,96 0,0269 400  1 61597,691406 1
36,89 253 765 265,27 505,3 55,8 25,14 4,96 0,0577 400  1 60079,792969 1
38,56 367 824 254,37 475,76 50,81 25,14 4,96 0,2078 401  1 59327,925781 1
40,07 375 826 246,23 446,13 50,48 25,14 4,96 0,2797 403  2 58274,527344 1
41,34 406 837 240,88 423,18 49,27 25,14 4,96 0,3466 406  2 57411,976562 1
42,46 429 844 240,22 407,16 48,43 25,14 4,96 0,4106 408  2 56313,242187 1
43,29 442 842 234,28 400,2 48,66 25,14 4,96 0,4704 409  2 55435,253906 1
44,72 468 856 236,51 389,51 47,12 25,14 4,96 0,5224 410  2 55255,773437 1
45,29 455 852 231,45 377,18 47,56 25,14 4,96 0,5709 411  2 54724,242187 1
45,29 463 855 230,98 365,74 47,31 25,14 4,96 0,6148 412  2 53860,71875 1
45,76 460 865 226,1 356,58 46,26 25,14 4,96 0,6542 412  2 53826,746094 1
46,13 482 861 222,69 351,66 46,69 25,14 4,96 0,7243 413  2 53522,894531 1
46,41 456 853 225,87 355,61 47,52 25,14 4,96 0,7533 413  2 53222,453125 1
46,73 465 855 222,23 356,58 47,23 25,14 4,96 0,7794 413  2 52469,769531 1
46,92 395 833 223,36 352,38 49,69 25,14 4,96 0,8028 413  2 52021,945312 1
47,3 481 838 220,36 347,87 49,17 25,14 4,96 0,8242 413  3 52085,453125 1
47,4 425 843 218,28 348,11 48,57 25,14 4,96 0,8445 414  3 51550,542969 1
47,43 422 842 219,47 339,84 48,7 25,14 4,96 0,863 414  3 51333,46875 1
47,58 427 843 213,97 334,59 48,51 25,14 4,96 0,8779 414  3 50965,558594 1
47,55 444 844 222,23 332,67 48,44 25,14 4,96 0,903 414  3 50844,089844 1
47,54 428 844 215,57 334,14 48,47 25,14 4,96 0,9155 414  3 50393,699219 1
47,6 417 840 211,3 327,87 48,89 25,14 4,96 0,9259 414  3 50245,339844 1
47,63 438 847 210,45 323,9 48,13 25,14 4,96 0,9356 414  3 50068,453125 1
36,21 67 491 291,83 624,75 72,44 25,14 4,96 0,0256 400  1 62000,484375 1
36,21 117 578 286,35 576,79 66,65 25,14 4,96 0,0252 400  1 61597,691406 1
36,45 246 748 261,17 516,89 56,74 25,14 4,96 0,0521 400  1 60505,789062 1
38,01 326 809 253,08 472,23 52,67 25,14 4,96 0,204 401  1 59245,546875 1
39,56 379 828 249,51 445,37 50,33 25,14 4,96 0,277 403  2 58474,1875 1
40,91 425 843 242,59 429,97 48,61 25,14 4,96 0,3465 406  2 57028,292969 1
42,11 421 841 237,15 413,13 48,74 25,14 4,96 0,4079 408  2 56313,242187 1
43,86 422 842 241,86 407,72 48,7 25,14 4,96 0,4646 409  2 55834,242187 1
44,52 479 841 242,84 388,72 48,82 25,14 4,96 0,5183 410  2 55399,265625 1
45,11 471 857 232,31 376,93 47,04 25,14 4,96 0,5682 411  2 55220,015625 1
45,62 465 855 226,41 366,61 47,24 25,14 4,96 0,6147 412  2 54168,429687 1
46,03 450 849 226,79 359,0 47,92 25,14 4,96 0,6913 413  2 53657,515625 1
46,34 454 854 231,99 354,65 47,36 25,14 4,96 0,7242 413  2 53489,34375 1
46,58 455 852 225,11 352,38 47,56 25,14 4,96 0,7549 413  2 53255,667969 1
46,92 454 852 228,64 345,99 47,58 25,14 4,96 0,784 413  2 52696,582031 1
46,92 416 840 224,35 343,31 48,92 25,14 4,96 0,811 413  2 52149,113281 1
47,24 497 842 221,03 342,04 48,66 25,14 4,96 0,8326 413  3 51990,25 1
47,34 424 842 216,52 336,52 48,62 25,14 4,96 0,851 413  3 51675,414062 1
47,4 424 842 219,39 337,21 48,64 25,14 4,96 0,8695 413  3 51302,605469 1
47,48 426 843 215,71 331,44 48,56 25,14 4,96 0,8854 414  3 51148,851562 1
47,54 421 840 218,5 326,43 48,89 25,14 4,96 0,9147 414  3 50874,402344 1
47,56 421 841 217,18 329,98 48,74 25,14 4,96 0,9253 414  3 50844,089844 1
47,6 413 839 213,46 322,91 49,02 25,14 4,96 0,9361 414  3 50215,769531 1
47,57 442 848 215,2 324,23 47,98 25,14 4,96 0,9438 414  3 50245,339844 1
36,25 89 530 293,02 623,49 69,75 25,14 4,96 0,0261 400  1 61910,519531 1
36,23 126 590 283,56 578,94 65,85 25,14 4,96 0,0251 400  1 61820,816406 1
37,33 236 736 261,26 516,89 57,39 25,14 4,96 0,1211 400  1 60634,769531 1
39,04 299 812 251,71 466,82 52,36 25,14 4,96 0,1961 401  1 59493,375 1
39,04 366 824 248,83 449,46 50,84 25,14 4,96 0,2668 403  2 58796,507812 1
40,46 438 847 241,86 428,51 48,13 25,14 4,96 0,3354 405  2 57104,617187 1
41,7 449 850 239,66 408,41 47,76 25,14 4,96 0,3974 409  2 56350,429687 1
43,59 417 840 242,84 404,28 48,89 25,14 4,96 0,454 411  2 55907,402344 1
44,33 454 852 234,44 379,74 47,6 25,14 4,96 0,508 413  2 55471,289062 1
44,89 468 856 231,52 376,8 47,13 25,14 4,96 0,5559 415  2 54864,980469 1
45,44 463 855 225,26 370,73 47,31 25,14 4,96 0,6017 416  2 54549,328125 1
45,87 455 852 225,87 366,11 47,58 25,14 4,96 0,6786 417  2 54134,066406 1
46,23 440 856 227,41 355,49 47,16 25,14 4,96 0,7119 418  2 53522,894531 1
46,58 456 853 229,81 358,27 47,53 25,14 4,96 0,7416 418  2 53189,277344 1
46,84 432 845 221,11 347,52 48,36 25,14 4,96 0,7704 418  2 52566,734375 1
47,2 411 838 222,31 346,93 49,09 25,14 4,96 0,7934 418  2 52405,324219 1
47,3 435 846 220,88 338,35 48,02 25,14 4,96 0,8176 419  2 52085,453125 1
47,44 428 844 220,06 331,89 48,49 25,14 4,96 0,8403 419  3 51863,855469 1
47,44 431 845 216,59 340,3 48,39 25,14 4,96 0,8588 419  3 51581,703125 1
47,44 438 847 216,66 332,56 48,13 25,14 4,96 0,8894 419  3 51302,605469 1
47,55 434 845 215,71 333,69 48,29 25,14 4,96 0,9034 419  3 50904,753906 1
47,55 403 836 221,56 337,89 49,4 25,14 4,96 0,9146 419  3 50783,574219 1
47,61 394 833 215,79 324,56 49,69 25,14 4,96 0,9241 419  3 50156,738281 1
47,58 429 844 212,45 328,31 48,46 25,14 4,96 0,9345 419  3 50304,578125 1
36,24 83 520 292,43 589,82 70,46 25,14 4,96 0,0253 400  1 62000,484375 1
36,2 115 574 292,23 578,75 66,9 25,14 4,96 0,0244 400  1 61731,371094 1
36,73 249 750 262,5 517,41 56,62 25,14 4,96 0,1189 400  1 60807,601562 1
38,42 296 800 258,18 481,59 54,04 25,14 4,96 0,1964 401  1 59827,0625 1
39,91 356 824 247,57 450,83 50,81 25,14 4,96 0,2691 403  2 58155,382812 1
41,29 404 836 242,51 423,76 49,37 25,14 4,96 0,3396 405  2 57528,089844 1
43,24 427 843 239,82 411,6 48,54 25,14 4,96 0,4046 407  2 56649,703125 1
44,06 427 843 232,62 392,68 48,54 25,14 4,96 0,4654 409  2 56164,984375 1
44,06 425 855 232,7 378,59 47,29 25,14 4,96 0,5186 410  2 55471,289062 1
44,68 413 839 230,27 375,78 49,02 25,14 4,96 0,568 411  2 55077,453125 1
45,24 434 846 228,02 366,73 48,29 25,14 4,96 0,6591 412  2 54689,167969 1
45,72 439 847 223,52 362,78 48,12 25,14 4,96 0,6953 412  2 54340,902344 1
46,09 459 853 224,73 358,88 47,45 25,14 4,96 0,7301 412  2 53489,34375 1
46,46 486 862 223,67 354,65 46,58 25,14 4,96 0,7622 413  2 53090,003906 1
46,92 448 843 223,14 350,0 48,56 25,14 4,96 0,7908 413  2 52794,390625 1
47,09 430 846 221,63 348,58 48,29 25,14 4,96 0,818 413  2 52502,050781 1
47,28 423 842 219,17 338,35 48,67 25,14 4,96 0,8418 413  3 52341,035156 1
47,36 439 847 215,86 338,47 48,2 25,14 4,96 0,8625 413  3 52085,453125 1
47,44 433 840 218,21 336,64 48,92 25,14 4,96 0,8984 413  3 51706,726562 1
47,54 408 837 215,27 333,69 49,2 25,14 4,96 0,9126 413  3 51581,703125 1
47,52 448 850 218,06 331,77 47,82 25,14 4,96 0,9256 413  3 51148,851562 1
47,55 415 840 211,52 329,87 48,95 25,14 4,96 0,937 413  3 50965,558594 1
47,58 415 840 211,09 329,76 48,95 25,14 4,96 0,9493 413  3 50632,910156 1
47,6 400 844 212,24 327,87 48,49 25,14 4,96 0,9604 413  3 50423,476562 1
36,16 82 536 292,13 601,92 69,39 25,14 4,96 0,0264 400  1 62226,542969 1
36,26 120 581 289,37 576,4 66,43 25,14 4,96 0,0421 400  1 62045,566406 1
36,28 244 744 259,58 522,34 56,93 25,14 4,96 0,1143 400  1 61376,167969 1
37,79 325 810 259,5 483,55 52,65 25,14 4,96 0,1923 401  1 58959,003906 1
39,45 359 821 253,16 453,43 51,17 25,14 4,96 0,2665 403  2 58195,042969 1
42,01 410 838 239,82 431,13 49,12 25,14 4,96 0,3365 405  2 57528,089844 1
42,97 440 848 238,2 414,96 48,08 25,14 4,96 0,4016 409  2 56649,703125 1
43,74 434 846 232,47 394,01 48,29 25,14 4,96 0,4636 411  2 56350,429687 1
44,43 446 849 234,92 380,0 47,87 25,14 4,96 0,5188 413  2 55652,175781 1
45,04 490 845 231,6 375,65 48,33 25,14 4,96 0,5685 415  2 55435,253906 1
45,53 439 847 225,8 374,51 48,13 25,14 4,96 0,6554 416  2 54935,621094 1
46,0 454 852 226,03 357,18 47,61 25,14 4,96 0,6976 417  2 54444,917969 1
46,34 476 859 229,57 351,78 46,91 25,14 4,96 0,7335 418  2 53522,894531 1
46,34 450 847 226,87 353,45 48,13 25,14 4,96 0,7687 418  2 53422,371094 1
46,83 431 845 220,88 349,76 48,41 25,14 4,96 0,8038 418  2 53024,027344 1
47,03 445 849 224,27 345,29 47,9 25,14 4,96 0,8306 418  2 52664,0625 1
47,27 445 849 217,62 331,77 47,9 25,14 4,96 0,8518 418  3 52469,769531 1
47,35 443 841 217,91 332,9 48,75 25,14 4,96 0,8712 419  3 52181,003906 1
47,37 435 846 219,77 338,12 48,26 25,14 4,96 0,9045 419  3 51738,074219 1
47,52 451 851 216,66 334,48 47,71 25,14 4,96 0,9189 419  3 51457,285156 1
47,54 413 839 218,06 330,21 49,05 25,14 4,96 0,9321 419  3 50996,015625 1
47,6 451 851 217,03 331,21 47,73 25,14 4,96 0,9457 419  3 50753,371094 1
47,58 430 844 214,11 327,31 48,44 25,14 4,96 0,9559 419  3 50783,574219 1
47,65 401 844 211,95 327,42 48,43 25,14 4,96 0,9654 419  3 50453,292969 1
36,24 77 509 296,91 605,6 71,23 25,14 4,96 0,0262 400  1 62914,722656 1
36,24 123 587 289,67 583,47 66,09 25,14 4,96 0,0407 400  1 62135,921875 1
36,24 223 720 263,75 526,24 58,23 25,14 4,96 0,112 400  1 61376,167969 1
37,26 317 807 259,14 488,15 53,04 25,14 4,96 0,1889 401  1 59040,589844 1
38,97 382 829 245,73 462,89 50,23 25,14 4,96 0,2637 403  2 58594,644531 1
41,59 394 833 243,75 435,53 49,75 25,14 4,96 0,3307 405  2 57334,828125 1
42,67 447 850 243,17 406,34 47,86 25,14 4,96 0,3978 408  2 57104,617187 1
43,5 453 852 234,52 392,15 47,65 25,14 4,96 0,4565 411  2 56350,429687 1
44,27 466 856 232,94 387,93 47,21 25,14 4,96 0,5144 413  2 55907,402344 1
44,87 433 845 228,57 381,16 48,33 25,14 4,96 0,6124 415  2 55579,679687 1
45,39 447 852 227,79 366,73 47,66 25,14 4,96 0,6536 416  2 54829,726562 1
45,85 449 850 227,56 363,52 47,77 25,14 4,96 0,6921 417  2 54065,46875 1
46,26 436 846 227,25 359,61 48,23 25,14 4,96 0,7271 417  2 53758,925781 1
46,76 463 855 222,99 353,57 47,32 25,14 4,96 0,7609 418  2 53455,835937 1
47,04 432 850 225,95 345,99 47,84 25,14 4,96 0,7877 418  2 53388,945312 1
47,16 443 848 224,27 345,88 47,98 25,14 4,96 0,8122 418  2 52599,136719 1
47,34 435 846 217,62 341,8 48,26 25,14 4,96 0,8334 418  2 52469,769531 1
47,34 424 843 222,08 344,13 48,64 25,14 4,96 0,879 418  3 52469,769531 1
47,42 445 849 222,61 336,98 47,92 25,14 4,96 0,8967 418  3 51958,59375 1
47,49 444 839 216,66 334,59 48,99 25,14 4,96 0,912 418  3 51895,398437 1
47,53 422 842 217,18 331,21 48,7 25,14 4,96 0,9264 418  3 51148,851562 1
47,57 422 842 215,86 327,31 48,7 25,14 4,96 0,9387 419  3 50996,015625 1
47,57 436 846 212,52 328,31 48,23 25,14 4,96 0,9481 419  3 50844,089844 1
47,6 399 834 215,86 327,42 49,57 25,14 4,96 0,9568 419  3 50572,894531 1
36,18 72 499 298,32 617,19 71,9 25,14 4,97 0,0248 400  1 62545,808594 1
36,27 89 531 291,64 592,42 69,75 25,14 4,97 0,0382 400  1 62454,257812 1
36,71 185 703 264,64 525,0 59,19 25,14 4,97 0,1071 400  1 60591,714844 1
38,33 309 804 256,61 486,34 53,4 25,14 4,97 0,1886 401  1 59743,289062 1
41,19 344 816 249,0 459,92 51,82 25,14 4,97 0,2648 403  2 58634,90625 1
42,28 424 836 244,08 434,36 49,37 25,14 4,97 0,3373 405  2 57879,265625 1
42,28 433 845 241,69 411,88 48,33 25,14 4,97 0,4016 408  2 57411,976562 1
43,17 461 854 234,84 395,22 47,39 25,14 4,97 0,4611 411  2 56574,585937 1
43,99 482 861 233,49 385,83 46,72 25,14 4,97 0,5686 414  2 55944,054687 1
44,65 463 855 230,12 379,1 47,32 25,14 4,97 0,6173 416  2 55507,371094 1
45,25 468 856 227,02 370,6 47,16 25,14 4,97 0,6624 416  2 54829,726562 1
45,69 427 843 226,79 359,73 48,56 25,14 4,97 0,7007 417  2 54375,53125 1
46,05 429 844 228,02 363,03 48,49 25,14 4,97 0,7378 417  2 53894,738281 1
46,71 455 852 224,2 355,01 47,6 25,14 4,97 0,7666 418  2 53623,796875 1
46,93 450 847 223,67 346,46 48,2 25,14 4,97 0,7962 418  2 53255,667969 1
47,1 437 847 220,66 343,08 48,2 25,14 4,97 0,8223 418  2 52925,367187 1
47,25 422 842 224,81 344,83 48,72 25,14 4,97 0,8485 418  3 52729,144531 1
47,37 436 846 221,86 337,89 48,23 25,14 4,97 0,8902 419  3 52308,949219 1
47,4 431 845 218,14 337,21 48,39 25,14 4,97 0,9042 419  3 52117,265625 1
47,52 432 845 217,62 338,58 49,04 25,14 4,97 0,918 419  3 51612,902344 1
47,57 432 844 217,03 336,07 48,46 25,14 4,97 0,9306 419  3 51364,367187 1
47,58 413 839 217,25 330,77 49,07 25,14 4,97 0,9444 419  3 51519,421875 1
47,56 402 835 217,62 328,87 49,45 25,14 4,97 0,9563 419  3 50904,753906 1
47,58 413 839 215,2 332,34 49,05 25,14 4,97 0,9686 419  3 50723,203125 1
36,19 72 500 298,02 606,01 71,88 25,14 4,97 0,027 400  1 62775,871094 1
36,21 89 530 288,89 606,63 69,82 25,14 4,97 0,0378 400  1 62362,972656 1
36,33 187 677 265,63 524,11 58,49 25,14 4,97 0,1029 400  1 60591,714844 1
37,63 280 789 257,31 485,35 54,63 25,14 4,97 0,1783 401  1 59911,070312 1
40,74 363 823 249,59 458,52 51,0 25,14 4,97 0,2541 402  2 58918,296875 1
41,92 415 840 245,48 428,66 48,99 25,14 4,97 0,3248 405  2 58076,226562 1
42,92 442 847 240,22 410,21 48,13 25,14 4,97 0,3906 408  2 57528,089844 1
43,74 421 847 233,18 398,58 48,13 25,14 4,97 0,4512 410  2 56687,332031 1
44,44 485 862 236,75 385,05 46,64 25,14 4,97 0,5539 413  2 56313,242187 1
45,1 436 846 228,18 391,89 48,23 25,14 4,97 0,6008 414  2 55761,273437 1
45,55 457 853 227,64 365,74 47,53 25,14 4,97 0,6449 415  2 55006,445312 1
45,55 461 854 230,51 365,25 47,39 25,14 4,97 0,6832 416  2 54410,203125 1
46,36 424 840 228,87 357,42 48,89 25,14 4,97 0,7174 416  2 53997,046875 1
46,57 442 848 227,79 351,19 48,03 25,14 4,97 0,7502 417  2 53691,273437 1
46,87 449 850 224,73 347,17 47,81 25,14 4,97 0,7805 417  2 53489,34375 1
47,05 446 849 220,14 348,7 47,9 25,14 4,97 0,8039 417  2 53123,054687 1
47,18 435 842 221,48 341,57 48,75 25,14 4,97 0,8463 417  3 52991,097656 1
47,34 409 838 222,23 340,3 49,2 25,14 4,97 0,8659 417  3 52244,898437 1
47,4 407 837 217,62 341,57 49,27 25,14 4,97 0,8865 417  3 52053,679687 1
47,52 410 838 217,25 340,77 49,17 25,14 4,97 0,8993 417  3 51832,355469 1
47,59 403 836 214,33 333,12 49,44 25,14 4,97 0,9134 417  3 51675,414062 1
47,58 409 838 216,88 329,98 49,2 25,14 4,97 0,9254 417  3 51519,421875 1
47,64 412 839 216,37 330,43 49,1 25,14 4,97 0,9358 417  3 51271,78125 1
47,59 403 836 211,88 328,65 49,44 25,14 4,97 0,946 417  3 50965,558594 1
36,26 82 518 298,43 603,76 70,65 25,14 4,97 0,0259 400  1 62822,085937 1
36,28 86 525 291,83 610,95 70,15 25,14 4,97 0,0348 400  1 61776,0625 1
36,25 184 673 271,35 542,52 60,96 25,14 4,97 0,0962 400  1 61025,03125 1
38,83 266 769 260,38 487,99 53,89 25,14 4,97 0,1736 401  1 59701,492187 1
40,28 395 833 245,57 443,87 49,72 25,14 4,97 0,25 402  2 59163,394531 1
41,54 429 844 242,02 436,27 48,47 25,14 4,97 0,3185 404  2 58314,351562 1
42,52 436 846 238,6 415,8 48,26 25,14 4,97 0,3798 408  2 57644,675781 1
43,41 421 841 235,4 397,23 48,82 25,14 4,97 0,4971 412  2 57066,429687 1
44,19 449 838 233,1 394,55 49,17 25,14 4,97 0,5465 413  2 56350,429687 1
44,81 449 850 232,86 382,97 47,81 25,14 4,97 0,5959 414  2 55615,902344 1
45,36 446 849 229,73 374,26 47,9 25,14 4,97 0,6377 415  2 55184,308594 1
46,24 420 841 232,15 369,73 48,8 25,14 4,97 0,6747 415  2 54410,203125 1
46,55 460 846 225,87 369,73 48,23 25,14 4,97 0,7076 416  2 54202,835937 1
46,76 435 846 224,58 355,97 48,29 25,14 4,97 0,7404 416  2 53928,796875 1
46,76 470 857 221,33 350,95 47,12 25,14 4,97 0,7687 416  2 53860,71875 1
47,01 419 841 223,74 341,34 48,84 25,14 4,97 0,8189 417  2 53255,667969 1
47,17 443 847 219,02 340,07 48,13 25,14 4,97 0,8418 417  3 53056,996094 1
47,26 433 845 222,53 339,73 48,36 25,14 4,97 0,8629 417  3 52631,578125 1
47,41 416 840 218,73 336,07 48,95 25,14 4,97 0,8817 417  3 52149,113281 1
47,5 436 846 221,33 342,27 48,26 25,14 4,97 0,8967 417  3 51958,59375 1
47,57 461 854 215,42 337,89 47,4 25,14 4,97 0,9103 417  3 51612,902344 1
47,61 408 837 215,42 330,65 49,27 25,14 4,97 0,9242 417  3 51675,414062 1
47,56 402 835 220,29 333,35 49,49 25,14 4,97 0,9355 417  3 51148,851562 1
47,56 425 843 214,69 331,66 48,64 25,14 4,97 0,9477 417  3 51364,367187 1
36,25 67 512 301,98 612,61 71,08 25,14 4,97 0,0253 400  1 63007,628906 1
36,24 72 499 294,91 619,91 71,93 25,14 4,97 0,0307 400  1 62317,429687 1
38,18 158 638 272,92 553,46 62,99 25,14 4,97 0,0887 400  1 61200,09375 1
38,18 330 788 260,29 505,81 54,7 25,14 4,97 0,167 401  1 60420,109375 1
39,78 376 828 247,82 437,6 50,33 25,14 4,97 0,2424 402  2 59327,925781 1
41,1 431 845 248,16 428,22 48,44 25,14 4,97 0,3161 404  2 58474,1875 1
42,15 414 839 239,25 410,07 49,05 25,14 4,97 0,4518 410  2 57957,890625 1
43,2 447 850 237,96 403,32 47,87 25,14 4,97 0,5112 412  2 57219,492187 1
43,94 454 852 238,77 388,59 47,66 25,14 4,97 0,5681 413  2 56017,503906 1
44,66 461 850 234,2 376,16 47,86 25,14 4,97 0,6167 414  2 55761,273437 1
45,66 445 849 228,26 375,65 47,94 25,14 4,97 0,6632 415  2 55220,015625 1
46,09 478 859 229,34 373,88 46,88 25,14 4,97 0,7022 415  2 54619,160156 1
46,39 436 846 227,64 362,17 48,26 25,14 4,97 0,7379 416  2 54237,289062 1
46,68 433 852 223,14 354,05 47,68 25,14 4,97 0,7728 416  2 54134,066406 1
46,92 444 849 222,01 351,3 47,98 25,14 4,97 0,8003 416  2 53928,796875 1
47,09 426 843 224,2 344,24 48,62 25,14 4,97 0,8508 416  3 53355,566406 1
47,28 414 839 227,41 344,59 49,05 25,14 4,97 0,8748 417  3 53123,054687 1
47,38 440 844 222,69 340,3 48,46 25,14 4,97 0,8952 417  3 52566,734375 1
47,46 414 839 217,77 339,96 49,04 25,14 4,97 0,9164 417  3 52437,527344 1
47,52 417 840 218,95 337,67 48,92 25,14 4,97 0,9354 417  3 51990,25 1
47,58 427 843 214,69 334,14 48,59 25,14 4,97 0,9488 417  3 51990,25 1
47,66 411 841 217,77 329,42 48,85 25,14 4,97 0,9591 417  3 51644,140625 1
47,61 407 835 219,1 335,16 49,57 25,14 4,97 0,9693 417  3 51457,285156 1
47,66 388 831 212,38 334,14 50,02 25,14 4,97 0,9848 417  3 51118,210937 1
36,2 60 512 299,54 614,06 71,06 25,14 4,97 0,026 400  1 63054,1875 1
36,25 72 500 291,24 615,94 71,9 25,14 4,97 0,0315 400  1 62362,972656 1
37,53 148 624 278,05 546,39 63,83 25,14 4,97 0,0878 400  1 61332,054687 1
39,2 313 805 253,25 468,88 53,29 25,14 4,97 0,1669 401  1 60505,789062 1
40,62 357 824 242,76 440,72 50,88 25,14 4,97 0,2417 402  2 59327,925781 1
41,84 411 838 246,73 432,01 49,17 25,14 4,97 0,312 404  2 58756,023437 1
42,85 402 835 238,6 416,36 49,49 25,14 4,97 0,443 409  2 58036,726562 1
43,66 446 849 240,31 399,66 47,94 25,14 4,97 0,5017 411  2 57489,332031 1
43,66 449 850 235,24 388,32 47,84 25,14 4,97 0,5572 413  2 56313,242187 1
44,38 445 845 232,15 376,04 48,36 25,14 4,97 0,6055 414  2 55944,054687 1
45,46 420 841 228,1 376,04 48,84 25,14 4,97 0,648 414  2 55543,5 1
45,91 473 858 225,11 364,38 47,04 25,14 4,97 0,6869 415  2 54584,222656 1
46,21 447 850 228,57 359,61 47,89 25,14 4,97 0,7198 415  2 54584,222656 1
46,56 439 850 225,8 357,3 47,9 25,14 4,97 0,7497 416  2 54410,203125 1
46,82 447 849 223,44 354,29 47,94 25,14 4,97 0,8085 416  2 53928,796875 1
47,01 420 841 227,41 349,41 48,82 25,14 4,97 0,8358 416  2 53691,273437 1
47,13 399 834 225,49 350,35 49,6 25,14 4,97 0,856 416  3 52991,097656 1
47,32 425 843 220,06 347,87 48,66 25,14 4,97 0,8754 416  3 52664,0625 1
47,47 395 833 222,23 347,87 49,77 25,14 4,97 0,8947 416  3 52729,144531 1
47,53 425 844 221,03 337,55 48,52 25,14 4,97 0,9083 416  3 52469,769531 1
47,61 393 833 217,1 340,3 49,82 25,14 4,97 0,9209 416  3 52149,113281 1
47,62 405 836 220,66 337,21 49,37 25,14 4,97 0,9349 416  3 51832,355469 1
47,62 423 842 215,86 335,61 48,72 25,14 4,97 0,9533 416  3 51581,703125 1
47,62 411 838 216,3 330,43 49,17 25,14 4,97 0,9617 416  3 51395,300781 1
36,18 66 488 295,11 611,16 72,74 25,14 4,97 0,0267 400  1 63334,984375 1
36,22 77 501 294,11 615,73 71,86 25,14 4,97 0,0299 400  1 62775,871094 1
36,92 255 757 263,21 503,42 56,32 25,14 4,97 0,0803 400  1 61464,585937 1
38,63 311 805 252,56 464,77 53,37 25,14 4,97 0,1588 401  1 60634,769531 1
40,13 371 825 252,65 450,68 50,74 25,14 4,97 0,2349 402  2 59576,449219 1
41,37 378 840 245,65 428,37 48,99 25,14 4,97 0,3777 407  2 59040,589844 1
42,52 436 846 241,45 407,44 48,29 25,14 4,97 0,4438 409  2 58076,226562 1
43,37 417 840 240,55 403,19 48,95 25,14 4,97 0,503 411  2 57028,292969 1
44,15 457 853 241,69 394,68 47,56 25,14 4,97 0,5584 412  2 56649,703125 1
45,3 427 843 233,1 383,75 48,61 25,14 4,97 0,6102 413  2 55980,757812 1
45,78 432 855 230,66 376,16 47,39 25,14 4,97 0,6555 414  2 55615,902344 1
46,13 453 852 227,87 362,54 47,71 25,14 4,97 0,6989 414  2 55113,023437 1
46,13 437 846 226,95 359,48 48,26 25,14 4,97 0,7349 415  2 54584,222656 1
46,44 468 856 223,74 355,73 47,23 25,14 4,97 0,8005 415  2 54444,917969 1
46,73 451 851 228,64 351,66 47,81 25,14 4,97 0,8282 415  2 54065,46875 1
46,94 418 841 224,81 343,43 48,92 25,14 4,97 0,8522 416  3 53691,273437 1
47,14 426 843 228,49 345,76 48,64 25,14 4,97 0,8735 416  3 53123,054687 1
47,28 450 851 228,41 337,55 47,82 25,14 4,97 0,8941 416  3 52892,5625 1
47,47 399 834 221,33 343,43 49,62 25,14 4,97 0,9112 416  3 52827,074219 1
47,5 407 837 220,88 334,71 49,32 25,14 4,97 0,9283 416  3 52534,375 1
47,58 400 835 217,62 333,69 49,6 25,14 4,97 0,9422 416  3 52373,160156 1
47,63 420 841 220,29 341,11 48,84 25,14 4,97 0,9537 416  3 51895,398437 1
47,55 424 842 216,3 332,67 48,7 25,14 4,97 0,9774 416  3 51457,285156 1
47,56 407 841 214,69 327,65 48,89 25,14 4,97 0,9879 416  3 51644,140625 1
36,2 73 501 293,82 619,49 71,88 25,14 4,97 0,0268 400  1 63760,898437 1
36,2 62 482 295,91 632,63 74,23 25,14 4,97 0,0286 400  1 63523,574219 1
36,52 248 750 268,43 514,27 56,74 25,14 4,97 0,0728 400  1 61820,816406 1
38,07 284 787 256,79 472,39 54,77 25,14 4,97 0,1499 400  1 60850,960937 1
39,65 354 820 252,05 459,92 51,45 25,14 4,97 0,2283 402  2 59995,3125 1
40,97 380 836 247,91 434,5 49,47 25,14 4,97 0,3767 406  2 59040,589844 1
42,11 414 839 238,6 415,38 49,09 25,14 4,97 0,4407 409  2 58554,4375 1
43,06 429 844 239,33 407,72 48,56 25,14 4,97 0,5029 410  2 57104,617187 1
43,87 421 841 236,51 394,95 48,84 25,14 4,97 0,5597 412  2 56762,75 1
45,19 453 852 233,57 382,45 47,73 25,14 4,97 0,6117 413  2 56054,300781 1
45,63 437 847 233,89 376,16 48,26 25,14 4,97 0,662 413  2 55944,054687 1
46,05 475 858 227,56 366,86 47,02 25,14 4,97 0,7073 414  2 55435,253906 1
46,38 467 856 228,1 363,15 47,28 25,14 4,97 0,7439 414  2 55041,925781 1
46,66 437 847 228,26 353,57 48,26 25,14 4,97 0,8074 415  2 54759,359375 1
46,88 425 840 223,97 352,62 48,99 25,14 4,97 0,836 415  2 54444,917969 1
47,08 437 847 223,89 351,54 48,26 25,14 4,97 0,8654 415  3 53657,515625 1
47,22 426 843 225,42 350,71 48,66 25,14 4,97 0,8926 415  3 53388,945312 1
47,35 413 839 224,58 344,36 49,12 25,14 4,97 0,9155 415  3 52859,796875 1
47,46 449 832 223,14 346,7 49,87 25,14 4,97 0,9363 415  3 52925,367187 1
47,49 408 837 219,54 345,06 49,32 25,14 4,97 0,9523 415  3 52729,144531 1
47,57 409 837 220,59 335,05 49,29 25,14 4,97 0,9721 415  3 52469,769531 1
47,64 394 833 222,16 336,07 49,82 25,14 4,97 0,9964 415  3 51926,976562 1
47,63 403 836 216,59 327,65 49,49 25,14 4,97 1,0066 415  3 51895,398437 1
47,61 380 826 217,47 338,35 50,6 25,14 4,97 1,0163 415  3 51769,464844 1
36,22 71 498 296,91 630,06 72,12 25,14 4,97 0,0286 400  1 63713,289062 1
36,23 119 596 279,46 584,46 65,62 25,14 4,97 0,0298 400  1 62961,140625 1
37,41 231 730 262,06 516,19 57,84 25,14 4,97 0,0675 400  1 62362,972656 1
39,12 326 810 252,82 487,99 52,74 25,14 4,97 0,1438 400  1 60937,871094 1
40,51 371 825 249,84 458,84 50,76 25,14 4,97 0,3019 403  2 60249,46875 1
41,72 369 825 246,15 445,37 50,83 25,14 4,97 0,3718 406  2 59576,449219 1
41,72 405 843 240,71 415,8 48,67 25,14 4,97 0,4323 408  2 58036,726562 1
42,78 441 848 239,33 411,18 48,16 25,14 4,97 0,4902 410  2 57605,761719 1
44,32 410 838 235,32 393,08 49,24 25,14 4,97 0,5461 411  2 56990,203125 1
44,95 431 847 234,2 383,75 48,26 25,14 4,97 0,5983 412  2 56687,332031 1
45,53 431 852 233,1 375,27 47,69 25,14 4,97 0,6462 413  2 56201,976562 1
45,94 450 851 229,03 367,36 47,84 25,14 4,97 0,6928 413  2 55688,492187 1
46,26 424 842 228,72 365,99 48,74 25,14 4,97 0,7645 414  2 55077,453125 1
46,58 428 844 226,41 356,58 48,59 25,14 4,97 0,7952 414  2 54971,011719 1
46,81 424 842 226,1 351,3 48,75 25,14 4,97 0,822 414  2 54619,160156 1
47,01 407 835 224,05 352,02 49,62 25,14 4,97 0,8467 414  3 53997,046875 1
47,21 426 843 225,95 351,9 48,69 25,14 4,97 0,8697 414  3 53691,273437 1
47,42 422 842 221,11 351,78 48,82 25,14 4,97 0,8948 415  3 53255,667969 1
47,51 416 840 219,39 340,07 49,02 25,14 4,97 0,9115 415  3 53056,996094 1
47,57 429 837 224,43 343,31 49,34 25,14 4,97 0,9288 415  3 53024,027344 1
47,56 421 841 219,69 332,79 48,85 25,14 4,97 0,9472 415  3 52827,074219 1
47,56 384 829 222,38 339,04 50,25 25,14 4,97 0,971 415  3 52053,679687 1
47,55 401 835 217,4 336,3 49,59 25,14 4,97 0,9806 415  3 52085,453125 1
47,56 396 833 219,54 338,35 49,79 25,14 4,97 0,9909 415  3 51863,855469 1
36,27 55 470 297,92 629,85 74,1 25,14 4,97 0,0269 400  1 63952,035156 1
36,23 110 565 281,17 596,04 67,63 25,14 4,97 0,0272 400  1 63241,105469 1
36,89 216 744 266,17 522,69 57,12 25,14 4,97 0,0589 400  1 62729,722656 1
38,54 290 794 257,31 479,96 54,5 25,14 4,97 0,2135 401  1 61420,34375 1
40,11 347 817 254,37 472,87 51,78 25,14 4,97 0,2865 403  2 60548,722656 1
41,39 404 836 246,9 444,47 49,49 25,14 4,97 0,3548 406  2 59659,753906 1
42,44 392 832 245,24 433,18 49,94 25,14 4,97 0,4193 408  2 58514,285156 1
43,33 407 838 240,79 408,82 49,3 25,14 4,97 0,4792 409  2 57605,761719 1
44,77 431 845 240,14 398,58 48,52 25,14 4,97 0,5321 411  2 57066,429687 1
45,32 406 837 238,28 387,27 49,44 25,14 4,97 0,5824 411  2 56424,949219 1
45,32 460 854 231,21 372,24 47,55 25,14 4,97 0,6264 412  2 56424,949219 1
45,81 436 850 239,25 375,4 47,98 25,14 4,97 0,6662 413  2 55907,402344 1
46,22 418 840 229,5 364,14 48,99 25,14 4,97 0,7396 413  2 55507,371094 1
46,5 434 846 227,1 360,7 48,43 25,14 4,97 0,7722 413  2 55077,453125 1
46,75 385 830 223,52 350,95 50,23 25,14 4,97 0,7986 414  2 54479,675781 1
46,96 430 844 228,02 364,14 48,56 25,14 4,97 0,8228 414  2 54444,917969 1
47,29 430 839 228,18 356,33 49,15 25,14 4,97 0,8465 414  3 53826,746094 1
47,38 394 833 222,23 347,64 49,89 25,14 4,97 0,8679 414  3 53522,894531 1
47,45 418 840 218,5 344,83 48,99 25,14 4,97 0,8897 414  3 53388,945312 1
47,57 415 839 220,14 336,64 49,1 25,14 4,97 0,9047 414  3 52925,367187 1
47,64 387 827 221,86 339,73 50,59 25,14 4,97 0,9303 414  3 53024,027344 1
47,62 377 827 223,29 340,77 50,55 25,14 4,97 0,9428 414  3 52534,375 1
47,59 387 831 217,62 342,62 50,14 25,14 4,97 0,9533 414  3 52244,898437 1
47,65 389 831 219,91 338,47 50,06 25,14 4,97 0,966 414  3 52117,265625 1
36,13 60 478 301,17 629,21 73,63 25,14 4,97 0,0253 400  1 63904,144531 1
36,21 89 530 284,42 598,67 70,03 25,14 4,97 0,0244 400  1 63904,144531 1
36,39 199 692 262,59 533,24 60,0 25,14 4,97 0,0495 400  1 62637,632812 1
37,87 295 800 257,48 483,38 54,11 25,14 4,97 0,1984 401  1 61420,34375 1
39,56 356 820 254,97 463,99 51,45 25,14 4,97 0,2713 403  2 60721,0625 1
40,89 371 825 246,82 447,79 50,81 25,14 4,97 0,3415 405  2 59122,402344 1
42,04 393 832 245,24 436,86 49,96 25,14 4,97 0,4051 407  2 58756,023437 1
43,8 432 845 239,9 417,63 48,52 25,14 4,97 0,463 409  2 57761,734375 1
44,53 411 838 236,19 387,14 49,25 25,14 4,97 0,5159 410  2 57761,734375 1
45,08 406 836 238,44 385,57 49,47 25,14 4,97 0,568 411  2 56876,25 1
45,6 410 838 234,2 381,94 49,32 25,14 4,97 0,6137 411  2 56574,585937 1
46,03 411 838 231,68 379,36 49,27 25,14 4,97 0,6922 412  2 56128,042969 1
46,36 411 847 229,42 373,12 48,33 25,14 4,97 0,7251 412  2 55944,054687 1
46,63 434 846 226,41 360,58 48,44 25,14 4,97 0,7539 413  2 54794,519531 1
46,63 400 835 225,57 355,49 49,69 25,14 4,97 0,7832 413  2 54654,140625 1
47,05 395 833 226,33 357,3 49,86 25,14 4,97 0,8103 413  2 54410,203125 1
47,19 416 829 223,44 350,95 50,3 25,14 4,97 0,8334 413  3 54271,78125 1
47,34 430 844 221,78 346,23 48,59 25,14 4,97 0,8542 413  3 53997,046875 1
47,45 411 838 219,99 345,88 49,25 25,14 4,97 0,8716 413  3 53489,34375 1
47,47 385 830 221,33 335,84 50,25 25,14 4,97 0,9043 413  3 53355,566406 1
47,54 403 836 222,23 342,27 49,57 25,14 4,97 0,9168 413  3 52958,210937 1
47,57 412 828 222,16 340,3 50,5 25,14 4,97 0,9286 413  3 52794,390625 1
47,55 367 824 217,4 339,84 51,0 25,14 4,97 0,9397 413  3 52085,453125 1
47,59 403 836 219,1 335,05 49,55 25,14 4,97 0,9498 413  3 52117,265625 1
36,21 53 463 299,03 629,42 74,71 25,14 4,97 0,0252 400  1 64532,390625 1
36,23 86 526 285,97 596,85 70,34 25,14 4,97 0,0243 400  1 63904,144531 1
37,29 190 681 270,53 540,5 60,69 25,14 4,97 0,1195 400  1 62408,582031 1
39,1 285 789 262,23 502,4 54,81 25,14 4,97 0,1954 401  1 61955,46875 1
39,1 327 814 252,14 467,61 52,27 25,14 4,97 0,2711 403  2 60249,46875 1
40,52 403 836 245,82 442,67 49,6 25,14 4,97 0,3435 405  2 59451,925781 1
42,76 380 828 243,33 436,27 50,47 25,14 4,97 0,4079 407  2 58756,023437 1
43,58 399 834 241,61 419,9 49,74 25,14 4,97 0,4675 409  2 58115,777344 1
44,3 438 847 235,4 390,83 48,33 25,14 4,97 0,5272 410  2 57722,660156 1
44,93 419 841 239,98 389,77 49,02 25,14 4,97 0,5783 411  2 57181,148437 1
45,44 434 846 232,47 380,0 48,46 25,14 4,97 0,6252 411  2 56725,015625 1
45,89 393 832 234,28 378,2 49,99 25,14 4,97 0,7047 412  2 56350,429687 1
46,23 418 843 230,9 370,6 48,7 25,14 4,97 0,7389 412  2 55870,796875 1
46,56 425 843 226,79 366,61 48,79 25,14 4,97 0,7698 413  2 54935,621094 1
46,83 432 845 223,52 362,17 48,54 25,14 4,97 0,7968 413  2 54794,519531 1
47,19 426 843 230,27 360,46 48,75 25,14 4,97 0,8214 413  2 54514,480469 1
47,27 404 835 224,12 361,07 49,65 25,14 4,97 0,8449 413  3 54134,066406 1
47,36 404 836 222,84 351,78 49,57 25,14 4,97 0,8666 413  3 54065,46875 1
47,36 428 844 219,25 349,05 48,67 25,14 4,97 0,8887 413  3 53691,273437 1
47,48 352 819 219,91 338,7 51,62 25,14 4,97 0,9214 413  3 53455,835937 1
47,56 401 835 224,65 350,24 49,65 25,14 4,97 0,9331 413  3 53123,054687 1
47,54 403 824 219,84 345,64 51,02 25,14 4,97 0,9447 413  3 52794,390625 1
47,66 391 822 217,91 340,3 51,21 25,14 4,97 0,9551 413  3 52566,734375 1
47,57 349 818 221,18 341,11 51,76 25,14 4,97 0,9634 413  3 52373,160156 1
36,23 58 473 301,88 639,3 74,0 25,14 4,98 0,0258 400  1 64483,628906 1
36,32 91 535 300,15 606,22 69,77 25,14 4,98 0,0249 400  1 64144,324219 1
36,82 192 683 268,43 544,91 60,61 25,14 4,98 0,1157 400  1 63241,105469 1
38,52 262 765 264,01 500,87 56,09 25,14 4,98 0,1962 401  1 62045,566406 1
40,03 343 815 252,82 472,87 52,13 25,14 4,98 0,2749 403  2 60249,46875 1
41,34 345 816 247,57 447,64 51,97 25,14 4,98 0,343 405  2 59618,070312 1
43,32 407 837 247,32 431,13 49,49 25,14 4,98 0,4076 407  2 59122,402344 1
44,1 410 838 239,33 403,46 49,37 25,14 4,98 0,4676 409  2 58474,1875 1
44,1 390 841 235,4 398,31 48,99 25,14 4,98 0,5231 410  2 57489,332031 1
44,75 411 838 237,48 393,48 49,34 25,14 4,98 0,576 411  2 57489,332031 1
45,29 403 836 233,25 385,31 49,64 25,14 4,98 0,6679 412  2 56990,203125 1
45,76 405 836 232,47 375,15 49,55 25,14 4,98 0,705 412  2 56499,667969 1
46,15 398 834 229,57 371,23 49,81 25,14 4,98 0,7415 412  2 55399,265625 1
46,5 441 837 226,03 365,74 49,47 25,14 4,98 0,7715 413  2 55363,320312 1
46,94 374 826 226,33 363,89 50,74 25,14 4,98 0,7984 413  2 55077,453125 1
47,13 396 838 228,1 359,48 49,4 25,14 4,98 0,8248 413  2 54829,726562 1
47,34 393 833 223,89 357,66 49,99 25,14 4,98 0,8532 413  3 54410,203125 1
47,39 392 837 223,67 349,29 49,45 25,14 4,98 0,8722 413  3 54099,746094 1
47,51 419 841 219,25 351,9 49,02 25,14 4,98 0,9072 413  3 53997,046875 1
47,59 404 836 220,51 348,23 49,57 25,14 4,98 0,9223 413  3 53590,121094 1
47,53 407 837 223,44 344,48 49,47 25,14 4,98 0,9358 413  3 53455,835937 1
47,62 396 833 217,99 344,24 49,91 25,14 4,98 0,9492 413  3 52925,367187 1
47,62 372 824 219,02 342,27 51,03 25,14 4,98 0,9598 413  3 53024,027344 1
47,58 379 828 220,29 341,34 50,54 25,14 4,98 0,972 413  3 52502,050781 1
36,31 54 463 303,93 644,95 74,83 25,14 4,98 0,0259 400  1 64679,132812 1
36,28 82 517 287,13 607,24 71,01 25,14 4,98 0,0417 400  1 64728,191406 1
36,44 184 673 272,92 546,02 61,21 25,14 4,98 0,1143 400  1 63618,289062 1
37,92 246 747 265,9 507,01 57,1 25,14 4,98 0,1913 401  1 61642,1875 1
39,52 333 813 253,25 480,94 52,54 25,14 4,98 0,2675 403  2 60548,722656 1
42,05 365 823 246,57 447,94 51,15 25,14 4,98 0,3376 405  2 59451,925781 1
43,05 407 837 245,32 441,02 49,52 25,14 4,98 0,4011 409  2 58796,507812 1
43,83 435 846 238,2 411,18 48,51 25,14 4,98 0,4602 411  2 58554,4375 1
44,52 413 844 235,4 394,68 48,74 25,14 4,98 0,5157 413  2 58155,382812 1
45,15 413 843 237,96 394,01 48,85 25,14 4,98 0,5678 415  2 57528,089844 1
45,61 404 836 232,7 385,31 49,62 25,14 4,98 0,6623 416  2 56687,332031 1
46,02 388 831 233,89 386,09 50,25 25,14 4,98 0,7001 417  2 56649,703125 1
46,31 449 850 231,29 372,11 48,03 25,14 4,98 0,7351 418  2 55834,242187 1
46,31 407 841 230,2 372,74 49,09 25,14 4,98 0,769 418  2 55471,289062 1
46,86 415 840 225,11 360,34 49,22 25,14 4,98 0,7951 418  2 55291,578125 1
47,06 394 833 225,57 352,26 50,02 25,14 4,98 0,8228 418  2 54900,277344 1
47,16 382 829 224,73 355,85 50,47 25,14 4,98 0,8484 418  3 54619,160156 1
47,27 409 823 224,2 352,02 51,17 25,14 4,98 0,8699 419  3 54375,53125 1
47,42 381 828 224,58 343,2 50,54 25,14 4,98 0,9086 419  3 54031,238281 1
47,49 369 825 220,29 345,29 51,0 25,14 4,98 0,924 419  3 53894,738281 1
47,53 385 830 222,16 344,59 50,36 25,14 4,98 0,9398 419  3 53355,566406 1
47,54 410 838 222,16 343,31 49,4 25,14 4,98 0,9532 419  3 53222,453125 1
47,62 412 839 221,33 344,48 49,32 25,14 4,98 0,9625 419  3 52958,210937 1
47,68 363 817 219,84 342,62 51,99 25,14 4,98 0,9734 419  3 52664,0625 1
36,29 50 465 306,3 649,11 74,71 25,14 4,98 0,0267 400  1 64532,390625 1
36,33 80 515 290,06 618,02 71,23 25,14 4,98 0,0408 400  1 64826,539062 1
36,33 178 666 274,31 549,91 61,68 25,14 4,98 0,1123 400  1 63713,289062 1
37,36 277 780 265,99 513,05 55,37 25,14 4,98 0,1923 401  1 61686,746094 1
39,01 314 806 256,35 490,14 53,47 25,14 4,98 0,268 403  2 60764,300781 1
41,66 367 814 248,07 451,9 52,4 25,14 4,98 0,3412 405  2 60206,960937 1
42,71 418 821 248,75 440,57 51,5 25,14 4,98 0,4055 407  2 59245,546875 1
43,57 422 842 239,33 414,67 48,99 25,14 4,98 0,4654 408  2 58675,222656 1
44,26 421 829 238,44 400,6 50,43 25,14 4,98 0,5185 409  2 58195,042969 1
44,9 417 840 239,09 394,68 49,17 25,14 4,98 0,6166 411  2 57528,089844 1
45,45 460 854 235,16 387,67 47,68 25,14 4,98 0,6587 411  2 57028,292969 1
45,81 409 838 234,44 379,49 49,45 25,14 4,98 0,7 412  2 56499,667969 1
46,21 405 836 237,32 375,78 49,6 25,14 4,98 0,7392 412  2 56276,105469 1
46,78 414 839 231,84 368,1 49,3 25,14 4,98 0,7745 412  2 55834,242187 1
47,03 416 837 226,49 368,98 49,57 25,14 4,98 0,8055 412  2 55291,578125 1
47,19 424 842 225,03 358,03 48,92 25,14 4,98 0,8307 412  2 55041,925781 1
47,27 377 827 227,87 357,3 50,71 25,14 4,98 0,8569 412  3 54689,167969 1
47,27 392 835 224,81 353,45 49,79 25,14 4,98 0,8779 412  3 54689,167969 1
47,38 389 831 222,84 349,76 50,25 25,14 4,98 0,9117 413  3 54099,746094 1
47,47 427 843 221,26 347,64 48,82 25,14 4,98 0,9277 413  3 53962,902344 1
47,52 400 835 225,87 347,52 49,81 25,14 4,98 0,9406 413  3 53792,8125 1
47,58 392 832 220,88 338,7 50,13 25,14 4,98 0,9504 413  3 53222,453125 1
47,57 382 825 222,53 345,53 50,96 25,14 4,98 0,9649 413  3 52991,097656 1
47,56 362 822 217,84 339,96 51,31 25,14 4,98 0,9746 413  3 52664,0625 1
36,3 57 454 301,06 647,79 75,73 25,14 4,98 0,0253 400  1 64925,183594 1
36,33 80 514 293,52 620,12 71,47 25,14 4,98 0,0389 400  1 65024,128906 1
36,79 153 630 274,96 563,67 63,94 25,14 4,98 0,1091 400  1 63713,289062 1
38,39 284 787 266,98 517,94 55,13 25,14 4,98 0,187 401  1 61686,746094 1
39,98 351 818 253,42 480,94 51,92 25,14 4,98 0,2624 402  2 61068,703125 1
42,34 337 822 249,51 453,43 51,52 25,14 4,98 0,3316 405  2 60249,46875 1
43,28 400 835 245,82 425,34 49,94 25,14 4,98 0,3971 408  2 59659,753906 1
43,28 423 842 240,39 415,38 49,09 25,14 4,98 0,4612 411  2 58796,507812 1
44,01 398 834 238,28 396,29 48,43 25,14 4,98 0,5163 413  2 58274,527344 1
44,72 440 845 240,14 394,68 48,7 25,14 4,98 0,6195 415  2 57840,035156 1
45,27 426 843 235,79 396,29 48,99 25,14 4,98 0,6622 416  2 57450,628906 1
45,71 407 837 236,19 381,42 49,65 25,14 4,98 0,701 417  2 56725,015625 1
46,1 414 839 229,42 374,89 49,4 25,14 4,98 0,7392 417  2 56201,976562 1
46,7 449 850 229,73 371,61 48,16 25,14 4,98 0,7722 417  2 55688,492187 1
46,93 411 838 232,15 363,15 49,5 25,14 4,98 0,8004 418  2 55543,5 1
47,14 396 833 227,33 361,44 50,09 25,14 4,98 0,8239 418  2 55220,015625 1
47,23 407 837 226,72 368,73 49,65 25,14 4,98 0,8469 418  3 54794,519531 1
47,39 393 832 227,25 354,89 50,19 25,14 4,98 0,8878 418  3 54549,328125 1
47,46 426 832 226,41 352,97 50,25 25,14 4,98 0,9069 418  3 54340,902344 1
47,53 421 842 226,72 347,87 49,14 25,14 4,98 0,9229 418  3 53962,902344 1
47,58 399 834 227,33 353,33 49,96 25,14 4,98 0,9365 418  3 53455,835937 1
47,6 401 835 222,46 343,78 49,87 25,14 4,98 0,9524 418  3 53388,945312 1
47,58 390 834 225,19 339,38 50,02 25,14 4,98 0,9625 418  3 53288,925781 1
47,65 377 827 218,14 341,8 50,84 25,14 4,98 0,9737 418  3 52958,210937 1
36,31 45 446 310,06 650,87 76,58 25,14 4,98 0,0251 400  1 65073,714844 1
36,31 45 492 292,23 629,0 73,23 25,14 4,98 0,0361 400  1 65222,929687 1
36,41 169 653 273,94 550,29 62,8 25,14 4,98 0,1048 400  1 63194,273437 1
37,83 264 767 269,07 520,75 56,37 25,14 4,98 0,1898 401  1 62090,710937 1
40,83 308 804 256,44 484,86 54,07 25,14 4,98 0,2682 403  2 61112,4375 1
41,99 410 832 249,51 444,17 50,38 25,14 4,98 0,3425 405  2 60420,109375 1
42,99 424 842 254,37 429,39 49,22 25,14 4,98 0,4122 407  2 59995,3125 1
43,79 408 837 240,39 414,67 49,79 25,14 4,98 0,4767 408  2 58918,296875 1
44,48 411 838 240,71 408,68 49,69 25,14 4,98 0,5899 410  2 58195,042969 1
45,11 463 855 235,55 396,42 47,86 25,14 4,98 0,639 411  2 57879,265625 1
45,57 391 845 234,76 388,72 48,95 25,14 4,98 0,686 411  2 57296,328125 1
45,57 429 844 232,86 385,57 49,02 25,14 4,98 0,734 412  2 57104,617187 1
46,36 425 843 230,51 375,78 49,17 25,14 4,98 0,7703 412  2 56462,285156 1
46,62 410 842 227,41 371,1 49,29 25,14 4,98 0,8037 412  2 55907,402344 1
46,83 427 840 231,99 362,29 49,45 25,14 4,98 0,8349 412  2 55615,902344 1
47,05 421 841 225,42 362,17 49,34 25,14 4,98 0,8618 412  2 55113,023437 1
47,31 404 836 227,1 359,73 49,96 25,14 4,98 0,9121 412  3 55184,308594 1
47,32 394 833 223,36 354,89 50,33 25,14 4,98 0,9298 412  3 54689,167969 1
47,48 398 834 222,99 354,89 50,16 25,14 4,98 0,9455 412  3 54794,519531 1
47,57 412 830 224,65 350,0 50,66 25,14 4,98 0,9585 413  3 54065,46875 1
47,59 372 825 227,87 350,95 51,22 25,14 4,98 0,9746 413  3 53792,8125 1
47,59 387 830 221,26 342,62 50,6 25,14 4,98 0,9863 413  3 53725,078125 1
47,64 377 827 224,88 342,38 51,0 25,14 4,98 0,9958 413  3 53455,835937 1
47,66 381 839 223,44 341,0 49,6 25,14 4,98 1,0077 413  3 53322,222656 1
36,33 49 456 306,72 650,65 76,01 25,14 4,98 0,0268 400  1 65523,417969 1
36,34 55 467 303,52 643,64 75,19 25,14 4,98 0,0346 400  1 64337,773437 1
36,32 146 652 277,01 552,71 63,01 25,14 4,98 0,0996 400  1 63382,023437 1
38,9 264 767 269,25 525,18 56,53 25,14 4,98 0,1788 401  1 62362,972656 1
40,34 351 803 255,66 489,48 54,39 25,14 4,98 0,2545 402  2 61376,167969 1
41,61 389 831 251,03 446,88 50,64 25,14 4,98 0,3283 404  2 60677,886719 1
42,63 393 831 245,73 429,39 50,69 25,14 4,98 0,3922 408  2 60164,511719 1
43,58 395 833 240,63 418,48 50,4 25,14 4,98 0,5105 412  2 59327,925781 1
44,23 407 837 244,99 409,93 49,96 25,14 4,98 0,5617 413  2 58918,296875 1
44,87 423 842 237,8 398,44 49,37 25,14 4,98 0,6115 414  2 57800,859375 1
45,35 422 842 240,79 396,02 49,4 25,14 4,98 0,6564 415  2 57219,492187 1
46,23 415 851 237,23 388,06 48,43 25,14 4,98 0,6957 416  2 57181,148437 1
46,58 415 840 231,52 374,89 49,65 25,14 4,98 0,7323 416  2 56350,429687 1
46,74 433 845 235,55 370,48 49,02 25,14 4,98 0,7687 417  2 55834,242187 1
46,74 393 832 230,74 369,98 50,5 25,14 4,98 0,7985 417  2 55507,371094 1
47,01 410 830 228,49 358,88 50,76 25,14 4,98 0,8263 417  2 55652,175781 1
47,16 421 841 230,04 355,37 49,44 25,14 4,98 0,8738 417  3 55148,644531 1
47,33 414 839 224,73 351,66 49,69 25,14 4,98 0,8921 417  3 54794,519531 1
47,39 392 832 225,87 348,82 50,54 25,14 4,98 0,91 417  3 54794,519531 1
47,47 406 837 227,79 353,45 49,99 25,14 4,98 0,9265 417  3 54065,46875 1
47,58 391 824 227,72 350,24 51,52 25,14 4,98 0,9423 417  3 53962,902344 1
47,58 364 823 223,44 350,59 51,66 25,14 4,98 0,9558 417  3 53590,121094 1
47,56 381 829 219,02 341,34 50,95 25,14 4,98 0,9682 417  3 53455,835937 1
47,59 366 823 221,71 343,43 51,59 25,14 4,98 0,9774 417  3 53222,453125 1
36,41 59 475 301,17 658,18 74,66 25,14 4,98 0,027 400  1 65372,828125 1
36,33 58 493 296,41 628,78 73,35 25,14 4,98 0,0356 400  1 64581,230469 1
36,65 170 655 274,96 566,73 62,86 25,14 4,98 0,0992 400  1 63382,023437 1
39,88 265 768 270,07 522,69 56,51 25,14 4,98 0,1751 401  1 61955,46875 1
39,88 369 824 255,31 460,86 51,5 25,14 4,98 0,252 402  2 61464,585937 1
41,2 373 826 246,4 444,62 51,03 25,14 4,98 0,3252 404  2 60377,359375 1
42,22 401 840 243,91 429,68 49,65 25,14 4,98 0,3911 408  2 60037,523437 1
43,2 410 838 240,31 414,53 49,89 25,14 4,98 0,5132 412  2 59576,449219 1
44,0 415 839 243,91 410,76 49,7 25,14 4,98 0,5691 413  2 59122,402344 1
44,58 386 830 237,15 404,01 50,79 25,14 4,98 0,6173 414  2 57918,550781 1
45,22 396 833 240,47 392,55 50,42 25,14 4,98 0,6641 415  2 57334,828125 1
46,03 398 842 236,43 391,89 49,45 25,14 4,98 0,7022 416  2 57219,492187 1
46,45 415 842 235,87 374,38 49,4 25,14 4,98 0,7383 416  2 56687,332031 1
46,68 405 836 231,37 367,36 50,06 25,14 4,98 0,7749 416  2 56054,300781 1
46,92 425 838 232,07 371,48 49,84 25,14 4,98 0,8068 417  2 55688,492187 1
47,08 421 837 226,33 364,14 49,99 25,14 4,98 0,8565 417  3 55615,902344 1
47,25 416 840 229,73 362,17 49,65 25,14 4,98 0,8804 417  3 55471,289062 1
47,37 399 834 224,27 358,27 50,3 25,14 4,98 0,9002 417  3 54794,519531 1
47,44 411 838 226,03 346,23 49,82 25,14 4,98 0,9171 417  3 54794,519531 1
47,52 391 826 222,31 346,11 51,33 25,14 4,98 0,9324 417  3 54168,429687 1
47,48 380 828 227,79 351,42 51,03 25,14 4,98 0,9463 417  3 54065,46875 1
47,54 376 827 223,06 347,4 51,21 25,14 4,98 0,9588 417  3 53894,738281 1
47,57 375 827 229,34 344,48 51,22 25,14 4,98 0,9691 417  3 53522,894531 1
47,6 371 829 220,81 347,17 50,91 25,14 4,98 0,9819 417  3 53388,945312 1
36,32 57 471 298,02 652,41 75,04 25,14 4,98 0,0258 400  1 65877,507812 1
36,32 56 469 301,06 631,99 75,19 25,14 4,98 0,0311 400  1 65123,378906 1
37,7 133 602 285,19 593,23 66,18 25,14 4,98 0,0908 400  1 63713,289062 1
39,32 318 726 269,7 522,16 58,89 25,14 4,98 0,168 401  1 62637,632812 1
40,73 340 815 253,94 470,95 52,83 25,14 4,98 0,2443 402  2 61776,0625 1
41,94 400 835 245,98 442,22 50,33 25,14 4,98 0,3157 404  2 61200,09375 1
42,9 399 832 243,25 432,74 50,62 25,14 4,98 0,4421 410  2 60079,792969 1
43,79 423 842 242,27 414,53 49,49 25,14 4,98 0,4999 411  2 59953,160156 1
44,44 411 838 244,08 411,18 49,92 25,14 4,98 0,5521 413  2 59040,589844 1
44,44 430 844 237,23 403,05 49,2 25,14 4,98 0,5987 414  2 58115,777344 1
45,0 443 849 237,48 398,71 48,75 25,14 4,98 0,6419 414  2 57450,628906 1
45,96 419 838 235,71 380,39 49,96 25,14 4,98 0,6824 415  2 57257,882812 1
46,32 415 839 229,11 369,22 49,77 25,14 4,98 0,72 415  2 56687,332031 1
46,63 399 834 234,6 372,61 50,36 25,14 4,98 0,7514 416  2 56762,75 1
46,8 441 848 229,65 365,37 48,84 25,14 4,98 0,7833 416  2 56276,105469 1
47,1 417 841 226,87 357,18 49,59 25,14 4,98 0,835 416  2 55615,902344 1
47,21 403 836 230,9 363,03 50,21 25,14 4,98 0,859 416  3 55615,902344 1
47,28 404 836 229,11 355,73 50,18 25,14 4,98 0,8773 416  3 54935,621094 1
47,42 405 836 225,03 356,21 50,14 25,14 4,98 0,8949 416  3 54759,359375 1
47,56 378 828 226,72 360,95 51,19 25,14 4,98 0,9095 417  3 54619,160156 1
47,57 390 832 222,99 348,46 50,71 25,14 4,98 0,925 417  3 54271,78125 1
47,64 385 830 224,73 349,05 50,9 25,14 4,98 0,9387 417  3 54065,46875 1
47,59 381 828 229,34 345,06 51,09 25,14 4,98 0,9501 417  3 53522,894531 1
47,59 374 826 221,33 336,98 51,36 25,14 4,98 0,9726 417  3 53590,121094 1
36,33 47 450 305,58 645,82 76,97 25,14 4,98 0,0259 400  1 65573,773437 1
36,31 49 454 304,44 649,55 76,65 25,14 4,98 0,0296 400  1 65123,378906 1
37,02 123 587 287,71 594,23 67,49 25,14 4,98 0,0834 400  1 63952,035156 1
38,76 310 805 259,06 493,47 54,46 25,14 4,98 0,1607 401  1 63147,507812 1
40,24 344 816 257,66 470,47 52,88 25,14 4,98 0,2365 402  2 62226,542969 1
41,52 415 840 248,49 454,35 49,99 25,14 4,98 0,3098 404  2 61288,003906 1
42,57 416 840 248,66 430,55 49,94 25,14 4,98 0,4354 409  2 60807,601562 1
43,47 421 831 246,57 420,04 51,05 25,14 4,98 0,4907 411  2 60037,523437 1
44,13 410 838 243,99 412,3 50,19 25,14 4,98 0,546 412  2 58918,296875 1
44,81 409 838 239,49 402,92 50,21 25,14 4,98 0,5961 413  2 58234,757812 1
45,82 415 840 237,72 396,02 49,99 25,14 4,98 0,641 414  2 57761,734375 1
46,2 438 851 231,76 379,1 48,69 25,14 4,98 0,6812 414  2 57334,828125 1
46,5 414 839 233,33 377,95 50,02 25,14 4,98 0,7205 415  2 57066,429687 1
46,5 406 836 235,4 369,47 50,35 25,14 4,98 0,7532 415  2 56499,667969 1
46,74 434 845 230,12 365,25 49,32 25,14 4,98 0,8122 416  2 56499,667969 1
46,96 399 834 231,37 368,73 50,59 25,14 4,98 0,8368 416  2 55944,054687 1
47,17 410 847 230,35 358,88 49,12 25,14 4,98 0,8622 416  3 55688,492187 1
47,28 423 842 225,95 356,09 49,69 25,14 4,98 0,8864 416  3 55077,453125 1
47,48 395 833 225,49 362,29 50,74 25,14 4,98 0,9044 416  3 55006,445312 1
47,52 379 835 227,79 358,27 50,57 25,14 4,98 0,9183 416  3 54689,167969 1
47,63 385 822 222,53 349,76 52,06 25,14 4,98 0,933 416  3 54689,167969 1
47,59 351 818 225,49 349,53 52,59 25,14 4,98 0,9459 416  3 54202,835937 1
47,61 411 838 226,1 348,58 50,14 25,14 4,98 0,9676 416  3 54031,238281 1
47,62 397 834 222,99 345,29 50,69 25,14 4,98 0,9803 416  3 53792,8125 1
36,29 52 461 307,97 648,01 76,16 25,14 4,98 0,026 400  1 66286,898437 1
36,57 60 477 301,57 646,7 75,04 25,14 4,98 0,0289 400  1 65024,128906 1
36,57 212 708 269,25 538,68 60,18 25,14 4,98 0,0777 400  1 64144,324219 1
38,13 275 809 258,53 488,48 53,95 25,14 4,98 0,1573 400  1 63054,1875 1
39,69 365 823 255,75 467,93 51,99 25,14 4,98 0,2345 402  2 62181,199219 1
41,1 387 831 253,42 445,07 51,09 25,14 4,98 0,375 407  2 61553,257812 1
42,18 415 840 249,0 436,42 50,02 25,14 4,98 0,4381 409  2 60764,300781 1
43,03 398 834 250,69 427,79 50,66 25,14 4,98 0,4927 411  2 59286,707031 1
43,92 431 837 244,24 410,49 50,35 25,14 4,98 0,5438 412  2 59081,46875 1
45,13 395 833 241,2 398,31 50,79 25,14 4,98 0,5939 413  2 58115,777344 1
45,59 424 843 239,49 396,29 49,62 25,14 4,98 0,6397 414  2 58274,527344 1
46,02 431 842 233,25 374,89 49,7 25,14 4,98 0,6803 414  2 57142,855469 1
46,36 436 846 234,2 369,98 49,25 25,14 4,98 0,7151 415  2 56876,25 1
46,59 397 834 238,12 372,24 50,69 25,14 4,98 0,7841 415  2 56612,117187 1
46,84 411 838 230,27 366,86 50,16 25,14 4,98 0,8099 415  2 56091,148437 1
47,02 427 843 229,11 367,6 49,59 25,14 4,98 0,8349 415  2 55907,402344 1
47,2 421 846 229,88 365,87 49,24 25,14 4,98 0,8559 415  3 55615,902344 1
47,3 411 838 227,41 369,85 50,16 25,14 4,98 0,8784 416  3 55363,320312 1
47,39 409 837 222,84 356,82 50,26 25,14 4,98 0,8986 416  3 55220,015625 1
47,43 427 844 223,67 353,33 49,57 25,14 4,98 0,913 416  3 54829,726562 1
47,5 378 824 225,42 350,59 51,89 25,14 4,98 0,9311 416  3 54479,675781 1
47,55 401 835 226,41 349,41 50,57 25,14 4,98 0,9484 416  3 54099,746094 1
47,55 381 828 220,51 346,23 51,35 25,14 4,98 0,9718 416  3 54237,289062 1
47,54 380 828 226,03 349,41 51,4 25,14 4,98 0,9781 416  3 53894,738281 1
36,26 54 464 300,55 659,97 76,01 25,14 4,98 0,0254 400  1 65979,382812 1
36,22 54 464 300,96 656,18 75,98 25,14 4,98 0,0275 400  1 65523,417969 1
37,46 204 698 269,79 541,97 60,77 25,14 4,98 0,0737 400  1 64483,628906 1
39,1 282 805 259,5 498,0 54,53 25,14 4,98 0,1517 400  1 63288,011719 1
40,56 346 817 255,57 477,37 52,84 25,14 4,98 0,2308 402  1 62181,199219 1
41,79 384 830 254,97 447,03 51,24 25,14 4,98 0,3776 407  2 61597,691406 1
42,82 395 833 246,23 441,02 50,81 25,14 4,98 0,448 409  2 61025,03125 1
43,59 396 837 241,2 423,76 50,33 25,14 4,98 0,5049 411  2 59576,449219 1
43,59 392 832 244,74 411,18 50,93 25,14 4,98 0,5661 412  2 59040,589844 1
44,94 453 851 238,12 398,04 48,72 25,14 4,98 0,6151 413  2 58434,148437 1
45,41 407 837 234,6 396,96 50,35 25,14 4,98 0,6614 414  2 58394,160156 1
45,85 446 844 232,7 377,95 49,55 25,14 4,98 0,6999 414  2 57683,640625 1
46,18 444 836 234,84 372,61 50,48 25,14 4,98 0,7373 414  2 57334,828125 1
46,5 418 840 235,24 377,69 49,96 25,14 4,98 0,8051 415  2 57028,292969 1
46,79 420 841 229,88 377,18 49,87 25,14 4,98 0,8328 415  2 56838,367187 1
46,96 402 835 230,9 369,47 50,54 25,14 4,98 0,8655 415  3 56201,976562 1
47,12 403 836 226,56 366,98 50,5 25,14 4,98 0,889 415  3 55797,734375 1
47,32 386 839 226,03 359,97 50,16 25,14 4,98 0,9078 415  3 55255,773437 1
47,47 402 838 227,95 355,85 50,26 25,14 4,98 0,9259 416  3 55255,773437 1
47,42 404 836 226,72 351,3 50,48 25,14 4,98 0,943 416  3 55077,453125 1
47,48 409 838 225,49 358,03 50,26 25,14 4,98 0,9593 416  3 54689,167969 1
47,55 382 834 225,42 351,19 50,66 25,14 4,98 0,9817 416  3 54900,277344 1
47,55 373 826 231,05 356,21 51,69 25,14 4,98 0,9922 416  3 54271,78125 1
47,56 389 831 221,78 341,92 51,05 25,14 4,98 1,0034 416  3 54065,46875 1
36,19 45 447 303,31 662,88 77,31 25,14 4,98 0,028 400  1 66441,734375 1
36,17 94 539 289,67 611,37 70,84 25,14 4,98 0,0282 400  1 66338,429687 1
36,86 214 711 270,07 552,71 60,18 25,14 4,98 0,0678 400  1 64337,773437 1
38,51 270 787 260,11 500,36 55,99 25,14 4,98 0,1469 400  1 63570,894531 1
40,05 327 810 256,27 482,73 53,84 25,14 4,98 0,3023 403  2 62637,632812 1
41,31 348 817 251,28 459,3 52,88 25,14 4,98 0,3724 406  2 61955,46875 1
42,42 395 833 249,67 438,64 50,93 25,14 4,98 0,4409 408  2 60677,886719 1
43,29 415 839 251,11 429,39 50,16 25,14 4,98 0,5033 410  2 59869,035156 1
44,7 397 834 239,09 423,04 51,0 25,14 4,98 0,5621 411  2 59245,546875 1
45,22 421 845 240,22 409,65 49,54 25,14 4,98 0,6126 412  2 58715,597656 1
45,72 434 845 237,56 391,36 49,47 25,14 4,98 0,6607 413  2 58594,644531 1
45,72 399 834 238,12 386,88 50,76 25,14 4,98 0,7029 413  2 57800,859375 1
46,1 441 836 233,89 376,93 50,6 25,14 4,98 0,7787 414  2 57566,898437 1
46,4 414 839 235,24 380,9 50,18 25,14 4,98 0,8093 414  2 57373,375 1
46,68 412 839 229,26 377,31 50,26 25,14 4,98 0,8394 415  2 56876,25 1
46,91 413 839 232,78 370,85 50,21 25,14 4,98 0,8724 415  3 56128,042969 1
47,06 411 838 233,33 364,14 50,3 25,14 4,98 0,8986 415  3 55834,242187 1
47,32 424 840 226,56 364,38 50,06 25,14 4,98 0,9242 415  3 55688,492187 1
47,43 390 831 226,18 360,58 51,12 25,14 4,98 0,9434 415  3 55148,644531 1
47,45 399 834 225,95 353,93 50,74 25,14 4,98 0,962 415  3 54900,277344 1
47,53 397 834 224,96 361,93 50,84 25,14 4,98 0,9743 415  3 55363,320312 1
47,5 380 832 224,81 356,45 51,05 25,14 4,98 0,9981 415  3 54584,222656 1
47,57 402 835 222,08 355,13 50,62 25,14 4,98 1,0063 415  3 54375,53125 1
47,5 371 825 224,81 340,07 51,87 25,14 4,98 1,019 415  3 53997,046875 1
36,16 42 439 310,69 667,38 78,09 25,14 4,99 0,0277 400  1 66235,445312 1
36,16 90 533 293,62 621,59 71,39 25,14 4,99 0,0287 400  1 65725,289062 1
36,37 212 701 271,72 543,99 60,83 25,14 4,99 0,0675 400  1 64728,191406 1
37,82 299 801 261,35 505,98 55,26 25,14 4,99 0,148 400  1 63429,136719 1
39,46 320 808 257,57 483,06 54,26 25,14 4,99 0,3051 403  2 62822,085937 1
40,81 358 821 249,42 470,47 52,49 25,14 4,99 0,377 406  2 61776,0625 1
41,96 399 834 246,48 434,36 50,83 25,14 4,99 0,4458 409  2 60764,300781 1
42,99 394 834 244,74 420,9 50,9 25,14 4,99 0,5096 410  2 60164,511719 1
44,48 423 842 248,49 420,9 49,94 25,14 4,99 0,5638 411  2 59534,882812 1
45,0 428 856 240,47 405,93 48,44 25,14 4,99 0,615 412  2 59286,707031 1
45,54 414 839 236,99 392,42 50,26 25,14 4,99 0,665 413  2 58594,644531 1
45,93 427 847 233,02 380,64 49,34 25,14 4,99 0,7117 414  2 58195,042969 1
46,29 428 844 232,78 379,23 49,75 25,14 4,99 0,7917 414  2 57644,675781 1
46,5 399 834 236,19 381,29 50,84 25,14 4,99 0,8237 414  2 57489,332031 1
46,79 425 843 229,73 375,15 49,86 25,14 4,99 0,8585 415  2 56687,332031 1
46,97 407 837 232,39 371,1 50,5 25,14 4,99 0,8865 415  3 56054,300781 1
47,09 408 837 229,03 365,62 49,96 25,14 4,99 0,9078 415  3 56239,015625 1
47,22 401 835 235,24 360,09 50,74 25,14 4,99 0,9316 415  3 55907,402344 1
47,32 407 837 232,07 364,38 50,5 25,14 4,99 0,9496 415  3 55615,902344 1
47,41 414 839 236,51 353,93 50,26 25,14 4,99 0,967 415  3 55113,023437 1
47,44 407 822 223,21 359,36 52,38 25,14 4,99 0,9853 415  3 55077,453125 1
47,44 411 838 224,05 357,18 50,38 25,14 4,99 1,0113 415  3 54794,519531 1
47,47 372 825 221,33 353,81 51,92 25,14 4,99 1,025 415  3 54724,242187 1
47,47 381 829 223,74 347,05 51,52 25,14 4,99 1,0344 415  3 54168,429687 1
36,14 51 467 305,68 667,6 76,09 25,14 4,99 0,0295 400  1 66493,507812 1
36,17 88 529 293,91 615,52 71,69 25,14 4,99 0,0295 400  1 66545,359375 1
37,15 195 700 276,08 543,99 60,9 25,14 4,99 0,0621 400  1 65372,828125 1
38,87 280 784 258,01 499,35 56,32 25,14 4,99 0,2255 401  2 64096,144531 1
40,32 328 811 260,9 474,47 53,87 25,14 4,99 0,305 403  2 62637,632812 1
41,58 356 820 251,54 475,27 52,65 25,14 4,99 0,3778 406  2 62226,542969 1
42,55 394 833 257,31 439,68 51,05 25,14 4,99 0,4446 408  2 60807,601562 1
42,55 403 837 242,68 425,05 50,54 25,14 4,99 0,5088 410  2 60334,667969 1
44,18 415 839 249,93 418,48 50,26 25,14 4,99 0,5636 411  2 59701,492187 1
44,75 406 837 245,65 395,22 50,6 25,14 4,99 0,6183 412  2 59081,46875 1
45,29 403 836 243,58 397,23 50,71 25,14 4,99 0,6667 413  2 58756,023437 1
45,74 428 844 239,98 384,4 49,69 25,14 4,99 0,7149 413  2 58234,757812 1
46,18 387 830 232,86 381,03 51,35 25,14 4,99 0,7892 414  2 57879,265625 1
46,42 419 841 236,03 383,62 50,11 25,14 4,99 0,8231 414  2 57257,882812 1
46,63 449 850 229,88 368,23 49,02 25,14 4,99 0,8544 414  2 56952,167969 1
46,9 403 836 231,76 368,1 50,71 25,14 4,99 0,8868 414  3 56276,105469 1
47,18 412 828 232,78 371,36 51,66 25,14 4,99 0,9106 415  3 56017,503906 1
47,29 391 832 226,72 359,0 51,17 25,14 4,99 0,9434 415  3 55944,054687 1
47,36 381 828 230,66 356,82 51,59 25,14 4,99 0,9619 415  3 55724,859375 1
47,46 400 835 229,11 361,93 50,83 25,14 4,99 0,9779 415  3 55507,371094 1
47,43 412 839 222,91 354,17 50,33 25,14 4,99 1,0047 415  3 55148,644531 1
47,43 397 829 225,26 353,81 51,48 25,14 4,99 1,014 415  3 55006,445312 1
47,51 428 844 225,57 351,19 49,77 25,14 4,99 1,025 415  3 54689,167969 1
47,49 373 826 221,26 345,06 51,9 25,14 4,99 1,0342 415  3 54168,429687 1
36,11 63 482 302,8 644,3 75,04 25,14 4,99 0,0292 400  1 66545,359375 1
36,12 81 516 297,42 622,85 72,64 25,14 4,99 0,0283 400  1 66184,078125 1
36,6 214 700 276,92 551,22 60,94 25,14 4,99 0,0546 400  1 65272,820312 1
38,23 242 798 261,61 500,87 55,6 25,14 4,99 0,2072 401  1 64048,035156 1
39,76 333 813 259,23 483,06 53,67 25,14 4,99 0,2865 403  2 63100,8125 1
41,07 373 826 251,46 455,12 51,92 25,14 4,99 0,362 406  2 61776,0625 1
42,2 378 828 251,8 441,62 51,73 25,14 4,99 0,431 408  2 61200,09375 1
43,94 387 830 249,17 434,8 51,36 25,14 4,99 0,4956 409  2 60505,789062 1
44,57 421 832 247,91 417,77 51,14 25,14 4,99 0,555 410  2 60079,792969 1
45,07 406 837 238,93 400,47 50,62 25,14 4,99 0,6085 411  2 59327,925781 1
45,57 433 845 243,17 390,03 49,62 25,14 4,99 0,6604 412  2 58837,050781 1
45,57 442 848 237,23 379,49 49,3 25,14 4,99 0,7447 413  2 58394,160156 1
45,99 438 851 234,92 381,16 49,02 25,14 4,99 0,7811 413  2 58076,226562 1
46,27 430 844 237,07 377,57 49,74 25,14 4,99 0,816 413  2 57373,375 1
46,58 437 847 230,04 375,78 49,47 25,14 4,99 0,8455 413  2 56914,183594 1
46,97 400 835 232,39 370,98 50,86 25,14 4,99 0,876 413  3 56462,285156 1
47,1 406 837 233,1 366,49 50,16 25,14 4,99 0,8985 413  3 56239,015625 1
47,21 428 844 226,56 360,58 49,81 25,14 4,99 0,9197 413  3 56276,105469 1
47,29 385 830 232,7 355,97 51,47 25,14 4,99 0,941 413  3 55399,265625 1
47,35 402 835 226,41 355,49 50,79 25,14 4,99 0,9572 414  3 55507,371094 1
47,4 386 840 226,72 351,3 50,21 25,14 4,99 0,984 414  3 55113,023437 1
47,43 368 824 227,79 354,41 52,13 25,14 4,99 0,9977 414  3 55006,445312 1
47,38 383 829 226,64 347,4 51,52 25,14 4,99 1,0061 414  3 54514,480469 1
47,45 370 825 221,86 350,71 52,08 25,14 4,99 1,0134 414  3 54444,917969 1
36,09 58 474 306,41 673,96 75,7 25,14 4,99 0,0283 400  1 66441,734375 1
36,09 72 500 298,12 624,54 73,83 25,14 4,99 0,0272 400  1 66545,359375 1
36,28 183 671 273,75 560,63 62,67 25,14 4,99 0,1273 400  1 65222,929687 1
37,57 264 801 262,14 507,7 55,3 25,14 4,99 0,2114 401  1 64532,390625 1
39,33 352 819 260,38 484,04 52,86 25,14 4,99 0,2914 403  2 63618,289062 1
40,67 358 821 252,05 465,88 52,59 25,14 4,99 0,3645 406  2 61731,371094 1
41,86 383 829 247,91 446,88 51,55 25,14 4,99 0,4308 408  2 61376,167969 1
43,62 409 838 249,34 433,33 50,55 25,14 4,99 0,4957 409  2 60420,109375 1
44,25 431 845 239,82 408,68 49,74 25,14 4,99 0,5568 410  2 60037,523437 1
44,9 441 848 242,84 401,83 49,37 25,14 4,99 0,6113 411  2 59122,402344 1
45,43 418 840 242,1 390,56 50,21 25,14 4,99 0,6558 412  2 58918,296875 1
45,83 416 840 235,32 398,31 50,3 25,14 4,99 0,7429 413  2 58514,285156 1
46,22 444 846 235,24 377,57 49,59 25,14 4,99 0,7826 413  2 58155,382812 1
46,44 427 843 239,98 386,36 49,89 25,14 4,99 0,8169 413  2 57104,617187 1
46,73 401 835 236,91 374,89 50,86 25,14 4,99 0,8463 413  2 56914,183594 1
46,95 392 832 234,04 372,61 51,21 25,14 4,99 0,8708 414  3 56574,585937 1
47,06 424 853 230,35 363,03 48,84 25,14 4,99 0,895 414  3 56387,664062 1
47,2 411 838 227,64 359,85 50,47 25,14 4,99 0,9154 414  3 56276,105469 1
47,25 389 831 230,74 366,86 51,31 25,14 4,99 0,9321 414  3 56091,148437 1
47,37 412 839 224,2 355,97 50,43 25,14 4,99 0,9657 414  3 55724,859375 1
47,42 378 828 227,79 360,58 51,76 25,14 4,99 0,9803 414  3 55435,253906 1
47,42 389 835 228,95 351,42 50,84 25,14 4,99 0,9918 414  3 55006,445312 1
47,41 411 838 223,21 348,7 50,47 25,14 4,99 1,0035 414  3 54654,140625 1
47,43 397 834 225,34 351,9 51,0 25,14 4,99 1,0152 414  3 54689,167969 1
36,12 52 460 305,99 650,87 76,76 25,14 4,99 0,0284 400  1 66858,1875 1
36,12 82 519 299,84 626,87 72,54 25,14 4,99 0,0272 400  1 66493,507812 1
37,02 189 679 274,49 561,77 62,25 25,14 4,99 0,1219 400  1 65422,949219 1
38,67 274 777 267,16 518,11 56,78 25,14 4,99 0,2021 401  1 64532,390625 1
40,19 360 809 259,14 482,57 54,22 25,14 4,99 0,281 403  2 62729,722656 1
40,19 399 834 251,88 457,29 50,95 25,14 4,99 0,3525 405  2 61865,636719 1
42,44 374 826 249,93 439,23 51,97 25,14 4,99 0,4214 407  2 61156,234375 1
43,34 424 842 243,33 417,07 50,02 25,14 4,99 0,4805 409  2 60677,886719 1
44,14 440 829 240,22 408,96 51,57 25,14 4,99 0,537 410  2 60079,792969 1
44,7 420 841 240,39 403,73 50,16 25,14 4,99 0,5884 411  2 59618,070312 1
45,22 428 844 242,68 390,83 49,87 25,14 4,99 0,6793 412  2 58756,023437 1
45,69 438 847 233,81 379,62 49,52 25,14 4,99 0,7197 412  2 58474,1875 1
46,05 435 846 237,8 387,53 49,64 25,14 4,99 0,762 412  2 57528,089844 1
46,36 446 846 236,43 375,4 49,62 25,14 4,99 0,7956 413  2 57450,628906 1
46,85 456 853 230,82 374,26 48,89 25,14 4,99 0,8267 413  2 57296,328125 1
47,0 391 836 234,6 368,98 50,79 25,14 4,99 0,8532 413  2 56876,25 1
47,14 387 830 230,98 358,03 51,45 25,14 4,99 0,8771 413  3 56649,703125 1
47,24 429 839 227,1 356,94 50,47 25,14 4,99 0,8997 413  3 56164,984375 1
47,31 396 833 232,15 357,42 51,07 25,14 4,99 0,933 413  3 56313,242187 1
47,31 416 840 225,8 356,82 50,3 25,14 4,99 0,9552 413  3 55652,175781 1
47,43 382 829 227,41 355,85 51,62 25,14 4,99 0,9716 413  3 55363,320312 1
47,39 391 832 225,8 353,21 51,28 25,14 4,99 0,9818 413  3 54724,242187 1
47,46 395 839 222,99 353,33 50,42 25,14 4,99 0,9955 413  3 54724,242187 1
47,41 387 830 227,1 346,58 51,45 25,14 4,99 1,0082 413  3 54689,167969 1
36,12 50 445 320,62 656,85 77,96 25,14 4,99 0,0271 400  1 67068,375 1
36,13 73 501 291,34 643,64 73,83 25,14 4,99 0,0414 400  1 66805,84375 1
36,44 188 678 274,96 563,1 62,38 25,14 4,99 0,1126 400  1 66030,4375 1
38,14 274 777 267,97 526,78 56,81 25,14 4,99 0,1903 401  1 63760,898437 1
39,68 326 810 260,82 492,3 54,13 25,14 4,99 0,2647 402  2 62914,722656 1
42,11 364 822 252,99 464,3 52,49 25,14 4,99 0,3371 405  2 61820,816406 1
43,04 423 832 249,0 438,34 51,29 25,14 4,99 0,4056 408  2 61553,257812 1
43,87 460 854 246,48 418,48 48,77 25,14 4,99 0,4698 411  2 60677,886719 1
44,5 455 850 241,2 409,65 49,19 25,14 4,99 0,5262 413  2 60292,039062 1
44,5 473 858 242,92 401,69 48,36 25,14 4,99 0,6298 415  2 59245,546875 1
45,07 425 843 243,5 396,96 50,02 25,14 4,99 0,6728 416  2 59245,546875 1
45,54 425 843 237,56 387,67 50,02 25,14 4,99 0,712 417  2 58796,507812 1
45,93 410 838 239,25 385,83 50,55 25,14 4,99 0,7486 417  2 58076,226562 1
46,2 471 844 238,2 380,26 49,92 25,14 4,99 0,7808 418  2 57528,089844 1
46,75 432 845 233,25 378,08 49,75 25,14 4,99 0,813 418  2 57334,828125 1
46,97 404 836 227,48 364,75 50,79 25,14 4,99 0,839 418  2 56876,25 1
47,13 434 846 228,26 361,07 49,69 25,14 4,99 0,8637 418  3 56612,117187 1
47,26 401 834 226,95 355,13 51,0 25,14 4,99 0,8851 418  3 56164,984375 1
47,27 401 835 231,13 357,42 50,91 25,14 4,99 0,9255 418  3 55870,796875 1
47,36 396 833 226,41 359,48 51,12 25,14 4,99 0,9444 418  3 56054,300781 1
47,42 394 833 228,26 363,4 51,19 25,14 4,99 0,9606 418  3 55471,289062 1
47,45 387 831 223,59 355,13 51,45 25,14 4,99 0,9718 418  3 55184,308594 1
47,47 375 833 226,56 348,7 51,1 25,14 4,99 0,9828 419  3 54759,359375 1
47,47 366 824 225,42 353,21 52,33 25,14 4,99 0,9921 419  3 54759,359375 1
36,08 47 450 307,86 666,25 77,65 25,14 4,99 0,0269 400  1 66963,117187 1
36,12 55 502 301,98 648,01 73,88 25,14 4,99 0,0395 400  1 67173,96875 1
36,15 175 661 275,89 566,16 63,48 25,14 4,99 0,1084 400  1 65123,378906 1
37,46 278 782 269,7 518,29 56,64 25,14 4,99 0,1917 401  1 64000,0 1
40,47 313 805 256,79 498,34 54,85 25,14 4,99 0,272 402  2 62729,722656 1
41,72 374 837 252,56 477,21 50,79 25,14 4,99 0,3456 405  2 62408,582031 1
42,72 390 832 252,48 435,68 51,4 25,14 4,99 0,4165 407  2 61288,003906 1
43,59 393 832 242,43 420,04 51,29 25,14 4,99 0,4797 408  2 60807,601562 1
44,28 433 845 243,33 414,25 49,79 25,14 4,99 0,5337 409  2 60292,039062 1
44,88 425 842 239,25 399,93 50,13 25,14 4,99 0,6384 411  2 59493,375 1
45,38 431 845 235,24 399,12 49,86 25,14 4,99 0,6827 411  2 59534,882812 1
45,76 440 848 234,44 388,32 49,54 25,14 4,99 0,7209 411  2 58474,1875 1
46,15 420 841 239,25 388,85 50,25 25,14 4,99 0,7592 412  2 58115,777344 1
46,43 449 850 232,78 374,26 49,22 25,14 4,99 0,7921 412  2 57840,035156 1
46,68 396 833 233,41 375,78 51,19 25,14 4,99 0,8208 412  2 57142,855469 1
46,86 405 836 229,34 370,6 50,81 25,14 4,99 0,844 412  2 56800,53125 1
47,04 423 842 226,64 363,77 50,16 25,14 4,99 0,8721 412  3 56687,332031 1
47,16 404 836 234,44 365,37 50,88 25,14 4,99 0,915 412  3 56800,53125 1
47,31 445 840 230,66 358,88 50,42 25,14 4,99 0,9331 412  3 56239,015625 1
47,34 423 833 226,33 355,37 51,21 25,14 4,99 0,9479 412  3 55579,679687 1
47,43 424 842 226,18 358,03 50,13 25,14 4,99 0,961 412  3 55543,5 1
47,51 402 835 226,41 351,78 50,93 25,14 4,99 0,9767 412  3 55041,925781 1
47,46 388 834 222,53 354,65 51,1 25,14 4,99 0,9895 412  3 55006,445312 1
47,45 356 820 226,1 347,17 52,83 25,14 4,99 1,0008 412  3 54935,621094 1
36,12 60 476 308,59 664,9 75,78 25,14 4,99 0,0271 400  1 67015,703125 1
36,13 65 513 303,72 647,79 73,16 25,14 4,99 0,0375 400  1 66858,1875 1
36,86 178 665 278,61 572,71 63,23 25,14 4,99 0,1033 400  1 65222,929687 1
36,86 258 761 268,79 525,18 57,8 25,14 4,99 0,1813 401  1 63665,753906 1
40,12 327 810 259,23 495,48 54,17 25,14 4,99 0,2586 402  2 63194,273437 1
41,37 376 841 253,68 447,03 50,36 25,14 4,99 0,3318 405  2 62000,484375 1
42,4 403 836 252,14 435,83 50,95 25,14 4,99 0,3971 408  2 61731,371094 1
43,33 434 846 244,57 420,47 49,79 25,14 4,99 0,4615 410  2 61288,003906 1
44,02 451 851 245,15 415,94 49,17 25,14 4,99 0,5723 414  2 60122,125 1
44,7 420 841 248,49 410,07 50,3 25,14 4,99 0,6225 415  2 59618,070312 1
45,23 422 841 237,15 398,04 50,3 25,14 4,99 0,6686 415  2 58837,050781 1
45,61 428 844 238,93 381,29 49,99 25,14 4,99 0,7101 416  2 58554,4375 1
46,36 409 838 238,12 386,36 50,71 25,14 4,99 0,7464 416  2 57840,035156 1
46,59 415 854 233,1 380,0 48,84 25,14 4,99 0,7774 417  2 57840,035156 1
46,86 401 831 230,82 377,44 51,48 25,14 4,99 0,8106 417  2 57296,328125 1
47,04 413 839 229,73 371,1 50,57 25,14 4,99 0,8385 417  2 57219,492187 1
47,12 430 844 228,64 358,39 49,92 25,14 4,99 0,884 417  3 56876,25 1
47,12 413 839 228,57 365,5 50,57 25,14 4,99 0,9043 417  3 56725,015625 1
47,27 429 844 229,42 360,21 49,96 25,14 4,99 0,9223 418  3 56462,285156 1
47,39 418 841 226,1 356,82 50,3 25,14 4,99 0,9388 418  3 55870,796875 1
47,39 405 836 229,96 356,33 50,86 25,14 4,99 0,9511 418  3 55579,679687 1
47,5 436 846 226,72 356,58 49,7 25,14 4,99 0,9636 418  3 55399,265625 1
47,48 407 837 225,64 351,42 51,42 25,14 4,99 0,9749 418  3 55184,308594 1
47,42 373 834 226,33 357,18 51,09 25,14 4,99 0,9842 418  3 54971,011719 1
36,12 50 457 308,91 657,74 77,25 25,14 4,99 0,0262 400  1 66963,117187 1
36,11 54 501 299,03 643,21 74,03 25,14 4,99 0,0352 400  1 67492,75 1
36,39 178 665 278,7 576,4 63,29 25,14 4,99 0,1004 400  1 65272,820312 1
37,97 241 741 271,35 524,29 58,91 25,14 4,99 0,1785 401  1 64192,578125 1
40,85 328 811 259,5 498,34 54,18 25,14 4,99 0,258 402  2 62914,722656 1
42,06 375 834 251,46 454,51 51,21 25,14 4,99 0,3297 405  2 62591,6875 1
43,03 408 837 251,03 445,97 50,76 25,14 4,99 0,3949 408  2 61420,34375 1
43,03 432 845 242,35 426,2 49,89 25,14 4,99 0,4558 410  2 60764,300781 1
43,81 422 842 243,75 407,3 50,25 25,14 4,99 0,5757 414  2 61068,703125 1
44,51 427 843 238,44 403,46 50,06 25,14 4,99 0,6218 415  2 60164,511719 1
44,99 434 849 238,44 398,31 49,45 25,14 4,99 0,6676 415  2 58918,296875 1
45,51 443 849 239,74 383,49 49,49 25,14 4,99 0,7093 416  2 58837,050781 1
46,23 409 838 239,66 392,42 50,74 25,14 4,99 0,7464 416  2 58354,226562 1
46,54 407 837 237,4 379,49 50,83 25,14 4,99 0,7778 417  2 57957,890625 1
46,75 419 847 231,92 374,38 49,69 25,14 4,99 0,8086 417  2 57644,675781 1
46,93 457 853 229,65 365,25 49,02 25,14 4,99 0,8354 417  2 57528,089844 1
47,05 427 843 234,04 366,61 50,06 25,14 4,99 0,884 417  3 56838,367187 1
47,24 412 839 234,6 367,48 50,6 25,14 4,99 0,9087 418  3 56952,167969 1
47,24 427 843 229,73 361,31 50,08 25,14 4,99 0,9272 418  3 56424,949219 1
47,35 427 828 231,76 354,89 51,85 25,14 4,99 0,9463 418  3 55834,242187 1
47,44 393 832 228,57 357,42 51,36 25,14 4,99 0,9631 418  3 55870,796875 1
47,44 405 832 229,18 361,44 51,45 25,14 4,99 0,9758 418  3 55543,5 1
47,47 409 838 224,81 358,63 50,74 25,14 4,99 0,9871 418  3 55291,578125 1
47,45 410 825 226,41 352,26 52,31 25,14 4,99 0,9982 418  3 54724,242187 1
36,15 35 426 309,64 661,31 79,75 25,14 4,99 0,0266 400  1 67386,15625 1
36,08 46 448 303,93 656,4 78,12 25,14 4,99 0,0344 400  1 66493,507812 1
36,1 132 627 277,86 577,77 65,78 25,14 4,99 0,0971 400  1 65272,820312 1
39,02 261 763 270,43 527,31 57,84 25,14 4,99 0,1774 401  1 64434,9375 1
40,44 371 825 264,28 499,01 54,29 25,14 4,99 0,2522 402  2 63760,898437 1
41,68 394 840 252,14 442,67 50,54 25,14 4,99 0,3247 404  2 62271,953125 1
42,65 402 835 250,27 438,79 51,12 25,14 4,99 0,3916 408  2 62090,710937 1
43,52 451 851 243,58 426,34 49,34 25,14 4,99 0,5146 412  2 61464,585937 1
44,22 437 846 241,86 417,35 49,84 25,14 4,99 0,5661 413  2 60764,300781 1
44,86 429 844 240,71 402,1 50,13 25,14 4,99 0,6184 414  2 59995,3125 1
45,32 427 843 239,25 396,29 49,34 25,14 4,99 0,6625 415  2 59245,546875 1
45,78 429 844 236,27 387,8 50,11 25,14 4,99 0,7005 416  2 58514,285156 1
46,09 426 843 240,71 386,62 50,23 25,14 4,99 0,7404 416  2 58634,90625 1
46,45 428 844 235,71 375,15 50,16 25,14 4,99 0,7768 416  2 58195,042969 1
46,68 442 839 236,51 372,24 50,71 25,14 4,99 0,808 417  2 57879,265625 1
46,9 422 842 229,57 367,98 50,36 25,14 4,99 0,833 417  2 57489,332031 1
47,07 425 843 232,47 361,07 50,26 25,14 4,99 0,8826 417  3 57373,375 1
47,16 402 835 234,12 359,48 51,14 25,14 4,99 0,9057 417  3 56800,53125 1
47,26 426 843 228,57 364,88 50,25 25,14 4,99 0,9294 417  3 56462,285156 1
47,33 397 842 227,33 358,63 50,33 25,14 4,99 0,9478 417  3 56128,042969 1
47,43 374 826 227,41 359,0 52,26 25,14 4,99 0,9606 417  3 55907,402344 1
47,43 419 841 224,73 353,33 50,5 25,14 4,99 0,9728 417  3 55399,265625 1
47,41 387 830 226,64 353,09 51,73 25,14 4,99 0,9841 417  3 55471,289062 1
47,45 415 833 228,41 349,41 51,4 25,14 4,99 0,9961 417  3 55363,320312 1
36,08 56 470 311,85 667,15 76,81 25,14 4,99 0,0256 400  1 67814,570312 1
36,15 56 491 301,47 654,63 75,29 25,14 4,99 0,0327 400  1 66805,84375 1
36,15 162 643 279,18 590,22 65,09 25,14 4,99 0,0916 400  1 65624,195312 1
38,49 242 742 272,27 527,67 59,27 25,14 4,99 0,1681 401  1 64532,390625 1
39,95 368 824 255,14 476,56 52,77 25,14 4,99 0,2416 402  2 63713,289062 1
41,26 375 831 249,67 456,82 51,9 25,14 4,99 0,3154 404  2 63007,628906 1
42,37 392 832 253,42 447,03 51,78 25,14 4,99 0,3842 407  2 62362,972656 1
43,23 405 836 244,9 427,93 51,26 25,14 4,99 0,5059 411  2 61686,746094 1
43,97 424 842 246,15 415,1 50,55 25,14 4,99 0,5576 413  2 61156,234375 1
44,6 416 840 240,31 404,28 50,84 25,14 4,99 0,6081 414  2 59953,160156 1
45,17 414 843 242,76 396,02 50,47 25,14 4,99 0,6521 414  2 59785,148437 1
46,09 459 845 236,67 384,79 50,21 25,14 4,99 0,6921 415  2 59286,707031 1
46,3 455 852 230,66 383,88 49,44 25,14 4,99 0,7293 415  2 58756,023437 1
46,63 419 841 237,72 377,95 50,71 25,14 4,99 0,7618 416  2 58354,226562 1
46,86 459 853 234,76 377,18 49,3 25,14 4,99 0,7914 416  2 58076,226562 1
47,05 461 843 231,84 371,1 50,5 25,14 4,99 0,844 416  3 57918,550781 1
47,05 430 844 228,8 368,98 50,33 25,14 4,99 0,8647 416  3 57450,628906 1
47,14 417 840 233,18 365,37 50,79 25,14 4,99 0,8836 417  3 56914,183594 1
47,27 406 837 229,34 366,36 51,22 25,14 4,99 0,9009 417  3 56387,664062 1
47,45 386 830 230,12 361,31 52,01 25,14 4,99 0,9161 417  3 56574,585937 1
47,42 425 843 228,49 364,14 50,45 25,14 4,99 0,93 417  3 56276,105469 1
47,49 404 836 226,64 353,45 51,28 25,14 4,99 0,9451 417  3 56164,984375 1
47,51 398 834 226,95 353,57 51,52 25,14 4,99 0,9565 417  3 55543,5 1
47,46 389 831 220,81 352,02 51,9 25,14 4,99 0,976 417  3 55399,265625 1
36,08 49 455 311,01 670,77 77,99 25,14 4,99 0,0262 400  1 67868,507812 1
36,11 55 466 305,27 665,57 77,12 25,14 4,99 0,031 400  1 66963,117187 1
37,86 135 600 280,88 602,94 67,86 25,14 4,99 0,0895 400  1 66030,4375 1
39,46 305 730 274,68 537,95 60,0 25,14 4,99 0,1682 401  1 64532,390625 1
40,78 341 815 258,18 480,45 54,0 25,14 4,99 0,2499 402  2 63952,035156 1
41,99 397 832 250,52 454,82 51,87 25,14 4,99 0,3254 404  2 63194,273437 1
41,99 412 839 251,03 447,94 51,02 25,14 4,99 0,4616 410  2 62362,972656 1
42,92 461 854 242,84 433,03 49,25 25,14 4,99 0,5187 412  2 61910,519531 1
43,72 416 840 246,15 424,47 50,86 25,14 4,99 0,5765 413  2 61288,003906 1
44,42 437 846 236,27 405,24 50,11 25,14 4,99 0,6249 414  2 60377,359375 1
44,98 439 839 237,15 402,1 50,96 25,14 4,99 0,6791 415  2 59827,0625 1
45,92 416 840 235,71 386,62 50,86 25,14 4,99 0,7206 416  2 59286,707031 1
46,28 460 854 239,66 388,85 49,3 25,14 4,99 0,7611 416  2 59122,402344 1
46,6 443 849 234,92 381,68 49,87 25,14 4,99 0,796 416  2 58434,148437 1
46,75 416 843 235,63 377,57 50,47 25,14 4,99 0,826 417  2 58195,042969 1
46,99 422 842 233,02 374,76 50,64 25,14 4,99 0,8845 417  3 57722,660156 1
47,13 380 828 231,92 366,61 52,27 25,14 4,99 0,9074 417  3 57722,660156 1
47,18 408 837 236,03 368,23 51,15 25,14 4,99 0,9253 417  3 56876,25 1
47,3 424 842 229,34 361,44 50,59 25,14 4,99 0,9459 417  3 56800,53125 1
47,47 417 841 228,26 358,63 50,79 25,14 4,99 0,9593 417  3 56499,667969 1
47,47 405 836 231,76 354,65 51,29 25,14 4,99 0,9739 417  3 56239,015625 1
47,49 398 834 223,97 349,17 51,57 25,14 4,99 0,9848 417  3 56091,148437 1
47,43 373 826 225,49 356,58 52,58 25,14 4,99 0,9965 417  3 55834,242187 1
47,4 409 831 230,35 355,37 51,9 25,14 4,99 1,0129 417  3 55615,902344 1
36,15 54 464 313,33 670,32 77,36 25,14 4,99 0,0271 400  1 68139,476562 1
36,14 62 481 306,1 671,68 76,11 25,14 4,99 0,0294 400  1 67279,898437 1
37,23 128 616 280,5 592,02 66,9 25,14 4,99 0,082 400  1 66132,78125 1
38,91 342 816 260,73 505,47 53,96 25,14 4,99 0,1608 401  1 65322,785156 1
40,36 357 820 255,06 479,8 53,31 25,14 4,99 0,241 402  2 64192,578125 1
41,6 391 832 256,09 463,36 51,89 25,14 4,99 0,3155 404  2 63429,136719 1
42,66 418 835 251,2 441,32 51,45 25,14 4,99 0,4531 409  2 62271,953125 1
43,5 428 844 245,07 438,64 50,45 25,14 4,99 0,5147 411  2 61955,46875 1
44,2 442 848 248,16 418,62 49,96 25,14 4,99 0,5699 412  2 60677,886719 1
44,85 428 844 241,04 410,62 50,47 25,14 4,99 0,6221 413  2 60377,359375 1
45,41 427 843 244,99 400,6 50,48 25,14 4,99 0,6688 414  2 60037,523437 1
45,81 440 848 244,24 390,83 50,02 25,14 4,99 0,7127 415  2 59369,203125 1
46,12 408 837 246,73 381,81 51,21 25,14 4,99 0,7508 415  2 59040,589844 1
46,4 403 836 234,92 382,84 51,42 25,14 4,99 0,7841 415  2 58756,023437 1
46,68 439 847 238,6 380,39 50,06 25,14 4,99 0,8518 416  2 57997,28125 1
46,92 424 837 233,41 371,36 51,21 25,14 4,99 0,8791 416  3 57957,890625 1
47,05 405 836 230,98 368,23 51,31 25,14 4,99 0,9017 416  3 57296,328125 1
47,23 424 842 233,97 367,6 50,62 25,14 4,99 0,9217 416  3 57334,828125 1
47,39 424 843 233,18 365,99 50,59 25,14 4,99 0,938 416  3 57219,492187 1
47,46 429 838 229,11 363,89 51,07 25,14 4,99 0,9558 416  3 56649,703125 1
47,48 391 832 233,02 362,66 51,87 25,14 4,99 0,9721 416  3 56350,429687 1
47,5 414 839 226,72 361,8 50,96 25,14 4,99 0,9883 416  3 56201,976562 1
47,46 376 827 227,72 354,29 52,49 25,14 4,99 1,0112 416  3 56017,503906 1
47,49 366 823 223,89 358,39 52,92 25,14 4,99 1,0204 416  3 55761,273437 1
36,18 45 446 310,37 665,57 78,89 25,14 4,99 0,0272 400  1 68085,109375 1
36,2 62 480 307,76 667,6 76,32 25,14 4,99 0,0295 400  1 67332,984375 1
36,66 240 605 281,17 607,45 67,72 25,14 4,99 0,0791 400  1 66286,898437 1
38,25 313 806 260,82 508,04 55,46 25,14 4,99 0,1606 400  1 65073,714844 1
39,83 366 824 255,75 477,21 53,02 25,14 4,99 0,2368 402  2 64532,390625 1
41,16 381 828 254,8 466,98 52,42 25,14 4,99 0,3762 407  2 63382,023437 1
42,2 423 837 252,73 449,0 51,31 25,14 4,99 0,4416 409  2 62868,371094 1
43,19 401 835 243,99 431,72 51,59 25,14 4,99 0,499 411  2 61553,257812 1
43,9 434 846 247,99 422,18 50,35 25,14 4,99 0,5525 412  2 61025,03125 1
45,16 432 845 239,66 411,74 50,42 25,14 4,99 0,6004 413  2 60122,125 1
45,62 423 842 239,01 398,31 50,74 25,14 4,99 0,6468 414  2 60164,511719 1
46,02 405 836 238,28 388,85 51,45 25,14 4,99 0,6881 414  2 59245,546875 1
46,3 443 848 236,35 385,05 50,02 25,14 4,99 0,7284 414  2 59286,707031 1
46,61 431 845 235,55 381,55 50,47 25,14 4,99 0,7623 415  2 58837,050781 1
46,85 436 846 235,08 374,64 50,26 25,14 4,99 0,8266 415  2 58514,285156 1
46,85 438 844 232,07 378,33 50,5 25,14 4,99 0,8519 415  3 58155,382812 1
47,01 421 842 231,05 370,23 50,81 25,14 4,99 0,8745 415  3 57528,089844 1
47,14 407 837 233,1 376,8 51,35 25,14 4,99 0,8938 415  3 57104,617187 1
47,27 416 840 227,72 368,48 51,0 25,14 4,99 0,9128 415  3 56762,75 1
47,41 406 839 230,35 365,25 51,17 25,14 4,99 0,9293 416  3 56387,664062 1
47,5 415 839 229,73 362,91 51,07 25,14 4,99 0,9485 416  3 56537,101562 1
47,44 419 841 226,95 355,13 50,91 25,14 4,99 0,9629 416  3 56091,148437 1
47,45 405 836 228,1 363,28 51,45 25,14 4,99 0,9867 416  3 55944,054687 1
47,45 403 836 225,11 355,01 51,5 25,14 4,99 0,9969 416  3 55907,402344 1
36,15 54 464 311,32 681,07 77,57 25,14 4,99 0,0264 400  1 68030,828125 1
36,31 55 467 308,8 686,86 77,36 25,14 4,99 0,0285 400  1 67814,570312 1
37,67 227 726 273,56 555,53 60,42 25,14 4,99 0,0759 400  1 66338,429687 1
39,33 315 806 260,9 508,04 55,43 25,14 4,99 0,1556 400  1 65422,949219 1
40,74 358 821 257,05 484,37 53,4 25,14 4,99 0,2335 402  2 64532,390625 1
40,74 391 832 260,46 473,03 52,03 25,14 4,99 0,3747 407  2 63147,507812 1
41,89 402 844 251,03 451,14 50,6 25,14 4,99 0,4432 409  2 62729,722656 1
42,87 426 843 249,08 434,36 50,67 25,14 4,99 0,5015 410  2 61420,34375 1
43,68 442 848 244,24 424,47 50,11 25,14 4,99 0,5592 412  2 61025,03125 1
44,97 420 841 241,04 404,83 50,91 25,14 4,99 0,6083 413  2 60292,039062 1
45,45 436 845 235,63 396,56 50,43 25,14 4,99 0,6558 413  2 60164,511719 1
45,85 450 851 243,25 397,5 49,82 25,14 4,99 0,6963 414  2 59410,535156 1
46,12 414 839 236,99 381,68 51,12 25,14 4,99 0,7325 414  2 58837,050781 1
46,49 433 845 236,19 385,05 50,42 25,14 4,99 0,8015 415  2 58918,296875 1
46,78 413 839 237,48 376,54 51,15 25,14 4,99 0,8276 415  2 58675,222656 1
46,94 438 845 235,55 368,6 50,47 25,14 4,99 0,8552 415  3 57800,859375 1
47,01 442 848 230,98 366,49 50,09 25,14 4,99 0,8769 415  3 57334,828125 1
47,24 403 836 235,4 368,6 51,55 25,14 4,99 0,8985 415  3 57450,628906 1
47,36 409 838 227,79 364,63 51,24 25,14 4,99 0,9189 415  3 57142,855469 1
47,36 419 838 230,98 359,0 51,24 25,14 4,99 0,9349 415  3 56800,53125 1
47,36 408 837 225,57 362,05 51,36 25,14 4,99 0,9514 415  3 56649,703125 1
47,44 377 827 226,64 359,36 52,58 25,14 4,99 0,9752 415  3 56499,667969 1
47,42 384 829 228,57 356,33 52,31 25,14 4,99 0,9849 415  3 55907,402344 1
47,47 374 826 224,05 356,94 52,7 25,14 4,99 0,9945 415  3 56017,503906 1
36,19 48 453 313,33 682,22 78,54 25,14 4,99 0,0253 400  1 68248,46875 1
36,13 102 552 295,51 620,54 71,39 25,14 4,99 0,0258 400  1 67706,953125 1
37,07 203 741 276,64 553,09 59,65 25,14 4,99 0,0626 400  1 66858,1875 1
38,81 273 776 266,98 517,24 57,74 25,14 4,99 0,1383 400  1 65674,703125 1
40,26 370 825 256,61 479,64 52,95 25,14 4,99 0,2933 403  2 64434,9375 1
41,52 397 834 259,32 469,68 51,87 25,14 4,99 0,3657 406  2 63808,574219 1
42,57 408 837 251,37 455,28 51,42 25,14 4,99 0,4342 408  2 62226,542969 1
43,34 425 849 245,07 433,47 50,06 25,14 4,99 0,4967 410  2 61865,636719 1
44,16 414 839 249,51 428,22 51,21 25,14 4,99 0,5541 411  2 61464,585937 1
44,74 421 850 240,79 414,67 49,94 25,14 4,99 0,6066 412  2 60505,789062 1
45,28 449 850 244,08 401,42 49,92 25,14 4,99 0,6576 413  2 59995,3125 1
45,72 454 849 241,28 394,01 50,09 25,14 4,99 0,7035 413  2 59410,535156 1
46,07 461 854 237,96 391,36 49,5 25,14 4,99 0,7824 414  2 59493,375 1
46,4 410 838 236,51 382,32 51,35 25,14 4,99 0,8193 414  2 59327,925781 1
46,64 428 844 232,78 378,46 50,67 25,14 4,99 0,8522 414  2 58314,351562 1
46,89 409 837 232,54 369,22 51,4 25,14 4,99 0,8777 414  3 58195,042969 1
47,15 447 850 234,12 371,61 50,88 25,14 4,99 0,9009 414  3 58036,726562 1
47,26 428 844 237,15 370,48 50,66 25,14 4,99 0,9202 414  3 57373,375 1
47,41 407 837 231,68 365,74 51,45 25,14 4,99 0,9411 415  3 57296,328125 1
47,44 416 840 231,45 359,73 51,12 25,14 4,99 0,9577 415  3 56990,203125 1
47,46 399 842 229,57 353,45 50,84 25,14 4,99 0,973 415  3 56800,53125 1
47,48 400 835 229,34 354,29 51,75 25,14 4,99 1,0044 415  3 56537,101562 1
47,46 406 837 229,88 361,68 51,5 25,14 4,99 1,0148 415  3 55944,054687 1
47,51 382 829 231,37 354,41 52,45 25,14 4,99 1,0211 415  3 55907,402344 1
36,17 41 430 314,92 676,25 80,37 25,14 4,99 0,0262 400  1 68687,953125 1
36,16 97 544 296,01 637,14 72,0 25,14 4,99 0,0261 400  1 68139,476562 1
36,55 200 688 278,33 551,78 62,76 25,14 4,99 0,0584 400  1 67015,703125 1
38,17 305 803 265,27 520,57 56,05 25,14 4,99 0,2135 401  1 65775,953125 1
39,75 342 815 272,0 484,04 54,26 25,14 4,99 0,2874 403  2 65073,714844 1
41,05 369 825 259,67 480,45 53,04 25,14 4,99 0,3621 406  2 63665,753906 1
42,22 407 837 250,61 458,52 51,5 25,14 4,99 0,4318 408  2 62683,644531 1
43,12 436 852 246,32 440,28 49,72 25,14 4,99 0,494 410  2 61776,0625 1
44,57 448 850 249,84 429,24 49,99 25,14 4,99 0,5537 411  2 61025,03125 1
45,13 428 844 241,86 405,1 50,71 25,14 4,99 0,6099 412  2 60677,886719 1
45,65 424 842 245,65 402,37 50,88 25,14 4,99 0,658 412  2 60505,789062 1
45,98 453 841 242,1 398,44 51,0 25,14 4,99 0,7119 413  2 60164,511719 1
46,32 447 850 237,72 383,36 50,02 25,14 4,99 0,7927 413  2 59576,449219 1
46,32 416 840 240,55 387,14 51,15 25,14 4,99 0,8244 414  2 58877,644531 1
46,63 443 848 234,84 377,18 50,18 25,14 4,99 0,8556 414  2 58594,644531 1
46,76 463 855 234,6 377,31 49,49 25,14 4,99 0,887 414  3 58036,726562 1
47,14 413 839 231,92 372,11 52,27 25,14 4,99 0,9137 414  3 58155,382812 1
47,3 406 837 231,76 373,12 51,55 25,14 4,99 0,937 414  3 57761,734375 1
47,31 381 828 232,39 366,11 52,56 25,14 4,99 0,9563 414  3 57489,332031 1
47,36 406 837 228,95 362,54 51,54 25,14 4,99 0,9719 414  3 56990,203125 1
47,43 388 831 235,32 373,88 52,26 25,14 4,99 0,9979 414  3 57028,292969 1
47,43 390 824 227,79 361,44 53,06 25,14 4,99 1,0108 414  3 56952,167969 1
47,44 398 834 230,51 361,93 51,85 25,14 4,99 1,0221 414  3 56313,242187 1
47,46 428 844 229,11 359,36 50,71 25,14 4,99 1,0342 414  3 56201,976562 1
36,14 58 474 308,18 671,68 77,1 25,14 4,99 0,0282 400  1 68467,507812 1
36,23 91 534 300,15 643,21 72,71 25,14 4,99 0,0271 400  1 68412,617187 1
36,23 179 666 285,87 575,04 64,15 25,14 4,99 0,0501 400  1 67068,375 1
37,57 247 797 267,43 525,53 56,68 25,14 4,99 0,211 401  1 65928,40625 1
39,24 331 812 258,71 496,65 54,81 25,14 4,99 0,2918 403  2 65024,128906 1
40,63 364 823 261,88 485,02 53,31 25,14 4,99 0,3634 406  2 63523,574219 1
41,77 440 847 252,91 449,31 50,33 25,14 4,99 0,4335 408  2 63007,628906 1
43,63 386 830 249,67 444,17 52,4 25,14 4,99 0,4952 409  2 62271,953125 1
44,28 436 846 247,32 418,91 50,45 25,14 4,99 0,5594 410  2 61597,691406 1
44,91 406 837 243,75 407,16 51,59 25,14 4,99 0,6135 411  2 61288,003906 1
45,41 446 849 243,99 401,01 50,11 25,14 4,99 0,6611 412  2 60591,714844 1
45,82 421 841 243,33 398,04 51,02 25,14 4,99 0,7477 413  2 60334,667969 1
46,16 422 849 235,55 388,19 50,13 25,14 4,99 0,7869 413  2 59534,882812 1
46,49 454 852 237,64 388,72 49,81 25,14 4,99 0,8184 413  2 59245,546875 1
46,72 430 844 235,08 381,16 50,67 25,14 4,99 0,8508 413  2 58796,507812 1
47,02 432 845 233,97 375,15 50,6 25,14 4,99 0,878 414  3 58076,226562 1
47,02 417 847 237,64 373,37 50,33 25,14 4,99 0,9018 414  3 57957,890625 1
47,2 414 839 232,62 368,48 51,28 25,14 4,99 0,9235 414  3 57879,265625 1
47,33 401 835 232,39 366,61 51,78 25,14 4,99 0,9435 414  3 57450,628906 1
47,37 409 838 235,16 367,23 51,45 25,14 4,99 0,9788 414  3 57142,855469 1
47,4 405 836 228,41 360,95 51,62 25,14 4,99 0,9918 414  3 56762,75 1
47,46 403 829 231,76 362,91 52,49 25,14 4,99 1,0027 414  3 56499,667969 1
47,43 379 828 232,23 358,63 52,65 25,14 4,99 1,0134 414  3 56387,664062 1
47,43 388 831 229,88 359,85 52,31 25,14 4,99 1,0236 414  3 56499,667969 1
36,17 47 451 312,48 683,61 78,84 25,14 5,0 0,0268 400  1 68632,710937 1
36,19 79 513 298,93 652,19 74,28 25,14 5,0 0,0257 400  1 68412,617187 1
36,98 199 692 277,58 582,48 62,61 25,14 5,0 0,1219 400  1 67332,984375 1
38,59 294 798 266,17 531,25 56,68 25,14 5,0 0,1983 401  1 66030,4375 1
40,11 314 814 260,99 486,17 54,57 25,14 5,0 0,2768 403  2 64925,183594 1
41,36 372 826 262,85 478,18 52,99 25,14 5,0 0,3493 405  2 64000,0 1
42,46 397 834 252,31 460,39 51,97 25,14 5,0 0,4223 407  2 63334,984375 1
43,29 431 841 253,59 448,55 51,12 25,14 5,0 0,4848 409  2 62271,953125 1
44,07 440 847 245,15 415,94 50,36 25,14 5,0 0,5453 410  2 61955,46875 1
44,68 429 844 242,27 411,18 50,74 25,14 5,0 0,599 411  2 60850,960937 1
45,26 432 845 243,99 406,48 50,66 25,14 5,0 0,6967 412  2 60505,789062 1
45,71 460 854 240,22 398,17 49,65 25,14 5,0 0,7358 412  2 60079,792969 1
46,08 442 840 240,47 387,67 51,21 25,14 5,0 0,773 412  2 59995,3125 1
46,39 410 838 241,69 387,14 51,45 25,14 5,0 0,807 413  2 59245,546875 1
46,66 423 842 235,55 383,23 50,96 25,14 5,0 0,8398 413  2 58837,050781 1
47,01 406 837 233,33 375,65 51,62 25,14 5,0 0,8679 413  3 58634,90625 1
47,13 404 845 237,8 373,5 50,6 25,14 5,0 0,8931 413  3 58036,726562 1
47,24 396 833 230,9 368,6 52,03 25,14 5,0 0,9155 413  3 57957,890625 1
47,32 416 840 232,54 362,29 51,24 25,14 5,0 0,9379 413  3 57528,089844 1
47,42 401 835 233,02 365,25 51,82 25,14 5,0 0,9781 413  3 57450,628906 1
47,43 387 830 230,51 361,8 52,38 25,14 5,0 0,991 413  3 57334,828125 1
47,46 407 836 230,66 363,03 51,64 25,14 5,0 1,0018 413  3 56952,167969 1
47,46 404 836 231,13 355,73 51,71 25,14 5,0 1,0119 413  3 56499,667969 1
47,44 397 834 228,26 358,51 51,97 25,14 5,0 1,0216 413  3 56424,949219 1
36,08 43 442 314,18 673,96 79,72 25,14 5,0 0,0271 400  1 69021,296875 1
36,15 78 512 299,34 657,51 74,58 25,14 5,0 0,0436 400  1 68577,554687 1
36,46 174 659 282,5 591,02 64,76 25,14 5,0 0,1182 400  1 67706,953125 1
38,02 277 780 267,79 528,92 57,8 25,14 5,0 0,202 401  1 66235,445312 1
39,55 346 817 263,12 489,81 54,29 25,14 5,0 0,2779 403  2 64826,539062 1
40,92 377 827 264,1 478,99 52,92 25,14 5,0 0,3494 405  2 63904,144531 1
42,98 406 837 254,45 467,77 51,76 25,14 5,0 0,421 407  2 63241,105469 1
43,85 409 838 252,73 435,68 51,62 25,14 5,0 0,4843 409  2 61910,519531 1
44,44 451 845 244,24 420,33 50,74 25,14 5,0 0,5434 410  2 61955,46875 1
45,04 453 852 248,66 413,97 50,02 25,14 5,0 0,6005 411  2 61508,890625 1
45,55 436 846 247,65 405,65 50,62 25,14 5,0 0,6966 412  2 60677,886719 1
45,55 442 848 240,22 400,87 50,42 25,14 5,0 0,7356 412  2 60334,667969 1
45,89 419 841 241,69 394,55 51,24 25,14 5,0 0,7733 412  2 59869,035156 1
46,28 421 836 237,15 389,51 51,82 25,14 5,0 0,8132 413  2 59081,46875 1
46,82 418 841 235,95 383,23 51,29 25,14 5,0 0,8455 413  2 58959,003906 1
46,96 381 828 236,83 376,54 52,77 25,14 5,0 0,8772 413  3 58756,023437 1
47,14 411 838 232,23 374,26 51,57 25,14 5,0 0,9011 413  3 58155,382812 1
47,16 417 833 232,47 366,61 52,2 25,14 5,0 0,9242 413  3 58155,382812 1
47,25 424 842 231,13 370,6 51,09 25,14 5,0 0,9673 413  3 57840,035156 1
47,35 435 846 236,83 367,85 50,66 25,14 5,0 0,9808 413  3 57683,640625 1
47,36 402 835 230,2 367,36 51,9 25,14 5,0 0,9957 413  3 57066,429687 1
47,42 411 838 232,62 372,49 51,55 25,14 5,0 1,0108 413  3 56876,25 1
47,37 392 832 231,29 367,98 51,4 25,14 5,0 1,0207 413  3 56574,585937 1
47,46 377 838 229,65 356,94 51,57 25,14 5,0 1,0307 413  3 56499,667969 1
36,16 52 451 312,8 668,06 79,13 25,14 5,0 0,0271 400  1 68909,828125 1
36,13 70 496 306,1 657,51 75,75 25,14 5,0 0,0396 400  1 68798,710937 1
36,16 182 671 285,68 580,32 64,11 25,14 5,0 0,1128 400  1 67332,984375 1
37,35 288 791 270,62 531,43 57,24 25,14 5,0 0,1947 401  1 65877,507812 1
39,0 296 799 267,61 503,76 56,81 25,14 5,0 0,2762 403  2 65073,714844 1
41,62 388 832 262,77 482,73 52,38 25,14 5,0 0,3509 405  2 64144,324219 1
42,61 429 844 254,54 444,77 50,93 25,14 5,0 0,421 407  2 63241,105469 1
43,48 435 846 247,91 436,57 50,71 25,14 5,0 0,4847 409  2 62271,953125 1
44,2 421 842 245,57 415,94 51,21 25,14 5,0 0,5469 410  2 62045,566406 1
44,77 464 850 242,27 412,3 50,23 25,14 5,0 0,6505 411  2 61865,636719 1
45,37 456 853 242,84 403,46 49,96 25,14 5,0 0,6976 412  2 60807,601562 1
45,77 435 846 242,59 398,98 50,71 25,14 5,0 0,7431 412  2 60206,960937 1
46,18 415 840 241,94 390,83 51,45 25,14 5,0 0,7852 412  2 59827,0625 1
46,7 448 850 235,87 387,67 50,23 25,14 5,0 0,8147 412  2 59659,753906 1
46,9 429 847 235,79 387,14 50,54 25,14 5,0 0,8484 412  2 58999,769531 1
46,9 416 840 237,88 374,89 51,42 25,14 5,0 0,877 413  3 58756,023437 1
46,98 406 837 234,84 369,1 51,78 25,14 5,0 0,9041 413  3 58514,285156 1
47,14 403 843 231,99 371,1 51,0 25,14 5,0 0,9532 413  3 58155,382812 1
47,2 410 838 235,08 367,11 51,62 25,14 5,0 0,972 413  3 57605,761719 1
47,31 409 838 230,12 363,89 51,66 25,14 5,0 0,9893 413  3 57528,089844 1
47,33 410 838 234,76 364,63 51,62 25,14 5,0 1,0086 413  3 57142,855469 1
47,37 385 830 233,41 373,37 52,63 25,14 5,0 1,0205 413  3 56612,117187 1
47,48 432 832 233,89 364,14 52,4 25,14 5,0 1,0305 413  3 56876,25 1
47,39 371 825 228,02 359,0 53,22 25,14 5,0 1,0401 413  3 56612,117187 1
36,18 60 478 313,01 681,3 77,15 25,14 5,0 0,0267 400  1 68798,710937 1
36,15 60 487 305,99 656,18 76,5 25,14 5,0 0,0371 400  1 69301,570312 1
36,76 185 674 281,07 586,24 63,96 25,14 5,0 0,1075 400  1 66441,734375 1
38,43 265 768 266,98 536,49 58,53 25,14 5,0 0,1903 401  1 65826,6875 1
39,94 340 815 267,97 510,11 54,66 25,14 5,0 0,268 402  2 64630,144531 1
41,22 407 818 258,88 480,77 54,22 25,14 5,0 0,3467 405  2 64289,300781 1
42,32 412 839 254,19 447,03 51,59 25,14 5,0 0,4166 407  2 63382,023437 1
43,16 448 850 249,17 430,7 50,26 25,14 5,0 0,479 408  2 62868,371094 1
44,0 452 851 245,48 419,62 50,14 25,14 5,0 0,5898 410  2 61955,46875 1
44,59 457 853 248,16 414,11 49,94 25,14 5,0 0,6429 411  2 61686,746094 1
45,16 457 849 246,15 404,83 50,36 25,14 5,0 0,6913 411  2 60764,300781 1
45,55 465 855 241,69 404,28 49,69 25,14 5,0 0,7375 411  2 60591,714844 1
46,31 439 847 241,69 398,98 50,59 25,14 5,0 0,7752 412  2 59953,160156 1
46,58 469 857 237,23 390,83 49,54 25,14 5,0 0,8108 412  2 59410,535156 1
46,78 441 848 236,91 380,64 50,5 25,14 5,0 0,8422 412  2 59327,925781 1
46,95 377 827 242,43 377,69 53,01 25,14 5,0 0,8711 412  3 58514,285156 1
47,11 438 847 235,87 373,88 50,62 25,14 5,0 0,8975 412  3 58514,285156 1
47,13 418 841 235,4 372,24 51,36 25,14 5,0 0,9391 412  3 58234,757812 1
47,29 413 838 234,6 368,48 51,66 25,14 5,0 0,9558 412  3 57918,550781 1
47,28 443 849 230,12 366,86 50,43 25,14 5,0 0,9693 412  3 57450,628906 1
47,28 400 835 229,11 364,88 52,05 25,14 5,0 0,9854 412  3 57373,375 1
47,35 386 830 230,51 369,6 52,61 25,14 5,0 0,9985 412  3 56725,015625 1
47,38 423 833 230,12 364,14 52,24 25,14 5,0 1,0096 412  3 56800,53125 1
47,36 420 841 231,99 360,95 51,29 25,14 5,0 1,022 412  3 56762,75 1
36,15 55 467 315,03 674,65 78,02 25,14 5,0 0,0275 400  1 68687,953125 1
36,15 40 494 305,17 661,53 76,01 25,14 5,0 0,0357 400  1 69245,335937 1
36,27 166 649 284,81 593,83 65,56 25,14 5,0 0,1027 400  1 66753,585937 1
37,81 248 749 270,07 536,49 59,61 25,14 5,0 0,1839 401  1 66081,570312 1
40,82 318 807 267,79 510,11 55,75 25,14 5,0 0,2638 402  2 65173,117187 1
41,91 411 838 256,79 461,64 51,66 25,14 5,0 0,3426 405  2 63904,144531 1
42,93 432 845 253,25 450,53 50,88 25,14 5,0 0,4126 408  2 63476,320312 1
43,69 418 840 252,31 442,67 51,42 25,14 5,0 0,4756 411  2 62822,085937 1
44,4 455 852 246,73 426,34 50,06 25,14 5,0 0,5927 414  2 62045,566406 1
44,4 428 842 244,99 420,04 51,26 25,14 5,0 0,6449 415  2 61597,691406 1
44,96 434 846 245,73 407,99 50,79 25,14 5,0 0,6878 416  2 60937,871094 1
45,5 447 850 241,69 400,2 50,33 25,14 5,0 0,729 417  2 60079,792969 1
46,19 439 847 240,55 394,95 50,6 25,14 5,0 0,7712 417  2 59785,148437 1
46,5 390 832 236,51 387,14 52,49 25,14 5,0 0,8112 417  2 59410,535156 1
46,7 442 847 235,24 376,8 50,69 25,14 5,0 0,8447 418  2 59245,546875 1
46,88 404 836 235,79 371,98 51,92 25,14 5,0 0,8726 418  3 59163,394531 1
47,04 418 840 233,41 373,12 51,42 25,14 5,0 0,9201 418  3 58877,644531 1
47,13 421 842 234,2 379,1 51,28 25,14 5,0 0,9364 418  3 58195,042969 1
47,24 408 837 232,7 371,86 51,76 25,14 5,0 0,9582 418  3 57528,089844 1
47,34 430 843 228,02 362,78 51,09 25,14 5,0 0,9765 418  3 57566,898437 1
47,43 418 840 230,12 363,03 51,4 25,14 5,0 0,9927 418  3 57528,089844 1
47,4 395 844 235,87 361,68 51,03 25,14 5,0 1,007 418  3 57181,148437 1
47,39 383 829 230,51 362,29 52,79 25,14 5,0 1,0186 418  3 56687,332031 1
47,39 382 836 230,35 368,48 51,92 25,14 5,0 1,027 418  3 56876,25 1
36,17 45 478 311,95 681,99 77,2 25,14 5,0 0,0266 400  1 68965,515625 1
36,11 46 478 308,18 666,7 77,25 25,14 5,0 0,034 400  1 68193,929687 1
36,16 155 634 285,68 597,86 66,5 25,14 5,0 0,0972 400  1 67279,898437 1
38,81 248 749 271,35 536,68 59,67 25,14 5,0 0,1773 401  1 66338,429687 1
40,31 373 813 266,98 512,53 54,98 25,14 5,0 0,2616 402  2 65123,378906 1
41,48 431 845 253,76 461,33 50,93 25,14 5,0 0,3371 405  2 64679,132812 1
42,56 413 839 254,02 451,14 51,64 25,14 5,0 0,4082 408  2 63241,105469 1
43,45 444 849 246,98 435,68 50,48 25,14 5,0 0,5332 412  2 63194,273437 1
44,12 446 849 245,32 421,47 50,4 25,14 5,0 0,5943 414  2 62181,199219 1
44,77 438 839 245,15 414,25 51,64 25,14 5,0 0,6448 415  2 61642,1875 1
45,27 454 852 247,65 414,25 50,13 25,14 5,0 0,6879 416  2 60677,886719 1
45,64 442 848 244,9 402,37 50,55 25,14 5,0 0,7306 416  2 60505,789062 1
46,47 449 850 247,49 391,36 50,3 25,14 5,0 0,7701 417  2 60206,960937 1
46,66 457 854 238,12 379,62 49,86 25,14 5,0 0,8033 417  2 59743,289062 1
46,66 435 846 234,2 375,15 50,79 25,14 5,0 0,8357 417  2 59122,402344 1
46,83 403 836 237,48 385,83 52,03 25,14 5,0 0,8597 417  2 58959,003906 1
46,97 417 840 233,97 382,45 51,47 25,14 5,0 0,9119 418  3 59040,589844 1
47,15 432 845 234,68 376,54 50,9 25,14 5,0 0,9351 418  3 58195,042969 1
47,26 434 843 235,0 371,36 51,19 25,14 5,0 0,9527 418  3 58076,226562 1
47,32 402 835 236,51 377,05 52,06 25,14 5,0 0,9681 418  3 57761,734375 1
47,42 430 844 230,12 371,86 50,96 25,14 5,0 0,9843 418  3 57489,332031 1
47,38 429 844 230,27 373,37 51,02 25,14 5,0 1,0002 418  3 57373,375 1
47,47 426 835 226,33 362,66 52,08 25,14 5,0 1,0122 418  3 56914,183594 1
47,47 395 833 230,12 364,75 52,35 25,14 5,0 1,0228 418  3 56876,25 1
36,14 50 457 314,71 681,3 78,84 25,14 5,0 0,0257 400  1 69189,1875 1
36,15 45 451 309,95 671,0 79,29 25,14 5,0 0,0315 400  1 68632,710937 1
36,56 150 627 284,23 595,04 67,02 25,14 5,0 0,0925 400  1 67439,40625 1
38,21 246 747 274,49 553,84 59,81 25,14 5,0 0,1789 401  1 66132,78125 1
39,79 379 828 264,01 486,17 53,02 25,14 5,0 0,257 402  2 65123,378906 1
41,04 356 832 255,57 471,91 52,49 25,14 5,0 0,3331 404  2 64434,9375 1
42,17 424 843 254,8 453,89 51,22 25,14 5,0 0,4028 408  2 63618,289062 1
43,13 444 849 252,65 436,86 50,5 25,14 5,0 0,5351 412  2 63382,023437 1
43,9 452 851 249,51 423,47 50,21 25,14 5,0 0,5885 414  2 62729,722656 1
44,56 424 853 244,08 420,75 50,08 25,14 5,0 0,6409 415  2 61288,003906 1
45,07 451 851 244,74 410,76 50,26 25,14 5,0 0,6915 415  2 60981,417969 1
46,01 437 847 242,35 398,85 50,76 25,14 5,0 0,7333 416  2 60894,386719 1
46,3 451 851 239,57 389,51 50,25 25,14 5,0 0,7728 417  2 60334,667969 1
46,52 437 847 240,22 385,05 50,96 25,14 5,0 0,8051 417  2 59701,492187 1
46,77 431 842 237,8 375,65 51,24 25,14 5,0 0,8393 417  2 59618,070312 1
46,96 421 841 239,74 377,44 51,36 25,14 5,0 0,8934 417  3 59245,546875 1
47,09 441 848 234,84 373,25 50,62 25,14 5,0 0,9149 418  3 58634,90625 1
47,21 439 847 237,8 379,1 50,69 25,14 5,0 0,9352 418  3 58354,226562 1
47,21 437 847 237,4 375,65 50,74 25,14 5,0 0,9577 418  3 58115,777344 1
47,35 434 848 231,21 364,88 50,59 25,14 5,0 0,979 418  3 58115,777344 1
47,38 412 836 232,39 369,22 52,03 25,14 5,0 0,9959 418  3 57683,640625 1
47,45 415 839 228,95 365,99 51,59 25,14 5,0 1,0093 418  3 57296,328125 1
47,44 385 830 232,15 370,98 52,77 25,14 5,0 1,0223 418  3 57411,976562 1
47,42 424 830 231,6 360,95 52,68 25,14 5,0 1,044 418  3 57104,617187 1
36,14 47 451 318,68 683,15 79,37 25,14 5,0 0,027 400  1 69640,914062 1
36,16 58 441 314,18 682,22 80,13 25,14 5,0 0,0312 400  1 68743,289062 1
37,56 148 624 296,91 608,68 67,27 25,14 5,0 0,0891 400  1 67173,96875 1
39,25 311 805 269,43 534,5 56,2 25,14 5,0 0,1677 401  1 66701,40625 1
40,66 362 822 260,11 492,97 53,8 25,14 5,0 0,2439 402  2 65322,785156 1
41,81 392 824 257,66 467,14 53,6 25,14 5,0 0,3177 404  2 64925,183594 1
42,8 409 838 255,92 448,4 51,85 25,14 5,0 0,4573 409  2 64192,578125 1
43,57 425 843 251,63 437,9 51,24 25,14 5,0 0,5192 411  2 63194,273437 1
43,57 459 853 249,67 421,18 50,02 25,14 5,0 0,5818 413  2 61910,519531 1
44,34 431 845 250,1 415,94 51,0 25,14 5,0 0,6349 414  2 62135,921875 1
45,41 445 849 244,99 417,35 50,5 25,14 5,0 0,6786 414  2 61420,34375 1
45,84 417 846 242,51 404,28 50,81 25,14 5,0 0,7262 415  2 60634,769531 1
46,2 434 846 242,1 392,68 50,91 25,14 5,0 0,7623 415  2 60548,722656 1
46,49 425 843 238,6 390,03 51,24 25,14 5,0 0,7963 416  2 60420,109375 1
46,69 400 849 238,6 377,82 50,54 25,14 5,0 0,8577 416  2 59995,3125 1
46,92 411 838 240,88 382,97 51,78 25,14 5,0 0,8827 416  3 59245,546875 1
47,02 425 843 236,67 373,88 51,22 25,14 5,0 0,9044 416  3 58877,644531 1
47,17 435 846 235,4 378,85 50,88 25,14 5,0 0,9247 416  3 58715,597656 1
47,34 419 841 231,76 372,36 51,47 25,14 5,0 0,9453 416  3 58274,527344 1
47,4 415 837 236,75 366,11 51,9 25,14 5,0 0,9631 416  3 58115,777344 1
47,39 368 824 230,59 367,73 53,53 25,14 5,0 0,983 416  3 57722,660156 1
47,42 385 830 230,98 373,62 52,83 25,14 5,0 0,9949 416  3 57683,640625 1
47,42 397 834 231,92 363,52 52,33 25,14 5,0 1,0104 416  3 57257,882812 1
47,4 402 837 230,98 362,91 51,89 25,14 5,0 1,0249 416  3 57104,617187 1
36,17 58 473 315,57 681,76 77,78 25,14 5,0 0,0274 400  1 69527,429687 1
36,18 59 474 326,87 679,69 77,65 25,14 5,0 0,0298 400  1 68854,226562 1
37,02 252 619 293,62 613,23 67,61 25,14 5,0 0,0808 400  1 67706,953125 1
38,66 310 805 271,44 520,75 56,26 25,14 5,0 0,1609 400  1 67068,375 1
40,15 364 823 262,14 489,48 53,71 25,14 5,0 0,2399 402  2 66184,078125 1
41,41 382 834 257,05 470,79 52,26 25,14 5,0 0,3799 407  2 64974,621094 1
42,49 426 843 259,32 453,43 51,22 25,14 5,0 0,4445 409  2 64096,144531 1
43,36 455 852 249,42 440,13 50,18 25,14 5,0 0,5059 411  2 63382,023437 1
44,01 419 841 252,91 421,61 51,48 25,14 5,0 0,5656 412  2 62000,484375 1
44,72 458 853 250,52 419,47 50,06 25,14 5,0 0,6166 413  2 61420,34375 1
45,71 464 853 249,0 410,35 50,14 25,14 5,0 0,6633 414  2 61156,234375 1
46,07 421 842 243,33 400,47 51,4 25,14 5,0 0,7096 414  2 61068,703125 1
46,07 434 846 237,96 402,64 50,93 25,14 5,0 0,748 415  2 60850,960937 1
46,39 426 843 238,52 389,24 51,21 25,14 5,0 0,7831 415  2 60164,511719 1
46,7 416 853 234,6 380,0 50,13 25,14 5,0 0,8456 415  2 60079,792969 1
46,87 444 849 240,71 385,05 50,55 25,14 5,0 0,8737 415  3 59701,492187 1
47,03 446 849 234,28 378,08 50,5 25,14 5,0 0,898 416  3 59081,46875 1
47,23 458 853 235,24 372,87 50,06 25,14 5,0 0,9209 416  3 58514,285156 1
47,3 427 843 232,94 368,48 51,17 25,14 5,0 0,9415 416  3 58394,160156 1
47,36 408 837 234,6 366,36 51,92 25,14 5,0 0,958 416  3 58314,351562 1
47,45 416 840 235,08 364,88 51,59 25,14 5,0 0,975 416  3 57918,550781 1
47,48 410 838 233,33 364,14 51,82 25,14 5,0 0,9904 416  3 57722,660156 1
47,46 405 836 230,43 363,64 52,01 25,14 5,0 1,0146 416  3 57683,640625 1
47,45 409 840 231,13 366,36 51,62 25,14 5,0 1,0216 416  3 57373,375 1
36,22 43 443 311,85 694,1 80,05 25,14 5,0 0,0263 400  1 69811,835937 1
36,22 53 464 317,71 686,39 78,49 25,14 5,0 0,0278 400  1 68687,953125 1
36,5 248 749 276,36 553,84 59,79 25,14 5,0 0,071 400  1 67760,71875 1
38,06 295 799 268,7 526,24 57,08 25,14 5,0 0,1502 400  1 66963,117187 1
39,58 349 818 263,75 495,14 54,44 25,14 5,0 0,2307 402  2 65725,289062 1
40,97 414 839 265,63 477,37 51,69 25,14 5,0 0,3796 407  2 65222,929687 1
42,1 412 838 257,57 450,53 51,83 25,14 5,0 0,4482 409  2 64777,328125 1
43,01 442 848 255,14 443,27 50,66 25,14 5,0 0,509 410  2 63194,273437 1
43,79 425 843 249,0 422,9 51,29 25,14 5,0 0,5678 412  2 62362,972656 1
45,08 422 842 251,88 421,18 51,4 25,14 5,0 0,6191 413  2 61955,46875 1
45,58 478 844 242,51 406,61 51,1 25,14 5,0 0,6695 413  2 61332,054687 1
45,98 426 843 246,73 397,23 51,26 25,14 5,0 0,7171 414  2 60937,871094 1
46,3 437 846 243,83 393,88 50,86 25,14 5,0 0,7577 414  2 60420,109375 1
46,55 434 846 241,45 381,68 50,95 25,14 5,0 0,8226 415  2 60249,46875 1
46,81 394 833 242,68 382,32 52,51 25,14 5,0 0,8516 415  2 59785,148437 1
46,94 454 839 241,69 382,58 51,73 25,14 5,0 0,8791 415  3 59576,449219 1
46,94 431 845 235,63 385,05 51,07 25,14 5,0 0,9072 415  3 59245,546875 1
47,22 436 846 238,12 377,82 50,88 25,14 5,0 0,93 415  3 58756,023437 1
47,33 382 844 237,88 373,88 51,17 25,14 5,0 0,9446 415  3 58234,757812 1
47,37 379 836 232,15 361,68 52,06 25,14 5,0 0,9602 415  3 58394,160156 1
47,41 411 838 235,4 369,6 51,82 25,14 5,0 0,9749 415  3 57957,890625 1
47,46 433 845 232,54 363,15 51,0 25,14 5,0 1,0003 415  3 57722,660156 1
47,48 408 837 235,24 366,98 51,96 25,14 5,0 1,0086 415  3 57528,089844 1
47,46 396 834 228,41 362,54 52,4 25,14 5,0 1,0173 416  3 57411,976562 1
36,23 55 467 315,24 689,65 78,31 25,14 5,0 0,0269 400  1 69868,992187 1
36,28 112 611 292,82 618,02 68,16 25,14 5,0 0,0279 400  1 69414,320312 1
37,48 255 758 275,7 556,28 59,37 25,14 5,0 0,0649 400  1 67922,523437 1
39,1 310 805 264,82 523,22 56,32 25,14 5,0 0,1413 400  1 67226,890625 1
40,52 371 825 262,32 494,64 53,49 25,14 5,0 0,2986 403  2 65826,6875 1
41,65 386 830 259,85 480,45 52,86 25,14 5,0 0,3715 406  2 65523,417969 1
41,65 392 832 255,31 463,2 52,59 25,14 5,0 0,4358 408  2 64144,324219 1
42,69 419 852 250,78 438,49 50,3 25,14 5,0 0,4981 410  2 63288,011719 1
44,23 456 852 252,05 420,04 50,21 25,14 5,0 0,5585 411  2 62545,808594 1
44,9 468 854 251,88 422,61 50,02 25,14 5,0 0,6124 412  2 61820,816406 1
45,41 477 845 246,07 412,16 51,0 25,14 5,0 0,6583 413  2 61820,816406 1
45,8 459 853 245,15 397,23 50,11 25,14 5,0 0,7034 413  2 61288,003906 1
46,16 458 853 244,66 391,09 50,14 25,14 5,0 0,7869 414  2 60591,714844 1
46,48 438 847 237,48 386,62 50,83 25,14 5,0 0,8215 414  2 60206,960937 1
46,69 452 851 243,66 392,29 50,35 25,14 5,0 0,8534 414  2 60249,46875 1
46,89 427 851 240,79 384,53 50,36 25,14 5,0 0,8783 414  3 59327,925781 1
47,1 431 845 234,84 374,38 51,09 25,14 5,0 0,8998 414  3 59204,441406 1
47,22 405 836 236,83 376,29 52,08 25,14 5,0 0,9247 415  3 58959,003906 1
47,3 440 848 231,76 372,74 50,76 25,14 5,0 0,9479 415  3 58474,1875 1
47,41 431 839 233,02 367,6 51,71 25,14 5,0 0,9666 415  3 58394,160156 1
47,41 385 830 236,83 373,88 52,9 25,14 5,0 0,9825 415  3 58155,382812 1
47,41 394 833 232,86 365,62 52,54 25,14 5,0 1,0055 415  3 57918,550781 1
47,41 445 849 233,25 364,14 50,57 25,14 5,0 1,0152 415  3 57605,761719 1
47,5 402 835 229,34 358,51 52,2 25,14 5,0 1,0263 415  3 57334,828125 1
36,23 77 513 313,44 676,7 74,91 25,14 5,0 0,0265 400  1 69640,914062 1
36,26 109 565 302,08 629,21 71,3 25,14 5,0 0,0264 400  1 69470,828125 1
36,86 199 744 279,65 566,16 60,18 25,14 5,0 0,0585 400  1 67868,507812 1
38,53 316 807 273,56 533,06 56,05 25,14 5,0 0,2134 401  1 66910,609375 1
40,06 374 826 261,08 495,48 53,4 25,14 5,0 0,2917 403  2 66286,898437 1
41,32 399 834 261,35 478,5 52,36 25,14 5,0 0,3605 406  2 65073,714844 1
42,43 431 845 257,66 459,92 51,12 25,14 5,0 0,4272 408  2 63952,035156 1
43,24 432 845 251,88 444,77 51,14 25,14 5,0 0,4915 410  2 63570,894531 1
44,67 431 845 251,11 434,94 51,1 25,14 5,0 0,5515 411  2 62454,257812 1
45,22 449 850 246,48 409,51 50,47 25,14 5,0 0,6054 412  2 62500,0 1
45,75 463 856 242,76 411,6 49,86 25,14 5,0 0,6507 412  2 61731,371094 1
45,75 466 856 243,83 401,28 49,87 25,14 5,0 0,6941 413  2 61597,691406 1
46,07 454 852 242,76 392,82 50,3 25,14 5,0 0,7695 413  2 60981,417969 1
46,39 478 859 238,93 392,15 49,49 25,14 5,0 0,8013 414  2 60420,109375 1
46,64 430 844 245,4 381,16 51,17 25,14 5,0 0,8347 414  2 59659,753906 1
46,85 461 854 235,55 378,59 50,06 25,14 5,0 0,8633 414  3 59953,160156 1
47,15 459 853 238,2 376,8 50,19 25,14 5,0 0,8891 414  3 59451,925781 1
47,23 450 856 238,12 378,59 49,82 25,14 5,0 0,912 414  3 59081,46875 1
47,34 450 851 234,44 368,98 50,42 25,14 5,0 0,9321 414  3 58999,769531 1
47,46 427 843 234,44 363,4 51,35 25,14 5,0 0,9511 414  3 58314,351562 1
47,43 469 847 236,43 368,98 50,86 25,14 5,0 0,9796 414  3 58474,1875 1
47,5 430 844 232,62 367,98 51,17 25,14 5,0 0,9893 414  3 58115,777344 1
47,48 450 851 232,78 365,12 50,43 25,14 5,0 0,9978 414  3 57644,675781 1
47,52 439 847 236,19 359,0 50,83 25,14 5,0 1,0093 414  3 57373,375 1
36,37 57 471 313,22 677,39 78,02 25,14 5,0 0,0258 400  1 69983,59375 1
36,34 97 545 299,64 646,26 72,69 25,14 5,0 0,0248 400  1 69754,765625 1
36,53 205 728 277,58 567,88 61,08 25,14 5,0 0,0507 400  1 68743,289062 1
38,04 333 812 276,08 526,42 55,28 25,14 5,0 0,2105 401  1 67226,890625 1
39,59 369 825 267,25 496,82 53,6 25,14 5,0 0,2891 403  2 66235,445312 1
40,92 439 847 263,12 477,85 50,84 25,14 5,0 0,3605 406  2 64925,183594 1
42,08 432 845 256,61 463,67 51,1 25,14 5,0 0,4317 408  2 64096,144531 1
43,83 436 852 252,91 444,47 50,3 25,14 5,0 0,4988 409  2 63429,136719 1
44,54 456 853 254,11 434,94 50,25 25,14 5,0 0,5593 411  2 63288,011719 1
45,07 485 862 245,82 416,5 49,25 25,14 5,0 0,609 412  2 62271,953125 1
45,52 467 856 243,91 406,06 49,45 25,14 5,0 0,6603 412  2 62090,710937 1
45,96 449 851 243,83 402,64 50,45 25,14 5,0 0,7478 413  2 61731,371094 1
46,27 469 857 241,86 393,48 49,79 25,14 5,0 0,7828 413  2 61508,890625 1
46,59 452 851 239,98 384,14 50,38 25,14 5,0 0,8167 414  2 60850,960937 1
46,8 449 850 241,12 392,68 50,5 25,14 5,0 0,8472 414  2 59785,148437 1
46,8 440 848 239,57 391,62 50,71 25,14 5,0 0,8762 414  3 59618,070312 1
47,16 466 856 236,11 380,0 49,91 25,14 5,0 0,8989 414  3 59701,492187 1
47,28 436 846 240,88 369,6 50,96 25,14 5,0 0,9214 414  3 59122,402344 1
47,32 405 836 236,35 371,1 52,13 25,14 5,0 0,9429 414  3 58999,769531 1
47,43 405 836 233,65 365,37 50,42 25,14 5,0 0,9604 414  3 58756,023437 1
47,5 410 838 240,71 365,62 51,92 25,14 5,0 0,9877 414  3 58514,285156 1
47,48 425 843 232,78 369,22 51,36 25,14 5,0 1,0044 414  3 58594,644531 1
47,51 424 842 234,92 368,6 51,4 25,14 5,0 1,0153 414  3 57879,265625 1
47,5 420 841 236,19 364,88 51,55 25,14 5,0 1,0275 414  3 57761,734375 1
36,38 77 509 323,24 682,22 75,27 25,14 5,0 0,0265 400  1 70041,039062 1
36,33 112 568 304,34 637,79 71,11 25,14 5,0 0,0255 400  1 69754,765625 1
37,43 201 753 280,31 556,66 59,71 25,14 5,0 0,1194 400  1 68687,953125 1
39,05 324 809 274,86 528,21 55,71 25,14 5,0 0,199 401  1 67332,984375 1
39,05 365 823 262,94 502,06 53,8 25,14 5,0 0,2776 403  2 66597,296875 1
40,49 414 839 263,66 478,34 51,82 25,14 5,0 0,3494 405  2 64581,230469 1
41,67 420 841 257,66 454,51 51,57 25,14 5,0 0,4199 407  2 64048,035156 1
43,56 431 857 252,99 447,03 49,77 25,14 5,0 0,4819 409  2 63476,320312 1
44,27 460 854 252,31 424,9 50,14 25,14 5,0 0,5395 410  2 63241,105469 1
44,91 469 857 248,16 416,64 49,81 25,14 5,0 0,5989 411  2 62545,808594 1
45,45 458 853 249,0 403,05 50,19 25,14 5,0 0,648 411  2 61820,816406 1
45,86 457 858 248,49 399,93 49,69 25,14 5,0 0,7411 412  2 61508,890625 1
46,22 481 860 239,41 389,11 49,4 25,14 5,0 0,7781 412  2 61200,09375 1
46,45 445 849 244,41 392,15 50,64 25,14 5,0 0,8151 413  2 60206,960937 1
46,74 426 843 242,68 386,36 51,36 25,14 5,0 0,8451 413  2 59827,0625 1
47,08 457 853 236,83 387,14 50,25 25,14 5,0 0,872 413  3 59659,753906 1
47,23 468 856 237,48 369,47 49,86 25,14 5,0 0,8961 413  3 59659,753906 1
47,29 431 845 240,96 369,73 51,17 25,14 5,0 0,9141 413  3 59327,925781 1
47,39 444 849 234,04 372,74 50,67 25,14 5,0 0,9352 413  3 58837,050781 1
47,39 425 843 239,41 370,1 51,4 25,14 5,0 0,9692 413  3 59040,589844 1
47,4 467 856 233,97 370,23 49,89 25,14 5,0 0,9842 413  3 58877,644531 1
47,47 425 847 233,57 363,52 50,95 25,14 5,0 0,9977 413  3 57800,859375 1
47,51 410 838 232,15 368,23 51,97 25,14 5,0 1,0154 413  3 57605,761719 1
47,51 416 840 229,34 363,4 51,71 25,14 5,0 1,0234 413  3 57644,675781 1
36,4 70 495 311,32 687,32 76,32 25,14 5,0 0,0257 400  1 70041,039062 1
36,45 98 547 309,95 641,47 72,64 25,14 5,0 0,0247 400  1 69926,25 1
36,95 184 673 288,69 593,23 64,39 25,14 5,0 0,1152 400  1 69021,296875 1
38,55 289 806 274,59 541,97 56,28 25,14 5,0 0,1925 401  1 67492,75 1
40,06 349 818 267,79 497,66 54,53 25,14 5,0 0,2714 403  2 65775,953125 1
41,31 420 841 262,14 478,34 51,59 25,14 5,0 0,3431 405  2 64974,621094 1
43,3 412 839 257,4 458,68 51,9 25,14 5,0 0,4153 407  2 64434,9375 1
44,08 454 845 254,37 438,79 51,14 25,14 5,0 0,4791 409  2 64000,0 1
44,08 437 847 253,68 425,77 50,96 25,14 5,0 0,5435 410  2 63429,136719 1
44,7 481 860 249,25 421,89 49,44 25,14 5,0 0,5937 410  2 62637,632812 1
45,22 466 856 250,18 406,48 49,96 25,14 5,0 0,6968 411  2 62090,710937 1
45,67 479 860 244,57 397,23 49,52 25,14 5,0 0,735 412  2 61553,257812 1
46,13 467 852 242,27 394,95 50,3 25,14 5,0 0,7784 412  2 60807,601562 1
46,43 436 846 243,99 390,56 51,02 25,14 5,0 0,8163 412  2 60894,386719 1
46,85 468 856 246,48 394,55 49,87 25,14 5,0 0,8479 412  2 60677,886719 1
47,04 454 853 239,25 381,68 50,26 25,14 5,0 0,8736 413  3 59911,070312 1
47,23 449 843 241,69 377,57 51,36 25,14 5,0 0,8981 413  3 59827,0625 1
47,28 450 851 239,57 380,52 50,5 25,14 5,0 0,9248 413  3 59493,375 1
47,39 407 837 237,96 370,85 52,08 25,14 5,0 0,9642 413  3 59369,203125 1
47,48 429 844 237,4 367,85 51,24 25,14 5,0 0,982 413  3 59163,394531 1
47,52 424 842 234,36 370,98 51,45 25,14 5,0 0,9946 413  3 58837,050781 1
47,54 421 847 234,6 368,6 50,86 25,14 5,0 1,0052 413  3 58474,1875 1
47,54 425 843 235,16 364,14 51,4 25,14 5,0 1,0207 413  3 57957,890625 1
47,56 416 840 234,6 365,74 51,73 25,14 5,0 1,0289 413  3 57879,265625 1
36,41 82 517 316,96 695,04 74,73 25,14 5,0 0,0253 400  1 70098,578125 1
36,45 78 511 304,44 653,3 75,21 25,14 5,0 0,0372 400  1 69754,765625 1
36,54 188 678 290,36 587,83 64,11 25,14 5,0 0,1108 400  1 69133,132812 1
38,01 294 798 272,46 547,87 57,3 25,14 5,0 0,1906 401  1 66963,117187 1
39,55 344 820 271,9 510,46 54,28 25,14 5,0 0,2673 403  2 65775,953125 1
42,02 372 825 266,17 478,02 53,56 25,14 5,0 0,3415 405  2 65322,785156 1
42,95 431 842 266,53 459,46 51,47 25,14 5,0 0,4072 407  2 64483,628906 1
43,79 438 847 258,44 444,77 50,96 25,14 5,0 0,4724 408  2 63904,144531 1
44,47 472 850 252,05 429,09 50,64 25,14 5,0 0,5294 409  2 63713,289062 1
45,04 459 853 249,25 420,75 50,21 25,14 5,0 0,6366 411  2 62914,722656 1
45,56 453 852 246,9 406,34 50,4 25,14 5,0 0,6784 411  2 62729,722656 1
45,91 464 855 243,91 405,24 50,02 25,14 5,0 0,7225 412  2 61731,371094 1
45,91 460 854 243,75 391,62 50,16 25,14 5,0 0,7621 412  2 61420,34375 1
46,59 452 854 242,43 392,82 50,16 25,14 5,0 0,7942 412  2 60807,601562 1
46,8 459 853 244,24 390,3 50,21 25,14 5,0 0,8262 412  2 60420,109375 1
47,02 454 852 241,28 380,77 50,36 25,14 5,0 0,8552 412  2 60334,667969 1
47,16 433 845 237,48 376,54 51,22 25,14 5,0 0,8776 412  3 60122,125 1
47,23 427 852 236,35 371,86 50,36 25,14 5,0 0,9003 412  3 59743,289062 1
47,35 439 847 236,83 373,25 50,93 25,14 5,0 0,9423 413  3 59163,394531 1
47,42 421 841 241,69 376,54 51,59 25,14 5,0 0,9612 413  3 58877,644531 1
47,45 406 837 234,44 373,62 52,17 25,14 5,0 0,9773 413  3 58594,644531 1
47,43 420 852 235,87 371,1 50,4 25,14 5,0 0,9924 413  3 58594,644531 1
47,5 419 841 235,48 367,85 51,66 25,14 5,0 1,0076 413  3 58076,226562 1
47,49 412 839 234,76 362,91 51,92 25,14 5,0 1,0184 413  3 58036,726562 1
36,45 66 488 314,71 681,3 76,94 25,14 5,0 0,0252 400  1 70213,929687 1
36,53 70 496 303,93 661,98 76,29 25,14 5,0 0,0372 400  1 70503,992187 1
36,53 184 673 285,97 600,9 64,46 25,14 5,0 0,1099 400  1 69357,898437 1
37,33 299 800 274,68 552,53 57,08 25,14 5,0 0,194 401  1 67332,984375 1
39,01 372 820 264,73 513,4 54,35 25,14 5,0 0,2718 403  2 66184,078125 1
41,64 404 836 265,72 485,52 52,26 25,14 5,0 0,3472 405  2 65422,949219 1
42,68 444 849 255,06 453,59 50,74 25,14 5,0 0,4217 407  2 64777,328125 1
43,57 476 859 259,67 442,52 49,65 25,14 5,0 0,4851 408  2 64096,144531 1
44,24 445 850 254,97 431,42 50,66 25,14 5,0 0,5435 410  2 63713,289062 1
44,88 466 856 247,57 422,61 49,99 25,14 5,0 0,649 411  2 63147,507812 1
45,43 464 855 250,52 409,24 50,06 25,14 5,0 0,6949 411  2 62500,0 1
45,87 461 854 246,73 401,42 50,16 25,14 5,0 0,7432 412  2 61642,1875 1
46,21 472 858 244,24 397,09 49,77 25,14 5,0 0,7841 412  2 61376,167969 1
46,76 437 852 243,99 388,19 50,4 25,14 5,0 0,8242 412  2 61332,054687 1
46,97 437 847 238,93 388,98 51,0 25,14 5,0 0,8609 412  2 60420,109375 1
47,14 450 851 242,1 382,06 50,54 25,14 5,0 0,8904 412  3 60079,792969 1
47,24 446 850 236,59 378,33 50,67 25,14 5,0 0,917 413  3 59911,070312 1
47,24 446 855 235,95 375,91 50,11 25,14 5,0 0,9607 413  3 59534,882812 1
47,39 444 849 235,71 373,62 50,74 25,14 5,0 0,9778 413  3 59659,753906 1
47,45 436 846 239,25 380,9 51,03 25,14 5,0 0,9946 413  3 59081,46875 1
47,49 444 849 235,63 366,49 50,74 25,14 5,0 1,0099 413  3 58918,296875 1
47,59 441 848 237,23 362,05 50,86 25,14 5,0 1,0296 413  3 58675,222656 1
47,56 423 835 236,27 371,98 52,43 25,14 5,0 1,0405 413  3 58554,4375 1
47,55 416 840 236,19 358,63 51,78 25,14 5,0 1,0509 413  3 58195,042969 1
36,45 63 483 319,87 693,4 77,31 25,14 5,0 0,0265 400  1 70679,179687 1
36,45 76 508 309,64 673,96 75,5 25,14 5,0 0,0373 400  1 70503,992187 1
36,82 173 658 295,21 604,58 65,4 25,14 5,0 0,1027 400  1 68303,09375 1
38,44 289 793 274,31 558,16 57,63 25,14 5,0 0,1804 401  1 67226,890625 1
41,28 334 813 266,62 510,11 53,95 25,14 5,0 0,2593 402  2 66753,585937 1
42,3 427 843 258,18 468,72 51,4 25,14 5,0 0,3315 405  2 65523,417969 1
42,3 417 840 258,44 444,47 51,78 25,14 5,0 0,3994 408  2 64974,621094 1
43,26 449 850 255,31 437,9 50,59 25,14 5,0 0,462 410  2 64532,390625 1
44,02 468 856 252,14 442,67 49,94 25,14 5,0 0,5712 414  2 63760,898437 1
44,71 476 855 248,41 416,5 50,09 25,14 5,0 0,6305 415  2 63194,273437 1
45,22 454 852 248,33 410,62 50,42 25,14 5,0 0,6749 415  2 62362,972656 1
45,64 464 855 246,73 409,38 50,09 25,14 5,0 0,7173 416  2 61820,816406 1
46,33 457 853 244,99 401,69 50,33 25,14 5,0 0,7521 416  2 61376,167969 1
46,63 446 851 243,99 394,95 50,55 25,14 5,0 0,7831 417  2 61376,167969 1
46,8 429 844 241,04 395,48 51,33 25,14 5,0 0,8107 417  2 61025,03125 1
47,0 432 845 241,69 382,58 51,22 25,14 5,0 0,8405 417  2 60634,769531 1
47,16 431 845 239,82 380,0 51,26 25,14 5,0 0,8901 417  3 60292,039062 1
47,27 458 842 244,32 377,69 51,54 25,14 5,0 0,9121 418  3 59995,3125 1
47,36 417 840 238,28 372,99 51,78 25,14 5,0 0,9321 418  3 59743,289062 1
47,4 453 852 241,94 372,99 50,45 25,14 5,0 0,9476 418  3 59410,535156 1
47,42 395 833 237,96 368,98 52,67 25,14 5,0 0,9631 418  3 59081,46875 1
47,53 416 840 237,32 371,61 51,83 25,14 5,0 0,9772 418  3 58756,023437 1
47,51 385 830 232,54 369,73 53,04 25,14 5,0 0,9939 418  3 58837,050781 1
47,53 397 834 234,2 363,64 52,56 25,14 5,0 1,0015 418  3 58274,527344 1
36,46 39 435 318,68 701,42 79,35 25,14 5,0 0,0243 400  1 70737,773437 1
36,48 54 481 317,06 690,12 77,51 25,14 5,0 0,0314 400  1 69754,765625 1
36,53 165 648 296,11 622,22 66,09 25,14 5,0 0,0976 400  1 68687,953125 1
39,38 256 758 280,22 563,1 59,57 25,14 5,0 0,1772 401  1 67706,953125 1
40,81 391 806 277,29 525,89 56,32 25,14 5,0 0,2582 402  2 66597,296875 1
41,97 413 839 262,14 474,95 51,97 25,14 5,0 0,3354 405  2 65979,382812 1
42,96 399 834 258,09 450,98 52,52 25,14 5,0 0,408 408  2 65073,714844 1
43,8 433 845 258,71 448,09 51,22 25,14 5,0 0,5419 413  2 64679,132812 1
44,45 453 851 250,78 433,77 50,5 25,14 5,0 0,5958 414  2 64096,144531 1
45,05 419 841 255,57 419,9 51,73 25,14 5,0 0,6475 415  2 63007,628906 1
45,05 449 849 252,56 418,91 50,76 25,14 5,0 0,6964 416  2 62637,632812 1
45,93 475 859 247,65 408,96 49,72 25,14 5,0 0,7412 417  2 62181,199219 1
46,27 434 846 245,57 396,56 51,15 25,14 5,0 0,786 417  2 61642,1875 1
46,53 439 849 243,75 394,55 50,76 25,14 5,0 0,8194 417  2 61642,1875 1
46,83 452 851 238,85 383,23 50,54 25,14 5,0 0,8524 418  2 60937,871094 1
47,06 454 852 244,16 385,31 50,45 25,14 5,0 0,8826 418  3 60981,417969 1
47,19 433 845 239,66 381,16 51,19 25,14 5,0 0,9324 418  3 60292,039062 1
47,3 456 852 237,8 371,98 50,4 25,14 5,0 0,9488 418  3 60420,109375 1
47,43 426 846 237,15 375,65 51,1 25,14 5,0 0,97 418  3 59451,925781 1
47,43 406 837 241,04 377,05 52,22 25,14 5,0 0,987 418  3 59493,375 1
47,55 434 846 233,89 377,18 51,17 25,14 5,0 1,001 418  3 58959,003906 1
47,56 421 841 242,68 370,1 51,66 25,14 5,0 1,014 418  3 59245,546875 1
47,57 414 839 236,51 367,98 51,97 25,14 5,0 1,024 418  3 58314,351562 1
47,53 405 836 235,48 369,1 52,26 25,14 5,0 1,0336 418  3 58594,644531 1
36,56 45 447 316,85 696,93 79,21 25,14 5,01 0,0255 400  1 70973,109375 1
36,5 56 470 312,38 675,1 78,41 25,14 5,01 0,0315 400  1 69697,796875 1
36,57 152 629 299,54 620,33 67,31 25,14 5,01 0,0934 400  1 68798,710937 1
38,92 272 775 281,07 565,77 58,65 25,14 5,01 0,1728 401  1 67760,71875 1
40,36 393 820 266,17 499,01 54,35 25,14 5,01 0,2554 402  2 66597,296875 1
41,57 396 834 259,67 475,27 52,65 25,14 5,01 0,3329 404  2 66338,429687 1
42,67 440 848 257,83 467,3 50,96 25,14 5,01 0,4055 408  2 65473,144531 1
43,5 408 837 257,48 451,29 52,19 25,14 5,01 0,5325 412  2 64826,539062 1
44,28 451 851 253,68 433,77 50,6 25,14 5,01 0,5898 414  2 64096,144531 1
44,86 429 844 250,52 431,86 51,5 25,14 5,01 0,6427 415  2 63429,136719 1
45,43 456 847 253,59 410,76 51,07 25,14 5,01 0,6889 415  2 62822,085937 1
46,18 484 861 245,9 409,38 49,47 25,14 5,01 0,7316 416  2 62045,566406 1
46,5 451 851 250,69 404,28 50,57 25,14 5,01 0,7781 416  2 61865,636719 1
46,71 439 847 245,24 396,02 51,02 25,14 5,01 0,8123 417  2 61376,167969 1
46,96 438 856 242,51 385,05 50,08 25,14 5,01 0,8459 417  2 61025,03125 1
46,96 436 846 245,07 386,62 51,14 25,14 5,01 0,9008 417  3 60807,601562 1
47,15 450 851 248,07 382,06 50,6 25,14 5,01 0,9241 417  3 60420,109375 1
47,24 436 846 239,57 374,38 51,14 25,14 5,01 0,9474 418  3 59869,035156 1
47,38 404 836 243,5 381,29 52,36 25,14 5,01 0,9702 418  3 59911,070312 1
47,43 421 832 242,43 378,2 52,81 25,14 5,01 0,9891 418  3 59410,535156 1
47,5 431 850 236,91 374,51 50,66 25,14 5,01 1,0055 418  3 59081,46875 1
47,53 419 841 233,81 369,73 51,76 25,14 5,01 1,0178 418  3 59245,546875 1
47,49 436 846 235,0 371,98 51,14 25,14 5,01 1,0298 418  3 58514,285156 1
47,46 395 842 237,56 367,36 51,59 25,14 5,01 1,0478 418  3 58756,023437 1
36,48 53 464 317,06 703,32 78,89 25,14 5,01 0,027 400  1 71508,382812 1
36,51 53 470 313,44 696,45 78,44 25,14 5,01 0,0309 400  1 69926,25 1
38,3 135 605 293,52 626,87 68,93 25,14 5,01 0,0882 400  1 68909,828125 1
39,8 296 800 273,75 527,49 57,32 25,14 5,01 0,1688 401  1 67760,71875 1
39,8 364 823 266,62 498,5 54,04 25,14 5,01 0,2494 402  2 66910,609375 1
41,12 393 838 262,23 481,26 52,13 25,14 5,01 0,3233 404  2 66030,4375 1
42,2 388 831 257,83 468,72 53,04 25,14 5,01 0,464 410  2 65928,40625 1
43,15 440 848 259,67 458,84 51,0 25,14 5,01 0,5305 411  2 64974,621094 1
43,94 457 853 255,14 439,83 50,4 25,14 5,01 0,5865 413  2 64144,324219 1
44,59 438 847 252,56 430,4 51,09 25,14 5,01 0,6372 414  2 63382,023437 1
45,67 442 848 250,18 422,61 50,93 25,14 5,01 0,6875 415  2 62775,871094 1
46,02 466 853 247,32 416,22 50,43 25,14 5,01 0,731 415  2 62362,972656 1
46,33 442 848 250,95 398,85 50,95 25,14 5,01 0,7727 416  2 62000,484375 1
46,61 473 858 242,02 396,29 49,84 25,14 5,01 0,8085 416  2 61508,890625 1
46,87 459 846 243,33 398,58 51,15 25,14 5,01 0,8698 416  2 61112,4375 1
47,07 444 849 246,07 388,19 50,86 25,14 5,01 0,8964 416  3 60850,960937 1
47,15 438 847 239,33 382,71 51,07 25,14 5,01 0,9198 417  3 60420,109375 1
47,28 432 845 239,74 379,74 51,31 25,14 5,01 0,9428 417  3 59869,035156 1
47,36 426 843 244,08 387,4 51,54 25,14 5,01 0,9589 417  3 59827,0625 1
47,36 415 847 239,49 381,81 51,09 25,14 5,01 0,9746 417  3 59743,289062 1
47,47 416 840 242,02 374,51 51,9 25,14 5,01 0,9955 417  3 59163,394531 1
47,49 448 850 235,63 371,36 50,71 25,14 5,01 1,0106 417  3 58999,769531 1
47,46 407 837 232,31 369,85 52,27 25,14 5,01 1,0204 417  3 58756,023437 1
47,48 387 844 234,12 361,44 51,45 25,14 5,01 1,0471 417  3 58837,050781 1
36,54 56 469 317,71 692,93 78,89 25,14 5,01 0,0259 400  1 71688,601562 1
36,56 47 450 321,06 705,23 80,4 25,14 5,01 0,0282 400  1 70914,125 1
37,64 231 617 300,55 631,34 68,48 25,14 5,01 0,0771 400  1 69301,570312 1
39,26 337 814 274,49 539,59 55,58 25,14 5,01 0,1555 400  1 68248,46875 1
40,66 359 821 268,07 511,84 54,55 25,14 5,01 0,2326 402  2 67386,15625 1
41,9 422 842 264,73 479,31 51,97 25,14 5,01 0,3795 407  2 66441,734375 1
42,9 413 837 258,44 460,24 52,54 25,14 5,01 0,4456 409  2 65877,507812 1
43,68 420 841 261,61 457,13 52,05 25,14 5,01 0,5042 411  2 64728,191406 1
44,41 452 851 253,16 443,12 50,86 25,14 5,01 0,5638 412  2 63904,144531 1
44,98 472 858 252,82 431,42 50,16 25,14 5,01 0,6135 413  2 63618,289062 1
45,51 487 862 248,75 419,33 49,65 25,14 5,01 0,6654 413  2 63382,023437 1
45,85 447 850 247,32 402,78 51,03 25,14 5,01 0,7092 414  2 62637,632812 1
46,29 449 850 248,91 407,99 50,95 25,14 5,01 0,748 414  2 62500,0 1
46,57 452 851 245,4 394,55 50,84 25,14 5,01 0,7812 415  2 62090,710937 1
46,79 418 846 240,22 390,83 51,5 25,14 5,01 0,841 415  2 61420,34375 1
46,97 461 853 243,75 390,3 50,67 25,14 5,01 0,8669 415  3 61332,054687 1
47,12 434 846 239,82 387,27 51,5 25,14 5,01 0,8941 415  3 60462,917969 1
47,27 458 853 239,01 381,03 50,66 25,14 5,01 0,913 415  3 60505,789062 1
47,49 420 841 244,57 381,68 52,03 25,14 5,01 0,9317 415  3 60505,789062 1
47,53 405 838 245,15 384,53 52,36 25,14 5,01 0,9493 415  3 59618,070312 1
47,51 448 850 239,17 375,02 51,0 25,14 5,01 0,9651 416  3 59493,375 1
47,47 435 846 235,0 375,02 51,45 25,14 5,01 0,9767 416  3 59204,441406 1
47,51 393 832 237,4 366,98 53,11 25,14 5,01 0,9988 416  3 58999,769531 1
47,51 423 842 239,66 376,8 51,92 25,14 5,01 1,0072 416  3 59040,589844 1
36,54 54 465 321,82 717,27 79,56 25,14 5,01 0,0255 400  1 71032,1875 1
36,55 49 455 322,15 721,89 80,37 25,14 5,01 0,0276 400  1 70973,109375 1
37,12 226 724 283,56 571,93 62,17 25,14 5,01 0,0741 400  1 70041,039062 1
38,72 316 807 277,39 532,33 56,85 25,14 5,01 0,1541 400  1 68412,617187 1
40,21 386 830 269,43 504,44 53,62 25,14 5,01 0,2324 402  2 67599,679687 1
41,49 432 845 265,72 491,14 51,82 25,14 5,01 0,3804 407  2 66753,585937 1
42,53 415 845 259,58 466,35 51,82 25,14 5,01 0,4465 409  2 65928,40625 1
43,37 423 842 261,08 458,99 52,13 25,14 5,01 0,508 411  2 64679,132812 1
44,13 446 849 254,28 442,07 51,29 25,14 5,01 0,5669 412  2 64337,773437 1
45,29 445 849 259,41 434,65 51,31 25,14 5,01 0,6176 413  2 63570,894531 1
45,79 469 860 247,49 418,76 50,06 25,14 5,01 0,6632 414  2 63194,273437 1
46,16 453 851 246,48 400,47 51,05 25,14 5,01 0,7065 414  2 62454,257812 1
46,46 457 853 252,91 399,12 50,9 25,14 5,01 0,7437 415  2 62271,953125 1
46,46 470 857 246,57 404,69 50,45 25,14 5,01 0,8104 415  2 62317,429687 1
46,74 441 848 246,07 399,25 51,45 25,14 5,01 0,8408 415  2 61820,816406 1
46,86 436 846 242,84 388,98 51,64 25,14 5,01 0,8676 415  3 60937,871094 1
47,04 431 845 241,04 385,83 51,78 25,14 5,01 0,8928 415  3 60937,871094 1
47,27 422 842 243,17 383,88 52,19 25,14 5,01 0,9143 416  3 60377,359375 1
47,39 450 839 242,51 387,14 52,49 25,14 5,01 0,9339 416  3 60164,511719 1
47,37 405 836 244,41 384,66 51,59 25,14 5,01 0,9509 416  3 59701,492187 1
47,46 435 840 240,63 378,59 52,38 25,14 5,01 0,9663 416  3 59618,070312 1
47,47 403 836 235,87 376,29 52,92 25,14 5,01 0,9902 416  3 59410,535156 1
47,53 393 832 239,01 365,25 53,35 25,14 5,01 1,0028 416  3 59534,882812 1
47,45 380 828 240,39 377,05 53,89 25,14 5,01 1,0114 416  3 59081,46875 1
36,56 41 437 317,82 708,1 81,77 25,14 5,01 0,0254 400  1 71508,382812 1
36,73 106 560 313,65 668,06 72,69 25,14 5,01 0,0256 400  1 70620,6875 1
36,73 199 730 283,85 580,71 61,87 25,14 5,01 0,0598 400  1 69811,835937 1
38,13 317 807 277,39 541,05 56,85 25,14 5,01 0,1364 400  1 68577,554687 1
39,64 356 820 267,52 506,33 54,96 25,14 5,01 0,2922 403  2 67492,75 1
41,07 397 834 265,54 499,52 53,2 25,14 5,01 0,3619 406  2 66910,609375 1
42,19 387 831 266,17 483,38 53,6 25,14 5,01 0,4275 408  2 65573,773437 1
43,05 443 842 261,97 451,75 52,13 25,14 5,01 0,4931 410  2 64875,824219 1
44,5 458 853 256,01 447,03 50,9 25,14 5,01 0,551 411  2 64240,902344 1
45,13 472 858 257,48 432,59 50,4 25,14 5,01 0,6065 412  2 64289,300781 1
45,57 441 848 249,0 419,47 51,48 25,14 5,01 0,6556 412  2 63334,984375 1
45,99 451 845 249,59 402,1 51,78 25,14 5,01 0,7006 413  2 62961,140625 1
46,28 444 849 247,99 407,72 51,4 25,14 5,01 0,7877 414  2 62591,6875 1
46,64 447 850 244,41 397,9 51,29 25,14 5,01 0,8173 414  2 62181,199219 1
46,86 439 847 247,32 395,48 51,57 25,14 5,01 0,8467 414  2 61731,371094 1
47,09 442 848 243,5 390,43 51,47 25,14 5,01 0,87 414  3 61068,703125 1
47,17 465 853 245,4 386,36 50,95 25,14 5,01 0,8935 414  3 60807,601562 1
47,2 435 846 242,18 384,66 51,71 25,14 5,01 0,9151 414  3 60420,109375 1
47,37 403 836 238,2 378,85 52,97 25,14 5,01 0,9347 414  3 60037,523437 1
47,47 392 832 242,35 375,27 52,77 25,14 5,01 0,9502 414  3 60249,46875 1
47,48 438 847 241,37 380,0 51,62 25,14 5,01 0,965 414  3 59701,492187 1
47,44 426 843 237,96 375,02 52,05 25,14 5,01 0,9898 414  3 59534,882812 1
47,49 380 828 236,43 375,53 53,93 25,14 5,01 1,001 414  3 59327,925781 1
47,47 400 835 239,17 372,99 53,1 25,14 5,01 1,014 414  3 59163,394531 1
36,57 55 465 318,03 717,02 79,64 25,14 5,01 0,0254 400  1 71809,257812 1
36,54 117 576 311,95 670,32 71,59 25,14 5,01 0,0248 400  1 71568,351562 1
37,49 208 703 293,32 601,72 63,51 25,14 5,01 0,0536 400  1 69640,914062 1
39,14 309 810 281,36 547,13 56,49 25,14 5,01 0,2058 401  1 68687,953125 1
40,55 338 814 271,72 519,34 55,84 25,14 5,01 0,2822 403  2 67868,507812 1
41,79 387 831 265,72 492,8 53,64 25,14 5,01 0,3563 406  2 66286,898437 1
41,79 394 833 265,0 475,6 53,35 25,14 5,01 0,4236 408  2 66030,4375 1
43,6 434 846 258,18 455,12 51,78 25,14 5,01 0,486 409  2 65173,117187 1
44,29 424 863 255,49 453,43 49,82 25,14 5,01 0,5434 410  2 64483,628906 1
44,9 458 853 260,2 429,24 50,93 25,14 5,01 0,5973 411  2 63760,898437 1
45,45 448 850 252,05 415,94 51,28 25,14 5,01 0,643 412  2 63429,136719 1
45,8 449 850 250,52 412,99 51,22 25,14 5,01 0,6862 412  2 62914,722656 1
46,19 468 840 252,56 409,24 52,49 25,14 5,01 0,7717 413  2 62454,257812 1
46,49 462 854 245,57 401,69 50,79 25,14 5,01 0,8061 413  2 62545,808594 1
46,74 412 839 247,82 403,73 52,63 25,14 5,01 0,8362 413  2 61376,167969 1
46,93 442 848 243,17 391,09 51,5 25,14 5,01 0,8647 413  3 61156,234375 1
47,26 456 852 241,77 390,3 51,0 25,14 5,01 0,889 414  3 60937,871094 1
47,33 449 850 245,15 387,8 51,22 25,14 5,01 0,9111 414  3 60591,714844 1
47,41 449 850 239,82 375,02 51,22 25,14 5,01 0,9317 414  3 60377,359375 1
47,47 424 842 242,92 385,31 52,17 25,14 5,01 0,9515 414  3 60462,917969 1
47,51 424 842 245,48 382,06 52,17 25,14 5,01 0,9846 414  3 59785,148437 1
47,51 410 846 234,6 374,89 51,69 25,14 5,01 0,9957 414  3 59659,753906 1
47,48 412 838 242,51 376,54 52,65 25,14 5,01 1,0049 414  3 59576,449219 1
47,51 406 837 243,66 374,51 52,86 25,14 5,01 1,0176 414  3 59534,882812 1
36,47 54 465 325,44 710,98 79,75 25,14 5,01 0,0257 400  1 71568,351562 1
36,47 99 548 306,2 673,28 73,6 25,14 5,01 0,0247 400  1 71448,507812 1
36,97 205 699 292,03 604,99 63,74 25,14 5,01 0,0489 400  1 70098,578125 1
38,53 297 807 280,79 542,52 56,87 25,14 5,01 0,1998 401  1 68909,828125 1
40,01 349 818 270,89 516,01 55,33 25,14 5,01 0,2771 403  2 68139,476562 1
41,32 410 838 267,25 489,31 52,72 25,14 5,01 0,3482 405  2 66441,734375 1
42,42 441 848 267,16 474,47 51,55 25,14 5,01 0,4128 407  2 66184,078125 1
44,05 436 846 259,67 460,86 51,75 25,14 5,01 0,475 409  2 65073,714844 1
44,61 459 853 256,09 438,94 50,91 25,14 5,01 0,5311 410  2 64483,628906 1
45,21 449 850 264,46 428,8 51,28 25,14 5,01 0,5846 411  2 64386,316406 1
45,21 456 853 250,52 419,05 51,02 25,14 5,01 0,638 411  2 63618,289062 1
45,64 451 851 251,03 418,2 51,19 25,14 5,01 0,7284 412  2 63194,273437 1
46,05 478 859 246,32 402,64 50,26 25,14 5,01 0,7652 413  2 62775,871094 1
46,31 458 850 246,23 396,02 51,36 25,14 5,01 0,801 413  2 61955,46875 1
46,62 456 852 248,75 394,95 51,03 25,14 5,01 0,8318 413  2 61597,691406 1
47,02 470 857 245,24 396,56 50,54 25,14 5,01 0,8587 413  2 61508,890625 1
47,1 448 843 244,41 392,95 52,17 25,14 5,01 0,882 413  3 61156,234375 1
47,3 438 838 244,57 393,62 52,68 25,14 5,01 0,9041 413  3 60894,386719 1
47,33 448 850 240,88 385,05 51,31 25,14 5,01 0,9249 413  3 60807,601562 1
47,37 411 838 242,02 380,9 52,7 25,14 5,01 0,9566 413  3 60292,039062 1
47,46 418 841 237,8 378,46 52,42 25,14 5,01 0,9703 413  3 59827,0625 1
47,44 427 843 239,98 375,15 52,08 25,14 5,01 0,9837 413  3 60079,792969 1
47,45 409 843 235,87 375,15 52,13 25,14 5,01 0,9933 413  3 59122,402344 1
47,45 393 833 243,17 379,36 53,4 25,14 5,01 0,9997 413  3 59040,589844 1
36,42 41 438 328,2 710,98 81,83 25,14 5,01 0,0253 400  1 71930,320312 1
36,48 80 515 312,69 676,7 76,03 25,14 5,01 0,0244 400  1 71508,382812 1
36,6 200 694 294,31 604,78 64,11 25,14 5,01 0,1175 400  1 70041,039062 1
37,93 280 783 279,08 555,34 58,93 25,14 5,01 0,1974 401  1 69077,171875 1
39,52 354 824 271,63 525,18 54,59 25,14 5,01 0,2747 403  2 67121,132812 1
40,82 406 837 270,62 491,47 52,93 25,14 5,01 0,3493 405  2 66649,3125 1
42,99 425 843 270,8 478,99 52,17 25,14 5,01 0,4179 407  2 66132,78125 1
43,76 461 834 264,46 472,39 53,28 25,14 5,01 0,4851 409  2 65173,117187 1
44,44 440 851 257,48 430,11 51,24 25,14 5,01 0,5458 410  2 64925,183594 1
44,98 453 852 252,22 434,5 51,14 25,14 5,01 0,6007 411  2 64386,316406 1
45,54 460 854 253,42 419,62 50,91 25,14 5,01 0,6995 412  2 63618,289062 1
45,93 441 848 256,27 416,22 51,59 25,14 5,01 0,7417 412  2 63382,023437 1
46,22 463 855 249,17 407,72 50,79 25,14 5,01 0,78 412  2 63194,273437 1
46,57 471 852 247,15 399,52 51,09 25,14 5,01 0,8178 413  2 62045,566406 1
46,76 459 854 248,66 398,98 50,93 25,14 5,01 0,8484 413  2 62000,484375 1
46,95 445 849 243,58 391,09 51,45 25,14 5,01 0,8771 413  3 62000,484375 1
47,08 418 840 242,43 389,51 51,42 25,14 5,01 0,9039 413  3 60981,417969 1
47,2 440 847 245,48 391,36 51,62 25,14 5,01 0,9289 413  3 61156,234375 1
47,24 422 842 241,28 386,09 52,31 25,14 5,01 0,9536 413  3 60548,722656 1
47,38 435 846 243,09 382,84 51,82 25,14 5,01 0,9894 413  3 60334,667969 1
47,44 415 840 240,14 379,1 52,56 25,14 5,01 1,0042 413  3 60079,792969 1
47,43 429 844 238,12 379,74 52,03 25,14 5,01 1,0165 413  3 59659,753906 1
47,45 389 836 238,68 373,75 52,99 25,14 5,01 1,0253 413  3 59827,0625 1
47,44 391 832 241,04 377,18 53,55 25,14 5,01 1,0355 413  3 59410,535156 1
36,5 78 510 328,65 695,28 76,37 25,14 5,01 0,0299 400  1 71388,734375 1
36,48 114 572 310,27 656,85 72,0 25,14 5,01 0,0288 400  1 71388,734375 1
37,35 242 742 297,82 598,06 61,25 25,14 5,01 0,1221 400  1 70503,992187 1
38,95 312 805 280,5 551,41 57,2 25,14 5,01 0,2002 401  1 68798,710937 1
40,38 376 827 272,46 511,84 54,18 25,14 5,01 0,2821 403  2 67173,96875 1
40,38 454 852 265,36 481,1 51,12 25,14 5,01 0,355 405  2 66545,359375 1
42,62 440 848 268,7 478,83 51,62 25,14 5,01 0,4235 407  2 65725,289062 1
43,5 454 852 261,79 447,94 51,1 25,14 5,01 0,4908 409  2 65123,378906 1
44,21 473 867 257,57 432,59 49,49 25,14 5,01 0,5457 410  2 64728,191406 1
44,84 496 865 257,05 420,33 49,69 25,14 5,01 0,6008 410  2 64144,324219 1
45,31 467 856 252,56 418,62 50,66 25,14 5,01 0,7034 412  2 63952,035156 1
45,77 471 857 254,11 417,35 50,54 25,14 5,01 0,743 412  2 63147,507812 1
46,13 485 862 249,51 407,99 50,06 25,14 5,01 0,7815 412  2 62362,972656 1
46,39 461 873 254,28 396,02 48,89 25,14 5,01 0,8156 412  2 62000,484375 1
46,87 457 853 248,16 394,42 51,0 25,14 5,01 0,8481 412  2 61686,746094 1
47,06 438 859 242,59 386,09 50,33 25,14 5,01 0,8757 413  3 61376,167969 1
47,13 440 847 247,32 387,67 51,64 25,14 5,01 0,9026 413  3 61332,054687 1
47,26 469 861 246,73 383,75 50,14 25,14 5,01 0,9265 413  3 60937,871094 1
47,37 486 862 242,92 377,69 50,02 25,14 5,01 0,9642 413  3 60292,039062 1
47,37 417 840 245,73 377,57 52,49 25,14 5,01 0,981 413  3 60206,960937 1
47,43 493 864 240,39 380,77 49,81 25,14 5,01 0,994 413  3 59785,148437 1
47,41 466 856 242,35 373,25 50,71 25,14 5,01 1,0073 413  3 59911,070312 1
47,48 453 845 243,5 371,48 51,92 25,14 5,01 1,0233 413  3 59286,707031 1
47,51 418 840 243,5 379,23 52,47 25,14 5,01 1,0371 413  3 58877,644531 1
36,52 85 524 332,45 712,43 75,37 25,14 5,01 0,0286 400  1 71210,015625 1
36,53 101 551 312,8 663,1 73,48 25,14 5,01 0,0424 400  1 71448,507812 1
36,8 217 714 296,91 601,52 62,91 25,14 5,01 0,1149 400  1 70562,296875 1
38,36 319 808 280,98 552,71 56,85 25,14 5,01 0,195 401  1 68030,828125 1
39,86 375 826 279,46 518,29 54,24 25,14 5,01 0,2717 403  2 67386,15625 1
42,27 419 852 266,89 481,91 51,17 25,14 5,01 0,3442 405  2 66701,40625 1
43,16 453 862 269,34 477,69 50,06 25,14 5,01 0,415 408  2 66286,898437 1
43,97 507 868 263,39 443,57 49,34 25,14 5,01 0,4796 411  2 65523,417969 1
44,55 472 862 259,32 435,24 50,02 25,14 5,01 0,5366 413  2 64925,183594 1
44,55 516 871 255,66 423,61 49,07 25,14 5,01 0,6507 416  2 64192,578125 1
45,19 502 867 252,14 415,24 49,5 25,14 5,01 0,698 416  2 63429,136719 1
45,61 491 863 255,06 419,76 49,87 25,14 5,01 0,7372 417  2 63429,136719 1
46,0 485 862 250,1 400,87 50,06 25,14 5,01 0,7778 417  2 62822,085937 1
46,34 510 853 249,84 398,71 51,0 25,14 5,01 0,8118 418  2 62181,199219 1
46,84 492 864 252,65 388,19 49,82 25,14 5,01 0,8391 418  2 62090,710937 1
46,99 464 855 244,08 381,68 50,79 25,14 5,01 0,8702 418  3 61508,890625 1
47,09 444 849 248,24 384,4 51,5 25,14 5,01 0,8979 418  3 61508,890625 1
47,15 490 859 248,49 389,11 50,36 25,14 5,01 0,9211 418  3 61156,234375 1
47,34 446 849 242,59 377,69 51,42 25,14 5,01 0,9623 419  3 60420,109375 1
47,37 441 848 244,57 380,52 51,59 25,14 5,01 0,978 419  3 60721,0625 1
47,37 454 852 240,47 378,46 51,14 25,14 5,01 0,9924 419  3 59995,3125 1
47,43 442 848 241,28 372,49 51,57 25,14 5,01 1,0066 419  3 59995,3125 1
47,46 462 845 238,28 373,37 51,97 25,14 5,01 1,0226 419  3 59493,375 1
47,43 421 841 237,48 366,86 52,36 25,14 5,01 1,0326 419  3 59493,375 1
36,44 70 488 330,43 709,78 78,07 25,14 5,01 0,026 400  1 71448,507812 1
36,46 105 557 315,14 682,68 73,06 25,14 5,01 0,0373 400  1 71809,257812 1
36,46 200 693 300,15 615,94 64,2 25,14 5,01 0,1078 400  1 70445,789062 1
37,68 309 804 281,55 554,59 57,37 25,14 5,01 0,1859 401  1 68412,617187 1
39,34 345 816 275,61 523,05 55,61 25,14 5,01 0,2656 402  2 68139,476562 1
41,83 423 842 271,17 496,32 52,27 25,14 5,01 0,3408 405  2 66910,609375 1
42,85 465 855 262,14 465,56 50,76 25,14 5,01 0,4119 408  2 66441,734375 1
43,66 489 863 264,1 445,07 49,94 25,14 5,01 0,473 411  2 65473,144531 1
44,39 501 862 259,41 435,09 49,99 25,14 5,01 0,5325 413  2 65322,785156 1
44,93 484 864 257,75 423,47 49,81 25,14 5,01 0,644 415  2 64434,9375 1
45,46 506 868 253,51 416,5 49,4 25,14 5,01 0,6903 416  2 63808,574219 1
45,88 511 870 254,88 414,53 49,24 25,14 5,01 0,7371 417  2 63054,1875 1
46,23 487 862 251,03 407,44 50,02 25,14 5,01 0,7829 417  2 62591,6875 1
46,51 513 870 251,46 405,24 49,17 25,14 5,01 0,8186 418  2 62226,542969 1
46,75 462 854 244,66 392,82 50,86 25,14 5,01 0,8516 418  2 61910,519531 1
46,93 464 855 245,48 390,83 50,79 25,14 5,01 0,8794 418  3 61508,890625 1
47,07 477 859 247,4 387,4 50,33 25,14 5,01 0,9096 418  3 61464,585937 1
47,21 501 866 243,58 383,36 49,57 25,14 5,01 0,9506 418  3 61244,019531 1
47,29 468 852 243,75 374,89 51,19 25,14 5,01 0,9712 418  3 60807,601562 1
47,36 461 854 244,57 374,13 50,91 25,14 5,01 0,9857 418  3 60591,714844 1
47,36 448 850 238,85 378,2 51,35 25,14 5,01 1,0038 419  3 60420,109375 1
47,44 450 851 241,37 383,62 51,28 25,14 5,01 1,0202 419  3 60249,46875 1
47,44 435 852 244,57 374,76 51,15 25,14 5,01 1,029 419  3 59953,160156 1
47,45 433 845 238,85 369,98 51,92 25,14 5,01 1,0382 419  3 59743,289062 1
36,47 70 485 332,56 726,3 78,33 25,14 5,01 0,0246 400  1 71991,0 1
36,42 96 542 319,65 690,59 74,15 25,14 5,01 0,0341 400  1 72112,679687 1
37,08 187 676 298,43 619,07 65,23 25,14 5,01 0,1062 400  1 70098,578125 1
38,73 295 799 283,17 573,48 58,14 25,14 5,01 0,1886 401  1 68687,953125 1
40,14 363 822 277,29 521,63 54,81 25,14 5,01 0,2681 403  2 67922,523437 1
41,46 452 851 271,72 476,24 51,22 25,14 5,01 0,3459 405  2 67173,96875 1
42,47 452 851 262,77 459,3 51,24 25,14 5,01 0,413 407  2 66441,734375 1
43,37 443 848 265,0 455,74 51,57 25,14 5,01 0,4758 408  2 65928,40625 1
44,13 488 863 264,37 440,13 49,99 25,14 5,01 0,597 410  2 65422,949219 1
44,76 484 861 252,31 425,19 50,14 25,14 5,01 0,6443 411  2 64777,328125 1
45,28 485 859 253,59 415,24 50,42 25,14 5,01 0,6934 411  2 64000,0 1
45,71 490 863 258,53 412,3 49,94 25,14 5,01 0,7377 412  2 63476,320312 1
46,39 460 854 257,31 417,77 50,96 25,14 5,01 0,7781 412  2 63288,011719 1
46,61 483 859 250,78 403,32 50,4 25,14 5,01 0,8111 412  2 62181,199219 1
46,86 472 858 254,11 394,55 50,54 25,14 5,01 0,8424 412  2 62271,953125 1
47,05 439 847 246,4 388,59 51,71 25,14 5,01 0,8715 412  2 61865,636719 1
47,13 450 851 249,51 392,15 51,31 25,14 5,01 0,9266 412  3 61597,691406 1
47,21 477 859 248,66 385,31 50,38 25,14 5,01 0,9463 413  3 61068,703125 1
47,21 466 856 245,9 381,68 50,74 25,14 5,01 0,9643 413  3 61200,09375 1
47,37 467 846 244,66 380,9 51,87 25,14 5,01 0,9856 413  3 60420,109375 1
47,43 478 859 239,17 381,16 50,33 25,14 5,01 1,0037 413  3 60462,917969 1
47,44 436 846 242,68 379,62 51,83 25,14 5,01 1,0153 413  3 59995,3125 1
47,43 432 849 241,77 381,16 51,52 25,14 5,01 1,0278 413  3 59743,289062 1
47,46 422 842 239,01 374,26 52,36 25,14 5,01 1,0365 413  3 59827,0625 1
36,44 66 489 325,77 720,43 78,02 25,14 5,01 0,0256 400  1 72173,664062 1
36,36 61 535 322,04 698,34 74,66 25,14 5,01 0,032 400  1 71508,382812 1
36,56 173 658 301,98 627,93 66,38 25,14 5,01 0,0982 400  1 70329,671875 1
39,65 286 790 293,62 568,84 58,65 25,14 5,01 0,1776 401  1 68909,828125 1
40,92 400 825 281,64 529,64 54,53 25,14 5,01 0,2592 402  2 68193,929687 1
42,03 440 843 272,92 487,33 52,22 25,14 5,01 0,3383 405  2 67386,15625 1
43,0 470 857 263,84 468,41 50,64 25,14 5,01 0,4122 408  2 66597,296875 1
43,0 483 861 263,12 448,55 50,18 25,14 5,01 0,5459 412  2 65979,382812 1
43,82 479 860 261,08 445,22 50,33 25,14 5,01 0,6048 414  2 65322,785156 1
44,43 446 849 258,18 435,24 51,47 25,14 5,01 0,6624 415  2 64386,316406 1
45,0 457 865 256,61 413,69 49,7 25,14 5,01 0,7074 416  2 64048,035156 1
45,91 468 856 260,2 412,71 50,69 25,14 5,01 0,7548 416  2 63241,105469 1
46,24 484 861 250,61 410,07 50,14 25,14 5,01 0,7945 417  2 63147,507812 1
46,48 508 869 251,97 400,2 49,37 25,14 5,01 0,829 417  2 62775,871094 1
46,74 489 855 251,46 391,89 50,84 25,14 5,01 0,8654 417  2 62181,199219 1
46,88 442 848 246,9 391,36 51,62 25,14 5,01 0,8965 418  3 62135,921875 1
47,06 454 852 250,01 391,62 51,19 25,14 5,01 0,9383 418  3 61642,1875 1
47,24 455 852 245,9 384,53 51,14 25,14 5,01 0,9559 418  3 61376,167969 1
47,25 435 846 244,16 386,36 49,89 25,14 5,01 0,9777 418  3 60850,960937 1
47,34 451 861 246,65 383,88 50,16 25,14 5,01 0,995 418  3 60505,789062 1
47,37 438 847 242,43 381,81 51,78 25,14 5,01 1,0087 418  3 60377,359375 1
47,42 461 854 242,84 380,77 50,95 25,14 5,01 1,0261 418  3 60079,792969 1
47,42 427 843 244,49 373,37 52,17 25,14 5,01 1,0375 418  3 60206,960937 1
47,4 423 843 238,6 372,36 52,27 25,14 5,01 1,0472 418  3 59659,753906 1
36,33 66 489 324,01 708,82 78,07 25,14 5,01 0,0256 400  1 71930,320312 1
36,34 53 508 325,11 710,74 76,68 25,14 5,01 0,0318 400  1 71568,351562 1
36,4 165 648 302,39 631,77 67,06 25,14 5,01 0,0944 400  1 70329,671875 1
39,05 268 771 286,35 567,11 59,73 25,14 5,01 0,1741 401  1 69189,1875 1
40,44 400 835 279,65 511,84 53,28 25,14 5,01 0,2565 402  2 68467,507812 1
41,67 422 847 272,46 491,14 51,82 25,14 5,01 0,3346 404  2 67546,171875 1
42,65 442 848 264,64 471,11 51,62 25,14 5,01 0,405 408  2 66858,1875 1
43,52 494 864 268,34 456,82 49,86 25,14 5,01 0,5382 412  2 66235,445312 1
44,21 462 855 262,14 440,57 50,91 25,14 5,01 0,6028 414  2 65422,949219 1
44,86 526 874 261,79 430,55 48,84 25,14 5,01 0,6548 415  2 64434,9375 1
45,31 474 861 255,06 423,9 50,23 25,14 5,01 0,6999 415  2 64386,316406 1
45,73 466 856 258,01 425,34 50,79 25,14 5,01 0,7464 416  2 63665,753906 1
46,08 432 845 254,54 405,93 52,01 25,14 5,01 0,784 416  2 63241,105469 1
46,41 515 871 249,34 394,95 49,19 25,14 5,01 0,821 417  2 62914,722656 1
46,67 461 866 251,28 390,17 49,69 25,14 5,01 0,8547 417  2 62362,972656 1
46,81 471 857 250,35 392,29 50,6 25,14 5,01 0,909 417  3 62226,542969 1
46,96 462 855 250,52 394,01 50,91 25,14 5,01 0,9413 417  3 62090,710937 1
47,11 454 852 241,61 388,98 51,19 25,14 5,01 0,9624 418  3 61156,234375 1
47,19 474 858 248,91 386,62 50,5 25,14 5,01 0,9838 418  3 60981,417969 1
47,36 447 850 243,75 381,81 51,45 25,14 5,01 0,9991 418  3 60981,417969 1
47,37 467 860 242,18 374,26 50,33 25,14 5,01 1,0154 418  3 60937,871094 1
47,41 453 852 246,07 384,4 51,24 25,14 5,01 1,0299 418  3 60079,792969 1
47,4 435 846 241,77 380,0 51,9 25,14 5,01 1,0414 418  3 60334,667969 1
47,36 412 839 242,84 373,88 52,7 25,14 5,01 1,0584 418  3 59743,289062 1
36,39 76 508 327,09 709,06 76,68 25,14 5,01 0,0253 400  1 72603,515625 1
36,4 79 512 333,46 709,3 76,37 25,14 5,01 0,0296 400  1 71869,734375 1
36,86 144 630 301,68 630,06 68,23 25,14 5,01 0,0867 400  1 70562,296875 1
38,48 326 810 277,86 545,1 56,6 25,14 5,01 0,1674 401  1 69077,171875 1
40,03 410 838 272,46 518,29 52,88 25,14 5,01 0,248 402  2 68412,617187 1
41,22 417 840 267,79 486,17 52,59 25,14 5,01 0,3265 404  2 67760,71875 1
42,3 477 847 266,53 480,45 51,78 25,14 5,01 0,4645 410  2 66805,84375 1
43,18 471 857 265,27 462,89 50,64 25,14 5,01 0,525 412  2 66390,039062 1
43,98 479 860 259,94 449,92 50,36 25,14 5,01 0,5832 413  2 64826,539062 1
44,62 479 860 258,79 429,53 50,36 25,14 5,01 0,6383 414  2 65024,128906 1
45,57 464 855 261,26 427,93 50,88 25,14 5,01 0,6901 415  2 64192,578125 1
45,91 513 856 258,53 417,35 50,79 25,14 5,01 0,7392 415  2 63382,023437 1
46,26 488 862 252,48 412,99 50,06 25,14 5,01 0,7839 416  2 63476,320312 1
46,49 491 863 250,35 403,73 49,96 25,14 5,01 0,8154 416  2 62961,140625 1
46,71 500 866 247,99 401,15 49,65 25,14 5,01 0,8763 417  2 62500,0 1
46,92 449 869 248,49 391,09 49,32 25,14 5,01 0,9055 417  3 62271,953125 1
46,92 486 862 249,17 391,09 50,14 25,14 5,01 0,9292 417  3 61508,890625 1
47,08 470 857 243,33 385,05 50,66 25,14 5,01 0,9532 417  3 61376,167969 1
47,22 434 846 246,4 394,15 51,96 25,14 5,01 0,977 417  3 61112,4375 1
47,25 464 855 243,99 380,9 50,88 25,14 5,01 0,9979 417  3 60764,300781 1
47,36 487 862 245,07 377,95 50,11 25,14 5,01 1,0128 417  3 60721,0625 1
47,4 438 847 247,15 378,85 51,82 25,14 5,01 1,028 417  3 60634,769531 1
47,41 442 848 241,04 381,03 51,68 25,14 5,01 1,0454 417  3 60334,667969 1
47,39 439 847 243,66 374,26 51,78 25,14 5,01 1,064 417  3 59869,035156 1
36,35 72 501 329,09 717,02 77,25 25,14 5,01 0,026 400  1 72418,671875 1
36,51 68 493 329,54 717,99 77,86 25,14 5,01 0,0277 400  1 71930,320312 1
37,84 261 616 307,03 635,42 65,56 25,14 5,01 0,0764 400  1 70562,296875 1
39,44 364 823 283,17 535,22 54,83 25,14 5,01 0,1595 400  1 69868,992187 1
40,78 387 830 280,31 514,97 53,86 25,14 5,01 0,2401 402  2 68854,226562 1
41,93 450 851 269,7 488,32 51,4 25,14 5,01 0,3904 407  2 67814,570312 1
41,93 435 867 268,25 468,57 49,55 25,14 5,01 0,4645 409  2 67068,375 1
42,88 441 848 268,43 453,74 51,71 25,14 5,01 0,5265 411  2 66493,507812 1
43,69 473 858 260,38 443,57 50,57 25,14 5,01 0,5876 412  2 65222,929687 1
44,39 508 869 258,27 436,27 49,44 25,14 5,01 0,6431 413  2 64679,132812 1
45,43 501 866 260,55 427,5 49,65 25,14 5,01 0,6919 414  2 64192,578125 1
45,81 469 857 252,91 408,82 50,71 25,14 5,01 0,7355 414  2 63523,574219 1
46,13 490 863 254,19 412,99 50,02 25,14 5,01 0,778 415  2 63382,023437 1
46,47 526 874 248,75 404,01 48,89 25,14 5,01 0,8118 415  2 62914,722656 1
46,68 459 853 255,4 393,35 51,07 25,14 5,01 0,8803 416  2 62545,808594 1
46,85 473 865 248,41 387,93 49,86 25,14 5,01 0,9117 416  3 62226,542969 1
47,0 480 860 249,93 394,15 50,33 25,14 5,01 0,9336 416  3 61553,257812 1
47,1 477 859 244,41 384,66 50,43 25,14 5,01 0,9603 416  3 61686,746094 1
47,32 467 856 246,48 384,53 50,79 25,14 5,01 0,9811 416  3 61112,4375 1
47,34 481 858 244,82 379,36 50,54 25,14 5,01 0,999 416  3 60764,300781 1
47,34 451 851 244,41 379,23 51,35 25,14 5,01 1,0146 416  3 60807,601562 1
47,39 423 842 248,16 379,1 52,38 25,14 5,01 1,0274 416  3 60334,667969 1
47,33 448 850 243,0 378,59 51,47 25,14 5,01 1,0583 416  3 60420,109375 1
47,4 431 845 243,33 377,57 52,08 25,14 5,01 1,0668 416  3 60548,722656 1
36,34 70 497 325,55 705,95 77,57 25,14 5,01 0,0259 400  1 72234,765625 1
36,32 70 497 335,27 714,36 77,57 25,14 5,01 0,0277 400  1 71508,382812 1
37,19 228 776 291,64 576,6 59,49 25,14 5,01 0,0738 400  1 70445,789062 1
38,83 346 817 282,03 539,59 55,65 25,14 5,01 0,1537 400  1 69754,765625 1
40,35 388 831 280,79 515,84 53,8 25,14 5,01 0,2355 402  2 68687,953125 1
41,5 446 850 269,61 486,34 51,54 25,14 5,01 0,3854 407  2 67706,953125 1
42,51 452 851 269,43 486,67 51,35 25,14 5,01 0,4584 409  2 66858,1875 1
43,43 471 860 264,1 460,24 50,36 25,14 5,01 0,5221 411  2 65624,195312 1
44,11 506 868 270,43 449,46 49,5 25,14 5,01 0,5832 412  2 65123,378906 1
44,76 481 860 258,18 435,24 50,33 25,14 5,01 0,6369 413  2 65024,128906 1
45,25 488 862 257,66 422,75 50,11 25,14 5,01 0,6817 414  2 64289,300781 1
45,65 497 857 255,92 405,51 50,71 25,14 5,01 0,7284 414  2 63952,035156 1
46,05 460 854 253,08 408,96 51,05 25,14 5,01 0,7704 415  2 63382,023437 1
46,34 509 869 250,27 400,47 49,4 25,14 5,01 0,8493 415  2 62683,644531 1
46,55 463 855 250,95 390,7 50,93 25,14 5,01 0,8767 415  2 62822,085937 1
46,74 489 863 251,97 396,42 50,06 25,14 5,01 0,9065 415  3 62000,484375 1
46,89 490 863 253,08 390,3 50,54 25,14 5,01 0,9315 416  3 61776,0625 1
47,19 480 860 248,75 384,27 50,33 25,14 5,01 0,9506 416  3 61776,0625 1
47,26 449 856 246,65 384,14 50,81 25,14 5,01 0,972 416  3 61288,003906 1
47,32 460 854 244,32 379,1 51,05 25,14 5,01 0,9931 416  3 60850,960937 1
47,33 486 859 246,4 379,1 50,45 25,14 5,01 1,0062 416  3 60634,769531 1
47,38 458 853 246,48 385,83 51,12 25,14 5,01 1,0361 416  3 60807,601562 1
47,35 456 853 243,33 376,54 51,17 25,14 5,01 1,054 416  3 60420,109375 1
47,35 461 854 241,45 376,8 51,0 25,14 5,01 1,0619 416  3 59911,070312 1
36,37 72 499 328,42 724,34 77,44 25,14 5,01 0,0249 400  1 72727,273437 1
36,29 135 474 330,99 722,87 79,35 25,14 5,01 0,0254 400  1 71930,320312 1
36,7 238 779 295,31 588,23 59,35 25,14 5,01 0,0655 400  1 70855,242187 1
38,25 320 808 280,98 546,76 56,95 25,14 5,01 0,1436 400  1 69584,125 1
39,78 395 833 281,84 518,29 53,53 25,14 5,01 0,3031 403  2 68522,484375 1
41,08 451 851 271,44 499,86 51,4 25,14 5,01 0,3773 406  2 68085,109375 1
42,19 472 858 269,7 482,73 50,66 25,14 5,01 0,4455 409  2 66597,296875 1
43,11 487 862 265,36 461,33 50,16 25,14 5,01 0,5082 410  2 65877,507812 1
44,53 452 862 262,5 445,67 50,14 25,14 5,01 0,5707 412  2 65422,949219 1
45,09 486 862 263,84 437,01 50,19 25,14 5,01 0,626 412  2 64974,621094 1
45,48 492 864 255,31 421,32 49,99 25,14 5,01 0,6758 413  2 64386,316406 1
45,89 487 871 254,97 411,6 49,24 25,14 5,01 0,7191 414  2 63904,144531 1
46,24 513 870 259,41 409,51 49,3 25,14 5,01 0,761 414  2 63476,320312 1
46,48 491 863 251,37 401,01 50,02 25,14 5,01 0,8319 415  2 63288,011719 1
46,74 479 860 249,93 398,17 50,42 25,14 5,01 0,8641 415  2 62914,722656 1
46,74 488 863 249,76 405,38 50,11 25,14 5,01 0,894 415  3 62181,199219 1
46,89 466 858 253,94 391,62 50,55 25,14 5,01 0,9197 415  3 61910,519531 1
47,12 464 855 246,82 387,14 50,93 25,14 5,01 0,9423 415  3 61686,746094 1
47,21 466 856 246,23 379,23 50,84 25,14 5,01 0,9609 415  3 61553,257812 1
47,27 447 850 243,42 374,51 51,52 25,14 5,01 0,9779 415  3 61068,703125 1
47,3 476 845 242,84 382,06 52,08 25,14 5,01 0,9945 415  3 60850,960937 1
47,28 456 853 246,82 383,23 51,21 25,14 5,01 1,0214 415  3 60505,789062 1
47,34 463 855 241,04 375,53 50,96 25,14 5,01 1,0333 415  3 60420,109375 1
47,36 442 848 243,66 373,88 51,73 25,14 5,01 1,0444 415  3 60334,667969 1
36,31 77 510 336,07 722,87 76,68 25,14 5,01 0,0254 400  1 72727,273437 1
36,38 124 588 313,01 673,96 71,11 25,14 5,01 0,0254 400  1 72295,960937 1
37,6 232 731 296,61 604,78 62,12 25,14 5,01 0,0587 400  1 71329,0625 1
39,28 335 811 282,6 551,41 56,49 25,14 5,01 0,1359 400  1 69983,59375 1
39,28 379 828 282,03 528,21 54,26 25,14 5,01 0,2951 403  2 69021,296875 1
40,58 426 843 272,18 503,25 52,33 25,14 5,01 0,369 406  2 68139,476562 1
41,8 439 847 272,27 472,23 51,85 25,14 5,01 0,4364 408  2 66545,359375 1
42,83 472 857 264,73 454,05 50,69 25,14 5,01 0,5 410  2 66132,78125 1
44,23 477 859 262,59 444,02 50,5 25,14 5,01 0,5611 411  2 65725,289062 1
44,86 497 865 261,61 429,53 49,84 25,14 5,01 0,6105 412  2 65123,378906 1
45,37 491 863 256,35 421,89 50,02 25,14 5,01 0,6622 413  2 64532,390625 1
45,79 493 864 257,22 415,66 49,96 25,14 5,01 0,7064 413  2 64630,144531 1
46,11 488 860 257,48 404,83 50,45 25,14 5,01 0,7947 414  2 63570,894531 1
46,41 517 871 252,05 407,72 49,2 25,14 5,01 0,8278 414  2 63288,011719 1
46,59 516 871 252,56 392,68 49,22 25,14 5,01 0,8622 414  2 62775,871094 1
46,82 476 859 252,56 404,42 50,54 25,14 5,01 0,891 414  3 62226,542969 1
47,1 449 850 248,41 390,56 51,47 25,14 5,01 0,9147 414  3 61820,816406 1
47,19 474 857 249,84 383,88 50,71 25,14 5,01 0,937 414  3 62045,566406 1
47,25 458 853 244,24 380,52 51,17 25,14 5,01 0,9569 414  3 61731,371094 1
47,25 466 856 243,58 381,68 50,86 25,14 5,01 0,9751 414  3 61464,585937 1
47,32 445 849 248,33 388,59 51,64 25,14 5,01 1,0105 415  3 61244,019531 1
47,32 475 845 244,9 386,36 52,08 25,14 5,01 1,0249 415  3 60420,109375 1
47,28 460 854 241,61 380,9 51,1 25,14 5,01 1,0369 415  3 60721,0625 1
47,31 448 850 246,65 383,62 51,52 25,14 5,01 1,0489 415  3 60462,917969 1
36,3 62 480 336,3 722,87 78,89 25,14 5,01 0,0257 400  1 72727,273437 1
36,27 110 566 315,57 673,96 72,69 25,14 5,01 0,0247 400  1 72418,671875 1
36,98 225 724 296,11 600,3 62,57 25,14 5,01 0,05 400  1 71091,367187 1
38,66 305 818 284,42 544,36 55,58 25,14 5,01 0,2032 401  1 70156,210937 1
40,14 392 832 283,85 520,75 53,67 25,14 5,01 0,2829 403  2 69133,132812 1
41,33 449 850 272,0 499,18 51,52 25,14 5,01 0,356 406  2 67279,898437 1
42,42 432 845 272,18 479,31 52,13 25,14 5,01 0,4279 408  2 66910,609375 1
43,97 463 855 266,53 460,08 51,02 25,14 5,01 0,4922 409  2 66338,429687 1
43,97 462 866 263,21 445,22 49,79 25,14 5,01 0,548 410  2 65826,6875 1
44,62 487 862 264,82 433,77 50,18 25,14 5,01 0,6008 411  2 65222,929687 1
45,15 473 858 257,22 427,36 50,66 25,14 5,01 0,6496 412  2 64875,824219 1
45,53 495 865 259,94 412,16 49,92 25,14 5,01 0,7442 413  2 63856,324219 1
45,91 475 857 256,27 407,44 50,71 25,14 5,01 0,7839 413  2 63856,324219 1
46,25 467 856 253,33 408,27 50,86 25,14 5,01 0,8215 413  2 63570,894531 1
46,51 499 866 249,51 391,62 49,81 25,14 5,01 0,8484 413  2 62775,871094 1
46,69 459 854 255,31 398,58 51,14 25,14 5,01 0,8798 413  3 62683,644531 1
47,06 480 860 250,27 391,62 50,42 25,14 5,01 0,9086 413  3 61910,519531 1
47,12 445 849 249,34 389,51 51,64 25,14 5,01 0,9306 413  3 61910,519531 1
47,15 432 845 249,08 384,66 52,13 25,14 5,01 0,9535 414  3 61865,636719 1
47,27 446 849 249,25 390,83 51,62 25,14 5,01 0,9755 414  3 61376,167969 1
47,32 445 849 247,49 380,9 51,66 25,14 5,01 1,0009 414  3 61068,703125 1
47,31 459 844 250,35 379,74 52,27 25,14 5,01 1,0152 414  3 60721,0625 1
47,28 449 850 245,73 381,68 51,48 25,14 5,01 1,0263 414  3 60764,300781 1
47,28 432 845 247,99 377,95 52,12 25,14 5,01 1,0408 414  3 60677,886719 1
36,25 65 487 332,56 723,85 78,41 25,14 5,01 0,0257 400  1 72913,703125 1
36,17 111 567 323,46 683,15 72,61 25,14 5,01 0,0248 400  1 72727,273437 1
36,5 238 739 302,49 604,17 61,73 25,14 5,01 0,1205 400  1 71210,015625 1
37,96 296 800 291,83 569,23 58,29 25,14 5,01 0,2008 401  1 70213,929687 1
39,58 382 835 282,6 526,42 53,37 25,14 5,01 0,2771 403  2 69527,429687 1
40,9 407 837 276,73 493,64 53,13 25,14 5,01 0,3495 405  2 67121,132812 1
41,94 470 857 271,35 481,59 50,79 25,14 5,01 0,4226 407  2 67173,96875 1
43,75 473 858 275,61 462,58 50,67 25,14 5,01 0,4853 409  2 66338,429687 1
44,4 479 853 260,02 434,21 51,24 25,14 5,01 0,5496 410  2 65422,949219 1
44,96 471 857 262,32 438,49 50,74 25,14 5,01 0,6081 411  2 65173,117187 1
45,4 478 859 257,83 423,04 50,5 25,14 5,01 0,6551 411  2 64875,824219 1
45,77 477 859 258,71 415,38 50,55 25,14 5,01 0,7489 412  2 64483,628906 1
46,15 480 860 253,33 414,25 50,43 25,14 5,01 0,7983 413  2 64337,773437 1
46,15 504 858 255,49 407,3 50,66 25,14 5,01 0,834 413  2 63429,136719 1
46,38 484 861 253,94 401,96 50,3 25,14 5,01 0,8654 413  2 62868,371094 1
46,79 491 864 256,27 405,1 50,06 25,14 5,01 0,8893 413  3 62408,582031 1
46,94 423 842 249,0 402,78 52,51 25,14 5,01 0,912 413  3 62000,484375 1
47,07 478 848 249,84 381,94 51,75 25,14 5,01 0,9364 413  3 61910,519531 1
47,14 445 849 245,73 384,4 51,66 25,14 5,01 0,9589 413  3 61642,1875 1
47,18 452 851 245,57 380,9 51,4 25,14 5,01 1,0012 413  3 61820,816406 1
47,22 444 849 251,97 387,67 51,71 25,14 5,01 1,0141 413  3 61464,585937 1
47,23 461 854 244,49 382,58 51,09 25,14 5,01 1,0276 413  3 60677,886719 1
47,26 441 848 242,1 381,16 51,83 25,14 5,01 1,0416 413  3 60377,359375 1
47,24 414 839 243,99 383,88 52,83 25,14 5,01 1,0535 413  3 60462,917969 1
36,15 69 494 334,25 719,45 77,91 25,14 5,01 0,0258 400  1 72913,703125 1
36,2 110 566 325,55 679,0 72,71 25,14 5,01 0,0248 400  1 72976,054687 1
36,2 233 732 298,43 602,33 62,12 25,14 5,01 0,1155 400  1 71269,484375 1
37,37 315 806 291,14 566,35 57,32 25,14 5,01 0,2009 401  1 70387,679687 1
39,0 383 829 283,27 527,67 54,17 25,14 5,01 0,2813 403  2 68577,554687 1
40,4 429 839 274,49 507,18 52,86 25,14 5,01 0,3626 405  2 67868,507812 1
42,61 467 856 273,94 475,76 50,91 25,14 5,01 0,4374 408  2 66910,609375 1
43,42 472 857 262,77 444,17 50,74 25,14 5,01 0,5099 409  2 66390,039062 1
44,16 458 853 265,63 449,46 51,21 25,14 5,01 0,5724 410  2 66338,429687 1
44,69 488 855 263,12 439,98 50,96 25,14 5,01 0,6313 411  2 65573,773437 1
45,17 501 866 258,88 426,78 49,77 25,14 5,01 0,7292 412  2 65024,128906 1
45,62 483 861 259,06 414,25 50,35 25,14 5,01 0,7755 413  2 64289,300781 1
45,99 464 855 253,76 409,1 51,0 25,14 5,01 0,8199 413  2 63523,574219 1
46,28 506 868 255,31 402,37 49,6 25,14 5,01 0,8533 413  2 63100,8125 1
46,69 465 852 250,35 400,47 51,31 25,14 5,01 0,8883 413  2 62914,722656 1
46,83 496 860 253,59 401,15 50,42 25,14 5,01 0,9179 413  3 63100,8125 1
46,83 428 844 250,69 388,59 52,31 25,14 5,01 0,9433 413  3 62454,257812 1
46,97 468 856 248,07 388,59 50,86 25,14 5,01 0,9678 413  3 62271,953125 1
47,1 462 851 250,52 384,79 51,45 25,14 5,01 1,0084 413  3 61642,1875 1
47,1 455 852 247,82 383,88 51,31 25,14 5,01 1,0249 414  3 61776,0625 1
47,14 472 857 250,1 382,45 50,74 25,14 5,01 1,0413 414  3 61420,34375 1
47,22 436 846 246,73 383,49 52,03 25,14 5,01 1,0567 414  3 60764,300781 1
47,21 409 838 245,07 375,4 53,04 25,14 5,01 1,0711 414  3 60677,886719 1
47,23 438 835 246,23 376,04 53,37 25,14 5,01 1,0802 414  3 60634,769531 1
36,2 55 466 331,55 717,27 80,1 25,14 5,01 0,0279 400  1 73101,085937 1
36,15 97 544 319,22 697,4 74,28 25,14 5,01 0,0404 400  1 72976,054687 1
36,76 235 735 300,96 614,69 61,98 25,14 5,01 0,1136 400  1 71930,320312 1
38,42 300 801 293,82 566,35 58,14 25,14 5,01 0,1967 401  1 69414,320312 1
39,91 393 833 280,6 537,95 53,71 25,14 5,01 0,2832 403  2 68577,554687 1
41,14 407 837 277,39 507,87 53,17 25,14 5,01 0,3605 405  2 67976,632812 1
42,22 466 847 271,9 486,5 51,9 25,14 5,01 0,4324 407  2 67173,96875 1
43,09 438 847 263,84 448,4 51,97 25,14 5,01 0,5076 409  2 66597,296875 1
43,85 463 855 265,99 453,74 51,05 25,14 5,01 0,5672 410  2 65877,507812 1
44,44 480 854 263,48 432,3 51,1 25,14 5,01 0,6842 411  2 65473,144531 1
45,01 504 867 260,82 422,61 49,69 25,14 5,01 0,7358 412  2 65272,820312 1
45,46 486 862 258,53 414,96 50,26 25,14 5,01 0,7851 412  2 64483,628906 1
45,79 477 859 263,39 411,32 50,59 25,14 5,01 0,8295 412  2 63570,894531 1
46,1 500 866 251,88 406,48 49,81 25,14 5,01 0,8638 413  2 63570,894531 1
46,6 464 857 253,16 400,87 50,84 25,14 5,01 0,8932 413  2 63288,011719 1
46,77 443 848 249,17 389,9 51,78 25,14 5,01 0,9269 413  3 62500,0 1
46,88 458 853 248,16 395,48 51,22 25,14 5,01 0,9537 413  3 62545,808594 1
47,03 440 848 247,74 386,88 51,89 25,14 5,01 0,9822 413  3 61955,46875 1
47,12 504 856 248,66 388,45 50,88 25,14 5,01 1,0202 413  3 61776,0625 1
47,13 463 855 252,05 385,05 51,07 25,14 5,01 1,0381 413  3 61553,257812 1
47,2 453 852 250,01 385,57 51,42 25,14 5,01 1,0589 413  3 60850,960937 1
47,2 453 852 245,15 381,94 51,42 25,14 5,01 1,0738 413  3 60937,871094 1
47,24 454 852 249,17 376,54 51,36 25,14 5,01 1,0908 413  3 60548,722656 1
47,18 462 855 245,07 378,08 51,09 25,14 5,01 1,0976 413  3 60721,0625 1
36,13 71 498 329,54 709,3 77,7 25,14 5,01 0,0266 400  1 73163,757812 1
36,17 87 528 324,78 707,86 75,5 25,14 5,01 0,0376 400  1 73038,515625 1
36,31 176 686 299,44 614,69 64,92 25,14 5,01 0,1087 400  1 70679,179687 1
37,77 305 803 287,62 556,66 57,86 25,14 5,01 0,1973 401  1 69697,796875 1
40,72 399 834 282,41 531,07 53,49 25,14 5,01 0,2807 403  2 68798,710937 1
41,83 415 840 276,64 504,62 52,84 25,14 5,01 0,3612 405  2 68030,828125 1
42,8 479 860 265,99 469,52 50,54 25,14 5,01 0,4339 407  2 67492,75 1
43,58 530 875 264,37 451,59 48,89 25,14 5,01 0,4979 409  2 66701,40625 1
44,25 468 856 266,62 442,52 50,9 25,14 5,01 0,5637 410  2 66132,78125 1
44,79 473 858 260,99 433,91 50,74 25,14 5,01 0,6799 411  2 65473,144531 1
45,29 512 870 258,53 422,18 49,4 25,14 5,01 0,7263 412  2 65173,117187 1
45,29 482 861 260,64 416,64 50,43 25,14 5,01 0,7674 412  2 63952,035156 1
45,68 493 864 256,53 412,3 50,06 25,14 5,01 0,8081 412  2 64192,578125 1
46,31 486 862 254,97 406,61 50,3 25,14 5,01 0,8443 412  2 63476,320312 1
46,5 447 852 256,09 400,6 51,4 25,14 5,01 0,882 413  2 63100,8125 1
46,71 481 860 250,27 396,56 50,47 25,14 5,01 0,9123 413  3 63054,1875 1
46,81 473 858 251,71 392,95 50,74 25,14 5,01 0,9465 413  3 62362,972656 1
46,91 459 853 249,25 392,29 51,22 25,14 5,01 0,9953 413  3 62045,566406 1
47,06 442 848 244,74 384,27 51,82 25,14 5,01 1,0136 413  3 62226,542969 1
47,1 479 861 244,16 383,62 50,42 25,14 5,01 1,0348 413  3 61200,09375 1
47,17 443 849 250,69 385,05 51,78 25,14 5,01 1,0493 413  3 61288,003906 1
47,21 457 853 244,66 380,64 51,28 25,14 5,01 1,0644 413  3 61420,34375 1
47,21 473 844 247,49 380,0 52,31 25,14 5,01 1,0772 413  3 60894,386719 1
47,21 455 850 241,86 385,05 51,59 25,14 5,01 1,0835 413  3 60807,601562 1
36,02 73 502 335,05 715,57 77,38 25,14 5,01 0,0266 400  1 72913,703125 1
36,04 82 518 331,21 695,28 76,27 25,14 5,01 0,0372 400  1 72789,3125 1
36,02 184 684 305,68 614,27 65,09 25,14 5,01 0,1072 400  1 70855,242187 1
37,09 286 790 294,91 573,48 58,93 25,14 5,01 0,1867 401  1 69697,796875 1
40,2 365 823 282,6 534,32 54,98 25,14 5,01 0,2664 402  2 68854,226562 1
41,35 464 855 273,01 499,69 51,92 25,14 5,01 0,349 405  2 68139,476562 1
42,35 475 859 270,07 468,41 50,67 25,14 5,01 0,4194 407  2 67121,132812 1
43,23 481 860 267,16 453,74 50,47 25,14 5,01 0,4855 408  2 66805,84375 1
43,99 456 853 268,25 444,62 51,35 25,14 5,01 0,6069 410  2 65928,40625 1
44,57 526 874 264,37 437,75 49,04 25,14 5,01 0,6624 411  2 65523,417969 1
45,09 526 874 259,14 426,78 49,02 25,14 5,01 0,7138 411  2 64925,183594 1
45,55 486 873 259,67 422,61 49,14 25,14 5,01 0,7609 411  2 64386,316406 1
46,09 504 867 255,06 408,55 49,72 25,14 5,01 0,8016 412  2 63760,898437 1
46,39 486 867 255,49 405,38 49,77 25,14 5,01 0,8362 412  2 63570,894531 1
46,55 479 860 251,54 394,68 50,54 25,14 5,01 0,8647 412  2 63288,011719 1
46,55 461 876 254,19 390,43 48,85 25,14 5,01 0,8958 412  3 63382,023437 1
46,73 492 864 250,78 389,51 50,13 25,14 5,01 0,9525 412  3 62408,582031 1
46,89 486 862 252,22 394,68 50,3 25,14 5,01 0,9759 412  3 62454,257812 1
46,93 479 860 248,83 388,59 50,54 25,14 5,01 0,9931 412  3 61865,636719 1
47,08 448 850 251,63 388,85 51,64 25,14 5,01 1,0108 412  3 61464,585937 1
47,1 443 860 250,86 386,09 50,54 25,14 5,01 1,0309 412  3 60937,871094 1
47,15 484 861 246,73 380,39 50,36 25,14 5,01 1,0452 412  3 61025,03125 1
47,12 458 853 245,32 380,0 51,28 25,14 5,01 1,0581 412  3 60937,871094 1
47,2 427 852 247,15 374,76 51,45 25,14 5,01 1,0702 412  3 60764,300781 1
35,84 78 511 335,27 720,18 76,78 25,14 5,01 0,0264 400  1 73415,546875 1
35,85 79 512 333,35 718,97 76,68 25,14 5,01 0,0346 400  1 72173,664062 1
36,29 190 681 314,18 646,7 65,31 25,14 5,01 0,0985 400  1 71210,015625 1
37,96 291 810 296,21 578,94 56,85 25,14 5,01 0,1806 401  1 70445,789062 1
39,53 439 832 284,42 536,86 53,8 25,14 5,01 0,2614 402  2 69133,132812 1
40,83 477 859 273,19 489,64 50,64 25,14 5,01 0,3382 405  2 68193,929687 1
41,84 484 863 271,44 466,67 50,25 25,14 5,01 0,4079 408  2 67599,679687 1
42,86 475 858 272,83 444,02 50,71 25,14 5,01 0,5407 412  2 67546,171875 1
43,6 481 860 269,34 450,07 50,48 25,14 5,01 0,5969 414  2 66493,507812 1
44,24 474 858 260,38 432,16 50,74 25,14 5,01 0,6491 415  2 66030,4375 1
44,83 472 857 264,64 427,79 50,81 25,14 5,01 0,7016 416  2 65024,128906 1
45,29 495 858 262,23 418,62 50,79 25,14 5,01 0,7471 416  2 64337,773437 1
46,0 540 878 257,92 410,76 48,62 25,14 5,01 0,7915 417  2 64532,390625 1
46,24 487 862 259,23 404,83 50,3 25,14 5,01 0,8316 417  2 63618,289062 1
46,46 530 875 254,54 397,77 48,92 25,14 5,01 0,8609 417  2 63194,273437 1
46,66 479 858 252,91 400,47 50,71 25,14 5,01 0,8871 417  3 63147,507812 1
46,77 514 870 253,25 393,48 49,44 25,14 5,01 0,9437 418  3 62914,722656 1
46,9 486 862 249,42 382,19 50,33 25,14 5,01 0,9732 418  3 62961,140625 1
46,99 475 859 252,56 387,27 50,69 25,14 5,01 0,9965 418  3 62090,710937 1
46,99 484 861 254,54 389,37 50,38 25,14 5,01 1,0167 418  3 61553,257812 1
47,12 463 855 249,93 387,67 50,84 25,14 5,01 1,0283 418  3 61332,054687 1
47,04 465 855 249,59 389,37 51,05 25,14 5,01 1,0436 418  3 61464,585937 1
47,15 446 849 243,33 378,59 51,71 25,14 5,01 1,0568 418  3 61068,703125 1
47,13 491 864 245,73 377,82 50,14 25,14 5,01 1,069 418  3 60505,789062 1
35,86 116 575 327,87 700,24 72,2 25,14 5,01 0,0361 400  1 72665,34375 1
35,87 110 566 331,21 686,16 72,83 25,14 5,01 0,0423 400  1 71809,257812 1
37,38 221 719 314,92 625,39 62,99 25,14 5,01 0,1038 400  1 70855,242187 1
38,98 325 810 293,12 578,75 56,83 25,14 5,01 0,1839 401  1 69754,765625 1
40,38 476 859 277,58 514,27 50,64 25,14 5,01 0,2651 402  2 68632,710937 1
41,53 462 854 275,14 488,48 51,14 25,14 5,01 0,3421 404  2 67922,523437 1
42,51 509 869 270,53 464,3 49,55 25,14 5,01 0,413 407  2 67226,890625 1
43,36 526 871 268,34 450,68 49,34 25,14 5,01 0,5476 411  2 66649,3125 1
43,36 536 877 270,07 434,8 48,72 25,14 5,01 0,6032 413  2 66132,78125 1
44,02 553 882 261,35 427,21 48,23 25,14 5,01 0,6593 414  2 65024,128906 1
44,66 517 871 263,39 416,36 49,32 25,14 5,01 0,7072 415  2 64630,144531 1
45,56 488 863 263,66 415,24 50,23 25,14 5,01 0,7503 415  2 64048,035156 1
45,93 511 869 256,09 402,37 49,5 25,14 5,01 0,7963 416  2 63760,898437 1
46,15 505 868 257,83 400,47 49,7 25,14 5,01 0,8389 416  2 63382,023437 1
46,43 532 876 253,85 388,32 48,84 25,14 5,01 0,8703 416  2 62868,371094 1
46,63 519 872 256,18 389,64 49,25 25,14 5,01 0,9296 416  3 62500,0 1
46,72 521 869 252,39 386,36 49,59 25,14 5,01 0,9553 417  3 62545,808594 1
46,87 536 868 249,34 386,62 49,7 25,14 5,01 0,9801 417  3 62000,484375 1
46,97 506 868 248,16 384,92 49,65 25,14 5,01 0,998 417  3 61420,34375 1
47,1 510 869 251,88 383,23 49,52 25,14 5,01 1,0189 417  3 61686,746094 1
47,15 524 867 247,91 383,1 49,72 25,14 5,01 1,0376 417  3 61025,03125 1
47,17 501 867 247,4 383,1 49,81 25,14 5,01 1,0516 417  3 61112,4375 1
47,17 476 859 250,35 373,88 50,66 25,14 5,01 1,0613 417  3 60505,789062 1
47,17 489 863 245,9 373,25 50,21 25,14 5,01 1,0776 417  3 60037,523437 1
35,85 116 576 333,35 708,58 72,12 25,14 5,01 0,0316 400  1 73038,515625 1
35,84 107 562 332,11 705,23 73,11 25,14 5,01 0,0363 400  1 72357,265625 1
36,69 196 688 316,85 637,36 64,81 25,14 5,01 0,0959 400  1 71329,0625 1
38,41 404 844 285,87 535,04 52,38 25,14 5,01 0,1721 401  1 69926,25 1
39,88 478 859 285,1 504,62 50,59 25,14 5,01 0,2517 402  2 68909,828125 1
41,16 513 870 280,5 478,5 49,44 25,14 5,01 0,3336 404  2 68357,8125 1
42,22 536 877 268,07 456,05 48,72 25,14 5,01 0,4713 410  2 67386,15625 1
43,1 556 883 269,79 453,74 48,13 25,14 5,01 0,5305 411  2 67068,375 1
43,79 541 873 271,26 443,42 49,14 25,14 5,01 0,5897 413  2 65523,417969 1
44,38 548 881 264,01 429,53 48,36 25,14 5,01 0,6466 414  2 65024,128906 1
45,36 530 875 262,94 425,91 48,92 25,14 5,01 0,6952 414  2 64777,328125 1
45,74 560 889 264,73 414,25 47,58 25,14 5,01 0,7417 415  2 64434,9375 1
45,74 551 880 255,83 392,68 48,43 25,14 5,01 0,7837 415  2 63952,035156 1
46,07 543 879 257,05 399,25 48,52 25,14 5,01 0,8212 416  2 63054,1875 1
46,31 577 889 254,28 390,43 47,55 25,14 5,01 0,8883 416  3 63007,628906 1
46,52 538 878 257,75 393,35 48,66 25,14 5,01 0,9112 416  3 62775,871094 1
46,67 519 872 250,78 381,16 49,25 25,14 5,01 0,9339 416  3 62362,972656 1
46,81 517 871 252,73 385,83 48,66 25,14 5,01 0,9579 417  3 62000,484375 1
46,98 531 862 258,18 385,05 50,3 25,14 5,01 0,9777 417  3 62000,484375 1
46,99 504 867 255,14 392,55 49,72 25,14 5,01 0,9985 417  3 61156,234375 1
47,09 512 870 249,93 382,32 49,45 25,14 5,01 1,0158 417  3 61288,003906 1
47,1 478 866 247,91 381,81 49,87 25,14 5,01 1,0296 417  3 61112,4375 1
47,13 486 862 255,66 371,73 50,3 25,14 5,01 1,0409 417  3 60937,871094 1
47,12 493 864 246,48 374,26 50,08 25,14 5,01 1,0632 417  3 60721,0625 1
35,81 96 557 332,67 715,33 73,45 25,14 5,01 0,0303 400  1 73289,4375 1
35,86 90 533 333,35 708,58 75,14 25,14 5,01 0,0328 400  1 72295,960937 1
36,17 330 688 315,99 644,3 64,85 25,14 5,01 0,086 400  1 71568,351562 1
37,81 424 838 284,04 533,42 53,01 25,14 5,01 0,1666 400  1 70041,039062 1
39,43 486 862 285,1 508,21 50,3 25,14 5,01 0,2517 402  2 69357,898437 1
40,72 489 863 273,84 485,02 50,19 25,14 5,01 0,4004 407  2 68139,476562 1
41,84 520 872 273,38 471,11 49,22 25,14 5,01 0,4725 409  2 67814,570312 1
42,75 548 881 268,61 453,43 48,36 25,14 5,01 0,5402 411  2 66910,609375 1
43,6 570 880 273,38 444,17 48,44 25,14 5,01 0,5978 412  2 65979,382812 1
44,21 582 891 261,08 431,13 47,4 25,14 5,01 0,6503 413  2 65123,378906 1
45,21 557 883 264,01 418,76 48,1 25,14 5,01 0,7039 414  2 64728,191406 1
45,65 526 874 260,11 400,74 49,02 25,14 5,01 0,7536 415  2 64434,9375 1
45,91 555 881 254,97 402,78 48,29 25,14 5,01 0,796 415  2 63904,144531 1
46,26 543 879 254,54 398,58 48,51 25,14 5,01 0,8335 415  2 63904,144531 1
46,47 555 883 252,31 393,48 48,16 25,14 5,01 0,8935 416  3 63194,273437 1
46,58 540 878 254,28 394,28 48,62 25,14 5,01 0,9222 416  3 62775,871094 1
46,74 518 872 252,73 382,84 49,27 25,14 5,01 0,9465 416  3 62181,199219 1
46,74 517 871 259,94 384,4 48,75 25,14 5,01 0,9797 416  3 61910,519531 1
46,93 488 869 249,17 381,29 49,54 25,14 5,01 0,9954 416  3 61955,46875 1
47,01 502 867 249,34 377,44 49,79 25,14 5,01 1,0128 416  3 61464,585937 1
47,05 497 865 249,59 380,0 49,94 25,14 5,01 1,0294 416  3 61200,09375 1
47,1 491 864 250,78 367,85 50,13 25,14 5,01 1,0418 416  3 61025,03125 1
47,08 488 860 248,33 383,36 50,55 25,14 5,01 1,066 416  3 60981,417969 1
47,11 475 859 247,32 372,99 50,67 25,14 5,01 1,0761 416  3 60377,359375 1
35,75 76 534 333,46 700,24 75,04 25,14 5,01 0,0295 400  1 73605,523437 1
35,85 86 525 334,48 712,67 75,73 25,14 5,01 0,0316 400  1 72665,34375 1
37,12 318 807 294,91 591,22 57,2 25,14 5,01 0,0804 400  1 71329,0625 1
38,8 382 829 289,96 545,1 54,22 25,14 5,01 0,1603 400  1 70098,578125 1
40,18 459 846 284,04 510,11 52,08 25,14 5,01 0,2411 402  2 69357,898437 1
41,37 498 866 279,18 495,98 49,91 25,14 5,01 0,3974 407  2 68467,507812 1
41,37 541 879 272,18 466,35 48,57 25,14 5,01 0,4704 409  2 67814,570312 1
42,4 513 870 273,56 458,21 49,44 25,14 5,01 0,5362 411  2 66441,734375 1
43,23 573 888 264,1 441,62 47,66 25,14 5,01 0,5935 412  2 65877,507812 1
44,53 518 882 263,75 433,77 48,26 25,14 5,01 0,6494 413  2 65473,144531 1
45,01 533 876 259,94 414,53 48,84 25,14 5,01 0,7 414  2 64728,191406 1
45,47 529 875 261,61 403,87 48,95 25,14 5,01 0,7483 414  2 64974,621094 1
45,78 530 875 262,5 405,93 48,92 25,14 5,01 0,7895 415  2 64240,902344 1
46,12 523 881 258,18 405,38 48,36 25,14 5,01 0,8583 415  2 63760,898437 1
46,29 547 880 254,71 394,95 48,41 25,14 5,01 0,8916 415  3 63334,984375 1
46,5 519 872 253,85 395,22 49,25 25,14 5,01 0,9161 416  3 63054,1875 1
46,71 528 874 250,01 392,15 48,99 25,14 5,01 0,9443 416  3 62181,199219 1
46,86 497 865 254,11 387,93 49,96 25,14 5,01 0,9651 416  3 62454,257812 1
46,91 511 863 251,03 378,85 50,16 25,14 5,01 0,9856 416  3 61776,0625 1
47,03 516 871 256,27 384,4 49,34 25,14 5,01 1,0054 416  3 61820,816406 1
47,03 496 865 248,49 378,85 49,99 25,14 5,01 1,0199 416  3 61420,34375 1
47,03 500 866 254,28 375,53 49,86 25,14 5,01 1,0515 416  3 61376,167969 1
47,04 482 864 246,07 371,48 50,13 25,14 5,01 1,0622 416  3 60721,0625 1
47,04 466 856 246,98 370,73 51,0 25,14 5,01 1,0688 416  3 60937,871094 1
35,62 84 521 338,12 719,21 76,03 25,14 5,01 0,0281 400  1 73415,546875 1
35,59 170 654 320,41 653,74 66,95 25,14 5,01 0,0289 400  1 73226,546875 1
36,35 276 780 297,42 582,68 59,49 25,14 5,01 0,0671 400  1 71628,429687 1
38,06 364 823 291,64 541,79 55,03 25,14 5,01 0,1497 400  1 70387,679687 1
39,58 448 850 285,58 518,29 51,64 25,14 5,01 0,3122 403  2 69245,335937 1
40,82 470 857 274,86 480,45 50,84 25,14 5,01 0,3867 406  2 68577,554687 1
41,92 517 878 271,17 470,47 48,62 25,14 5,01 0,4572 409  2 67173,96875 1
42,78 473 858 273,38 451,29 50,74 25,14 5,01 0,5197 410  2 66649,3125 1
44,18 530 875 265,72 439,08 48,92 25,14 5,01 0,5781 412  2 65979,382812 1
44,73 567 885 267,52 436,71 47,94 25,14 5,01 0,6375 413  2 65422,949219 1
44,73 557 883 258,97 412,99 48,13 25,14 5,01 0,6844 413  2 64826,539062 1
45,24 539 878 258,44 404,69 48,64 25,14 5,01 0,7297 414  2 64483,628906 1
45,56 522 873 260,38 408,55 49,17 25,14 5,01 0,8122 415  2 64144,324219 1
45,88 540 878 250,61 399,93 48,62 25,14 5,01 0,8488 415  2 63952,035156 1
46,13 534 876 256,96 396,69 48,8 25,14 5,01 0,8771 415  2 63334,984375 1
46,33 569 866 257,31 391,89 49,92 25,14 5,01 0,9074 415  3 62500,0 1
46,67 504 867 250,52 387,53 49,72 25,14 5,01 0,929 415  3 62822,085937 1
46,71 527 874 250,27 382,84 49,02 25,14 5,01 0,9531 415  3 61955,46875 1
46,79 491 865 253,08 384,92 50,02 25,14 5,01 0,9761 415  3 61731,371094 1
46,88 487 862 249,42 378,59 50,3 25,14 5,01 0,992 415  3 61820,816406 1
46,91 484 861 249,51 378,33 50,4 25,14 5,01 1,0082 415  3 61508,890625 1
46,94 484 861 244,24 374,38 50,38 25,14 5,01 1,0318 415  3 61376,167969 1
46,94 478 859 246,73 373,12 50,59 25,14 5,01 1,044 415  3 61025,03125 1
46,97 478 874 247,91 373,25 49,04 25,14 5,01 1,0586 415  3 60764,300781 1
35,58 99 566 329,65 708,1 72,79 25,14 5,01 0,0308 400  1 73289,4375 1
35,53 147 679 313,44 638,87 65,38 25,14 5,01 0,0306 400  1 72851,453125 1
35,81 308 804 294,31 583,67 57,72 25,14 5,01 0,0637 400  1 71809,257812 1
37,36 389 831 289,77 544,36 53,93 25,14 5,01 0,2217 401  2 70387,679687 1
38,98 442 848 283,37 513,05 51,85 25,14 5,01 0,2975 403  2 69868,992187 1
40,31 494 864 274,68 483,38 50,06 25,14 5,01 0,3711 406  2 67814,570312 1
41,53 498 866 270,07 458,21 49,4 25,14 5,01 0,4438 408  2 67068,375 1
43,27 522 874 271,17 449,0 49,07 25,14 5,01 0,5096 410  2 66545,359375 1
43,91 545 880 265,36 449,31 48,47 25,14 5,01 0,5741 411  2 65928,40625 1
44,48 549 881 258,79 420,61 48,36 25,14 5,01 0,6267 412  2 65422,949219 1
44,98 549 874 261,88 425,34 49,02 25,14 5,01 0,6751 412  2 64728,191406 1
45,43 533 876 256,35 407,72 48,82 25,14 5,01 0,7207 413  2 64875,824219 1
45,67 535 877 259,32 403,46 48,77 25,14 5,01 0,8064 413  2 64434,9375 1
46,0 541 879 252,65 402,92 48,59 25,14 5,01 0,8418 414  2 63570,894531 1
46,2 552 882 258,01 389,37 48,26 25,14 5,01 0,8784 414  2 63147,507812 1
46,2 542 867 256,79 387,4 49,79 25,14 5,01 0,9084 414  3 62822,085937 1
46,56 557 883 250,69 386,36 48,13 25,14 5,01 0,9329 414  3 62545,808594 1
46,62 518 871 253,85 382,06 49,3 25,14 5,01 0,9585 414  3 62045,566406 1
46,69 569 887 248,24 375,4 47,79 25,14 5,01 0,981 414  3 61686,746094 1
46,79 524 867 251,63 376,8 49,75 25,14 5,01 0,9971 414  3 61865,636719 1
46,83 527 874 250,27 377,18 49,02 25,14 5,01 1,0224 414  3 61553,257812 1
46,86 510 869 246,07 372,24 49,54 25,14 5,01 1,0345 414  3 60981,417969 1
46,92 517 871 243,33 372,11 49,34 25,14 5,01 1,0481 414  3 60548,722656 1
46,9 484 861 249,17 373,75 50,4 25,14 5,01 1,0586 414  3 60937,871094 1
35,46 123 586 339,96 692,22 71,39 25,14 5,01 0,0343 400  1 73101,085937 1
35,47 168 662 321,71 633,7 66,47 25,14 5,01 0,0332 400  1 73101,085937 1
36,63 317 807 294,51 570,97 57,28 25,14 5,01 0,0638 400  1 71508,382812 1
38,4 437 847 285,97 531,25 52,03 25,14 5,01 0,2233 401  2 70271,757812 1
38,4 497 865 281,55 500,87 49,94 25,14 5,01 0,3029 403  2 69077,171875 1
39,82 534 876 274,31 477,21 48,79 25,14 5,01 0,379 406  2 67706,953125 1
41,11 512 870 275,61 455,43 49,14 25,14 5,01 0,4482 408  2 66753,585937 1
42,98 550 874 270,98 446,13 49,07 25,14 5,01 0,5148 409  2 66597,296875 1
43,58 565 886 262,23 418,91 47,89 25,14 5,01 0,5728 411  2 65624,195312 1
44,25 555 883 261,61 416,5 48,16 25,14 5,01 0,6278 411  2 65523,417969 1
44,73 568 886 264,1 405,38 47,81 25,14 5,01 0,6861 412  2 64728,191406 1
45,17 576 887 256,18 394,68 47,76 25,14 5,01 0,7798 413  2 64144,324219 1
45,55 556 883 254,37 392,55 48,13 25,14 5,01 0,8245 413  2 63856,324219 1
45,84 539 878 251,54 389,77 48,64 25,14 5,01 0,8604 413  2 62961,140625 1
46,09 549 881 252,31 389,77 48,36 25,14 5,01 0,8913 414  3 62914,722656 1
46,43 536 877 249,67 384,14 48,72 25,14 5,01 0,9175 414  3 62729,722656 1
46,61 552 877 248,75 376,54 48,74 25,14 5,01 0,9394 414  3 62454,257812 1
46,67 523 873 249,51 380,13 49,14 25,14 5,01 0,9663 414  3 62181,199219 1
46,67 572 888 249,76 371,73 47,69 25,14 5,01 0,986 414  3 61910,519531 1
46,73 530 875 248,83 375,02 48,92 25,14 5,01 1,0175 414  3 61420,34375 1
46,83 556 871 248,91 372,99 49,34 25,14 5,01 1,0285 414  3 61200,09375 1
46,88 505 868 249,84 373,37 49,69 25,14 5,01 1,0449 414  3 60937,871094 1
46,9 485 862 247,91 371,61 50,33 25,14 5,01 1,0536 414  3 60334,667969 1
46,82 530 875 249,84 373,88 48,92 25,14 5,01 1,066 414  3 60420,109375 1
35,45 100 549 336,18 688,95 74,0 25,14 5,01 0,0316 400  1 73289,4375 1
35,4 144 618 320,3 666,25 69,25 25,14 5,01 0,0301 400  1 73163,757812 1
35,98 281 784 302,9 592,22 59,21 25,14 5,01 0,1304 400  1 71688,601562 1
37,72 398 834 286,35 536,49 53,6 25,14 5,01 0,2152 401  1 70329,671875 1
39,31 484 861 278,05 498,84 50,36 25,14 5,01 0,294 403  2 68577,554687 1
40,59 505 868 275,89 476,88 49,69 25,14 5,01 0,3684 406  2 67814,570312 1
42,6 528 874 274,59 466,35 48,99 25,14 5,01 0,4411 408  2 67068,375 1
43,42 590 886 270,62 449,46 47,9 25,14 5,01 0,5069 409  2 66441,734375 1
43,42 546 880 264,1 424,33 48,43 25,14 5,01 0,5667 410  2 66132,78125 1
44,04 563 885 257,83 422,18 47,95 25,14 5,01 0,6226 411  2 65372,828125 1
44,57 587 892 260,99 408,27 47,28 25,14 5,01 0,725 412  2 65173,117187 1
45,03 596 888 255,83 394,15 47,61 25,14 5,01 0,7693 413  2 64337,773437 1
45,41 567 886 259,14 400,74 47,84 25,14 5,01 0,8088 413  2 63952,035156 1
45,74 575 888 253,76 395,89 47,61 25,14 5,01 0,8431 413  2 63382,023437 1
45,98 581 890 255,92 389,51 47,44 25,14 5,01 0,873 413  2 63007,628906 1
46,41 598 895 257,05 386,88 46,97 25,14 5,01 0,8985 413  3 62914,722656 1
46,52 547 880 248,49 370,23 48,39 25,14 5,01 0,9272 413  3 62181,199219 1
46,63 546 880 246,65 381,03 48,43 25,14 5,01 0,953 414  3 61955,46875 1
46,7 540 878 249,51 377,18 48,62 25,14 5,01 0,9768 414  3 62181,199219 1
46,77 509 869 250,86 375,53 49,55 25,14 5,01 1,0158 414  3 61288,003906 1
46,82 534 864 248,58 373,37 50,08 25,14 5,01 1,032 414  3 61420,34375 1
46,81 547 880 247,49 371,1 48,41 25,14 5,01 1,0406 414  3 60937,871094 1
46,88 544 879 245,73 371,48 48,49 25,14 5,01 1,0486 414  3 60591,714844 1
46,83 512 870 247,49 377,18 49,45 25,14 5,01 1,0567 414  3 60334,667969 1
35,31 72 501 335,27 706,19 77,51 25,14 5,01 0,028 400  1 73415,546875 1
35,31 112 569 322,37 682,22 72,64 25,14 5,01 0,0269 400  1 73478,757812 1
35,45 248 786 294,91 587,03 59,15 25,14 5,01 0,1204 400  1 72112,679687 1
37,01 371 825 292,13 542,52 54,7 25,14 5,01 0,2011 401  1 70737,773437 1
38,66 449 850 279,46 508,73 51,59 25,14 5,01 0,2843 403  2 69189,1875 1
40,05 478 860 276,26 489,48 50,57 25,14 5,01 0,3694 405  2 68030,828125 1
42,23 500 866 273,84 468,88 49,86 25,14 5,01 0,4383 407  2 67332,984375 1
43,0 537 877 269,07 441,02 48,7 25,14 5,01 0,5035 409  2 67173,96875 1
43,74 543 879 263,39 425,77 48,52 25,14 5,01 0,5656 410  2 66030,4375 1
44,29 546 880 256,96 423,18 48,44 25,14 5,01 0,6176 411  2 65928,40625 1
44,77 549 881 258,36 413,97 48,36 25,14 5,01 0,7168 412  2 64925,183594 1
45,18 549 881 256,79 409,51 48,36 25,14 5,01 0,765 412  2 64777,328125 1
45,51 517 881 256,79 400,74 48,29 25,14 5,01 0,8052 413  2 63618,289062 1
45,51 563 885 252,91 396,15 47,95 25,14 5,01 0,8374 413  2 63760,898437 1
46,02 543 879 252,99 393,88 48,52 25,14 5,01 0,8704 413  2 63288,011719 1
46,24 548 884 256,35 385,57 48,03 25,14 5,01 0,8979 413  3 62961,140625 1
46,36 530 875 248,83 383,62 48,92 25,14 5,01 0,9237 413  3 62591,6875 1
46,5 539 878 252,73 382,71 48,66 25,14 5,01 0,9481 413  3 62408,582031 1
46,6 531 876 247,49 377,82 48,89 25,14 5,01 0,9968 413  3 62181,199219 1
46,69 508 869 250,78 374,76 49,6 25,14 5,01 1,0149 413  3 62000,484375 1
46,71 511 860 248,33 382,97 50,55 25,14 5,01 1,0325 413  3 61508,890625 1
46,78 530 875 247,91 374,38 48,92 25,14 5,01 1,0405 413  3 61420,34375 1
46,8 510 869 241,61 370,6 49,54 25,14 5,01 1,0528 413  3 61025,03125 1
46,79 492 864 245,4 374,13 50,13 25,14 5,01 1,0633 413  3 60249,46875 1
35,08 77 510 339,84 711,95 76,86 25,14 5,01 0,0263 400  1 74116,96875 1
35,02 93 537 322,91 685,93 74,86 25,14 5,01 0,0383 400  1 73796,484375 1
35,02 224 722 307,55 611,37 62,8 25,14 5,01 0,1119 400  1 72603,515625 1
36,16 344 814 293,52 555,15 56,22 25,14 5,01 0,1975 401  1 70387,679687 1
37,82 419 841 276,36 520,57 52,74 25,14 5,01 0,2745 403  2 69640,914062 1
40,67 483 861 270,53 491,47 50,42 25,14 5,01 0,351 405  2 68909,828125 1
41,7 510 872 275,98 481,26 49,27 25,14 5,01 0,4211 407  2 67546,171875 1
42,59 526 869 262,85 441,47 49,57 25,14 5,01 0,4892 409  2 67492,75 1
43,33 531 876 262,77 435,83 48,89 25,14 5,01 0,5565 410  2 66858,1875 1
44,03 569 887 256,09 419,19 47,79 25,14 5,01 0,6736 411  2 66081,570312 1
44,52 548 881 258,18 417,49 48,39 25,14 5,01 0,7201 412  2 65826,6875 1
44,95 513 870 260,11 409,51 49,47 25,14 5,01 0,765 412  2 64240,902344 1
45,29 502 867 252,39 405,38 49,81 25,14 5,01 0,8073 412  2 64096,144531 1
45,87 527 865 251,03 401,42 49,99 25,14 5,01 0,8431 412  2 63808,574219 1
46,1 510 869 255,06 400,2 49,54 25,14 5,01 0,8787 412  2 63476,320312 1
46,26 564 885 247,49 383,1 47,94 25,14 5,01 0,9063 413  3 63476,320312 1
46,42 500 874 256,44 382,45 49,02 25,14 5,01 0,9316 413  3 62914,722656 1
46,42 482 861 251,03 382,71 50,45 25,14 5,01 0,9564 413  3 62822,085937 1
46,52 507 868 250,61 376,8 49,64 25,14 5,01 0,996 413  3 62408,582031 1
46,54 490 863 248,66 380,13 50,21 25,14 5,01 1,0114 413  3 62362,972656 1
46,65 514 870 241,94 377,44 49,44 25,14 5,01 1,0302 413  3 61686,746094 1
46,68 507 860 243,58 373,12 50,48 25,14 5,01 1,0451 413  3 61464,585937 1
46,73 483 861 243,99 374,89 50,43 25,14 5,01 1,0572 413  3 61288,003906 1
46,74 488 862 244,66 373,5 50,26 25,14 5,01 1,0765 413  3 61288,003906 1
34,91 90 533 333,58 693,4 75,21 25,14 5,01 0,0334 400  1 73732,71875 1
34,91 107 561 321,17 661,98 73,21 25,14 5,01 0,0465 400  1 73924,34375 1
35,36 224 722 304,44 596,04 62,84 25,14 5,01 0,1177 400  1 72541,796875 1
37,07 345 817 289,57 533,42 55,9 25,14 5,01 0,1982 401  1 70271,757812 1
38,82 418 841 281,36 505,98 52,79 25,14 5,01 0,2761 402  2 69697,796875 1
41,23 468 856 274,49 483,22 50,96 25,14 5,01 0,3505 405  2 68687,953125 1
42,22 484 861 275,7 452,36 50,42 25,14 5,01 0,4242 407  2 68139,476562 1
42,22 520 879 263,84 437,01 48,61 25,14 5,01 0,4945 408  2 67492,75 1
43,03 508 869 263,66 422,75 49,62 25,14 5,01 0,554 409  2 66753,585937 1
43,71 532 876 260,11 421,47 48,89 25,14 5,01 0,6607 411  2 65928,40625 1
44,23 498 865 257,48 407,99 49,96 25,14 5,01 0,7087 411  2 65222,929687 1
44,74 514 870 261,61 407,44 49,44 25,14 5,01 0,7565 411  2 64630,144531 1
45,11 511 869 257,57 398,71 49,1 25,14 5,01 0,7933 412  2 64144,324219 1
45,73 561 881 253,25 395,89 48,36 25,14 5,01 0,8298 412  2 64144,324219 1
45,96 520 872 256,09 387,93 49,25 25,14 5,01 0,8672 412  2 63760,898437 1
46,18 523 873 249,08 385,57 49,17 25,14 5,01 0,9004 412  3 62961,140625 1
46,34 516 864 250,78 380,9 50,06 25,14 5,01 0,9262 412  3 62868,371094 1
46,41 537 868 251,71 381,55 49,72 25,14 5,01 0,969 412  3 62914,722656 1
46,61 498 865 248,75 381,16 49,96 25,14 5,01 0,9874 412  3 62090,710937 1
46,6 495 864 250,27 376,8 50,06 25,14 5,01 1,0095 412  3 62135,921875 1
46,65 476 859 248,16 379,62 50,69 25,14 5,01 1,025 412  3 61642,1875 1
46,7 516 871 245,9 373,75 49,37 25,14 5,01 1,037 412  3 61731,371094 1
46,7 506 859 240,55 371,61 50,66 25,14 5,01 1,052 412  3 60807,601562 1
46,7 498 865 243,83 363,28 49,96 25,14 5,01 1,0637 412  3 60807,601562 1
34,91 86 526 334,37 696,45 75,73 25,14 5,01 0,0292 400  1 73924,34375 1
34,93 85 523 322,8 679,92 75,93 25,14 5,01 0,0385 400  1 73796,484375 1
35,01 192 683 307,45 605,6 65,18 25,14 5,01 0,108 400  1 72112,679687 1
36,43 312 805 288,49 551,41 57,55 25,14 5,01 0,1888 401  1 70796,460937 1
39,69 389 838 285,39 510,46 53,11 25,14 5,01 0,2732 402  2 69868,992187 1
40,87 459 854 276,73 474,31 51,28 25,14 5,01 0,3531 405  2 69077,171875 1
41,86 522 873 266,53 455,28 49,19 25,14 5,01 0,4203 408  2 68085,109375 1
42,76 498 866 267,52 442,52 49,96 25,14 5,01 0,488 411  2 67173,96875 1
43,49 530 878 262,32 428,95 48,67 25,14 5,01 0,6106 414  2 67226,890625 1
44,1 522 873 259,14 417,35 49,2 25,14 5,01 0,6629 415  2 66390,039062 1
44,58 562 885 260,38 412,02 48,02 25,14 5,01 0,711 416  2 65422,949219 1
44,58 540 878 259,67 408,96 48,66 25,14 5,01 0,7574 417  2 64679,132812 1
45,37 511 869 258,18 402,64 49,55 25,14 5,01 0,7952 417  2 64289,300781 1
45,64 513 869 254,62 397,5 49,55 25,14 5,01 0,8283 418  2 64048,035156 1
45,92 513 870 250,1 383,62 49,49 25,14 5,01 0,8603 418  2 63382,023437 1
46,13 492 864 250,01 383,36 50,14 25,14 5,01 0,891 418  3 63523,574219 1
46,28 541 878 252,31 381,81 48,62 25,14 5,01 0,9427 418  3 63288,011719 1
46,38 515 871 251,71 384,79 49,34 25,14 5,01 0,9671 418  3 62775,871094 1
46,53 494 864 246,98 371,23 50,08 25,14 5,01 0,9916 418  3 62226,542969 1
46,52 487 862 248,49 378,08 50,33 25,14 5,01 1,0056 418  3 61776,0625 1
46,69 486 862 244,74 372,11 50,36 25,14 5,01 1,0244 418  3 61642,1875 1
46,67 473 858 244,74 372,36 50,79 25,14 5,01 1,0371 418  3 61464,585937 1
46,77 483 861 249,08 373,25 50,45 25,14 5,01 1,0496 419  3 61156,234375 1
46,76 465 855 242,76 376,54 51,07 25,14 5,01 1,0601 419  3 61112,4375 1
35,0 85 478 336,41 708,58 79,29 25,14 5,02 0,0259 400  1 74375,359375 1
34,93 75 505 326,54 703,56 77,31 25,14 5,02 0,0318 400  1 73605,523437 1
35,03 202 695 303,72 609,1 64,46 25,14 5,02 0,0972 400  1 72112,679687 1
37,61 306 803 294,41 561,01 57,9 25,14 5,02 0,1732 401  1 71210,015625 1
39,24 415 832 278,05 524,64 53,87 25,14 5,02 0,2552 402  2 69754,765625 1
40,47 494 864 272,92 477,05 50,09 25,14 5,02 0,3349 404  2 68909,828125 1
41,59 493 864 273,19 457,13 50,14 25,14 5,02 0,4043 408  2 68467,507812 1
42,49 495 865 267,43 445,97 50,06 25,14 5,02 0,5293 412  2 67439,40625 1
43,27 537 877 262,59 438,79 48,75 25,14 5,02 0,5876 414  2 66910,609375 1
43,91 508 880 257,83 423,04 48,46 25,14 5,02 0,649 415  2 66030,4375 1
44,44 482 861 256,27 415,24 50,5 25,14 5,02 0,6926 415  2 65826,6875 1
45,24 540 878 261,61 410,07 48,67 25,14 5,02 0,7398 416  2 65024,128906 1
45,59 538 877 255,31 403,19 48,74 25,14 5,02 0,7814 416  2 64532,390625 1
45,85 486 862 253,51 392,42 50,33 25,14 5,02 0,8203 417  2 64240,902344 1
46,04 536 877 249,59 387,67 48,79 25,14 5,02 0,8586 417  2 63523,574219 1
46,04 504 867 252,73 388,45 49,77 25,14 5,02 0,8888 417  3 63713,289062 1
46,28 482 861 252,99 388,19 50,5 25,14 5,02 0,9525 417  3 63241,105469 1
46,39 480 860 248,07 383,88 50,57 25,14 5,02 0,9713 418  3 62914,722656 1
46,52 508 867 242,27 380,39 49,77 25,14 5,02 0,9895 418  3 62545,808594 1
46,56 466 856 250,27 378,85 51,03 25,14 5,02 1,0105 418  3 62362,972656 1
46,7 462 854 244,66 371,61 51,19 25,14 5,02 1,0273 418  3 61820,816406 1
46,7 476 859 249,17 373,37 50,71 25,14 5,02 1,0425 418  3 62000,484375 1
46,65 486 858 248,58 377,44 50,79 25,14 5,02 1,0497 418  3 61731,371094 1
46,72 454 852 241,61 373,75 51,48 25,14 5,02 1,0626 418  3 61288,003906 1
35,08 73 488 336,98 723,61 78,6 25,14 5,02 0,0263 400  1 74052,648437 1
35,02 79 512 333,69 706,19 76,78 25,14 5,02 0,033 400  1 73542,085937 1
35,32 196 688 306,62 633,7 64,94 25,14 5,02 0,0939 400  1 72051,789062 1
38,77 294 798 288,49 561,2 58,55 25,14 5,02 0,1723 401  1 71210,015625 1
40,11 427 851 273,94 496,48 51,55 25,14 5,02 0,2543 402  2 69640,914062 1
40,11 478 859 274,96 477,37 50,66 25,14 5,02 0,3316 404  2 68854,226562 1
41,26 507 868 267,25 460,08 49,7 25,14 5,02 0,4012 408  2 68412,617187 1
42,25 504 867 265,18 451,9 49,81 25,14 5,02 0,5292 412  2 67868,507812 1
43,06 510 869 261,08 434,65 49,6 25,14 5,02 0,585 413  2 67226,890625 1
43,7 509 873 257,83 426,92 49,24 25,14 5,02 0,641 414  2 65725,289062 1
44,28 495 865 254,8 416,64 50,08 25,14 5,02 0,6923 415  2 65473,144531 1
45,17 519 872 253,42 413,55 49,34 25,14 5,02 0,7337 416  2 65123,378906 1
45,49 478 860 255,31 401,55 50,64 25,14 5,02 0,7719 416  2 64434,9375 1
45,8 524 869 253,59 394,28 49,64 25,14 5,02 0,8094 416  2 64289,300781 1
46,04 507 868 247,99 389,51 49,7 25,14 5,02 0,8423 417  2 64240,902344 1
46,22 487 862 248,75 383,1 50,35 25,14 5,02 0,908 417  3 63570,894531 1
46,41 509 869 254,02 390,83 49,62 25,14 5,02 0,9325 417  3 63570,894531 1
46,51 500 866 247,07 383,88 49,94 25,14 5,02 0,9551 417  3 62729,722656 1
46,6 485 862 248,33 377,95 50,42 25,14 5,02 0,9827 417  3 62226,542969 1
46,65 488 862 245,32 383,88 50,38 25,14 5,02 1,0026 417  3 62317,429687 1
46,68 492 865 242,68 376,93 50,02 25,14 5,02 1,0179 417  3 61955,46875 1
46,73 505 868 247,57 375,02 49,77 25,14 5,02 1,0332 417  3 61642,1875 1
46,81 456 861 246,98 379,49 50,5 25,14 5,02 1,0467 417  3 61597,691406 1
46,81 477 859 246,98 372,99 50,67 25,14 5,02 1,068 417  3 61288,003906 1
35,13 67 490 329,98 719,45 78,44 25,14 5,02 0,0283 400  1 74181,398437 1
35,15 87 513 327,65 690,59 76,71 25,14 5,02 0,0322 400  1 73101,085937 1
36,45 182 670 307,97 633,48 66,07 25,14 5,02 0,0902 400  1 71628,429687 1
38,25 377 827 281,17 521,99 54,53 25,14 5,02 0,1712 401  1 70387,679687 1
39,7 427 844 282,89 508,73 52,49 25,14 5,02 0,2551 402  2 69983,59375 1
40,93 469 863 272,46 476,4 50,3 25,14 5,02 0,3304 404  2 68965,515625 1
41,94 500 866 267,97 463,52 49,92 25,14 5,02 0,4699 410  2 67922,523437 1
42,8 509 869 267,97 451,29 49,65 25,14 5,02 0,5328 412  2 67760,71875 1
43,46 538 877 258,27 437,45 48,77 25,14 5,02 0,5918 413  2 66441,734375 1
43,46 537 877 261,35 420,18 48,79 25,14 5,02 0,6449 414  2 65624,195312 1
44,62 516 862 263,39 407,03 50,38 25,14 5,02 0,693 415  2 65725,289062 1
45,06 541 859 257,48 413,41 50,69 25,14 5,02 0,7355 415  2 65024,128906 1
45,4 516 871 252,56 400,2 49,44 25,14 5,02 0,7778 416  2 64532,390625 1
45,68 504 867 255,75 397,23 49,81 25,14 5,02 0,8216 416  2 64048,035156 1
45,95 518 870 251,88 387,67 49,5 25,14 5,02 0,8813 417  3 63904,144531 1
46,15 496 865 247,24 390,56 50,06 25,14 5,02 0,9048 417  3 63523,574219 1
46,3 465 855 255,49 384,79 51,1 25,14 5,02 0,9361 417  3 63241,105469 1
46,41 503 867 245,32 380,9 49,86 25,14 5,02 0,9617 417  3 62683,644531 1
46,57 500 866 247,07 377,69 49,92 25,14 5,02 0,9841 417  3 62226,542969 1
46,64 480 851 251,88 382,06 51,55 25,14 5,02 1,0024 417  3 62181,199219 1
46,7 486 862 244,9 376,8 50,4 25,14 5,02 1,0192 417  3 61865,636719 1
46,74 452 851 248,16 374,38 51,57 25,14 5,02 1,0337 417  3 61508,890625 1
46,76 441 848 245,82 371,23 51,17 25,14 5,02 1,0477 417  3 61332,054687 1
46,7 462 860 245,15 373,75 50,55 25,14 5,02 1,076 417  3 61420,34375 1
35,18 67 491 329,65 693,4 78,41 25,14 5,02 0,0302 400  1 73988,4375 1
35,23 71 499 330,65 710,98 77,83 25,14 5,02 0,0327 400  1 72541,796875 1
35,9 289 634 308,28 620,54 68,34 25,14 5,02 0,0851 400  1 71930,320312 1
37,61 342 816 283,17 531,07 56,13 25,14 5,02 0,1683 400  1 70796,460937 1
39,18 453 852 280,22 510,11 51,55 25,14 5,02 0,248 402  2 69640,914062 1
40,49 468 856 273,29 474,95 49,96 25,14 5,02 0,3969 407  2 68909,828125 1
41,57 480 865 265,72 463,52 50,08 25,14 5,02 0,4645 409  2 67653,273437 1
42,48 507 868 264,28 452,36 49,74 25,14 5,02 0,5299 411  2 67599,679687 1
43,28 521 872 260,64 434,36 49,3 25,14 5,02 0,5839 412  2 66286,898437 1
43,92 559 884 256,61 431,42 48,16 25,14 5,02 0,6391 413  2 65979,382812 1
44,91 509 883 255,66 418,62 48,23 25,14 5,02 0,6891 414  2 65123,378906 1
45,28 534 876 254,28 405,65 48,89 25,14 5,02 0,7344 415  2 65024,128906 1
45,6 496 865 254,97 402,64 50,09 25,14 5,02 0,7771 415  2 64679,132812 1
45,6 515 871 254,02 392,68 49,47 25,14 5,02 0,8183 415  2 63760,898437 1
45,86 509 872 251,46 396,29 49,32 25,14 5,02 0,8878 416  3 63904,144531 1
46,02 523 873 249,51 385,05 49,22 25,14 5,02 0,9127 416  3 63194,273437 1
46,22 506 868 252,91 394,28 49,77 25,14 5,02 0,9357 416  3 63007,628906 1
46,34 512 870 244,82 385,31 49,55 25,14 5,02 0,9599 416  3 62271,953125 1
46,55 476 859 248,16 382,19 50,74 25,14 5,02 0,9751 416  3 62408,582031 1
46,63 502 860 245,9 369,22 50,64 25,14 5,02 0,9941 416  3 61820,816406 1
46,67 501 866 249,08 374,64 49,92 25,14 5,02 1,0119 416  3 61508,890625 1
46,71 494 864 245,9 375,53 50,14 25,14 5,02 1,0239 416  3 61420,34375 1
46,79 483 861 244,74 374,51 50,5 25,14 5,02 1,046 416  3 61553,257812 1
46,75 464 855 243,42 369,47 51,17 25,14 5,02 1,0543 416  3 61112,4375 1
35,32 73 501 328,09 721,89 77,65 25,14 5,02 0,0307 400  1 73860,359375 1
35,52 74 504 338,47 702,85 77,44 25,14 5,02 0,0326 400  1 73101,085937 1
37,07 282 785 289,57 570,77 59,29 25,14 5,02 0,08 400  1 71329,0625 1
37,07 387 830 282,6 526,42 54,15 25,14 5,02 0,1608 400  1 70796,460937 1
38,74 422 842 282,12 512,19 52,74 25,14 5,02 0,2402 402  2 69697,796875 1
40,13 496 865 269,98 481,43 50,09 25,14 5,02 0,396 407  2 68798,710937 1
41,26 487 867 268,34 461,01 49,91 25,14 5,02 0,4659 409  2 68085,109375 1
42,25 485 861 263,75 455,28 50,47 25,14 5,02 0,5279 411  2 66390,039062 1
43,04 564 885 260,11 437,31 48,03 25,14 5,02 0,5813 412  2 66338,429687 1
44,29 545 880 260,73 427,21 48,57 25,14 5,02 0,6345 413  2 65826,6875 1
44,81 543 866 260,9 422,04 49,94 25,14 5,02 0,6852 414  2 65272,820312 1
45,13 546 880 256,79 409,93 48,54 25,14 5,02 0,7276 414  2 64483,628906 1
45,56 531 876 256,09 405,1 48,99 25,14 5,02 0,7657 415  2 64144,324219 1
45,84 508 868 256,96 396,15 49,72 25,14 5,02 0,8388 415  2 63952,035156 1
46,0 526 874 255,14 389,64 49,15 25,14 5,02 0,8714 415  3 63952,035156 1
46,22 495 877 248,83 379,62 48,89 25,14 5,02 0,8993 415  3 62914,722656 1
46,37 533 876 251,03 389,51 48,92 25,14 5,02 0,9204 415  3 62775,871094 1
46,51 488 863 249,17 382,71 50,35 25,14 5,02 0,9459 416  3 62500,0 1
46,59 477 868 249,0 384,4 49,72 25,14 5,02 0,9669 416  3 62090,710937 1
46,7 472 860 244,99 372,99 50,64 25,14 5,02 0,9873 416  3 61910,519531 1
46,71 503 867 243,66 371,1 49,87 25,14 5,02 1,0057 416  3 61553,257812 1
46,77 475 858 249,0 377,57 50,81 25,14 5,02 1,0308 416  3 61508,890625 1
46,73 497 865 244,16 374,76 50,06 25,14 5,02 1,0421 416  3 61244,019531 1
46,74 441 848 246,07 369,22 52,01 25,14 5,02 1,0555 416  3 60807,601562 1
35,41 77 510 326,43 723,61 77,04 25,14 5,02 0,0329 400  1 73796,484375 1
35,38 135 505 329,98 699,52 77,41 25,14 5,02 0,0344 400  1 72603,515625 1
36,5 279 782 289,57 584,26 59,49 25,14 5,02 0,0808 400  1 71508,382812 1
38,2 360 822 283,37 520,75 55,31 25,14 5,02 0,159 400  1 70445,789062 1
39,68 434 846 279,46 502,06 52,27 25,14 5,02 0,3139 403  2 69697,796875 1
40,93 455 852 273,84 487,66 50,55 25,14 5,02 0,3834 406  2 68577,554687 1
41,96 524 881 265,9 461,17 48,49 25,14 5,02 0,4546 409  2 68139,476562 1
42,82 502 867 263,75 449,76 49,91 25,14 5,02 0,5173 410  2 67015,703125 1
42,82 512 870 263,75 433,77 49,6 25,14 5,02 0,5787 411  2 66545,359375 1
44,13 520 872 258,01 431,57 49,34 25,14 5,02 0,6322 412  2 65222,929687 1
44,69 526 874 258,18 411,6 49,15 25,14 5,02 0,6796 413  2 65222,929687 1
45,08 558 884 253,25 404,83 48,2 25,14 5,02 0,7247 414  2 64532,390625 1
45,43 532 876 258,53 404,56 48,99 25,14 5,02 0,7665 414  2 64434,9375 1
45,71 500 866 253,25 403,19 49,99 25,14 5,02 0,8412 414  2 64192,578125 1
45,92 557 864 252,05 385,05 50,18 25,14 5,02 0,8739 415  3 63856,324219 1
46,19 507 868 251,46 387,93 49,74 25,14 5,02 0,8996 415  3 62961,140625 1
46,34 495 865 251,03 390,7 50,14 25,14 5,02 0,9235 415  3 62545,808594 1
46,51 507 868 253,85 382,97 49,74 25,14 5,02 0,9463 415  3 62226,542969 1
46,64 490 863 243,75 373,37 50,3 25,14 5,02 0,9724 415  3 62226,542969 1
46,64 492 856 244,32 376,8 51,14 25,14 5,02 0,992 415  3 61731,371094 1
46,74 491 863 244,9 367,98 50,26 25,14 5,02 1,009 415  3 61420,34375 1
46,75 479 860 245,4 377,69 50,67 25,14 5,02 1,0334 415  3 61508,890625 1
46,75 484 861 241,61 372,61 50,5 25,14 5,02 1,0404 415  3 61200,09375 1
46,77 458 853 244,66 375,4 51,4 25,14 5,02 1,0518 415  3 60721,0625 1
35,4 65 487 326,54 717,02 78,76 25,14 5,02 0,0353 400  1 73478,757812 1
35,45 141 613 311,74 635,2 69,16 25,14 5,02 0,0357 400  1 72603,515625 1
35,99 301 801 291,83 566,16 58,25 25,14 5,02 0,0728 400  1 71388,734375 1
37,66 366 824 282,89 535,59 55,07 25,14 5,02 0,1511 400  1 70503,992187 1
39,26 418 840 281,36 505,81 52,92 25,14 5,02 0,3142 403  2 69811,835937 1
40,58 484 861 271,72 487,33 50,5 25,14 5,02 0,395 406  2 69245,335937 1
41,63 473 870 265,54 466,98 49,55 25,14 5,02 0,4634 408  2 67015,703125 1
42,56 501 866 263,66 445,67 49,96 25,14 5,02 0,5277 410  2 66545,359375 1
43,99 529 875 259,85 434,94 49,07 25,14 5,02 0,5866 411  2 66132,78125 1
44,5 516 871 262,23 429,82 49,47 25,14 5,02 0,6414 412  2 65523,417969 1
44,97 509 865 258,71 410,35 50,08 25,14 5,02 0,6937 413  2 65073,714844 1
44,97 548 881 253,42 409,1 48,51 25,14 5,02 0,7409 414  2 64679,132812 1
45,32 473 858 254,88 402,1 50,88 25,14 5,02 0,8217 414  2 64289,300781 1
45,59 497 865 250,95 394,28 50,09 25,14 5,02 0,8585 414  2 63952,035156 1
45,88 508 869 248,24 394,01 49,72 25,14 5,02 0,8888 415  3 63100,8125 1
46,13 524 873 252,91 392,82 49,24 25,14 5,02 0,9151 415  3 62637,632812 1
46,43 529 870 252,56 388,98 49,62 25,14 5,02 0,9447 415  3 62000,484375 1
46,5 511 876 248,66 384,79 48,95 25,14 5,02 0,9667 415  3 62271,953125 1
46,63 505 868 244,16 381,68 49,82 25,14 5,02 0,9869 415  3 62271,953125 1
46,69 501 867 246,65 369,98 50,33 25,14 5,02 1,0052 415  3 61597,691406 1
46,69 493 868 246,9 376,29 49,82 25,14 5,02 1,0307 415  3 61420,34375 1
46,77 467 856 249,08 374,26 51,1 25,14 5,02 1,0422 415  3 61244,019531 1
46,83 489 863 238,77 373,25 50,35 25,14 5,02 1,0546 415  3 60677,886719 1
46,77 486 862 242,02 375,27 50,43 25,14 5,02 1,0704 415  3 60334,667969 1
35,63 78 511 328,2 691,52 76,97 25,14 5,02 0,0386 400  1 73038,515625 1
35,63 131 598 309,64 651,31 70,82 25,14 5,02 0,0377 400  1 72976,054687 1
35,73 279 772 295,31 582,88 60,06 25,14 5,02 0,0688 400  1 71568,351562 1
37,15 379 828 282,6 529,28 54,53 25,14 5,02 0,2323 401  2 70445,789062 1
38,77 399 834 279,18 500,53 53,67 25,14 5,02 0,3139 403  2 69527,429687 1
40,16 506 868 270,43 479,96 49,81 25,14 5,02 0,3859 406  2 67814,570312 1
41,32 535 877 267,43 471,11 48,89 25,14 5,02 0,4559 408  2 67068,375 1
43,1 521 872 263,75 453,43 49,34 25,14 5,02 0,5171 410  2 66030,4375 1
43,8 520 868 267,79 444,92 49,79 25,14 5,02 0,5769 411  2 65877,507812 1
44,32 521 873 260,55 415,94 49,32 25,14 5,02 0,6295 412  2 65573,773437 1
44,82 543 879 253,42 412,71 48,66 25,14 5,02 0,6763 412  2 64974,621094 1
45,22 511 882 254,88 398,71 48,36 25,14 5,02 0,7633 413  2 64337,773437 1
45,56 497 865 256,87 400,47 50,09 25,14 5,02 0,8056 414  2 64000,0 1
45,84 542 879 252,14 398,58 48,69 25,14 5,02 0,8421 414  2 63429,136719 1
46,07 496 865 250,44 391,36 50,11 25,14 5,02 0,8741 414  3 62961,140625 1
46,25 538 878 254,11 390,43 48,8 25,14 5,02 0,899 414  3 62408,582031 1
46,4 563 867 250,18 385,05 49,89 25,14 5,02 0,921 414  3 62271,953125 1
46,61 476 859 251,54 384,53 50,79 25,14 5,02 0,9493 414  3 62317,429687 1
46,61 541 878 245,9 375,65 48,72 25,14 5,02 0,9674 414  3 61865,636719 1
46,71 494 864 246,23 374,89 50,18 25,14 5,02 0,9831 414  3 61332,054687 1
46,77 505 870 244,24 371,23 49,64 25,14 5,02 1,0141 414  3 61288,003906 1
46,82 502 867 245,15 378,46 49,94 25,14 5,02 1,0263 414  3 61068,703125 1
46,75 511 869 238,44 367,36 49,65 25,14 5,02 1,0406 414  3 60462,917969 1
46,79 481 860 245,4 368,6 50,62 25,14 5,02 1,0478 414  3 60037,523437 1
35,67 81 517 331,66 705,23 76,55 25,14 5,02 0,0407 400  1 73101,085937 1
35,64 133 602 312,06 654,85 70,53 25,14 5,02 0,0393 400  1 72234,765625 1
36,61 249 783 289,77 570,77 59,49 25,14 5,02 0,0674 400  1 71269,484375 1
38,33 367 824 277,76 525,89 55,03 25,14 5,02 0,2276 401  2 70387,679687 1
39,82 460 854 280,6 502,06 51,36 25,14 5,02 0,3035 403  2 69077,171875 1
40,99 484 861 271,35 478,99 50,54 25,14 5,02 0,3761 406  2 67546,171875 1
40,99 478 859 268,43 463,83 50,74 25,14 5,02 0,4424 408  2 66597,296875 1
42,88 546 886 266,44 442,97 47,98 25,14 5,02 0,5054 409  2 66338,429687 1
43,61 552 882 257,22 419,47 48,39 25,14 5,02 0,5665 410  2 65928,40625 1
44,18 551 882 259,06 418,2 48,43 25,14 5,02 0,621 411  2 65123,378906 1
44,71 546 880 257,22 407,99 48,59 25,14 5,02 0,6777 412  2 64826,539062 1
45,17 532 890 251,63 398,98 47,6 25,14 5,02 0,7647 413  2 64386,316406 1
45,5 537 877 252,99 397,5 48,84 25,14 5,02 0,8056 413  2 64000,0 1
45,8 524 873 258,62 392,15 49,24 25,14 5,02 0,8377 413  2 63334,984375 1
46,09 512 870 247,4 389,37 49,62 25,14 5,02 0,877 413  3 62637,632812 1
46,4 552 882 252,05 385,83 48,39 25,14 5,02 0,9078 413  3 62271,953125 1
46,49 541 876 250,95 385,05 49,02 25,14 5,02 0,9287 413  3 62181,199219 1
46,66 530 875 249,67 380,64 49,07 25,14 5,02 0,9449 413  3 61731,371094 1
46,69 505 868 246,15 369,73 49,84 25,14 5,02 0,9632 414  3 61820,816406 1
46,76 518 872 244,32 375,78 49,44 25,14 5,02 1,0015 414  3 61288,003906 1
46,8 489 861 245,65 370,48 50,5 25,14 5,02 1,0185 414  3 61376,167969 1
46,8 504 867 247,57 374,51 49,87 25,14 5,02 1,0324 414  3 60937,871094 1
46,82 508 869 239,82 371,73 49,74 25,14 5,02 1,0446 414  3 60377,359375 1
46,79 518 872 243,91 371,1 49,44 25,14 5,02 1,0522 414  3 60462,917969 1
35,71 84 522 328,98 687,32 76,19 25,14 5,02 0,0413 400  1 72295,960937 1
35,75 133 601 312,8 643,21 68,58 25,14 5,02 0,04 400  1 72173,664062 1
36,08 304 802 298,83 569,42 58,14 25,14 5,02 0,1417 400  1 71091,367187 1
37,69 386 830 281,74 514,62 54,22 25,14 5,02 0,2238 401  2 70098,578125 1
39,28 448 850 277,86 502,06 51,78 25,14 5,02 0,3036 403  2 69133,132812 1
40,65 529 875 269,61 485,85 49,1 25,14 5,02 0,3771 405  2 67439,40625 1
41,72 525 876 267,97 462,26 49,02 25,14 5,02 0,4465 407  2 66545,359375 1
43,4 536 877 261,97 449,31 48,89 25,14 5,02 0,5138 409  2 66132,78125 1
44,08 580 890 258,44 426,49 47,61 25,14 5,02 0,5762 410  2 65573,773437 1
44,63 559 884 262,85 418,62 48,2 25,14 5,02 0,626 411  2 65024,128906 1
45,04 530 871 257,66 412,58 49,45 25,14 5,02 0,6723 412  2 64875,824219 1
45,04 525 874 252,14 403,6 49,22 25,14 5,02 0,7626 412  2 64048,035156 1
45,38 553 882 250,95 394,95 48,39 25,14 5,02 0,7987 413  2 64000,0 1
45,76 560 884 250,52 397,77 48,16 25,14 5,02 0,8394 413  2 63100,8125 1
45,98 571 887 250,27 386,09 47,87 25,14 5,02 0,872 413  3 63429,136719 1
46,38 512 874 248,58 377,18 49,19 25,14 5,02 0,8993 413  3 62226,542969 1
46,51 498 867 251,63 375,53 49,91 25,14 5,02 0,931 413  3 61686,746094 1
46,63 551 882 246,48 377,82 48,43 25,14 5,02 0,9548 413  3 61820,816406 1
46,7 512 870 250,86 370,85 49,62 25,14 5,02 0,975 413  3 61597,691406 1
46,73 499 867 241,69 369,47 49,87 25,14 5,02 1,0133 413  3 61244,019531 1
46,79 494 864 242,35 374,64 50,21 25,14 5,02 1,0288 413  3 61156,234375 1
46,85 514 870 246,23 370,85 49,55 25,14 5,02 1,0399 413  3 60548,722656 1
46,84 521 873 242,43 367,23 49,34 25,14 5,02 1,0589 413  3 60677,886719 1
46,84 501 867 240,96 365,74 49,96 25,14 5,02 1,0657 413  3 60079,792969 1
35,77 88 529 328,65 684,77 75,65 25,14 5,02 0,0426 400  1 72480,179687 1
35,77 127 593 319,54 640,38 69,18 25,14 5,02 0,0408 400  1 72173,664062 1
35,82 289 792 297,22 572,32 58,97 25,14 5,02 0,1403 400  1 71210,015625 1
37,09 364 823 278,61 522,52 55,18 25,14 5,02 0,2219 401  2 70445,789062 1
38,82 443 848 277,39 512,71 51,99 25,14 5,02 0,3002 403  2 68139,476562 1
40,23 504 867 269,98 472,07 49,89 25,14 5,02 0,3743 405  2 67439,40625 1
42,31 502 867 268,7 460,39 49,96 25,14 5,02 0,4411 407  2 66753,585937 1
43,16 535 871 265,9 436,12 49,45 25,14 5,02 0,5078 409  2 66184,078125 1
43,89 558 884 259,85 418,62 48,23 25,14 5,02 0,5697 410  2 65775,953125 1
44,41 551 881 263,21 418,91 48,44 25,14 5,02 0,6256 411  2 64875,824219 1
44,89 590 880 260,02 409,79 48,57 25,14 5,02 0,7224 412  2 64679,132812 1
45,28 576 889 252,56 399,25 47,74 25,14 5,02 0,7693 412  2 63856,324219 1
45,75 588 892 254,71 394,68 47,4 25,14 5,02 0,8149 412  2 63952,035156 1
45,95 542 879 248,58 388,85 48,7 25,14 5,02 0,8564 413  2 62961,140625 1
46,17 545 880 248,49 385,57 48,62 25,14 5,02 0,8879 413  3 62362,972656 1
46,47 544 890 244,57 382,06 47,66 25,14 5,02 0,9129 413  3 62271,953125 1
46,47 534 876 255,06 379,62 48,95 25,14 5,02 0,9348 413  3 62045,566406 1
46,63 553 882 247,32 373,75 48,39 25,14 5,02 0,9549 413  3 61865,636719 1
46,74 508 869 241,77 385,31 49,74 25,14 5,02 0,9762 413  3 61508,890625 1
46,79 520 870 246,23 366,86 49,62 25,14 5,02 1,0126 413  3 61200,09375 1
46,83 540 878 242,02 366,36 48,75 25,14 5,02 1,0256 413  3 60981,417969 1
46,83 508 869 247,82 365,37 49,75 25,14 5,02 1,0346 413  3 60677,886719 1
46,87 487 862 240,96 369,1 50,43 25,14 5,02 1,056 413  3 60164,511719 1
46,86 508 869 241,04 368,23 49,75 25,14 5,02 1,0664 413  3 59995,3125 1
35,84 95 541 330,09 690,12 74,83 25,14 5,02 0,0435 400  1 72357,265625 1
35,82 101 597 313,01 656,62 70,91 25,14 5,02 0,0416 400  1 72480,179687 1
36,55 284 788 292,62 570,19 59,21 25,14 5,02 0,1403 400  1 71091,367187 1
38,24 399 834 283,37 519,17 53,69 25,14 5,02 0,2211 401  2 70098,578125 1
39,76 436 846 280,5 509,08 52,24 25,14 5,02 0,3006 403  2 68139,476562 1
41,01 494 864 269,61 477,05 50,21 25,14 5,02 0,3736 405  2 67226,890625 1
42,11 519 875 264,1 455,59 49,05 25,14 5,02 0,4428 407  2 66805,84375 1
42,87 518 872 269,07 447,94 49,44 25,14 5,02 0,5071 409  2 65928,40625 1
43,62 569 887 258,01 420,47 47,94 25,14 5,02 0,5651 410  2 65473,144531 1
44,22 547 880 259,58 416,64 48,57 25,14 5,02 0,6227 411  2 65073,714844 1
44,75 562 885 259,06 421,32 48,43 25,14 5,02 0,7193 412  2 64679,132812 1
45,21 525 878 252,73 400,6 48,75 25,14 5,02 0,7592 412  2 64434,9375 1
45,58 540 878 255,23 393,35 48,79 25,14 5,02 0,7995 412  2 63382,023437 1
45,83 561 884 251,03 387,8 48,16 25,14 5,02 0,8361 412  2 63147,507812 1
46,32 527 874 250,18 385,31 49,17 25,14 5,02 0,8694 413  3 62637,632812 1
46,43 564 888 247,91 384,14 47,84 25,14 5,02 0,9024 413  3 62362,972656 1
46,58 540 878 244,57 375,78 48,77 25,14 5,02 0,9306 413  3 62045,566406 1
46,64 548 881 249,17 377,44 48,54 25,14 5,02 0,957 413  3 61820,816406 1
46,79 533 876 246,73 371,73 48,99 25,14 5,02 1,0038 413  3 61508,890625 1
46,85 515 871 243,58 372,87 49,54 25,14 5,02 1,0198 413  3 60981,417969 1
46,85 488 861 245,4 372,87 50,57 25,14 5,02 1,0343 413  3 60981,417969 1
46,88 514 870 243,75 367,36 49,57 25,14 5,02 1,0453 413  3 60634,769531 1
46,87 499 866 241,37 369,73 50,06 25,14 5,02 1,0575 413  3 60249,46875 1
46,9 480 860 245,4 368,6 50,69 25,14 5,02 1,0664 413  3 60420,109375 1
35,86 95 541 325,0 688,95 74,83 25,14 5,02 0,0435 400  1 72789,3125 1
35,81 123 587 325,66 671,23 71,61 25,14 5,02 0,0626 400  1 71930,320312 1
36,14 243 780 300,15 579,34 59,69 25,14 5,02 0,1376 400  1 71091,367187 1
37,65 361 822 281,84 527,49 55,33 25,14 5,02 0,2179 401  2 69077,171875 1
39,33 438 847 279,93 503,59 52,19 25,14 5,02 0,3049 403  2 68303,09375 1
41,71 516 871 272,0 483,88 49,5 25,14 5,02 0,3786 405  2 67439,40625 1
42,64 539 871 265,9 462,42 49,5 25,14 5,02 0,4483 407  2 66597,296875 1
43,44 579 890 265,9 432,3 47,66 25,14 5,02 0,5112 409  2 66286,898437 1
44,07 539 878 259,58 414,96 48,82 25,14 5,02 0,5707 410  2 65372,828125 1
44,64 540 878 260,73 415,66 48,79 25,14 5,02 0,6819 411  2 65123,378906 1
44,64 558 883 252,82 407,44 48,26 25,14 5,02 0,7311 412  2 64434,9375 1
45,04 564 874 253,76 402,1 49,2 25,14 5,02 0,7799 412  2 64192,578125 1
45,41 549 881 254,88 400,74 48,51 25,14 5,02 0,8145 412  2 63147,507812 1
45,75 549 881 249,76 386,09 48,52 25,14 5,02 0,8475 413  2 62868,371094 1
46,27 528 875 244,82 383,88 49,15 25,14 5,02 0,8775 413  3 62545,808594 1
46,41 515 870 249,34 381,29 49,6 25,14 5,02 0,9133 413  3 62045,566406 1
46,54 506 868 249,34 371,23 49,84 25,14 5,02 0,9406 413  3 62045,566406 1
46,7 533 876 247,57 373,37 48,99 25,14 5,02 0,9618 413  3 61686,746094 1
46,84 534 876 248,49 368,98 48,95 25,14 5,02 0,993 413  3 61553,257812 1
46,89 534 876 244,74 368,6 48,95 25,14 5,02 1,0076 413  3 61288,003906 1
46,91 484 869 241,69 365,12 49,72 25,14 5,02 1,0222 413  3 60807,601562 1
46,87 493 864 246,73 375,65 50,26 25,14 5,02 1,0429 413  3 60591,714844 1
46,93 515 871 243,5 365,5 49,55 25,14 5,02 1,0504 413  3 60292,039062 1
46,96 498 866 237,64 359,85 50,09 25,14 5,02 1,0613 413  3 60122,125 1
35,86 93 538 328,2 693,4 75,04 25,14 5,02 0,0457 400  1 72357,265625 1
35,85 110 565 314,5 658,85 70,51 25,14 5,02 0,0628 400  1 72603,515625 1
35,86 236 756 293,82 580,32 61,04 25,14 5,02 0,1378 400  1 70855,242187 1
37,09 366 823 280,31 533,96 55,15 25,14 5,02 0,2197 401  2 68798,710937 1
38,79 416 840 279,65 515,84 53,02 25,14 5,02 0,2974 403  2 68522,484375 1
41,34 506 868 268,79 481,75 49,84 25,14 5,02 0,372 405  2 67121,132812 1
42,35 519 883 263,75 455,28 48,33 25,14 5,02 0,4449 407  2 66649,3125 1
43,14 536 877 262,23 445,82 48,92 25,14 5,02 0,5155 408  2 66132,78125 1
43,91 563 885 258,79 419,33 48,12 25,14 5,02 0,5744 409  2 65222,929687 1
44,45 541 879 263,39 417,35 48,75 25,14 5,02 0,6747 411  2 65024,128906 1
44,93 551 882 253,85 404,83 48,46 25,14 5,02 0,7222 411  2 64434,9375 1
45,38 549 879 252,22 401,69 48,74 25,14 5,02 0,7633 412  2 63618,289062 1
45,67 528 875 255,66 397,5 49,15 25,14 5,02 0,8004 412  2 63382,023437 1
46,19 561 885 250,27 385,83 48,16 25,14 5,02 0,8375 412  2 62822,085937 1
46,19 521 877 248,07 391,36 48,89 25,14 5,02 0,8695 412  3 62362,972656 1
46,4 533 876 250,78 377,95 48,99 25,14 5,02 0,8947 412  3 62181,199219 1
46,59 566 886 245,15 378,33 48,02 25,14 5,02 0,9258 412  3 61820,816406 1
46,68 535 877 248,49 372,99 48,95 25,14 5,02 0,9721 413  3 61376,167969 1
46,76 538 878 252,99 370,98 48,84 25,14 5,02 0,9893 413  3 61156,234375 1
46,88 539 878 241,69 372,49 48,82 25,14 5,02 1,0038 413  3 60807,601562 1
46,91 509 869 241,86 375,4 49,75 25,14 5,02 1,0208 413  3 60634,769531 1
46,91 507 868 244,16 372,36 49,82 25,14 5,02 1,0378 413  3 60548,722656 1
46,86 513 870 241,04 365,5 49,6 25,14 5,02 1,0495 413  3 60164,511719 1
46,9 499 858 241,37 366,61 50,96 25,14 5,02 1,0613 413  3 60079,792969 1
35,88 94 538 325,66 691,29 75,04 25,14 5,02 0,0432 400  1 72234,765625 1
35,92 94 538 320,52 669,19 75,04 25,14 5,02 0,0592 400  1 72541,796875 1
36,53 226 725 294,41 596,65 62,86 25,14 5,02 0,1298 400  1 70156,210937 1
38,22 325 818 285,39 532,33 55,88 25,14 5,02 0,2082 401  2 69021,296875 1
39,72 423 842 278,7 510,28 52,77 25,14 5,02 0,2861 402  2 68357,8125 1
40,94 523 871 269,43 482,08 49,5 25,14 5,02 0,3606 405  2 67439,40625 1
42,06 552 882 264,64 455,74 48,44 25,14 5,02 0,43 408  2 66441,734375 1
42,98 564 869 263,75 444,92 49,79 25,14 5,02 0,4967 411  2 65928,40625 1
43,71 527 874 257,05 428,51 49,2 25,14 5,02 0,6158 414  2 65523,417969 1
44,28 573 888 258,62 415,94 47,84 25,14 5,02 0,6668 415  2 65123,378906 1
44,81 571 887 255,57 406,06 47,9 25,14 5,02 0,7117 416  2 64144,324219 1
45,26 537 877 253,16 404,01 48,89 25,14 5,02 0,7527 416  2 63713,289062 1
45,95 593 879 255,92 395,89 48,69 25,14 5,02 0,798 417  2 63007,628906 1
46,19 546 880 248,83 391,09 48,61 25,14 5,02 0,8338 417  2 62914,722656 1
46,34 562 885 253,68 387,8 48,16 25,14 5,02 0,8632 417  3 62591,6875 1
46,53 535 877 252,39 377,82 48,95 25,14 5,02 0,8919 418  3 62500,0 1
46,69 502 880 245,07 376,54 48,59 25,14 5,02 0,9183 418  3 62090,710937 1
46,8 516 871 248,16 378,08 49,52 25,14 5,02 0,9651 418  3 61420,34375 1
46,8 531 876 248,66 373,12 49,05 25,14 5,02 0,9817 418  3 61244,019531 1
46,8 484 861 242,35 373,88 50,55 25,14 5,02 1,0007 418  3 60981,417969 1
46,89 535 856 243,91 365,74 51,12 25,14 5,02 1,016 418  3 60249,46875 1
46,97 515 871 244,24 371,98 49,57 25,14 5,02 1,031 418  3 60591,714844 1
46,94 504 867 243,33 373,12 49,91 25,14 5,02 1,0422 418  3 60377,359375 1
46,92 493 864 238,85 362,66 50,26 25,14 5,02 1,0532 418  3 59869,035156 1
35,99 89 531 341,11 686,86 75,57 25,14 5,02 0,0438 400  1 72665,34375 1
36,0 95 541 318,46 676,25 74,88 25,14 5,02 0,0556 400  1 71329,0625 1
36,16 201 695 294,91 603,35 64,68 25,14 5,02 0,1246 400  1 70503,992187 1
39,34 341 815 288,4 550,47 56,32 25,14 5,02 0,2032 401  2 69021,296875 1
40,65 419 842 276,92 516,01 52,74 25,14 5,02 0,281 402  2 68085,109375 1
41,77 485 862 269,07 464,93 50,54 25,14 5,02 0,3586 405  2 67653,273437 1
42,67 535 877 265,9 447,94 48,95 25,14 5,02 0,4319 408  2 66649,3125 1
43,49 513 887 258,18 437,01 47,95 25,14 5,02 0,5002 410  2 65877,507812 1
44,21 501 866 263,39 424,76 50,02 25,14 5,02 0,62 414  2 65422,949219 1
44,21 579 890 260,02 416,5 47,69 25,14 5,02 0,6724 415  2 65422,949219 1
44,7 569 887 261,52 409,51 47,97 25,14 5,02 0,7194 415  2 64192,578125 1
45,18 597 895 253,16 405,65 47,2 25,14 5,02 0,7637 416  2 63523,574219 1
45,86 534 874 252,91 397,23 49,19 25,14 5,02 0,8093 417  2 63194,273437 1
46,14 556 883 246,48 379,62 48,33 25,14 5,02 0,846 417  2 63007,628906 1
46,4 532 876 250,61 384,53 49,04 25,14 5,02 0,8781 417  3 62822,085937 1
46,48 552 882 247,91 382,06 48,44 25,14 5,02 0,9069 417  3 61865,636719 1
46,67 502 874 243,66 372,11 49,27 25,14 5,02 0,959 418  3 61910,519531 1
46,82 531 876 245,15 379,62 49,07 25,14 5,02 0,9777 418  3 61776,0625 1
46,85 525 874 241,53 370,98 49,27 25,14 5,02 0,9984 418  3 61156,234375 1
46,9 496 865 246,73 379,49 50,18 25,14 5,02 1,0152 418  3 60850,960937 1
46,99 500 866 245,24 369,22 50,06 25,14 5,02 1,0267 418  3 60462,917969 1
46,99 527 861 243,42 372,74 50,6 25,14 5,02 1,038 418  3 60377,359375 1
47,07 521 873 243,33 376,54 49,37 25,14 5,02 1,0508 418  3 60420,109375 1
47,07 484 861 244,66 365,74 50,59 25,14 5,02 1,0645 418  3 60122,125 1
36,11 84 521 326,87 688,25 76,32 25,14 5,02 0,0468 400  1 72051,789062 1
36,1 104 556 323,46 677,62 73,8 25,14 5,02 0,0583 400  1 71329,0625 1
36,11 185 675 297,42 612,82 65,94 25,14 5,02 0,1268 400  1 70213,929687 1
38,79 324 809 288,98 565,01 57,12 25,14 5,02 0,2101 401  2 68965,515625 1
40,25 494 844 279,65 506,84 52,54 25,14 5,02 0,2915 402  2 67922,523437 1
41,49 508 869 274,12 468,41 49,79 25,14 5,02 0,3675 405  2 67599,679687 1
42,47 533 876 268,34 451,75 49,02 25,14 5,02 0,4343 408  2 66649,3125 1
43,31 531 881 262,94 434,65 48,52 25,14 5,02 0,5665 412  2 66649,3125 1
44,02 540 878 256,18 416,64 48,8 25,14 5,02 0,6221 414  2 65674,703125 1
44,59 555 883 258,62 425,34 48,36 25,14 5,02 0,6772 415  2 64434,9375 1
45,08 547 880 254,45 411,6 48,59 25,14 5,02 0,7235 416  2 63760,898437 1
45,85 576 889 256,61 405,24 47,77 25,14 5,02 0,7673 416  2 63570,894531 1
45,85 551 886 253,76 392,82 48,07 25,14 5,02 0,809 417  2 63147,507812 1
46,11 567 886 249,25 385,05 48,03 25,14 5,02 0,8414 417  2 62683,644531 1
46,33 501 866 250,78 379,36 50,02 25,14 5,02 0,8736 417  3 62683,644531 1
46,53 510 869 250,27 376,16 49,72 25,14 5,02 0,9034 418  3 62181,199219 1
46,72 519 871 244,49 382,58 49,54 25,14 5,02 0,9528 418  3 61508,890625 1
46,83 513 870 246,9 377,57 49,65 25,14 5,02 0,9729 418  3 61686,746094 1
46,88 491 863 245,15 381,55 50,36 25,14 5,02 0,9881 418  3 61244,019531 1
46,98 523 873 242,35 370,35 49,34 25,14 5,02 1,0077 418  3 60591,714844 1
47,04 521 872 246,07 367,23 49,4 25,14 5,02 1,0231 418  3 60764,300781 1
47,05 510 869 242,51 361,93 49,72 25,14 5,02 1,0332 418  3 60420,109375 1
47,04 508 869 243,75 366,49 49,79 25,14 5,02 1,0431 418  3 60079,792969 1
47,1 526 874 239,74 357,78 49,24 25,14 5,02 1,0528 418  3 59953,160156 1
36,26 93 538 329,54 686,86 75,09 25,14 5,02 0,0491 400  1 72173,664062 1
36,26 90 533 319,0 668,51 75,47 25,14 5,02 0,0597 400  1 70620,6875 1
36,8 189 679 295,21 609,1 65,65 25,14 5,02 0,1264 400  1 70156,210937 1
38,44 326 818 285,19 551,03 55,88 25,14 5,02 0,2098 401  2 68965,515625 1
39,9 481 860 268,97 485,68 50,71 25,14 5,02 0,2898 402  2 67653,273437 1
41,15 518 872 266,26 464,46 49,49 25,14 5,02 0,3696 405  2 67226,890625 1
42,19 539 878 262,59 444,77 48,85 25,14 5,02 0,4362 408  2 66545,359375 1
43,08 538 884 261,88 433,77 48,2 25,14 5,02 0,5612 412  2 66132,78125 1
43,81 540 878 253,94 425,91 48,8 25,14 5,02 0,6161 414  2 65222,929687 1
44,5 566 886 261,52 414,25 48,07 25,14 5,02 0,6726 415  2 64434,9375 1
45,02 552 882 258,97 407,58 48,47 25,14 5,02 0,722 416  2 63952,035156 1
45,78 569 887 255,06 399,12 47,97 25,14 5,02 0,7633 416  2 63100,8125 1
46,06 561 883 246,4 388,32 48,33 25,14 5,02 0,7997 417  2 62822,085937 1
46,38 539 878 249,76 382,71 48,84 25,14 5,02 0,8382 417  2 62454,257812 1
46,58 517 871 248,83 383,62 49,54 25,14 5,02 0,8721 417  3 62454,257812 1
46,74 513 870 245,48 387,53 49,65 25,14 5,02 0,927 418  3 61910,519531 1
46,83 517 871 247,24 373,5 49,52 25,14 5,02 0,9546 418  3 61820,816406 1
46,83 530 874 254,88 383,36 49,22 25,14 5,02 0,98 418  3 61332,054687 1
46,95 528 875 245,07 364,14 49,17 25,14 5,02 0,9991 418  3 60937,871094 1
47,03 543 879 240,22 376,93 48,74 25,14 5,02 1,0173 418  3 60981,417969 1
47,12 527 867 243,75 377,05 49,92 25,14 5,02 1,0288 418  3 60634,769531 1
47,13 476 859 245,15 368,6 50,88 25,14 5,02 1,0409 418  3 60462,917969 1
47,18 515 871 243,75 360,21 49,59 25,14 5,02 1,053 418  3 59911,070312 1
47,14 485 861 236,59 365,12 50,57 25,14 5,02 1,0775 418  3 59827,0625 1
36,4 95 541 325,11 679,92 74,91 25,14 5,02 0,0523 400  1 71688,601562 1
36,36 99 547 319,22 682,68 74,46 25,14 5,02 0,0605 400  1 71150,640625 1
37,83 203 697 300,15 608,68 64,59 25,14 5,02 0,1228 400  1 69527,429687 1
39,42 432 839 277,67 512,53 53,17 25,14 5,02 0,2035 401  2 68357,8125 1
40,81 483 861 267,52 485,02 50,64 25,14 5,02 0,2811 402  2 67760,71875 1
41,9 522 873 264,28 473,03 49,37 25,14 5,02 0,3596 404  2 67599,679687 1
42,8 536 877 262,85 442,97 48,95 25,14 5,02 0,4947 410  2 66338,429687 1
42,8 558 884 258,01 429,09 48,29 25,14 5,02 0,5595 412  2 65775,953125 1
43,64 555 893 256,35 421,18 47,42 25,14 5,02 0,6175 413  2 64826,539062 1
44,31 565 886 258,71 416,93 48,1 25,14 5,02 0,6673 414  2 64096,144531 1
45,31 561 885 258,88 407,3 48,2 25,14 5,02 0,7172 415  2 63952,035156 1
45,71 595 886 253,42 400,87 48,02 25,14 5,02 0,757 415  2 62961,140625 1
46,04 564 884 252,99 385,05 48,23 25,14 5,02 0,8 416  2 63054,1875 1
46,34 531 876 246,82 394,95 49,09 25,14 5,02 0,8418 416  2 62545,808594 1
46,54 543 879 249,67 384,79 48,74 25,14 5,02 0,9025 416  3 62135,921875 1
46,78 521 873 248,66 380,9 49,4 25,14 5,02 0,934 417  3 61731,371094 1
46,91 535 877 246,73 375,15 48,99 25,14 5,02 0,9552 417  3 61244,019531 1
46,99 533 876 246,4 371,98 49,02 25,14 5,02 0,9745 417  3 61200,09375 1
47,13 516 871 245,32 366,86 49,54 25,14 5,02 0,9935 417  3 60850,960937 1
47,23 516 871 242,35 368,48 49,55 25,14 5,02 1,0133 417  3 60634,769531 1
47,21 525 874 239,9 363,52 49,27 25,14 5,02 1,0279 417  3 60462,917969 1
47,21 510 870 238,68 362,42 49,65 25,14 5,02 1,0418 417  3 60206,960937 1
47,19 493 864 240,14 358,03 50,3 25,14 5,02 1,052 417  3 60037,523437 1
47,23 499 866 240,79 369,22 50,09 25,14 5,02 1,0768 417  3 59869,035156 1
36,47 91 524 327,09 677,85 76,14 25,14 5,02 0,0554 400  1 71568,351562 1
36,46 81 515 318,57 668,96 76,76 25,14 5,02 0,0591 400  1 70796,460937 1
37,37 290 651 304,55 613,65 67,45 25,14 5,02 0,1168 400  1 69754,765625 1
38,99 400 835 275,52 511,49 53,73 25,14 5,02 0,1969 400  2 68909,828125 1
40,43 464 866 265,27 483,06 50,08 25,14 5,02 0,2756 402  2 67760,71875 1
41,62 497 865 268,97 466,19 50,18 25,14 5,02 0,4247 407  2 67068,375 1
42,64 539 878 257,83 449,76 48,85 25,14 5,02 0,4866 409  2 66235,445312 1
43,47 569 887 261,17 432,59 47,98 25,14 5,02 0,5558 411  2 64925,183594 1
44,13 560 884 261,35 422,04 48,23 25,14 5,02 0,6124 412  2 64630,144531 1
45,24 531 879 255,14 416,64 48,72 25,14 5,02 0,6639 413  2 63952,035156 1
45,24 557 883 252,65 416,93 48,33 25,14 5,02 0,7111 414  2 63570,894531 1
45,65 527 874 252,31 404,42 49,24 25,14 5,02 0,7529 414  2 63241,105469 1
46,03 529 882 246,73 388,45 48,43 25,14 5,02 0,7908 415  2 62822,085937 1
46,32 576 872 245,32 396,96 49,44 25,14 5,02 0,8228 415  2 62317,429687 1
46,54 551 881 248,91 381,94 48,51 25,14 5,02 0,8825 415  3 62045,566406 1
46,76 574 888 246,9 379,74 47,84 25,14 5,02 0,9086 415  3 61686,746094 1
46,92 522 873 247,24 374,76 49,37 25,14 5,02 0,9364 416  3 61288,003906 1
47,03 531 878 244,74 381,16 48,84 25,14 5,02 0,9663 416  3 60937,871094 1
47,19 515 871 246,73 370,85 49,59 25,14 5,02 0,9884 416  3 60505,789062 1
47,28 497 865 245,15 366,86 50,16 25,14 5,02 1,0074 416  3 60420,109375 1
47,29 502 867 239,01 364,26 50,02 25,14 5,02 1,0254 416  3 60164,511719 1
47,25 505 864 240,47 363,28 50,3 25,14 5,02 1,0391 416  3 59785,148437 1
47,29 493 865 238,77 361,68 50,18 25,14 5,02 1,0698 416  3 59659,753906 1
47,29 524 873 238,77 356,94 49,32 25,14 5,02 1,0782 416  3 59576,449219 1
