Co2(scd40) raw_signla(sgp40) aiq(ens160) tvoc(ens160) eco2(ens160) rs1(ens160) rs3(ens160) rs4(ens160) rmox(zmod4410) tvoc(zmod4410) eco2(zmod4410) iaq(zmod4410) resistencia(bme688) Aire/muestra
36,47 463 855 414,53 504,44 69,23 25,14 5,35 0,0329 405  1 477278,03125 1
36,47 448 850 419,9 507,87 69,94 25,14 5,35 0,0374 405  1 447846,0625 1
36,74 3147 1419 361,8 294,01 33,7 25,14 5,35 0,0924 406  1 421312,5 1
37,62 5156 1752 295,71 134,12 26,85 25,14 5,35 0,163 407  1 405063,28125 1
38,65 4995 1699 270,07 115,88 27,72 25,14 5,35 0,2325 408  2 392713,3125 1
39,49 4931 1686 253,42 104,98 27,95 25,14 5,35 0,3028 411  2 379189,03125 1
40,23 5047 1716 250,01 99,37 27,43 25,14 5,35 0,4324 414  2 363765,53125 1
40,96 4999 1704 233,1 91,22 27,63 25,14 5,35 0,4913 415  2 358041,96875 1
41,56 4876 1678 225,19 88,36 28,08 25,14 5,35 0,549 416  2 346766,0 1
41,56 4995 1694 222,01 87,17 27,8 25,14 5,35 0,5968 417  2 342246,0 1
42,51 4782 1665 210,88 85,39 28,31 25,14 5,35 0,6526 417  2 340199,34375 1
42,87 4578 1625 206,36 83,28 29,04 25,14 5,35 0,6922 418  2 335847,8125 1
43,21 4464 1620 198,95 81,97 29,14 25,14 5,35 0,744 418  2 334203,65625 1
43,49 4671 1649 194,69 80,97 28,59 25,14 5,35 0,7785 418  2 331928,6875 1
43,67 4428 1615 194,56 80,46 29,24 25,14 5,35 0,8553 418  3 331606,21875 1
43,89 4228 1595 192,33 78,6 29,62 25,14 5,35 0,8849 418  3 331928,6875 1
44,09 4321 1599 188,27 81,17 29,53 25,14 5,35 0,9172 419  3 323436,5 1
44,13 4280 1593 187,38 80,1 29,65 25,14 5,35 0,9399 419  3 324976,1875 1
44,25 4140 1573 184,8 78,57 30,07 25,14 5,35 0,957 419  3 326530,625 1
44,36 4220 1610 185,11 78,17 29,33 25,14 5,35 0,9784 419  3 324976,1875 1
44,38 3978 1549 181,82 77,99 30,57 25,14 5,35 0,9967 419  3 324358,5625 1
44,44 4129 1571 178,47 79,75 30,1 25,14 5,35 1,0154 419  3 324050,625 1
44,44 4142 1573 178,77 76,94 30,06 25,14 5,35 1,0484 419  3 322215,21875 1
44,48 3891 1578 176,31 77,2 29,97 25,14 5,35 1,0659 419  3 317420,96875 1
35,37 379 828 354,89 425,48 73,63 25,14 5,35 0,0763 400  1 445507,9375 1
35,41 2387 831 369,47 415,94 73,01 25,14 5,35 0,0763 400  1 423402,9375 1
35,81 4541 1631 283,17 159,88 28,93 25,14 5,35 0,1329 400  2 402199,53125 1
36,88 5030 1710 261,08 121,75 27,53 25,14 5,35 0,2069 401  2 387805,34375 1
37,97 5230 1750 240,79 100,05 26,89 25,14 5,35 0,3591 404  2 375229,03125 1
38,92 5212 1771 227,41 91,56 26,56 25,14 5,35 0,4242 407  2 359929,6875 1
39,74 5260 1787 219,69 84,85 26,31 25,14 5,35 0,4935 409  2 343970,4375 1
39,74 5141 1747 204,55 79,43 26,93 25,14 5,35 0,5591 411  2 340878,84375 1
40,45 5065 1722 201,66 77,07 27,33 25,14 5,35 0,6136 412  2 331284,375 1
41,65 5055 1719 190,71 75,04 27,39 25,14 5,35 0,6665 413  2 328415,65625 1
42,04 5133 1745 182,44 72,12 26,96 25,14 5,35 0,7293 414  2 323743,28125 1
42,49 5165 1755 179,13 73,16 26,8 25,14 5,35 0,7662 414  2 321608,03125 1
42,8 5095 1766 175,18 70,91 26,64 25,14 5,35 0,8147 414  2 319202,0 1
43,12 5208 1770 170,15 71,35 26,57 25,14 5,35 0,8888 415  3 318903,78125 1
43,39 4964 1690 173,23 69,87 27,86 25,14 5,35 0,9246 415  3 315368,03125 1
43,59 4928 1685 166,17 68,16 27,95 25,14 5,35 0,9471 415  3 312767,25 1
43,72 4741 1659 168,38 68,62 28,41 25,14 5,35 0,9787 415  3 310209,03125 1
43,85 4868 1695 166,34 69,32 27,78 25,14 5,35 1,0112 415  3 309646,21875 1
44,01 4907 1682 162,06 67,02 28,0 25,14 5,35 1,0564 416  3 309646,21875 1
44,05 4903 1682 163,88 68,3 28,01 25,14 5,35 1,0936 416  3 307138,5625 1
44,17 4782 1670 164,6 68,93 28,22 25,14 5,35 1,1094 416  3 306311,6875 1
44,22 4871 1673 158,91 68,23 28,16 25,14 5,35 1,1306 416  3 306037,0625 1
44,24 4867 1677 159,34 67,75 28,09 25,14 5,35 1,1403 416  3 304399,53125 1
44,25 4832 1672 156,67 68,72 28,18 25,14 5,35 1,1569 416  3 304128,3125 1
34,8 426 835 329,76 380,13 72,37 25,14 5,35 0,1269 400  2 427111,5625 1
34,81 1390 1219 305,06 254,88 40,42 25,14 5,35 0,1305 400  2 414658,84375 1
35,38 4416 1613 266,62 151,81 29,27 25,14 5,35 0,179 400  2 393619,0625 1
36,42 5322 1808 242,84 112,67 26,01 25,14 5,35 0,3291 401  2 377929,5 1
37,59 5266 1789 230,9 95,71 26,28 25,14 5,35 0,3982 403  2 357666,78125 1
37,59 5367 1823 210,59 86,12 25,79 25,14 5,35 0,4678 406  2 338848,4375 1
38,66 5367 1819 201,32 78,44 25,85 25,14 5,35 0,5351 408  2 332251,78125 1
40,2 5367 1823 192,26 75,21 25,79 25,14 5,35 0,6003 409  2 326843,28125 1
40,81 5294 1854 186,31 71,93 25,35 25,14 5,35 0,6673 410  2 323436,5 1
41,36 5404 1763 172,65 67,45 26,67 25,14 5,35 0,7299 411  2 318012,4375 1
41,79 5303 1802 173,76 67,02 26,09 25,14 5,35 0,7864 412  2 314496,3125 1
42,2 5341 1814 169,29 66,65 25,91 25,14 5,35 0,8936 413  3 310491,21875 1
42,59 5262 1788 166,28 66,63 26,3 25,14 5,35 0,9316 413  3 307969,9375 1
42,86 5211 1770 162,17 66,16 26,56 25,14 5,35 0,9659 413  3 304671,21875 1
43,13 5330 1791 161,67 64,39 26,24 25,14 5,35 1,001 413  3 301708,90625 1
43,13 5198 1766 157,84 63,83 26,62 25,14 5,35 1,0388 413  3 302511,09375 1
43,44 5304 1802 159,72 63,55 26,08 25,14 5,35 1,0606 413  3 300381,34375 1
43,65 5130 1772 153,05 64,18 26,53 25,14 5,35 1,0834 414  3 298542,28125 1
43,79 5104 1735 152,02 63,46 27,11 25,14 5,35 1,1128 414  3 296983,75 1
43,86 5159 1753 155,08 64,83 26,82 25,14 5,35 1,1409 414  3 299590,40625 1
43,95 5147 1749 149,92 63,16 26,88 25,14 5,35 1,1923 414  3 295441,4375 1
43,99 5165 1755 152,74 63,66 26,79 25,14 5,35 1,2057 414  3 294676,25 1
44,07 5049 1727 150,79 64,37 27,24 25,14 5,35 1,2341 414  3 294422,09375 1
44,08 5118 1739 145,72 63,31 27,04 25,14 5,35 1,248 414  3 293662,1875 1
34,59 397 834 324,23 369,47 72,61 25,14 5,35 0,1492 400  2 418728,28125 1
34,56 1133 1034 303,11 297,01 50,57 25,14 5,35 0,1472 400  2 411658,28125 1
35,22 4081 1564 266,71 166,22 30,24 25,14 5,35 0,2478 400  2 390914,28125 1
35,22 5299 1755 231,92 109,88 26,79 25,14 5,35 0,3236 401  2 362606,21875 1
36,39 5393 1832 211,02 92,06 25,66 25,14 5,35 0,3977 402  2 339522,53125 1
37,58 5433 1845 204,27 83,39 25,47 25,14 5,35 0,4708 405  2 333550,5 1
39,44 5501 1869 196,28 77,25 25,15 25,14 5,35 0,5534 408  2 324667,09375 1
40,15 5400 1861 185,05 73,38 25,25 25,14 5,35 0,6145 410  2 319800,125 1
40,81 5563 1890 178,05 67,49 24,87 25,14 5,35 0,6894 412  2 313341,5 1
41,39 5519 1875 175,77 65,62 25,06 25,14 5,35 0,752 414  2 310773,90625 1
41,86 5574 1894 167,24 65,54 24,82 25,14 5,35 0,8756 415  3 306862,4375 1
42,2 5387 1843 161,62 63,08 25,5 25,14 5,35 0,926 416  3 304943,40625 1
42,58 5394 1832 161,07 63,06 25,65 25,14 5,35 0,9735 417  3 298803,625 1
42,58 5497 1867 158,37 62,19 25,17 25,14 5,35 1,0317 417  3 296983,75 1
43,07 5387 1830 155,87 62,8 25,68 25,14 5,35 1,0679 417  3 295953,75 1
43,3 5365 1845 153,05 61,16 25,47 25,14 5,35 1,1048 417  3 296467,875 1
43,47 5357 1820 150,94 60,48 25,82 25,14 5,35 1,14 417  3 292655,03125 1
43,58 5312 1805 150,99 61,77 26,04 25,14 5,35 1,1881 418  3 291654,8125 1
43,77 5275 1792 148,46 61,0 26,23 25,14 5,35 1,227 418  3 290414,0625 1
43,88 5269 1790 146,26 61,81 27,06 25,14 5,35 1,2539 418  3 290167,1875 1
43,93 5200 1767 146,91 61,1 26,6 25,14 5,35 1,2756 418  3 288694,65625 1
43,97 5235 1779 141,63 62,06 26,42 25,14 5,35 1,2906 418  3 289183,84375 1
44,04 5317 1806 145,57 61,12 26,01 25,14 5,35 1,3026 418  3 287964,0 1
44,01 5086 1729 144,49 60,5 27,2 25,14 5,35 1,3079 418  3 288450,71875 1
34,47 421 841 308,8 350,35 71,3 25,14 5,35 0,1588 400  2 411162,40625 1
34,44 528 993 296,61 303,93 53,66 25,14 5,35 0,1828 400  2 409927,9375 1
34,45 3888 1535 263,21 164,49 30,85 25,14 5,35 0,2523 400  2 363378,28125 1
35,15 5104 1735 235,55 115,1 27,11 25,14 5,35 0,3257 401  2 347826,09375 1
36,39 5340 1814 215,79 93,19 25,91 25,14 5,35 0,4038 402  2 339185,15625 1
38,6 5549 1899 201,87 82,11 24,74 25,14 5,35 0,4834 404  2 327470,40625 1
39,47 5482 1862 181,64 70,58 25,23 25,14 5,35 0,5525 407  2 320100,03125 1
40,2 5643 1917 175,06 67,2 24,51 25,14 5,35 0,6291 410  2 315076,9375 1
40,83 5539 1882 170,67 65,16 24,97 25,14 5,35 0,6937 411  2 311057,09375 1
41,38 5537 1904 164,6 64,39 24,68 25,14 5,35 0,8328 414  3 307138,5625 1
41,82 5662 1924 162,94 64,11 24,43 25,14 5,35 0,8909 414  3 305489,25 1
41,82 5702 1938 156,03 62,14 24,25 25,14 5,35 0,94 415  3 298803,625 1
42,2 5507 1871 157,57 60,73 25,11 25,14 5,35 0,9847 415  3 296467,875 1
42,82 5554 1882 153,52 61,43 24,97 25,14 5,35 1,0315 416  3 293409,75 1
43,07 5451 1852 148,46 60,36 25,37 25,14 5,35 1,0783 416  3 290661,375 1
43,29 5429 1844 148,31 58,97 25,47 25,14 5,35 1,1202 416  3 290661,375 1
43,46 5523 1876 145,67 59,79 25,04 25,14 5,35 1,1489 416  3 289429,0625 1
43,6 5479 1808 144,2 59,91 25,98 25,14 5,35 1,194 416  3 290167,1875 1
43,72 5373 1825 143,81 59,29 25,74 25,14 5,35 1,2131 417  3 287964,0 1
43,83 5365 1822 143,86 59,41 25,78 25,14 5,35 1,2446 417  3 286995,53125 1
43,88 5286 1796 143,23 60,55 26,16 25,14 5,35 1,2601 417  3 285554,9375 1
43,89 5236 1779 139,97 59,27 26,41 25,14 5,35 1,2845 417  3 283420,96875 1
43,98 5358 1783 141,68 59,93 26,35 25,14 5,35 1,3077 417  3 284128,75 1
43,98 5180 1760 137,94 60,08 26,7 25,14 5,35 1,3337 417  3 282716,71875 1
34,33 386 830 307,24 348,34 73,16 25,14 5,35 0,1728 400  2 404583,15625 1
34,34 490 863 311,74 348,82 67,93 25,14 5,35 0,1979 400  2 383018,5 1
34,33 2907 1380 264,64 196,94 34,79 25,14 5,35 0,2631 400  2 357666,78125 1
36,37 4871 1766 228,95 114,98 26,62 25,14 5,35 0,3376 400  2 345013,46875 1
37,52 5524 1845 216,3 92,81 25,47 25,14 5,35 0,4165 402  2 334859,375 1
38,61 5550 1885 190,26 74,61 24,92 25,14 5,35 0,494 404  2 326843,28125 1
39,44 5598 1897 182,19 70,7 24,77 25,14 5,35 0,5596 407  2 317716,40625 1
40,14 5610 1906 173,0 67,43 24,65 25,14 5,35 0,6951 411  2 311057,09375 1
40,74 5606 1905 166,06 64,72 24,67 25,14 5,35 0,7673 412  2 307415,1875 1
40,74 5638 1916 166,11 63,68 24,53 25,14 5,35 0,8224 413  3 300910,96875 1
41,3 5718 1943 161,67 62,38 24,83 25,14 5,35 0,8854 414  3 295441,4375 1
41,76 5557 1875 155,08 61,56 25,05 25,14 5,35 0,9353 414  3 293157,75 1
42,48 5555 1887 155,03 60,71 24,89 25,14 5,35 0,9772 415  3 290909,09375 1
42,78 5590 1899 148,96 60,53 24,73 25,14 5,35 1,0208 415  3 288939,0625 1
43,03 5419 1893 146,81 58,81 24,82 25,14 5,35 1,0497 415  3 288694,65625 1
43,22 5302 1801 146,56 59,33 26,08 25,14 5,35 1,0752 415  3 286995,53125 1
43,36 5445 1849 143,42 59,33 25,4 25,14 5,35 1,1559 416  3 285794,03125 1
43,54 5300 1800 142,74 59,77 26,09 25,14 5,35 1,1839 416  3 284602,5625 1
43,63 5337 1813 142,55 59,15 25,91 25,14 5,35 1,2135 416  3 282951,09375 1
43,63 5502 1817 139,31 58,81 25,86 25,14 5,35 1,2296 416  3 281318,6875 1
43,78 5364 1822 139,82 58,81 25,78 25,14 5,35 1,2508 416  3 281087,03125 1
43,83 5264 1788 137,48 59,97 26,27 25,14 5,35 1,2695 416  3 281783,15625 1
43,89 5348 1803 137,43 60,06 26,06 25,14 5,35 1,2943 416  3 280624,84375 1
43,96 5321 1807 137,29 58,47 25,99 25,14 5,35 1,3067 416  3 278336,5 1
34,27 400 836 304,03 350,35 72,22 25,14 5,35 0,1895 400  2 401018,21875 1
34,24 441 848 299,23 344,13 70,24 25,14 5,35 0,207 400  2 382374,90625 1
35,08 2795 1361 267,79 198,61 35,35 25,14 5,35 0,2684 400  2 357666,78125 1
36,32 5508 1871 210,59 95,32 25,11 25,14 5,35 0,3408 400  2 340538,75 1
37,51 5552 1956 194,95 81,03 24,02 25,14 5,35 0,4151 401  2 331606,21875 1
38,55 5616 1908 188,97 73,23 24,62 25,14 5,35 0,4821 403  2 321305,3125 1
39,45 5666 1925 177,03 70,72 24,4 25,14 5,35 0,6275 408  2 316244,59375 1
39,45 5624 1911 176,85 67,4 24,58 25,14 5,35 0,6947 409  2 310209,03125 1
40,13 5618 1909 167,58 66,0 24,61 25,14 5,35 0,7693 411  2 301708,90625 1
40,75 5758 1906 162,06 64,37 24,64 25,14 5,35 0,8358 411  3 294422,09375 1
41,74 5565 1891 160,86 62,19 24,84 25,14 5,35 0,8942 412  3 294422,09375 1
42,15 5593 1904 156,98 61,08 24,67 25,14 5,35 0,9484 413  3 290167,1875 1
42,46 5464 1889 150,99 59,57 24,87 25,14 5,35 0,9962 413  3 288450,71875 1
42,73 5486 1864 149,21 58,59 25,2 25,14 5,35 1,0472 413  3 288207,15625 1
43,0 5535 1880 151,66 59,13 24,98 25,14 5,35 1,1434 413  3 286754,40625 1
43,19 5564 1890 142,79 59,01 24,84 25,14 5,35 1,1643 414  3 285316,25 1
43,34 5494 1866 143,57 58,2 25,17 25,14 5,35 1,186 414  3 280624,84375 1
43,34 5396 1864 142,4 57,94 25,2 25,14 5,35 1,2211 414  3 281783,15625 1
43,62 5488 1864 138,93 58,53 25,19 25,14 5,35 1,2388 414  3 279475,96875 1
43,71 5510 1802 140,44 57,55 26,07 25,14 5,35 1,2649 414  3 279705,0 1
43,79 5313 1793 138,55 58,25 26,2 25,14 5,35 1,2857 414  3 279475,96875 1
43,81 5254 1785 136,69 57,86 26,31 25,14 5,35 1,3189 414  3 278791,1875 1
43,84 5241 1781 137,94 58,35 26,38 25,14 5,35 1,3537 414  3 277883,3125 1
43,9 5298 1800 133,63 58,14 26,09 25,14 5,35 1,361 414  3 278109,71875 1
34,11 430 844 298,12 335,39 70,79 25,14 5,35 0,203 400  2 393392,25 1
34,17 1661 842 301,06 340,65 71,15 25,14 5,35 0,2107 400  2 378978,53125 1
35,02 5026 1709 234,6 126,62 27,52 25,14 5,35 0,2678 400  2 355062,40625 1
36,32 5272 1791 215,79 97,97 26,23 25,14 5,35 0,3429 400  2 341219,59375 1
36,32 5610 1906 196,81 83,22 24,64 25,14 5,35 0,4976 403  2 332251,78125 1
37,54 5596 1901 187,7 75,11 24,7 25,14 5,35 0,5711 406  2 321003,125 1
38,61 5629 1954 177,87 70,27 24,04 25,14 5,35 0,6397 408  2 307969,9375 1
39,43 5589 1899 175,65 67,33 24,73 25,14 5,35 0,7142 409  2 303048,25 1
40,19 5630 1913 167,81 64,0 24,55 25,14 5,35 0,7764 410  2 299065,40625 1
41,34 5808 1975 162,5 62,61 23,8 25,14 5,35 0,8329 411  3 295185,9375 1
41,8 5680 1930 153,1 60,42 24,34 25,14 5,35 0,8989 412  3 292404,34375 1
42,21 5662 1924 151,3 59,65 24,41 25,14 5,35 0,9561 412  3 288939,0625 1
42,52 5735 1949 152,38 60,16 24,1 25,14 5,35 1,0005 413  3 286995,53125 1
42,78 5506 1870 146,46 58,55 25,11 25,14 5,35 1,0856 413  3 285077,9375 1
43,07 5590 1921 143,42 58,89 24,44 25,14 5,35 1,1305 413  3 282716,71875 1
43,07 5526 1877 142,16 60,12 25,01 25,14 5,35 1,1639 413  3 280855,71875 1
43,25 5610 1906 144,83 57,43 24,63 25,14 5,35 1,2029 413  3 279705,0 1
43,51 5370 1824 142,45 57,47 25,74 25,14 5,35 1,2237 413  3 277657,28125 1
43,6 5379 1849 140,3 58,14 25,4 25,14 5,35 1,2516 414  3 278336,5 1
43,75 5526 1877 140,44 57,24 25,01 25,14 5,35 1,2814 414  3 276308,6875 1
43,79 5483 1862 137,57 57,14 25,21 25,14 5,35 1,3106 414  3 274751,8125 1
43,83 5396 1833 135,22 57,7 25,61 25,14 5,35 1,3636 414  3 276085,1875 1
43,89 5272 1871 136,46 57,03 25,09 25,14 5,35 1,3807 414  3 274973,15625 1
43,94 5202 1767 133,63 58,06 26,57 25,14 5,35 1,3804 414  3 272340,4375 1
34,07 460 854 294,81 335,27 69,28 25,14 5,35 0,2232 400  2 389575,8125 1
34,21 1403 1095 275,89 249,51 46,55 25,14 5,35 0,2244 400  2 381947,03125 1
34,21 4159 1576 245,82 143,08 29,98 25,14 5,35 0,2662 400  2 353957,84375 1
35,06 5293 1798 213,17 102,73 25,23 25,14 5,35 0,4039 401  2 338177,0 1
36,35 5573 1891 200,1 83,17 24,83 25,14 5,35 0,4739 402  2 329366,34375 1
37,57 5633 1914 191,23 75,09 24,53 25,14 5,35 0,545 404  2 310491,21875 1
38,61 5760 1958 179,92 71,3 23,99 25,14 5,35 0,6146 407  2 306862,4375 1
40,18 5591 1900 173,0 65,87 24,72 25,14 5,35 0,6957 410  2 302243,21875 1
40,83 5711 1924 163,66 64,31 24,4 25,14 5,35 0,762 411  2 295185,9375 1
41,36 5762 1959 154,3 61,18 23,98 25,14 5,35 0,8334 413  3 293409,75 1
41,81 5514 1873 156,03 60,08 25,06 25,14 5,35 0,8926 414  3 290414,0625 1
42,2 5551 1886 151,2 60,94 24,89 25,14 5,35 0,9977 415  3 288450,71875 1
42,55 5459 1899 147,31 59,23 24,72 25,14 5,35 1,0542 415  3 285077,9375 1
42,55 5536 1881 146,11 57,92 24,96 25,14 5,35 1,1018 416  3 282249,1875 1
42,82 5623 1910 146,96 58,57 24,58 25,14 5,35 1,141 416  3 278563,65625 1
43,32 5480 1862 141,3 57,74 25,22 25,14 5,35 1,1672 416  3 279019,0625 1
43,43 5604 1904 140,25 57,3 24,65 25,14 5,35 1,2043 416  3 277657,28125 1
43,52 5508 1871 138,46 57,86 25,09 25,14 5,35 1,2378 416  3 276756,75 1
43,61 5295 1799 137,06 57,45 26,1 25,14 5,35 1,2605 416  3 275862,0625 1
43,76 5396 1833 138,51 57,03 25,61 25,14 5,35 1,3045 416  3 274530,84375 1
43,85 5365 1817 137,25 57,45 25,84 25,14 5,35 1,3258 416  3 274089,9375 1
43,86 5535 1880 137,15 56,68 24,96 25,14 5,35 1,3422 416  3 273212,375 1
43,97 5330 1811 134,4 57,82 25,93 25,14 5,35 1,3644 416  3 272340,4375 1
43,97 5366 1823 137,99 57,84 25,75 25,14 5,35 1,3709 416  3 271474,03125 1
34,06 440 853 293,62 327,2 69,42 25,14 5,35 0,237 400  2 386488,03125 1
34,07 1198 1049 281,17 259,85 49,45 25,14 5,35 0,2324 400  2 383880,03125 1
34,1 4057 1561 247,24 144,83 30,28 25,14 5,35 0,3364 400  2 359172,21875 1
35,04 5318 1807 217,47 102,38 25,99 25,14 5,35 0,4096 401  2 340199,34375 1
36,38 5587 1898 204,0 86,44 24,73 25,14 5,35 0,482 402  2 320100,03125 1
37,61 5575 1911 188,53 76,4 24,57 25,14 5,35 0,561 404  2 311909,84375 1
39,45 5776 1964 177,14 71,06 23,92 25,14 5,35 0,6346 407  2 304943,40625 1
40,24 5831 1983 165,38 64,74 23,69 25,14 5,35 0,7002 409  2 300645,90625 1
40,83 5714 1942 166,34 62,8 24,15 25,14 5,35 0,7824 411  3 295185,9375 1
41,37 5666 1990 155,66 61,66 23,61 25,14 5,35 0,8562 412  3 292906,1875 1
41,82 5706 1939 156,14 61,23 24,21 25,14 5,35 0,9653 414  3 287964,0 1
41,82 5821 1979 149,26 59,15 23,73 25,14 5,35 1,0164 414  3 286995,53125 1
42,18 5733 1949 147,61 58,45 24,1 25,14 5,35 1,0788 415  3 282249,1875 1
42,51 5652 1921 145,23 58,2 24,29 25,14 5,35 1,1141 415  3 280855,71875 1
43,04 5593 1900 143,18 57,41 24,7 25,14 5,35 1,1422 415  3 277431,59375 1
43,28 5455 1857 150,07 58,06 25,28 25,14 5,35 1,1934 416  3 278109,71875 1
43,4 5593 1900 139,35 57,34 24,7 25,14 5,35 1,2272 416  3 275416,90625 1
43,52 5450 1904 137,76 57,14 24,65 25,14 5,35 1,2616 416  3 277431,59375 1
43,7 5600 1903 137,43 57,28 24,67 25,14 5,35 1,3188 416  3 274751,8125 1
43,81 5600 1903 134,31 56,26 24,67 25,14 5,35 1,3314 416  3 274530,84375 1
43,84 5422 1842 135,63 57,14 25,48 25,14 5,35 1,3475 416  3 272557,90625 1
43,84 5499 1868 134,53 58,25 25,12 25,14 5,35 1,3872 416  3 272993,875 1
43,93 5488 1879 133,13 56,6 24,98 25,14 5,35 1,3966 416  3 270827,8125 1
43,95 5510 1801 130,67 56,3 26,07 25,14 5,35 1,4105 416  3 270613,09375 1
34,05 462 854 297,82 327,87 69,16 25,14 5,35 0,2435 400  2 382160,84375 1
34,03 629 904 285,68 311,64 62,44 25,14 5,35 0,2777 400  2 383880,03125 1
34,11 3185 1425 253,59 173,58 33,47 25,14 5,35 0,3422 400  2 340878,84375 1
35,09 5239 1783 218,8 105,22 26,32 25,14 5,35 0,4148 400  2 328099,96875 1
37,69 5511 1872 198,61 86,41 25,07 25,14 5,35 0,4948 402  2 318308,96875 1
38,72 5623 1954 187,7 77,04 24,02 25,14 5,35 0,5624 404  2 308805,78125 1
39,55 5767 1936 172,65 67,49 24,25 25,14 5,35 0,6343 407  2 304399,53125 1
40,28 5845 1988 164,04 64,26 23,63 25,14 5,35 0,7047 409  2 298542,28125 1
40,28 5684 1932 162,94 63,27 24,3 25,14 5,35 0,8427 412  3 294422,09375 1
40,94 5749 1954 155,71 62,48 24,02 25,14 5,35 0,9038 413  3 290909,09375 1
41,42 5686 1932 152,58 60,36 24,29 25,14 5,35 0,9618 413  3 288450,71875 1
41,94 5636 1931 147,66 58,57 24,3 25,14 5,35 1,0099 414  3 282249,1875 1
42,28 5583 1897 148,46 58,65 24,74 25,14 5,35 1,0526 414  3 278791,1875 1
42,91 5626 1912 144,88 57,78 24,55 25,14 5,35 1,0935 415  3 277883,3125 1
43,09 5547 1879 141,4 57,92 24,97 25,14 5,35 1,1462 415  3 277883,3125 1
43,32 5583 1897 138,18 57,78 24,74 25,14 5,35 1,1841 415  3 275416,90625 1
43,5 5502 1869 139,64 56,76 25,11 25,14 5,35 1,2183 415  3 274310,21875 1
43,67 5575 1894 139,87 57,9 24,78 25,14 5,35 1,2681 415  3 273431,25 1
43,74 5569 1892 135,45 56,14 24,8 25,14 5,35 1,3022 415  3 272340,4375 1
43,74 5635 1900 133,99 56,85 24,7 25,14 5,35 1,3149 415  3 269971,0 1
43,82 5467 1857 135,72 57,37 25,27 25,14 5,35 1,3391 415  3 270398,71875 1
43,94 5386 1829 133,76 57,04 25,65 25,14 5,35 1,355 415  3 269331,9375 1
43,96 5384 1842 130,41 56,97 25,47 25,14 5,35 1,3812 415  3 271258,28125 1
44,05 5348 1816 133,99 56,54 25,83 25,14 5,35 1,39 415  3 269119,59375 1
34,02 437 847 296,51 320,73 70,34 25,14 5,35 0,2495 400  2 382374,90625 1
34,01 550 881 290,85 314,18 65,34 25,14 5,35 0,274 400  2 358794,6875 1
34,08 3023 1399 257,83 173,0 34,2 25,14 5,35 0,3365 400  2 340538,75 1
36,47 5128 1743 224,58 116,94 26,95 25,14 5,35 0,4063 400  2 326843,28125 1
37,75 5745 1873 205,17 88,33 25,09 25,14 5,35 0,4747 401  2 316537,875 1
38,8 5778 1964 179,01 71,98 23,9 25,14 5,35 0,55 403  2 309927,375 1
38,8 5716 1943 171,83 67,75 24,16 25,14 5,35 0,615 406  2 303317,53125 1
39,61 5727 1947 169,69 65,09 24,11 25,14 5,35 0,7584 409  2 295185,9375 1
40,36 5671 1962 159,55 62,76 23,93 25,14 5,35 0,8436 410  3 293409,75 1
40,96 5715 1942 155,35 60,75 24,16 25,14 5,35 0,8965 411  3 285554,9375 1
41,46 5708 1940 152,17 58,95 24,2 25,14 5,35 0,9575 412  3 283185,84375 1
42,35 5764 1959 149,16 60,06 23,96 25,14 5,35 1,0227 412  3 281550,71875 1
42,67 5750 1944 147,21 57,55 24,15 25,14 5,35 1,0752 413  3 279934,375 1
42,96 5698 1936 144,74 57,82 24,24 25,14 5,35 1,1172 413  3 276532,53125 1
43,21 5665 1925 141,01 57,45 24,38 25,14 5,35 1,1623 413  3 277206,28125 1
43,38 5559 1888 138,79 57,06 24,84 25,14 5,35 1,2327 413  3 273650,46875 1
43,52 5621 1910 137,11 55,77 24,93 25,14 5,35 1,2851 413  3 274973,15625 1
43,52 5525 1877 134,17 56,79 25,0 25,14 5,35 1,3109 413  3 270184,6875 1
43,65 5606 1905 135,4 56,01 24,63 25,14 5,35 1,3196 413  3 269971,0 1
43,8 5564 1890 135,58 56,78 24,82 25,14 5,35 1,3524 414  3 268484,53125 1
43,92 5549 1885 133,13 56,35 24,89 25,14 5,35 1,3763 414  3 268907,5625 1
44,0 5452 1852 133,26 57,22 25,33 25,14 5,35 1,4126 414  3 269331,9375 1
44,07 5500 1868 129,84 56,6 25,11 25,14 5,35 1,4238 414  3 269119,59375 1
44,07 5415 1839 132,63 56,76 25,5 25,14 5,35 1,4247 414  3 268907,5625 1
33,91 438 847 288,4 325,44 70,29 25,14 5,35 0,2626 400  2 380669,15625 1
33,91 459 854 284,04 323,79 69,25 25,14 5,35 0,289 400  2 358041,96875 1
35,13 1967 1390 257,57 180,9 34,45 25,14 5,35 0,347 400  2 338848,4375 1
36,53 5453 1852 211,52 92,56 25,33 25,14 5,35 0,4198 400  2 326530,625 1
36,53 5646 1918 194,23 80,59 24,46 25,14 5,35 0,4861 401  2 315368,03125 1
37,77 5747 1929 176,07 73,01 24,33 25,14 5,35 0,5563 403  2 310773,90625 1
38,79 5665 1925 171,31 67,27 24,38 25,14 5,35 0,7051 408  2 301442,4375 1
39,62 5871 1997 163,93 64,04 23,52 25,14 5,35 0,7713 409  3 295953,75 1
40,42 5794 1970 166,17 62,19 23,83 25,14 5,35 0,8306 410  3 288207,15625 1
40,98 5843 1987 158,16 61,12 23,63 25,14 5,35 0,8943 411  3 283656,5 1
41,94 5755 1980 152,58 60,53 23,71 25,14 5,35 0,9754 412  3 282249,1875 1
42,31 5786 1939 148,31 58,83 24,2 25,14 5,35 1,0211 412  3 278791,1875 1
42,71 5850 1990 141,97 57,74 23,6 25,14 5,35 1,0711 413  3 276532,53125 1
42,93 5580 1896 141,3 56,91 24,74 25,14 5,35 1,1088 413  3 275416,90625 1
43,2 5729 1947 139,87 57,26 24,1 25,14 5,35 1,1807 413  3 274310,21875 1
43,2 5590 1899 139,82 56,32 24,7 25,14 5,35 1,2151 413  3 272557,90625 1
43,42 5569 1892 137,94 56,95 24,79 25,14 5,35 1,2741 413  3 272340,4375 1
43,5 5629 1913 136,23 56,62 24,53 25,14 5,35 1,3025 413  3 269971,0 1
43,8 5652 1847 135,45 56,97 25,4 25,14 5,35 1,3286 413  3 270613,09375 1
43,87 5391 1871 132,59 57,55 25,07 25,14 5,35 1,3781 413  3 270184,6875 1
43,94 5479 1861 133,08 55,58 25,2 25,14 5,35 1,4169 413  3 267852,46875 1
43,99 5536 1881 131,83 56,11 24,94 25,14 5,35 1,4283 414  3 267432,75 1
44,04 5446 1877 130,67 56,58 24,98 25,14 5,35 1,4639 414  3 265353,71875 1
44,04 5418 1840 130,41 56,32 25,48 25,14 5,35 1,4907 414  3 266597,25 1
34,02 456 846 292,43 329,09 70,41 25,14 5,35 0,2612 400  2 366893,59375 1
34,12 1831 855 287,42 327,31 69,09 25,14 5,35 0,2765 400  2 359929,6875 1
34,12 4519 1628 227,41 129,97 28,92 25,14 5,35 0,3291 400  2 341219,59375 1
35,23 5502 1864 208,04 91,75 25,17 25,14 5,35 0,3956 400  2 329684,46875 1
36,62 5631 1913 194,16 81,03 24,52 25,14 5,35 0,5459 403  2 318012,4375 1
37,84 5721 1944 181,76 73,83 24,13 25,14 5,35 0,616 405  2 308526,65625 1
38,84 5656 1922 170,27 69,79 24,41 25,14 5,35 0,6866 408  2 302243,21875 1
39,65 5850 1989 167,07 65,51 23,73 25,14 5,35 0,7579 411  2 291405,8125 1
40,42 5652 1920 162,0 61,5 24,43 25,14 5,35 0,8232 413  3 288450,71875 1
41,57 5865 1995 161,46 61,89 23,53 25,14 5,35 0,8821 414  3 283420,96875 1
41,98 5672 1928 151,96 59,73 24,34 25,14 5,35 0,9282 415  3 281783,15625 1
42,38 5786 1930 148,76 59,15 24,3 25,14 5,35 0,9793 416  3 280394,3125 1
42,7 5703 1938 141,78 57,41 24,2 25,14 5,35 1,0252 417  3 277206,28125 1
42,7 5739 1951 143,71 57,67 24,05 25,14 5,35 1,131 418  3 276981,34375 1
42,96 5585 1897 138,51 56,85 24,72 25,14 5,35 1,1673 418  3 273870,03125 1
43,16 5699 1932 136,88 57,08 24,28 25,14 5,35 1,2032 418  3 270398,71875 1
43,38 5536 1881 136,23 56,24 24,94 25,14 5,35 1,2504 418  3 273870,03125 1
43,65 5547 1884 136,5 56,85 24,89 25,14 5,35 1,3018 418  3 269757,625 1
43,79 5639 1927 134,4 55,9 24,34 25,14 5,35 1,3378 418  3 267642,4375 1
43,89 5534 1898 134,21 56,99 24,7 25,14 5,35 1,3601 418  3 269757,625 1
43,98 5504 1870 131,47 56,47 25,08 25,14 5,35 1,3867 418  3 266389,1875 1
43,98 5518 1875 130,1 56,68 25,01 25,14 5,35 1,4256 419  3 265974,03125 1
44,05 5489 1864 132,32 56,51 25,15 25,14 5,35 1,4295 419  3 266597,25 1
44,05 5554 1834 132,81 56,49 25,57 25,14 5,35 1,4473 419  3 263510,03125 1
33,98 462 853 286,45 315,03 69,25 25,14 5,35 0,2763 400  2 376886,28125 1
34,03 1566 1130 265,27 229,81 44,54 25,14 5,35 0,2794 400  2 361454,28125 1
34,18 4650 1646 227,48 134,17 28,57 25,14 5,35 0,3254 400  2 340878,84375 1
35,29 5456 1853 210,45 99,71 25,3 25,14 5,35 0,4673 401  2 327784,90625 1
36,67 5596 1901 197,74 83,68 24,67 25,14 5,35 0,5448 402  2 316831,6875 1
37,94 5784 1940 182,62 74,63 24,18 25,14 5,35 0,6174 404  2 301442,4375 1
38,95 5727 1947 171,54 68,21 24,1 25,14 5,35 0,6822 408  2 296467,875 1
40,54 5752 1955 170,79 65,62 23,99 25,14 5,35 0,7508 410  2 293409,75 1
41,14 5743 1967 161,02 62,95 23,85 25,14 5,35 0,8165 412  3 288207,15625 1
41,69 5760 1958 153,15 60,59 23,96 25,14 5,35 0,884 413  3 282482,75 1
42,11 5662 1924 149,21 60,0 24,38 25,14 5,35 0,9443 414  3 282951,09375 1
42,11 5746 1953 146,56 59,21 24,02 25,14 5,35 1,0426 415  3 277883,3125 1
42,49 5704 1938 146,11 58,33 24,2 25,14 5,35 1,1012 416  3 277206,28125 1
42,83 5673 1941 141,63 57,74 24,16 25,14 5,35 1,1554 416  3 273870,03125 1
43,05 5701 1938 139,31 56,66 24,2 25,14 5,35 1,2035 416  3 270398,71875 1
43,31 5726 1946 138,37 58,27 24,1 25,14 5,35 1,2395 417  3 269331,9375 1
43,65 5600 1903 135,03 57,14 24,64 25,14 5,35 1,2717 417  3 267432,75 1
43,79 5583 1897 132,32 55,82 24,72 25,14 5,35 1,3 417  3 267432,75 1
43,94 5591 1899 135,4 56,64 24,68 25,14 5,35 1,3159 417  3 267223,375 1
44,04 5559 1888 133,58 56,2 24,83 25,14 5,35 1,3453 417  3 266389,1875 1
44,06 5453 1852 133,63 56,7 25,31 25,14 5,35 1,4144 417  3 266389,1875 1
44,06 5714 1898 131,69 56,43 24,7 25,14 5,35 1,4352 417  3 265560,15625 1
44,12 5412 1838 131,07 56,07 25,5 25,14 5,35 1,4649 417  3 263306,75 1
44,16 5410 1838 128,48 56,78 25,51 25,14 5,35 1,4631 417  3 264326,28125 1
34,17 441 848 283,85 327,76 70,08 25,14 5,35 0,288 400  2 376263,09375 1
34,14 836 960 276,36 275,7 56,45 25,14 5,35 0,2836 400  2 364932,28125 1
34,3 3644 1612 230,35 139,87 29,21 25,14 5,35 0,3851 400  2 345362,5625 1
35,51 5393 1832 213,75 103,04 25,59 25,14 5,35 0,4633 401  2 329048,84375 1
36,82 5625 1911 201,19 85,39 24,53 25,14 5,35 0,5343 402  2 307692,3125 1
38,09 5726 1946 186,56 75,04 24,1 25,14 5,35 0,5993 404  2 301708,90625 1
39,92 5769 1961 176,49 70,53 23,92 25,14 5,35 0,6677 407  2 297760,96875 1
40,62 5904 2009 163,55 62,67 23,37 25,14 5,35 0,7264 409  2 290414,0625 1
40,62 5855 1991 158,59 62,33 23,57 25,14 5,35 0,8059 410  3 286273,40625 1
41,19 5737 1950 150,79 60,1 24,05 25,14 5,35 0,8633 412  3 282716,71875 1
41,76 5687 1921 149,26 59,37 24,41 25,14 5,35 0,9914 413  3 278791,1875 1
42,17 5766 1960 147,56 58,14 23,93 25,14 5,35 1,0406 414  3 277657,28125 1
42,57 5676 1929 144,34 58,1 24,31 25,14 5,35 1,097 414  3 273431,25 1
42,93 5653 1921 142,6 56,83 24,41 25,14 5,35 1,1299 415  3 271690,09375 1
43,37 5637 1915 142,84 57,34 24,48 25,14 5,35 1,1815 415  3 269544,625 1
43,55 5698 1907 139,4 56,66 24,58 25,14 5,35 1,2289 415  3 267223,375 1
43,74 5575 1894 135,68 56,81 24,75 25,14 5,35 1,2561 415  3 270613,09375 1
43,84 5586 1898 137,8 56,51 24,7 25,14 5,35 1,29 415  3 267642,4375 1
43,94 5474 1859 137,94 56,33 24,67 25,14 5,35 1,346 415  3 267223,375 1
43,94 5459 1854 131,29 56,54 25,28 25,14 5,35 1,3639 415  3 264531,125 1
44,04 5486 1864 134,31 56,95 25,15 25,14 5,35 1,378 415  3 264941,78125 1
44,07 5567 1891 129,4 56,47 24,78 25,14 5,35 1,3984 415  3 263306,75 1
44,19 5546 1884 130,19 56,07 24,88 25,14 5,35 1,4071 415  3 261491,3125 1
44,19 5497 1864 129,92 55,75 25,15 25,14 5,35 1,4171 415  3 264531,125 1
34,21 474 850 284,9 323,79 69,82 25,14 5,35 0,2913 400  2 366499,65625 1
34,25 738 934 279,27 297,12 58,99 25,14 5,35 0,3265 400  2 364153,625 1
34,41 3449 1468 245,9 163,44 32,35 25,14 5,35 0,3896 400  2 332899,875 1
35,65 5330 1811 215,57 110,7 25,89 25,14 5,35 0,464 400  2 320701,53125 1
38,25 5546 1983 196,54 85,34 23,65 25,14 5,35 0,5361 402  2 310491,21875 1
39,17 5907 1936 185,36 76,16 24,22 25,14 5,35 0,6118 403  2 301975,8125 1
39,17 5717 1943 170,9 66,81 24,13 25,14 5,35 0,6844 406  2 297501,4375 1
40,07 5897 2006 161,29 63,59 23,39 25,14 5,35 0,7415 409  2 292154,0625 1
40,81 5838 1993 159,34 62,02 23,53 25,14 5,35 0,8901 411  3 284840,0625 1
41,34 5865 1995 153,05 59,95 23,52 25,14 5,35 0,9473 412  3 283656,5 1
41,89 5732 1948 151,71 59,29 24,07 25,14 5,35 1,0177 413  3 278336,5 1
42,31 5787 1967 146,71 58,39 23,84 25,14 5,35 1,0716 414  3 274530,84375 1
42,71 5835 1964 143,86 57,49 23,88 25,14 5,35 1,1175 414  3 274310,21875 1
43,28 5749 1954 144,59 57,92 23,99 25,14 5,35 1,156 414  3 271690,09375 1
43,45 5674 1928 136,97 56,2 24,31 25,14 5,35 1,1895 414  3 268273,5 1
43,72 5588 1899 138,04 56,35 24,68 25,14 5,35 1,2244 415  3 266805,625 1
43,88 5728 1908 137,11 56,85 24,57 25,14 5,35 1,2709 415  3 268907,5625 1
43,88 5639 1916 133,22 56,78 24,46 25,14 5,35 1,3158 415  3 266181,4375 1
43,98 5584 1897 135,81 56,93 24,7 25,14 5,35 1,3496 415  3 264531,125 1
44,07 5556 1888 135,4 56,26 24,83 25,14 5,35 1,357 415  3 264531,125 1
44,19 5560 1877 131,69 55,9 24,97 25,14 5,35 1,4061 415  3 263510,03125 1
44,3 5679 1930 132,68 55,22 24,29 25,14 5,35 1,4199 415  3 262901,15625 1
44,3 5515 1858 131,83 56,56 25,22 25,14 5,35 1,4411 415  3 262295,09375 1
44,35 5511 1872 127,66 56,49 25,23 25,14 5,35 1,4477 415  3 262295,09375 1
34,24 467 856 289,57 329,98 68,81 25,14 5,35 0,2865 400  2 365322,875 1
34,25 504 867 284,71 323,46 67,15 25,14 5,35 0,3118 400  2 346766,0 1
34,51 2235 1408 241,04 170,79 33,9 25,14 5,35 0,3736 400  2 330963,15625 1
37,08 5274 1792 219,25 113,86 26,16 25,14 5,35 0,4428 400  2 320400,5 1
37,08 5617 1905 197,47 90,91 24,6 25,14 5,35 0,5144 401  2 308805,78125 1
38,35 5868 1960 177,32 70,15 23,93 25,14 5,35 0,5873 403  2 301708,90625 1
39,29 5868 1996 172,0 67,7 23,5 25,14 5,35 0,663 406  2 294422,09375 1
40,12 5837 1985 160,91 64,15 23,63 25,14 5,35 0,8136 409  3 289674,6875 1
40,79 5778 1964 160,26 61,83 23,87 25,14 5,35 0,8687 410  3 287721,28125 1
41,36 5815 1977 156,72 60,69 23,72 25,14 5,35 0,9254 411  3 278791,1875 1
41,94 5884 1970 154,82 59,65 23,81 25,14 5,35 0,9815 412  3 276981,34375 1
42,69 5791 1969 146,46 59,33 23,81 25,14 5,35 1,04 412  3 273431,25 1
43,06 5807 1996 146,46 57,53 23,5 25,14 5,35 1,094 412  3 271042,875 1
43,29 5683 1948 139,82 56,66 24,07 25,14 5,35 1,1624 413  3 271258,28125 1
43,48 5704 1938 140,49 57,14 24,18 25,14 5,35 1,1922 413  3 267852,46875 1
43,48 5667 1926 137,99 56,78 24,34 25,14 5,35 1,2517 413  3 269119,59375 1
43,72 5559 1888 135,22 56,58 24,81 25,14 5,35 1,2816 413  3 267223,375 1
43,88 5719 1944 136,23 57,84 24,11 25,14 5,35 1,309 413  3 265974,03125 1
44,0 5531 1897 135,03 57,04 24,7 25,14 5,35 1,3254 413  3 263510,03125 1
44,14 5518 1874 134,17 56,97 25,0 25,14 5,35 1,3523 413  3 261691,796875 1
44,25 5574 1894 132,59 55,86 24,74 25,14 5,35 1,3561 413  3 262901,15625 1
44,27 5525 1914 129,22 57,12 24,48 25,14 5,35 1,3716 413  3 262295,09375 1
44,3 5488 1864 126,07 55,37 25,13 25,14 5,35 1,3962 413  3 263306,75 1
44,34 5530 1879 129,57 56,32 24,94 25,14 5,35 1,4059 413  3 261691,796875 1
34,15 477 859 286,26 325,0 68,32 25,14 5,35 0,2897 400  2 364542,53125 1
34,24 470 857 282,31 325,77 68,65 25,14 5,35 0,3128 400  2 350684,9375 1
34,41 2195 1254 256,79 199,56 38,9 25,14 5,35 0,3686 400  2 330322,59375 1
35,68 5561 1889 198,55 91,22 24,8 25,14 5,35 0,4359 400  2 318903,78125 1
37,1 5600 1903 187,76 78,33 24,63 25,14 5,35 0,5091 401  2 312195,125 1
38,31 5692 1934 176,31 72,39 24,23 25,14 5,35 0,5833 403  2 300645,90625 1
39,34 5696 1936 170,27 67,11 24,21 25,14 5,35 0,7259 407  2 296467,875 1
40,1 5859 1988 163,05 63,74 23,58 25,14 5,35 0,7969 409  3 289429,0625 1
40,81 5827 1982 158,69 63,83 23,66 25,14 5,35 0,8535 410  3 282015,96875 1
41,44 5730 1948 161,73 61,98 24,07 25,14 5,35 0,9037 411  3 279934,375 1
42,42 5873 1997 150,18 59,21 23,48 25,14 5,35 0,9584 411  3 276532,53125 1
42,77 5766 2005 150,18 58,16 23,39 25,14 5,35 1,0126 412  3 273870,03125 1
43,07 5774 1963 141,25 56,93 23,88 25,14 5,35 1,0682 412  3 272340,4375 1
43,07 5858 1992 142,74 57,55 23,53 25,14 5,35 1,1155 412  3 270184,6875 1
43,32 5735 1949 139,54 57,2 24,04 25,14 5,35 1,2092 412  3 269119,59375 1
43,51 5626 1946 136,78 56,6 24,08 25,14 5,35 1,2492 413  3 266181,4375 1
43,68 5594 1900 137,85 55,5 24,65 25,14 5,35 1,2884 413  3 264941,78125 1
43,87 5641 1917 133,31 55,77 24,44 25,14 5,35 1,3176 413  3 264736,3125 1
44,1 5652 1921 138,18 55,78 24,39 25,14 5,35 1,3375 413  3 263713,625 1
44,2 5542 1900 131,25 55,63 24,66 25,14 5,35 1,3644 413  3 262093,671875 1
44,23 5483 1862 129,09 56,01 25,15 25,14 5,35 1,3939 413  3 261091,28125 1
44,28 5621 1910 129,09 56,32 24,53 25,14 5,35 1,4231 413  3 259898,484375 1
44,3 5546 1884 127,87 55,77 24,86 25,14 5,35 1,4678 413  3 259109,3125 1
44,3 5576 1858 131,29 56,11 25,21 25,14 5,35 1,4859 413  3 259898,484375 1
34,13 424 843 298,02 323,35 70,89 25,14 5,35 0,2864 400  2 362991,84375 1
34,06 1922 842 290,45 322,58 70,96 25,14 5,35 0,2997 400  2 351769,15625 1
34,34 5003 1695 225,72 126,28 27,68 25,14 5,35 0,3514 400  2 335517,6875 1
35,66 5493 1866 210,95 94,94 25,11 25,14 5,35 0,4204 400  2 320100,03125 1
37,09 5687 1918 188,46 81,03 24,43 25,14 5,35 0,5679 402  2 313054,125 1
38,26 5958 2027 176,31 73,01 23,14 25,14 5,35 0,6458 405  2 304943,40625 1
39,22 5801 1972 171,19 68,67 23,77 25,14 5,35 0,7288 408  2 292655,03125 1
40,11 5819 1978 164,99 66,0 23,69 25,14 5,35 0,7956 411  3 284840,0625 1
40,79 5876 1998 158,16 62,91 23,46 25,14 5,35 0,8562 413  3 283185,84375 1
41,91 5854 1991 153,36 61,48 23,55 25,14 5,35 0,9211 414  3 277657,28125 1
42,35 5834 1984 145,47 59,05 23,63 25,14 5,35 0,9839 415  3 274530,84375 1
42,35 5822 1980 145,23 58,97 23,68 25,14 5,35 1,0246 416  3 271906,53125 1
42,73 5661 1992 141,78 57,72 23,53 25,14 5,35 1,0688 417  3 271906,53125 1
43,08 5867 1995 139,26 57,82 23,49 25,14 5,35 1,1678 418  3 269757,625 1
43,29 5682 1931 137,43 56,76 24,26 25,14 5,35 1,2058 418  3 267852,46875 1
43,5 5613 1907 137,85 56,87 24,56 25,14 5,35 1,2424 418  3 265974,03125 1
43,73 5625 1911 135,45 56,68 24,51 25,14 5,35 1,2899 418  3 262496,78125 1
43,99 5628 1932 134,03 56,07 24,25 25,14 5,35 1,3337 418  3 264531,125 1
44,05 5622 1910 131,43 56,93 24,52 25,14 5,35 1,369 418  3 262093,671875 1
44,2 5554 1887 131,03 55,11 24,82 25,14 5,35 1,3785 418  3 263713,625 1
44,27 5500 1868 127,31 55,37 25,06 25,14 5,35 1,387 418  3 260493,515625 1
44,27 5584 1897 130,94 56,14 24,68 25,14 5,35 1,4113 419  3 260692,46875 1
44,3 5624 1911 130,72 55,82 24,51 25,14 5,35 1,4259 419  3 260692,46875 1
44,3 5432 1845 128,92 55,3 25,38 25,14 5,35 1,4371 419  3 259700,734375 1
33,92 425 843 283,08 332,56 70,84 25,14 5,35 0,2875 400  2 362221,4375 1
33,94 1093 1024 275,7 259,67 51,07 25,14 5,35 0,2865 400  2 355062,40625 1
34,27 3883 1657 229,03 130,06 28,34 25,14 5,35 0,3282 400  2 336510,03125 1
35,55 5402 1835 208,96 99,17 25,53 25,14 5,35 0,4649 401  2 323436,5 1
36,96 5676 1929 198,21 83,51 24,29 25,14 5,35 0,5343 402  2 311909,84375 1
38,18 5771 1962 182,87 74,23 23,89 25,14 5,35 0,6126 404  2 297242,375 1
39,19 5728 1947 171,83 69,94 24,07 25,14 5,35 0,6804 407  2 291904,21875 1
40,75 5908 1967 169,58 65,62 23,82 25,14 5,35 0,7575 409  3 286995,53125 1
40,75 5835 1975 161,4 63,36 23,73 25,14 5,35 0,8255 411  3 282015,96875 1
41,3 5918 2013 151,5 60,34 23,29 25,14 5,35 0,8858 412  3 278109,71875 1
41,82 5844 1940 147,16 59,65 24,15 25,14 5,35 0,9496 413  3 274089,9375 1
42,32 5762 1959 145,67 57,8 23,92 25,14 5,35 1,0523 414  3 272123,3125 1
42,63 5791 1969 145,37 57,28 23,8 25,14 5,35 1,0964 414  3 269971,0 1
42,99 5679 1930 140,3 56,6 24,27 25,14 5,35 1,1439 415  3 268484,53125 1
43,26 5737 1950 137,57 56,79 24,02 25,14 5,35 1,174 415  3 266389,1875 1
43,67 5768 1967 137,43 56,83 23,82 25,14 5,35 1,2084 415  3 264531,125 1
43,8 5686 1896 138,65 55,28 24,7 25,14 5,35 1,2427 415  3 263306,75 1
43,92 5719 1944 131,25 56,03 24,1 25,14 5,35 1,2807 415  3 263713,625 1
44,03 5608 1934 130,67 55,94 24,21 25,14 5,35 1,3235 415  3 262698,8125 1
44,03 5518 1874 131,43 56,18 24,98 25,14 5,35 1,36 415  3 262295,09375 1
44,17 5580 1896 127,79 56,26 24,7 25,14 5,35 1,3868 415  3 261291,140625 1
44,16 5458 1854 126,97 56,18 25,25 25,14 5,35 1,4011 415  3 260493,515625 1
44,26 5353 1818 129,09 55,86 25,75 25,14 5,35 1,43 415  3 256000,0 1
44,3 5514 1886 128,18 56,13 24,83 25,14 5,35 1,452 415  3 259503,296875 1
33,77 456 853 279,74 315,78 69,25 25,14 5,35 0,2909 400  2 362991,84375 1
33,77 976 996 275,52 273,29 53,28 25,14 5,35 0,2864 400  2 360309,65625 1
34,11 3935 1542 233,41 150,07 30,59 25,14 5,35 0,3913 400  2 340199,34375 1
35,44 5239 1840 206,78 99,27 25,45 25,14 5,35 0,4646 400  2 325596,1875 1
36,9 5644 1918 192,39 83,22 24,42 25,14 5,35 0,5432 402  2 304943,40625 1
38,08 5803 1973 178,59 74,88 23,75 25,14 5,35 0,6176 404  2 298281,375 1
39,15 5802 1973 169,98 69,09 23,75 25,14 5,35 0,6913 407  2 291157,25 1
39,96 5893 2006 161,07 63,44 23,37 25,14 5,35 0,7521 409  3 284840,0625 1
40,74 5851 1990 153,72 61,85 23,55 25,14 5,35 0,8101 410  3 281318,6875 1
41,29 5875 1998 154,72 59,55 23,45 25,14 5,35 0,879 412  3 281318,6875 1
41,8 5800 1972 153,05 60,71 23,76 25,14 5,35 1,007 413  3 276308,6875 1
42,25 5711 1941 143,71 57,69 24,13 25,14 5,35 1,0599 414  3 271690,09375 1
42,58 5831 1966 141,06 57,78 23,82 25,14 5,35 1,1181 414  3 267852,46875 1
42,93 5855 1991 140,87 56,85 23,53 25,14 5,35 1,1597 415  3 268484,53125 1
43,45 5841 1986 137,8 58,1 23,59 25,14 5,35 1,195 415  3 265766,9375 1
43,63 5726 1968 136,6 56,54 23,8 25,14 5,35 1,2401 415  3 264531,125 1
43,78 5649 1919 134,4 56,54 24,39 25,14 5,35 1,278 415  3 262698,8125 1
43,78 5756 1957 131,29 56,66 23,94 25,14 5,35 1,2967 415  3 262698,8125 1
43,92 5605 1904 132,19 55,52 24,58 25,14 5,35 1,3437 415  3 262295,09375 1
43,98 5592 1900 129,4 55,35 24,64 25,14 5,35 1,3632 415  3 260692,46875 1
44,05 5509 1906 127,96 55,84 24,57 25,14 5,35 1,3949 415  3 259700,734375 1
44,15 5550 1885 129,05 55,99 24,83 25,14 5,35 1,4059 415  3 259898,484375 1
44,21 5612 1907 130,94 55,24 24,55 25,14 5,35 1,4174 415  3 258324,921875 1
44,31 5569 1925 125,98 56,6 24,32 25,14 5,35 1,4308 415  3 257934,515625 1
33,59 466 856 290,55 326,87 68,79 25,14 5,35 0,2781 400  2 361837,46875 1
33,63 560 968 272,83 280,79 55,61 25,14 5,35 0,3104 400  2 363378,28125 1
34,04 3561 1485 235,79 155,19 31,88 25,14 5,35 0,3795 400  2 329048,84375 1
35,31 5340 1814 212,96 106,19 25,81 25,14 5,35 0,4559 400  2 314206,8125 1
36,79 5722 1945 191,87 87,95 24,08 25,14 5,35 0,5333 401  2 307138,5625 1
38,02 5860 1922 185,55 76,32 24,36 25,14 5,35 0,5997 403  2 297242,375 1
39,08 5914 2012 164,6 66,61 23,3 25,14 5,35 0,6801 406  2 293157,75 1
39,89 5747 1953 157,62 63,12 23,98 25,14 5,35 0,7492 408  2 286995,53125 1
40,56 5743 1952 156,51 62,5 23,99 25,14 5,35 0,8867 411  3 280624,84375 1
41,18 5801 1972 152,33 60,28 23,24 25,14 5,35 0,937 412  3 278109,71875 1
41,68 5818 1978 150,38 59,95 23,68 25,14 5,35 0,9956 413  3 274310,21875 1
42,17 5752 1955 145,08 57,76 23,95 25,14 5,35 1,0558 413  3 271690,09375 1
42,52 6004 2044 142,6 57,76 22,94 25,14 5,35 1,1119 414  3 268907,5625 1
43,11 5758 1957 137,99 57,08 23,93 25,14 5,35 1,1544 414  3 265974,03125 1
43,37 5606 1905 137,11 57,98 24,58 25,14 5,35 1,1934 414  3 264326,28125 1
43,37 5650 1920 135,13 55,75 24,39 25,14 5,35 1,2458 414  3 263510,03125 1
43,52 5561 1889 132,14 56,07 24,78 25,14 5,35 1,2707 415  3 264531,125 1
43,71 5621 1939 134,35 55,94 24,15 25,14 5,35 1,3369 415  3 260692,46875 1
43,84 5701 1937 131,43 56,32 24,16 25,14 5,35 1,3739 415  3 261291,140625 1
43,93 5684 1931 129,7 56,03 24,24 25,14 5,35 1,4038 415  3 259503,296875 1
44,04 5508 1871 129,48 56,35 25,01 25,14 5,35 1,4212 415  3 259109,3125 1
44,14 5632 1914 126,15 55,43 24,46 25,14 5,35 1,4577 415  3 257739,75 1
44,16 5545 1884 125,05 55,56 24,84 25,14 5,35 1,4697 415  3 257739,75 1
44,2 5491 1865 124,2 55,99 25,09 25,14 5,35 1,4959 415  3 256577,296875 1
33,46 479 860 278,7 320,08 68,16 25,14 5,35 0,2781 400  2 359929,6875 1
33,44 466 856 284,33 317,71 68,79 25,14 5,35 0,3073 400  2 345362,5625 1
33,88 2538 1316 246,48 186,75 36,64 25,14 5,35 0,3672 400  2 329684,46875 1
35,26 5146 1821 215,86 110,63 25,7 25,14 5,35 0,4389 400  2 317420,96875 1
36,68 5785 1967 187,07 78,2 23,81 25,14 5,35 0,5074 401  2 305489,25 1
38,0 5897 2006 172,53 70,96 23,36 25,14 5,35 0,5762 403  2 300381,34375 1
38,95 5709 1940 168,21 67,24 24,13 25,14 5,35 0,6527 405  2 289674,6875 1
39,85 5792 1939 160,75 62,48 24,15 25,14 5,35 0,7912 409  3 286513,71875 1
40,51 5794 1970 156,67 62,25 23,77 25,14 5,35 0,8716 410  3 282249,1875 1
41,18 5853 1990 154,98 61,35 23,53 25,14 5,35 0,9494 411  3 276308,6875 1
41,68 5792 1969 150,07 59,67 23,78 25,14 5,35 1,0052 411  3 273431,25 1
42,49 5849 1989 149,16 59,11 23,55 25,14 5,35 1,0806 412  3 269119,59375 1
42,49 5821 1951 140,39 57,43 23,99 25,14 5,35 1,1294 412  3 268695,875 1
42,78 5723 1945 139,35 56,14 24,07 25,14 5,35 1,1779 412  3 267014,34375 1
43,12 5878 1999 134,62 55,78 23,43 25,14 5,35 1,2316 413  3 264736,3125 1
43,31 5586 1976 135,95 55,16 23,69 25,14 5,35 1,2846 413  3 262901,15625 1
43,51 5673 1928 135,86 55,8 24,28 25,14 5,35 1,3083 413  3 263917,53125 1
43,66 5614 1907 131,07 55,99 24,53 25,14 5,35 1,3312 413  3 260294,859375 1
43,82 5679 1930 136,23 55,99 24,25 25,14 5,35 1,3592 413  3 259898,484375 1
44,02 5673 1928 130,01 55,65 24,28 25,14 5,35 1,3898 413  3 259503,296875 1
44,1 5472 1901 131,38 54,98 24,62 25,14 5,35 1,414 413  3 257157,203125 1
44,08 5583 1897 128,44 55,31 24,67 25,14 5,35 1,437 413  3 257739,75 1
44,15 5644 1918 126,45 55,28 24,4 25,14 5,35 1,459 413  3 257545,265625 1
44,15 5589 1898 123,33 54,53 24,65 25,14 5,35 1,5027 413  3 257157,203125 1
33,33 443 848 286,16 322,69 69,87 25,14 5,35 0,2781 400  2 360309,65625 1
33,31 409 855 282,79 324,23 68,88 25,14 5,35 0,2952 400  2 348892,6875 1
33,76 4833 1253 246,23 195,28 38,89 25,14 5,35 0,3508 400  2 330322,59375 1
35,22 5467 1857 201,8 94,9 25,2 25,14 5,35 0,4209 400  2 318903,78125 1
36,66 5846 2003 188,02 78,54 23,39 25,14 5,35 0,4913 401  2 308248,03125 1
37,9 5696 1936 177,2 71,18 24,18 25,14 5,35 0,6391 405  2 300910,96875 1
38,93 5812 1976 170,79 67,4 23,69 25,14 5,35 0,7101 408  2 293915,03125 1
39,77 5805 1974 164,88 64,48 23,73 25,14 5,35 0,7764 411  3 281783,15625 1
40,46 5804 1973 156,61 61,98 23,73 25,14 5,35 0,8338 413  3 279019,0625 1
41,14 5692 2031 153,62 61,52 23,07 25,14 5,35 0,8931 414  3 275862,0625 1
41,61 5754 1956 152,27 60,9 23,94 25,14 5,35 0,9542 415  3 272557,90625 1
42,06 5828 1982 141,4 58,63 23,63 25,14 5,35 1,0066 416  3 270184,6875 1
42,44 5728 1986 142,55 57,32 23,57 25,14 5,35 1,0543 417  3 267852,46875 1
42,81 5715 1942 139,4 57,28 24,1 25,14 5,35 1,102 417  3 266597,25 1
43,02 5786 1967 139,97 56,51 23,8 25,14 5,35 1,2105 418  3 265974,03125 1
43,29 5815 1977 132,86 57,32 23,68 25,14 5,35 1,2615 418  3 264326,28125 1
43,51 5741 1951 139,02 56,07 23,98 25,14 5,35 1,2887 418  3 261892,578125 1
43,63 5611 1947 133,76 56,24 24,04 25,14 5,35 1,3317 418  3 258716,53125 1
43,9 5586 1898 133,63 56,16 24,65 25,14 5,35 1,3561 418  3 260692,46875 1
44,01 5710 1941 129,48 55,61 24,11 25,14 5,35 1,3738 418  3 258520,578125 1
44,08 5556 1927 127,48 55,48 24,28 25,14 5,35 1,4019 418  3 257545,265625 1
44,08 5487 1864 123,74 56,07 25,1 25,14 5,35 1,4244 418  3 258129,5625 1
44,18 5599 1902 125,35 55,18 24,59 25,14 5,35 1,4703 418  3 255808,140625 1
44,15 5641 1917 126,15 54,5 24,41 25,14 5,35 1,4747 418  3 257157,203125 1
33,3 463 855 281,36 319,87 68,88 25,14 5,35 0,2745 400  2 362606,21875 1
33,21 1367 857 276,26 324,34 68,55 25,14 5,35 0,2841 400  2 349965,8125 1
33,73 4696 1653 222,53 124,67 28,39 25,14 5,35 0,3328 400  2 331284,375 1
35,18 5514 1873 198,75 96,26 24,98 25,14 5,35 0,399 400  2 318308,96875 1
36,64 5557 1888 188,27 81,72 24,78 25,14 5,35 0,5583 402  2 309927,375 1
37,96 5861 1993 182,81 74,18 23,49 25,14 5,35 0,6423 405  2 300381,34375 1
38,98 6011 2028 169,41 68,0 23,1 25,14 5,35 0,7139 408  2 288207,15625 1
39,81 5898 2006 164,38 63,53 23,34 25,14 5,35 0,7675 411  3 283656,5 1
40,56 5854 1991 161,18 64,81 23,52 25,14 5,35 0,829 412  3 279247,34375 1
41,18 5952 1955 152,74 61,62 23,94 25,14 5,35 0,8924 414  3 276532,53125 1
41,68 5801 1972 147,21 59,15 23,73 25,14 5,35 0,9596 415  3 271042,875 1
42,13 5756 1957 145,03 58,12 23,92 25,14 5,35 1,0138 416  3 269757,625 1
42,55 5830 1982 140,54 57,01 23,61 25,14 5,35 1,1039 417  3 268273,5 1
42,87 5840 1986 141,59 57,12 23,57 25,14 5,35 1,1559 417  3 266597,25 1
43,13 5752 1945 135,81 57,94 24,06 25,14 5,35 1,204 417  3 264326,28125 1
43,37 5652 1920 132,86 56,72 24,36 25,14 5,35 1,2402 418  3 261291,140625 1
43,54 5557 1888 132,63 55,63 24,78 25,14 5,35 1,2922 418  3 261091,28125 1
43,83 5633 1914 134,17 55,95 24,44 25,14 5,35 1,3244 418  3 259700,734375 1
43,97 5833 1984 128,52 55,65 23,6 25,14 5,35 1,3579 418  3 258520,578125 1
43,97 5769 1961 128,05 55,11 23,86 25,14 5,35 1,3893 418  3 257739,75 1
44,08 5827 1982 128,31 55,0 23,62 25,14 5,35 1,4215 418  3 257545,265625 1
44,17 5607 1905 125,22 54,29 24,55 25,14 5,35 1,488 418  3 255808,140625 1
44,21 5624 1895 126,5 54,72 24,68 25,14 5,35 1,5206 418  3 256384,578125 1
44,26 5617 1908 126,5 53,98 24,51 25,14 5,35 1,5299 418  3 255616,578125 1
33,18 427 843 281,36 324,23 70,65 25,14 5,35 0,2688 400  2 360690,375 1
33,12 1156 1039 269,43 252,56 49,94 25,14 5,35 0,2667 400  2 352860,09375 1
33,71 3989 1551 228,26 139,64 30,39 25,14 5,35 0,3084 400  2 335188,21875 1
35,23 5305 1844 202,0 97,31 25,37 25,14 5,35 0,4554 401  2 319800,125 1
36,69 5756 1956 190,84 83,39 23,92 25,14 5,35 0,5203 402  2 310491,21875 1
37,94 5796 1971 180,84 74,18 23,75 25,14 5,35 0,5916 404  2 293915,03125 1
39,01 5769 1961 171,66 69,87 23,86 25,14 5,35 0,6643 407  2 290167,1875 1
39,84 5859 1993 166,06 67,45 23,49 25,14 5,35 0,7386 409  2 283656,5 1
40,54 5887 2002 150,94 60,71 23,38 25,14 5,35 0,8032 410  3 279019,0625 1
41,2 5759 1958 152,53 60,67 23,9 25,14 5,35 0,8728 412  3 276756,75 1
41,72 5871 1997 145,62 58,53 23,45 25,14 5,35 0,9329 413  3 272340,4375 1
42,15 5800 1972 144,74 57,7 23,73 25,14 5,35 1,051 414  3 271258,28125 1
42,59 5778 1962 142,74 57,08 23,85 25,14 5,35 1,0932 414  3 268484,53125 1
42,91 5794 1970 142,45 57,49 23,76 25,14 5,35 1,1556 415  3 264121,75 1
43,12 5712 1941 137,15 55,97 24,1 25,14 5,35 1,2073 415  3 262093,671875 1
43,56 5697 1936 135,72 56,09 24,16 25,14 5,35 1,2352 415  3 263510,03125 1
43,56 5825 1965 133,22 56,13 23,81 25,14 5,35 1,27 415  3 260891,71875 1
43,81 5624 1911 131,61 56,05 24,48 25,14 5,35 1,2993 415  3 258912,765625 1
43,89 5627 1912 130,1 54,96 24,46 25,14 5,35 1,3321 415  3 259503,296875 1
44,01 5624 1911 127,44 54,68 24,48 25,14 5,35 1,4005 415  3 259306,15625 1
44,16 5725 1963 126,28 54,79 23,84 25,14 5,35 1,4182 415  3 257545,265625 1
44,23 5715 1942 128,35 55,13 24,08 25,14 5,35 1,4563 415  3 258912,765625 1
44,23 5736 1950 124,37 54,39 23,99 25,14 5,35 1,4871 415  3 254283,578125 1
44,31 5550 1885 124,16 55,88 24,8 25,14 5,35 1,5168 415  3 254473,15625 1
33,11 416 840 273,94 329,2 71,23 25,14 5,35 0,2678 400  2 359929,6875 1
33,06 630 1003 274,31 266,17 52,67 25,14 5,35 0,2925 400  2 358417,90625 1
33,69 3715 1509 232,78 146,51 31,29 25,14 5,35 0,3582 400  2 339185,15625 1
35,22 5243 1781 207,97 104,66 26,26 25,14 5,35 0,4328 400  2 312480,9375 1
35,22 5532 1879 192,07 85,65 24,89 25,14 5,35 0,5005 401  2 303857,5625 1
37,95 5770 1961 183,86 77,23 23,85 25,14 5,35 0,5746 403  2 296725,59375 1
38,96 5844 1959 171,6 70,13 23,88 25,14 5,35 0,6514 406  2 287964,0 1
39,84 5731 1948 161,67 63,72 24,02 25,14 5,35 0,7302 408  2 284128,75 1
40,56 5746 1953 152,79 62,21 23,95 25,14 5,35 0,8025 409  3 280855,71875 1
41,16 5903 1989 148,06 59,49 23,53 25,14 5,35 0,9274 411  3 276308,6875 1
41,69 5748 1954 145,87 59,33 23,94 25,14 5,35 0,9751 412  3 273431,25 1
42,15 5832 1983 144,1 59,05 23,6 25,14 5,35 1,0359 413  3 269971,0 1
42,56 5838 1985 138,55 58,08 23,57 25,14 5,35 1,0831 413  3 265147,59375 1
42,87 5767 1960 138,04 58,73 23,96 25,14 5,35 1,1361 413  3 263510,03125 1
43,15 5753 1956 135,45 56,01 23,92 25,14 5,35 1,1773 413  3 263103,8125 1
43,4 5767 1960 132,19 56,97 23,86 25,14 5,35 1,2258 414  3 260692,46875 1
43,56 5703 1938 132,95 56,87 24,13 25,14 5,35 1,2662 414  3 262093,671875 1
43,74 5771 1954 131,87 55,92 23,94 25,14 5,35 1,3045 414  3 260891,71875 1
43,95 5792 1969 132,77 55,09 23,76 25,14 5,35 1,3556 414  3 258912,765625 1
44,0 5615 1908 128,05 55,37 24,51 25,14 5,35 1,3931 414  3 258520,578125 1
44,14 5601 1903 130,81 54,77 24,57 25,14 5,35 1,4256 414  3 256577,296875 1
44,17 5729 1923 128,05 54,37 24,31 25,14 5,35 1,4367 414  3 256000,0 1
44,31 5560 1889 124,75 55,02 24,75 25,14 5,35 1,4492 414  3 255234,296875 1
44,31 5597 1911 124,92 55,0 24,46 25,14 5,35 1,4598 414  3 254283,578125 1
33,03 415 840 287,42 322,58 71,23 25,14 5,35 0,2565 400  2 361837,46875 1
32,98 537 877 281,64 313,01 65,62 25,14 5,35 0,2809 400  2 362221,4375 1
32,98 2943 1386 243,99 154,77 31,53 25,14 5,35 0,347 400  2 324976,1875 1
33,68 5317 1806 209,1 108,33 25,89 25,14 5,35 0,4251 400  2 313917,84375 1
36,66 5651 1920 195,81 88,78 24,35 25,14 5,35 0,5075 401  2 303048,25 1
37,93 5778 1916 179,92 78,09 24,41 25,14 5,35 0,5891 403  2 295185,9375 1
38,96 5668 1995 169,58 65,2 23,46 25,14 5,35 0,6546 406  2 288450,71875 1
39,84 5906 2009 162,33 63,27 23,3 25,14 5,35 0,7332 408  2 285316,25 1
40,56 5764 1960 154,3 61,68 23,87 25,14 5,35 0,8582 411  3 279019,0625 1
41,13 5760 1958 152,02 60,4 23,89 25,14 5,35 0,9404 412  3 275194,84375 1
41,7 5815 1977 148,81 60,2 23,66 25,14 5,35 0,9921 413  3 269331,9375 1
42,17 5743 1987 145,57 58,97 23,55 25,14 5,35 1,0538 413  3 268273,5 1
42,51 5811 1976 142,79 57,76 23,68 25,14 5,35 1,0962 414  3 264531,125 1
42,89 5834 1982 141,16 57,86 23,61 25,14 5,35 1,1325 414  3 265560,15625 1
43,16 5824 1926 132,81 57,34 24,28 25,14 5,35 1,1772 414  3 262295,09375 1
43,38 5723 1945 133,49 55,63 24,04 25,14 5,35 1,2162 414  3 261491,3125 1
43,62 5789 1968 131,83 55,13 23,77 25,14 5,35 1,2879 414  3 260493,515625 1
43,79 5775 1963 133,31 56,33 23,82 25,14 5,35 1,3219 415  3 259700,734375 1
43,93 5787 1967 129,53 55,45 23,77 25,14 5,35 1,3461 415  3 257351,09375 1
44,05 5746 1918 129,22 55,99 24,37 25,14 5,35 1,3791 415  3 257545,265625 1
44,16 5561 1889 126,15 55,45 24,74 25,14 5,35 1,403 415  3 254663,015625 1
44,25 5669 1926 125,6 54,7 24,27 25,14 5,35 1,424 415  3 257157,203125 1
44,34 5753 1944 126,54 54,46 24,06 25,14 5,35 1,4521 415  3 254853,15625 1
44,34 5713 1941 121,71 54,66 24,08 25,14 5,35 1,4882 415  3 253339,9375 1
33,02 415 837 283,94 323,79 71,61 25,14 5,35 0,261 400  2 359172,21875 1
32,96 462 854 275,52 315,03 68,88 25,14 5,35 0,2899 400  2 343624,15625 1
32,99 2505 1310 245,48 183,06 36,79 25,14 5,35 0,3516 400  2 328099,96875 1
35,24 4895 1681 220,88 118,02 27,87 25,14 5,35 0,4273 400  2 315076,9375 1
36,73 5677 1929 182,32 80,24 24,24 25,14 5,35 0,497 401  2 303317,53125 1
38,0 5807 1974 176,79 72,42 23,69 25,14 5,35 0,5653 403  2 296725,59375 1
39,04 5879 2000 166,45 67,81 23,4 25,14 5,35 0,6383 406  2 288939,0625 1
39,93 5834 1984 159,77 64,33 23,58 25,14 5,35 0,7752 409  3 285554,9375 1
40,6 5746 1986 153,78 62,21 23,55 25,14 5,35 0,8499 410  3 279475,96875 1
41,26 5901 2007 153,72 61,14 23,31 25,14 5,35 0,9126 411  3 274089,9375 1
41,79 5915 2012 150,18 59,75 23,26 25,14 5,35 0,98 411  3 271474,03125 1
42,24 5820 1979 143,95 58,89 23,64 25,14 5,35 1,0368 412  3 267642,4375 1
42,64 5817 1978 142,45 56,87 23,65 25,14 5,35 1,0971 412  3 264941,78125 1
42,91 5628 1912 136,5 56,43 24,44 25,14 5,35 1,1438 413  3 264531,125 1
43,23 5786 1967 137,62 56,43 23,77 25,14 5,35 1,2044 413  3 263306,75 1
43,43 5821 1979 133,81 55,52 23,63 25,14 5,35 1,2892 413  3 262093,671875 1
43,69 5778 1929 130,06 55,82 24,23 25,14 5,35 1,3105 413  3 259306,15625 1
43,83 5566 1891 129,97 55,86 24,72 25,14 5,35 1,3469 413  3 257545,265625 1
43,98 5727 1947 127,01 56,45 24,02 25,14 5,35 1,398 413  3 257351,09375 1
44,19 5624 1911 131,25 54,5 24,46 25,14 5,35 1,4096 413  3 256192,140625 1
44,19 5723 1937 128,92 55,88 24,13 25,14 5,35 1,426 413  3 256192,140625 1
44,26 5683 1931 124,58 55,09 24,2 25,14 5,35 1,4322 413  3 256577,296875 1
44,3 5681 1930 124,84 55,13 24,21 25,14 5,35 1,4511 413  3 254283,578125 1
44,33 5542 1883 122,16 55,37 24,82 25,14 5,35 1,4856 413  3 252403,25 1
32,91 388 831 277,58 322,37 72,69 25,14 5,35 0,2455 400  2 359550,5625 1
32,88 434 846 281,17 323,57 70,24 25,14 5,35 0,2598 400  2 347118,65625 1
33,67 4901 1281 250,27 192,66 37,8 25,14 5,35 0,3151 400  2 329684,46875 1
35,22 5482 1862 200,44 93,28 25,1 25,14 5,35 0,3855 400  2 315951,875 1
36,71 5682 1931 188,97 81,72 24,21 25,14 5,35 0,4661 401  2 306037,0625 1
37,95 5735 1986 176,49 73,26 23,55 25,14 5,35 0,6087 405  2 298020,96875 1
39,02 5778 1964 171,02 69,18 23,81 25,14 5,35 0,6869 408  2 287964,0 1
39,92 5792 1969 162,94 65,05 23,75 25,14 5,35 0,7535 411  2 280394,3125 1
39,92 5954 2026 161,29 64,04 23,1 25,14 5,35 0,8135 413  3 276981,34375 1
41,25 5968 2031 151,81 60,71 23,05 25,14 5,35 0,8753 414  3 274310,21875 1
41,79 5880 1979 152,95 58,75 23,63 25,14 5,35 0,9429 415  3 270398,71875 1
42,28 5807 1974 140,39 58,35 23,69 25,14 5,35 0,9952 416  3 268695,875 1
42,65 5866 1995 141,63 56,97 23,45 25,14 5,35 1,0491 417  3 266181,4375 1
42,97 5748 1954 136,41 56,56 23,93 25,14 5,35 1,1447 418  3 262295,09375 1
43,23 5684 1948 134,35 56,39 23,99 25,14 5,35 1,2029 418  3 263103,8125 1
43,44 5840 1986 131,38 56,35 23,55 25,14 5,35 1,2358 418  3 261691,796875 1
43,64 5661 1924 132,32 57,49 24,29 25,14 5,35 1,2857 418  3 260096,515625 1
43,83 5781 1965 129,48 55,37 23,79 25,14 5,35 1,313 418  3 256384,578125 1
43,96 5715 1942 127,57 56,05 24,07 25,14 5,35 1,3484 418  3 257157,203125 1
44,05 5668 1926 127,53 55,03 24,26 25,14 5,35 1,379 419  3 254663,015625 1
44,14 5638 1916 125,09 55,52 24,39 25,14 5,35 1,4018 419  3 255234,296875 1
44,18 5678 1929 123,7 54,29 24,32 25,14 5,35 1,4221 419  3 253339,9375 1
44,28 5541 1882 126,03 56,03 24,82 25,14 5,35 1,4359 419  3 254853,15625 1
44,28 5603 1904 123,37 54,81 24,54 25,14 5,35 1,4429 419  3 252964,421875 1
32,81 402 835 282,79 324,89 71,88 25,14 5,35 0,2409 400  2 358417,90625 1
32,81 1383 1091 260,46 237,15 46,58 25,14 5,35 0,2453 400  2 348180,90625 1
33,63 4386 1609 226,03 135,68 29,18 25,14 5,35 0,2936 400  2 331284,375 1
35,2 5448 1882 200,51 96,46 24,83 25,14 5,35 0,3664 400  2 316244,59375 1
36,75 5696 1936 192,79 82,61 24,15 25,14 5,35 0,5093 402  2 308526,65625 1
38,02 5682 1931 175,83 74,23 24,2 25,14 5,35 0,5904 404  2 298803,625 1
38,02 5857 1992 172,65 70,24 23,48 25,14 5,35 0,6553 407  2 283420,96875 1
39,05 5859 2003 164,04 65,01 23,35 25,14 5,35 0,7252 410  2 281783,15625 1
40,62 5857 1992 157,94 62,72 23,48 25,14 5,35 0,7859 412  3 276756,75 1
41,25 5755 1956 150,94 59,75 23,9 25,14 5,35 0,8511 413  3 272993,875 1
41,76 5812 1976 148,51 59,67 23,66 25,14 5,35 0,9134 414  3 269757,625 1
42,22 5873 2018 142,31 57,3 23,18 25,14 5,35 0,9801 415  3 265974,03125 1
42,62 5831 1983 140,39 57,45 23,58 25,14 5,35 1,0868 416  3 266805,625 1
42,93 5827 1981 140,06 56,78 23,6 25,14 5,35 1,1375 416  3 262295,09375 1
43,16 5904 2008 136,88 56,85 23,29 25,14 5,35 1,184 416  3 260096,515625 1
43,49 5683 1931 134,81 55,88 24,2 25,14 5,35 1,2252 416  3 259503,296875 1
43,61 5868 1966 133,08 55,56 23,78 25,14 5,35 1,2537 416  3 258716,53125 1
43,81 5795 1960 129,0 55,94 23,85 25,14 5,35 1,3064 417  3 256384,578125 1
43,96 5641 1917 130,98 54,66 24,38 25,14 5,35 1,3504 417  3 255234,296875 1
44,0 5574 1948 127,36 55,97 23,99 25,14 5,35 1,3742 417  3 254473,15625 1
44,12 5656 1922 125,6 54,44 24,31 25,14 5,35 1,4085 417  3 253716,546875 1
44,21 5642 1917 126,45 55,6 24,37 25,14 5,35 1,4095 417  3 253152,046875 1
44,26 5608 1905 124,92 54,87 24,52 25,14 5,35 1,4279 417  3 251844,5625 1
44,34 5587 1898 124,33 55,03 24,61 25,14 5,35 1,4382 417  3 252403,25 1
32,79 393 832 285,58 325,33 72,39 25,14 5,35 0,2327 400  2 358794,6875 1
32,8 1177 1044 260,2 247,24 49,54 25,14 5,35 0,228 400  2 353591,15625 1
33,65 3958 1546 230,9 142,31 30,45 25,14 5,35 0,3364 400  2 333224,875 1
35,25 5345 1816 204,55 101,24 25,73 25,14 5,35 0,4132 400  2 318308,96875 1
35,25 5641 1917 194,1 86,12 24,38 25,14 5,35 0,4822 402  2 299065,40625 1
36,73 5691 1934 177,26 76,52 24,16 25,14 5,35 0,5616 404  2 291654,8125 1
38,01 5817 1978 169,69 68,86 23,64 25,14 5,35 0,641 407  2 287478,9375 1
39,91 5772 1962 161,73 66,95 23,82 25,14 5,35 0,7109 409  2 282015,96875 1
40,6 5826 1944 153,88 61,43 24,04 25,14 5,35 0,7868 411  3 278563,65625 1
41,21 5789 1968 153,36 61,0 23,75 25,14 5,35 0,8556 412  3 272557,90625 1
41,74 5805 1974 147,56 58,81 23,69 25,14 5,35 0,9151 413  3 270827,8125 1
42,22 5775 1963 140,68 59,13 23,81 25,14 5,35 1,0452 414  3 266805,625 1
42,57 5810 1993 138,18 58,06 23,45 25,14 5,35 1,1016 414  3 264531,125 1
42,94 5810 1975 136,92 56,01 23,66 25,14 5,35 1,1376 415  3 263510,03125 1
43,21 5820 1979 137,76 56,95 23,62 25,14 5,35 1,1895 415  3 260096,515625 1
43,39 5740 1951 137,48 56,95 23,95 25,14 5,35 1,23 415  3 258716,53125 1
43,66 5771 1935 131,87 54,76 24,15 25,14 5,35 1,2618 415  3 258324,921875 1
43,79 5745 1953 129,79 55,75 23,93 25,14 5,35 1,29 415  3 257545,265625 1
43,96 5701 1937 128,26 54,7 24,11 25,14 5,35 1,308 415  3 257157,203125 1
44,01 5525 1877 128,83 55,61 24,89 25,14 5,35 1,3747 415  3 256577,296875 1
44,17 5693 1935 125,35 55,82 24,15 25,14 5,35 1,3878 415  3 255043,59375 1
44,21 5666 1919 125,22 55,48 24,34 25,14 5,35 1,4089 416  3 254283,578125 1
44,18 5583 1897 123,91 54,57 24,63 25,14 5,35 1,4239 416  3 252590,03125 1
44,25 5534 1880 126,03 55,5 24,84 25,14 5,35 1,4594 416  3 252403,25 1
32,75 389 831 281,55 327,76 72,59 25,14 5,35 0,2372 400  2 355802,65625 1
32,76 613 899 272,27 307,34 62,72 25,14 5,35 0,2648 400  2 359929,6875 1
32,76 3182 1539 230,98 147,16 30,59 25,14 5,35 0,3386 400  2 337174,84375 1
33,62 5494 1866 208,96 105,87 25,03 25,14 5,35 0,4105 400  2 310491,21875 1
35,16 5629 1913 195,41 88,09 24,43 25,14 5,35 0,483 402  2 302243,21875 1
37,93 5678 1930 183,68 77,65 24,21 25,14 5,35 0,5546 403  2 294676,25 1
38,98 5911 1971 170,67 69,98 23,72 25,14 5,35 0,633 406  2 287721,28125 1
39,87 5947 2023 156,82 63,96 23,12 25,14 5,35 0,7112 408  2 282482,75 1
40,6 5873 1997 151,76 60,57 23,41 25,14 5,35 0,7764 410  2 276756,75 1
41,2 5914 2012 151,14 60,65 23,24 25,14 5,35 0,9095 412  3 273431,25 1
41,79 5845 1982 147,01 59,45 23,58 25,14 5,35 0,9592 413  3 271690,09375 1
42,22 5803 1973 142,36 58,71 23,69 25,14 5,35 1,023 413  3 266181,4375 1
42,62 5693 1935 139,64 58,21 24,15 25,14 5,35 1,0677 414  3 263510,03125 1
42,91 5708 1940 137,76 56,95 24,08 25,14 5,35 1,1236 414  3 262901,15625 1
43,19 5793 1945 135,68 57,06 24,02 25,14 5,35 1,1715 414  3 260493,515625 1
43,44 5696 1936 133,76 56,47 24,13 25,14 5,35 1,2196 414  3 260096,515625 1
43,63 5704 1938 132,19 56,51 24,1 25,14 5,35 1,2491 415  3 256192,140625 1
43,79 5573 1893 130,06 56,32 24,67 25,14 5,35 1,3186 415  3 255425,296875 1
43,9 5733 1961 132,05 55,5 23,82 25,14 5,35 1,3457 415  3 254663,015625 1
43,99 5604 1904 126,88 55,35 24,53 25,14 5,35 1,363 415  3 256000,0 1
44,14 5704 1938 126,41 55,61 24,1 25,14 5,35 1,3847 415  3 254283,578125 1
44,13 5696 1936 126,45 55,22 24,13 25,14 5,35 1,4094 415  3 253528,09375 1
44,2 5608 1896 124,79 55,52 24,63 25,14 5,35 1,429 415  3 253528,09375 1
44,23 5574 1894 125,6 54,85 24,66 25,14 5,35 1,4448 415  3 253528,09375 1
32,72 398 834 286,84 334,93 72,05 25,14 5,35 0,2249 400  2 358041,96875 1
32,73 509 869 279,74 320,62 66,68 25,14 5,35 0,2538 400  2 340538,75 1
32,7 2795 1361 243,33 177,5 35,15 25,14 5,35 0,3199 400  2 324976,1875 1
33,63 5222 1774 216,44 113,2 26,33 25,14 5,35 0,3934 400  2 312195,125 1
36,75 5579 1900 193,57 88,24 24,58 25,14 5,35 0,464 401  2 302779,40625 1
38,02 5760 1958 176,31 71,39 23,86 25,14 5,35 0,5492 403  2 293157,75 1
39,04 5779 1965 163,71 68,21 23,78 25,14 5,35 0,6192 406  2 286995,53125 1
39,92 5803 2020 158,1 64,41 23,15 25,14 5,35 0,6968 408  2 283185,84375 1
40,65 5775 1963 155,03 62,17 23,8 25,14 5,35 0,8279 411  3 277883,3125 1
41,26 5897 2006 148,81 61,25 23,3 25,14 5,35 0,8883 412  3 274530,84375 1
41,26 5903 2008 147,86 60,18 23,28 25,14 5,35 0,9468 412  3 268695,875 1
41,81 5863 1994 144,79 60,18 23,44 25,14 5,35 1,0093 413  3 264326,28125 1
42,61 5863 1954 139,87 57,61 23,9 25,14 5,35 1,0549 413  3 263103,8125 1
42,95 5891 2004 136,23 56,18 23,33 25,14 5,35 1,108 414  3 262901,15625 1
43,27 5804 1973 137,71 56,79 23,68 25,14 5,35 1,1645 414  3 259109,3125 1
43,45 5713 1942 132,19 56,01 24,06 25,14 5,35 1,1998 414  3 257934,515625 1
43,67 5644 1931 130,76 55,97 24,18 25,14 5,35 1,2742 414  3 258716,53125 1
43,84 5661 1923 132,5 55,95 24,28 25,14 5,35 1,3044 414  3 256963,609375 1
43,95 5676 1929 128,39 55,13 24,21 25,14 5,35 1,3434 414  3 256000,0 1
44,05 5607 1905 127,14 55,6 24,51 25,14 5,35 1,3685 414  3 254663,015625 1
44,12 5626 1931 127,27 54,7 24,18 25,14 5,35 1,3874 414  3 254094,296875 1
44,14 5575 1883 125,73 55,73 24,79 25,14 5,35 1,4023 414  3 252403,25 1
44,22 5584 1897 125,77 55,54 24,61 25,14 5,35 1,4197 414  3 252403,25 1
44,29 5673 1928 125,9 55,03 24,22 25,14 5,35 1,4188 414  3 251658,890625 1
32,64 366 824 282,41 330,09 73,88 25,14 5,35 0,22 400  2 360690,375 1
32,63 397 848 280,88 316,74 69,77 25,14 5,35 0,2419 400  2 343624,15625 1
33,63 2559 1320 247,15 184,93 36,43 25,14 5,35 0,3023 400  2 326530,625 1
35,23 5411 1738 217,18 119,14 26,88 25,14 5,35 0,3746 400  2 310773,90625 1
36,71 5830 1888 184,86 79,62 24,73 25,14 5,35 0,4463 401  2 304671,21875 1
38,03 5777 1964 171,83 72,74 23,79 25,14 5,35 0,5183 403  2 293915,03125 1
39,01 5895 2005 165,94 67,08 23,31 25,14 5,35 0,6774 407  2 287964,0 1
39,87 5843 1987 164,04 65,43 23,52 25,14 5,35 0,756 409  2 284128,75 1
39,87 5790 1968 155,19 63,23 23,73 25,14 5,35 0,8182 410  3 274973,15625 1
40,65 5849 2004 150,23 62,12 23,33 25,14 5,35 0,89 411  3 271906,53125 1
41,25 5876 1999 147,46 60,42 23,38 25,14 5,35 0,9648 411  3 269757,625 1
42,21 5735 1949 144,83 57,98 23,96 25,14 5,35 1,0106 412  3 266181,4375 1
42,64 5747 1969 137,76 56,22 23,73 25,14 5,35 1,0532 412  3 264941,78125 1
42,96 5712 1941 138,27 56,68 24,06 25,14 5,35 1,1107 412  3 262093,671875 1
43,2 5809 1975 132,59 56,83 23,65 25,14 5,35 1,1715 412  3 260096,515625 1
43,41 5679 1930 133,35 55,45 24,2 25,14 5,35 1,2587 413  3 258716,53125 1
43,62 5669 1926 136,6 56,18 24,24 25,14 5,35 1,2833 413  3 257934,515625 1
43,8 5758 1935 129,35 55,11 24,13 25,14 5,35 1,3194 413  3 253716,546875 1
43,9 5658 1922 127,66 54,35 24,29 25,14 5,35 1,3349 413  3 254853,15625 1
44,02 5597 1901 126,92 56,18 24,55 25,14 5,35 1,3604 413  3 252964,421875 1
44,08 5690 1934 128,65 55,39 24,15 25,14 5,35 1,403 413  3 254283,578125 1
44,15 5518 1874 125,18 56,76 24,9 25,14 5,35 1,4333 413  3 253528,09375 1
44,21 5521 1876 126,88 55,28 24,89 25,14 5,35 1,4475 413  3 250918,890625 1
44,23 5553 1886 121,91 56,32 24,74 25,14 5,35 1,4728 413  3 250183,234375 1
32,46 352 819 281,07 331,55 74,76 25,14 5,35 0,21 400  2 357292,40625 1
32,43 406 837 282,12 332,11 71,59 25,14 5,35 0,2239 400  2 345712,34375 1
33,5 4165 1687 219,62 122,16 27,72 25,14 5,35 0,2795 400  2 328099,96875 1
35,1 5388 1830 203,31 94,01 25,51 25,14 5,35 0,3509 400  2 314786,34375 1
36,64 5571 1893 186,69 81,17 24,67 25,14 5,35 0,4248 401  2 306037,0625 1
37,89 5666 1925 177,26 74,99 24,25 25,14 5,35 0,5924 405  2 297501,4375 1
37,89 5729 1947 169,29 70,29 23,98 25,14 5,35 0,6789 407  2 288450,71875 1
38,93 5931 2000 164,32 65,47 23,36 25,14 5,35 0,7527 408  2 277883,3125 1
39,81 5939 2021 154,77 62,84 23,13 25,14 5,35 0,823 409  3 274310,21875 1
41,16 5822 1980 153,67 61,6 23,6 25,14 5,35 0,8947 410  3 271474,03125 1
41,71 5785 2044 148,31 59,61 22,88 25,14 5,35 0,9545 411  3 269757,625 1
42,18 5779 1965 142,45 57,94 23,77 25,14 5,35 1,0133 411  3 265353,71875 1
42,53 5812 1976 141,44 57,06 23,64 25,14 5,35 1,0716 412  3 262295,09375 1
42,89 5849 1989 136,27 56,47 23,49 25,14 5,35 1,1631 412  3 262496,78125 1
43,11 5808 1975 135,63 56,99 23,65 25,14 5,35 1,2133 412  3 259109,3125 1
43,38 5738 1964 133,31 57,12 23,77 25,14 5,35 1,2494 412  3 258520,578125 1
43,61 5812 1976 134,71 55,41 23,64 25,14 5,35 1,2738 412  3 254853,15625 1
43,68 5705 1939 130,45 56,16 24,08 25,14 5,35 1,312 413  3 256192,140625 1
43,87 5710 1966 134,17 55,58 23,76 25,14 5,35 1,3368 413  3 254473,15625 1
43,95 5617 1908 126,97 55,16 24,46 25,14 5,35 1,365 413  3 253716,546875 1
43,96 5710 1941 127,7 55,56 24,06 25,14 5,35 1,3907 413  3 253339,9375 1
44,08 5641 1917 127,92 54,07 24,35 25,14 5,35 1,4388 413  3 252403,25 1
44,12 5534 1880 127,05 54,77 24,83 25,14 5,35 1,4549 413  3 252777,09375 1
44,12 5704 1891 124,12 54,79 24,68 25,14 5,35 1,4632 413  3 251103,484375 1
32,38 366 828 286,84 336,18 73,11 25,14 5,35 0,2082 400  2 361454,28125 1
32,41 1342 1082 264,64 233,57 47,07 25,14 5,35 0,2118 400  2 347118,65625 1
33,45 4164 1576 223,82 135,26 29,79 25,14 5,35 0,2604 400  2 330003,21875 1
35,08 5351 1818 203,51 99,64 25,68 25,14 5,35 0,4157 401  2 319202,0 1
35,08 5617 1929 184,86 81,41 24,2 25,14 5,35 0,491 402  2 304943,40625 1
36,57 5777 1964 179,26 75,37 23,78 25,14 5,35 0,5695 405  2 289920,71875 1
37,87 5865 1995 168,26 69,23 23,42 25,14 5,35 0,6503 408  2 282951,09375 1
38,94 5780 1965 169,06 65,58 23,77 25,14 5,35 0,7243 411  2 278336,5 1
40,5 5757 1978 158,85 63,1 23,61 25,14 5,35 0,7969 413  2 274310,21875 1
41,14 5807 1974 151,4 59,29 23,65 25,14 5,35 0,8794 414  3 268907,5625 1
41,63 5753 1955 147,86 59,39 23,88 25,14 5,35 0,9372 415  3 270398,71875 1
42,14 5988 2038 146,41 57,98 22,94 25,14 5,35 0,9867 416  3 266181,4375 1
42,46 5902 1970 142,02 59,01 23,71 25,14 5,35 1,0992 417  3 264121,75 1
42,8 5770 1961 138,27 55,8 23,81 25,14 5,35 1,1427 418  3 259898,484375 1
43,09 5776 1963 135,81 57,14 23,78 25,14 5,35 1,1753 418  3 257351,09375 1
43,09 5826 1981 132,32 56,16 23,57 25,14 5,35 1,2188 418  3 257739,75 1
43,53 5704 1938 134,81 56,13 24,08 25,14 5,35 1,2507 418  3 256963,609375 1
43,72 5675 1928 128,22 54,89 24,2 25,14 5,35 1,286 418  3 255808,140625 1
43,78 5608 1905 129,22 56,81 24,49 25,14 5,35 1,3189 418  3 254853,15625 1
43,9 5514 1873 127,31 56,91 24,91 25,14 5,35 1,359 418  3 253716,546875 1
44,04 5713 1930 128,18 55,18 24,18 25,14 5,35 1,3972 418  3 252964,421875 1
43,99 5738 1950 123,99 54,61 23,94 25,14 5,35 1,41 418  3 252590,03125 1
44,16 5688 1933 124,88 55,84 24,15 25,14 5,35 1,4208 419  3 250918,890625 1
44,12 5529 1878 122,0 55,82 24,84 25,14 5,35 1,4224 419  3 249269,71875 1
32,38 340 815 286,45 342,04 75,5 25,14 5,35 0,205 400  2 357292,40625 1
32,4 731 1033 268,43 252,65 50,26 25,14 5,35 0,2007 400  2 352132,0625 1
32,4 4132 1572 229,5 142,45 29,88 25,14 5,35 0,3071 400  2 333224,875 1
33,57 5379 1827 206,64 103,46 25,54 25,14 5,35 0,3884 400  2 319500,78125 1
35,13 5631 1913 191,42 86,21 24,39 25,14 5,35 0,4635 402  2 298281,375 1
36,58 5696 1936 180,96 75,65 24,08 25,14 5,35 0,5474 404  2 291654,8125 1
38,96 5737 1950 170,27 69,09 23,94 25,14 5,35 0,6216 407  2 284840,0625 1
39,8 5793 1965 168,49 67,2 23,77 25,14 5,35 0,7132 409  2 279247,34375 1
40,54 5927 2017 156,35 62,52 23,17 25,14 5,35 0,7801 411  2 277206,28125 1
41,17 5800 1979 148,31 60,04 23,6 25,14 5,35 0,8649 412  3 272557,90625 1
41,66 5824 1980 143,86 60,71 23,58 25,14 5,35 0,9874 414  3 269119,59375 1
42,17 5721 1944 144,49 57,86 24,01 25,14 5,35 1,0676 415  3 267852,46875 1
42,48 5753 1956 140,77 57,32 23,87 25,14 5,35 1,1111 415  3 262295,09375 1
42,48 5911 1958 139,59 57,78 23,84 25,14 5,35 1,1636 415  3 260692,46875 1
42,84 5699 1937 136,09 56,76 24,1 25,14 5,35 1,2257 416  3 257934,515625 1
43,38 5782 1966 133,26 57,04 23,75 25,14 5,35 1,2715 416  3 256963,609375 1
43,51 5570 1892 130,58 54,9 24,66 25,14 5,35 1,3195 416  3 255808,140625 1
43,72 5532 1972 128,65 55,63 23,68 25,14 5,35 1,3508 416  3 253528,09375 1
43,81 5521 1875 128,74 56,18 24,88 25,14 5,35 1,381 416  3 254473,15625 1
43,93 5699 1937 125,56 55,03 24,1 25,14 5,35 1,4515 416  3 253528,09375 1
44,03 5653 1921 125,6 54,92 24,29 25,14 5,35 1,4606 416  3 252964,421875 1
44,05 5698 1948 127,66 55,09 23,96 25,14 5,35 1,4793 416  3 250550,53125 1
44,13 5745 1953 123,87 55,33 23,9 25,14 5,35 1,5006 416  3 250366,75 1
44,15 5708 1940 122,49 55,84 24,06 25,14 5,35 1,5194 416  3 250000,0 1
32,42 356 820 286,84 333,35 74,46 25,14 5,35 0,2111 400  2 356545,96875 1
32,41 533 876 275,89 308,39 65,65 25,14 5,35 0,2438 400  2 359550,5625 1
32,49 2796 1361 231,21 150,43 30,82 25,14 5,35 0,3135 400  2 337842,28125 1
33,6 5230 1777 212,6 105,3 26,27 25,14 5,35 0,3843 400  2 306862,4375 1
35,18 5529 1878 192,39 88,24 24,84 25,14 5,35 0,4627 402  2 297760,96875 1
37,95 5608 1905 180,17 79,75 24,49 25,14 5,35 0,5505 404  2 292154,0625 1
38,99 5839 1963 167,01 66,79 23,78 25,14 5,35 0,6338 407  2 286033,53125 1
39,84 5707 1939 157,09 63,98 24,07 25,14 5,35 0,705 409  2 280855,71875 1
40,51 5809 1975 158,16 62,23 23,64 25,14 5,35 0,7698 411  2 276756,75 1
41,22 5908 2010 148,31 60,5 23,24 25,14 5,35 0,9212 413  3 273212,375 1
41,7 5944 2022 146,91 59,91 23,1 25,14 5,35 0,9789 414  3 270398,71875 1
41,7 5795 1970 144,1 58,69 23,69 25,14 5,35 1,0368 414  3 263917,53125 1
42,15 5842 1987 139,31 57,65 23,5 25,14 5,35 1,0896 415  3 260294,859375 1
42,84 5708 1940 136,97 56,11 24,06 25,14 5,35 1,1372 415  3 260692,46875 1
43,16 5717 1967 136,46 58,53 23,73 25,14 5,35 1,1792 415  3 259306,15625 1
43,38 5687 1932 130,89 56,81 24,15 25,14 5,35 1,2331 416  3 255234,296875 1
43,57 5834 1984 130,54 56,45 23,53 25,14 5,35 1,2822 416  3 255808,140625 1
43,68 5652 1920 131,38 55,67 24,29 25,14 5,35 1,3493 416  3 255616,578125 1
43,81 5633 1914 127,31 56,3 24,38 25,14 5,35 1,3758 416  3 253152,046875 1
43,92 5798 1936 126,41 55,52 24,1 25,14 5,35 1,4022 416  3 251658,890625 1
43,99 5723 1945 130,32 55,56 23,99 25,14 5,35 1,4208 416  3 251473,484375 1
44,05 5563 1890 126,97 54,63 24,68 25,14 5,35 1,4264 416  3 251288,34375 1
44,07 5559 1886 124,16 55,56 24,73 25,14 5,35 1,4467 416  3 250918,890625 1
44,14 5531 1879 122,99 55,28 24,83 25,14 5,35 1,4611 416  3 249634,328125 1
32,39 339 816 282,89 338,12 75,21 25,14 5,35 0,2059 400  2 356545,96875 1
32,42 516 871 280,88 316,96 66,34 25,14 5,35 0,2355 400  2 340538,75 1
32,45 2640 1334 240,71 174,41 35,94 25,14 5,35 0,3009 400  2 323436,5 1
35,22 5006 1703 214,91 116,27 27,44 25,14 5,35 0,3741 400  2 311057,09375 1
36,66 5758 1861 193,05 87,59 25,07 25,14 5,35 0,4626 401  2 298542,28125 1
38,0 5729 1947 172,82 73,4 23,97 25,14 5,35 0,5322 403  2 292404,34375 1
39,03 5864 1994 165,94 68,65 23,41 25,14 5,35 0,6182 406  2 285077,9375 1
39,8 5868 1996 158,48 64,48 23,4 25,14 5,35 0,7724 410  2 281550,71875 1
39,8 5758 1951 154,09 62,5 23,92 25,14 5,35 0,8392 411  3 276308,6875 1
40,55 5897 2006 148,51 60,38 23,28 25,14 5,35 0,8964 412  3 270613,09375 1
41,18 5905 2009 147,41 60,1 23,25 25,14 5,35 0,9662 413  3 265974,03125 1
41,72 5903 2008 147,46 58,81 23,26 25,14 5,35 1,0152 414  3 264326,28125 1
42,55 5759 1971 143,18 57,96 23,69 25,14 5,35 1,0651 414  3 261691,796875 1
42,85 5734 1949 138,37 57,14 23,94 25,14 5,35 1,1056 414  3 259700,734375 1
43,14 5833 1984 134,31 56,95 23,53 25,14 5,35 1,1618 414  3 258716,53125 1
43,32 5665 1925 134,17 56,24 24,24 25,14 5,35 1,2056 415  3 257157,203125 1
43,57 5771 1928 133,72 56,11 24,2 25,14 5,35 1,2582 415  3 256192,140625 1
43,68 5682 1931 130,41 54,87 24,16 25,14 5,35 1,2846 415  3 254663,015625 1
43,88 5706 1939 130,85 54,7 24,06 25,14 5,35 1,3218 415  3 253152,046875 1
43,88 5780 1965 125,6 56,33 23,75 25,14 5,35 1,3506 415  3 253152,046875 1
43,98 5664 1925 125,05 55,41 24,24 25,14 5,35 1,3757 415  3 251103,484375 1
44,06 5662 1924 124,75 55,11 24,25 25,14 5,35 1,4056 415  3 250183,234375 1
44,09 5639 1916 128,92 54,7 24,34 25,14 5,35 1,4445 415  3 249817,03125 1
44,14 5546 1884 123,79 55,33 24,75 25,14 5,35 1,4642 415  3 248906,171875 1
32,39 361 822 287,23 338,7 74,15 25,14 5,35 0,2064 400  2 358794,6875 1
32,39 371 830 287,13 328,65 72,61 25,14 5,35 0,2282 400  2 341219,59375 1
33,59 2445 1299 246,4 184,24 37,08 25,14 5,35 0,2924 400  2 324667,09375 1
35,2 5471 1705 217,84 118,46 27,41 25,14 5,35 0,3651 400  2 311909,84375 1
36,69 5621 1910 187,13 81,66 24,43 25,14 5,35 0,442 401  2 300381,34375 1
37,97 5749 1974 172,65 71,81 23,65 25,14 5,35 0,5161 403  2 292655,03125 1
38,95 5701 1937 167,64 68,53 24,08 25,14 5,35 0,6806 408  2 285554,9375 1
38,95 5845 1988 161,24 65,58 23,49 25,14 5,35 0,7568 409  2 280394,3125 1
39,85 5863 1994 155,71 63,7 23,41 25,14 5,35 0,8246 410  3 271474,03125 1
40,57 5819 1962 152,07 60,81 23,78 25,14 5,35 0,9046 411  3 270398,71875 1
41,7 5798 1971 146,21 60,3 23,68 25,14 5,35 0,9609 412  3 266181,4375 1
42,16 5932 1969 144,25 58,12 23,7 25,14 5,35 1,0044 412  3 264531,125 1
42,5 5920 2014 139,64 57,72 23,19 25,14 5,35 1,0493 413  3 262093,671875 1
42,85 5797 1929 135,22 57,49 24,18 25,14 5,35 1,1057 413  3 257934,515625 1
43,14 5696 1936 134,17 56,26 24,1 25,14 5,35 1,2048 413  3 257739,75 1
43,35 5643 1917 133,49 56,49 24,33 25,14 5,35 1,2349 413  3 257351,09375 1
43,55 5775 1963 130,58 55,97 23,77 25,14 5,35 1,2808 414  3 255616,578125 1
43,55 5627 1907 128,39 54,87 24,46 25,14 5,35 1,313 414  3 252030,515625 1
43,67 5665 1925 129,84 55,46 24,23 25,14 5,35 1,3476 414  3 252777,09375 1
43,95 5677 1929 127,14 55,48 24,18 25,14 5,35 1,381 414  3 252590,03125 1
44,02 5627 1912 126,67 55,28 24,39 25,14 5,35 1,4175 414  3 249087,8125 1
44,07 5688 1936 122,24 54,63 24,1 25,14 5,35 1,4489 414  3 249634,328125 1
44,14 5659 1923 122,29 53,98 24,25 25,14 5,35 1,4611 414  3 249634,328125 1
44,17 5680 1930 122,12 55,11 24,16 25,14 5,35 1,4817 414  3 248543,6875 1
32,41 338 814 292,82 335,84 75,57 25,14 5,35 0,2149 400  2 356545,96875 1
32,41 370 825 286,26 338,7 73,58 25,14 5,35 0,2271 400  2 344665,09375 1
33,62 4069 1652 221,26 123,66 28,31 25,14 5,35 0,2859 400  2 324667,09375 1
35,32 5405 1836 198,75 94,81 25,4 25,14 5,35 0,3569 400  2 312767,25 1
36,75 5592 1900 189,42 82,44 24,55 25,14 5,35 0,4346 401  2 303048,25 1
36,75 5787 1968 183,31 75,19 23,72 25,14 5,35 0,5874 405  2 292154,0625 1
38,05 5776 1953 173,7 68,79 23,9 25,14 5,35 0,683 407  2 284840,0625 1
39,07 5817 1978 162,5 65,18 23,6 25,14 5,35 0,7706 408  2 276981,34375 1
39,87 5814 1977 158,75 63,76 23,61 25,14 5,35 0,8327 409  3 271906,53125 1
41,25 5783 1966 150,53 63,14 23,73 25,14 5,35 0,8996 410  3 268695,875 1
41,75 5867 1966 144,74 59,37 23,73 25,14 5,35 0,9591 411  3 264736,3125 1
42,2 5818 1978 140,16 58,25 23,59 25,14 5,35 1,0193 411  3 262496,78125 1
42,59 5796 1971 139,26 57,03 23,68 25,14 5,35 1,0656 411  3 261291,140625 1
42,88 5732 1948 138,27 56,79 23,94 25,14 5,35 1,1518 412  3 259503,296875 1
43,16 5782 1966 133,63 57,51 23,73 25,14 5,35 1,2083 412  3 258324,921875 1
43,16 5711 1962 135,58 55,71 23,77 25,14 5,35 1,2409 412  3 254473,15625 1
43,4 5680 1930 131,92 54,63 24,16 25,14 5,35 1,2764 412  3 254853,15625 1
43,74 5732 1948 132,19 54,89 23,94 25,14 5,35 1,337 412  3 252030,515625 1
43,86 5735 1909 128,65 54,5 24,43 25,14 5,35 1,3672 412  3 251844,5625 1
44,02 5643 1917 127,57 55,45 24,32 25,14 5,35 1,3898 412  3 250183,234375 1
44,05 5637 1915 126,62 55,5 24,34 25,14 5,35 1,4101 412  3 249634,328125 1
44,14 5603 1904 123,95 54,79 24,49 25,14 5,35 1,4428 412  3 249817,03125 1
44,19 5633 1914 121,67 55,2 24,36 25,14 5,35 1,4573 412  3 248182,265625 1
44,22 5597 1905 122,74 54,94 24,48 25,14 5,35 1,4802 412  3 248362,84375 1
32,39 358 817 282,6 334,93 74,96 25,14 5,35 0,2224 400  2 356545,96875 1
32,49 1209 1051 260,11 245,48 48,95 25,14 5,35 0,2238 400  2 346062,84375 1
33,69 3992 1551 225,49 141,01 30,28 25,14 5,35 0,2718 400  2 326843,28125 1
33,69 5263 1788 207,27 103,28 26,08 25,14 5,35 0,4175 401  2 314786,34375 1
35,34 5703 1838 188,72 83,73 25,37 25,14 5,35 0,4997 402  2 303857,5625 1
36,8 5740 1951 177,2 76,03 23,91 25,14 5,35 0,569 404  2 287721,28125 1
38,03 5804 1973 168,49 71,93 23,65 25,14 5,35 0,6455 407  2 280394,3125 1
39,89 5911 2011 165,1 66,95 23,22 25,14 5,35 0,706 410  2 277657,28125 1
40,61 5763 1975 161,29 63,31 23,63 25,14 5,35 0,775 412  2 272123,3125 1
41,25 5737 1950 148,51 60,77 23,92 25,14 5,35 0,8361 413  3 269331,9375 1
41,81 5807 1975 142,94 60,3 23,63 25,14 5,35 0,8979 414  3 266805,625 1
42,23 5790 1968 141,68 58,57 23,7 25,14 5,35 1,0172 415  3 262496,78125 1
42,59 5670 1979 139,73 56,93 23,58 25,14 5,35 1,0782 416  3 261091,28125 1
42,59 5805 1974 136,41 56,37 23,64 25,14 5,35 1,1235 416  3 260294,859375 1
42,89 5778 1964 134,17 55,86 23,75 25,14 5,35 1,1676 416  3 256770,3125 1
43,17 5727 1947 134,03 56,95 23,96 25,14 5,35 1,2182 416  3 255043,59375 1
43,61 5723 1931 132,19 55,78 24,15 25,14 5,35 1,2583 417  3 252403,25 1
43,77 5809 1975 130,19 56,03 23,62 25,14 5,35 1,2969 417  3 252590,03125 1
43,9 5658 1922 130,41 54,31 24,25 25,14 5,35 1,3186 417  3 250734,578125 1
43,99 5707 1940 126,07 54,87 24,04 25,14 5,35 1,3425 417  3 249451,890625 1
44,02 5682 1935 123,28 54,22 24,1 25,14 5,35 1,4042 417  3 248724,796875 1
44,15 5555 1887 125,51 55,02 24,7 25,14 5,35 1,4295 417  3 249634,328125 1
44,22 5694 1935 122,95 54,53 24,1 25,14 5,35 1,4409 417  3 249269,71875 1
44,22 5646 1918 122,12 55,52 24,3 25,14 5,35 1,4586 417  3 246925,484375 1
32,44 352 828 286,74 339,04 72,91 25,14 5,35 0,2264 400  2 352860,09375 1
32,44 954 990 263,39 267,16 53,49 25,14 5,35 0,2212 400  2 351407,0 1
32,48 3517 1478 231,6 145,62 31,91 25,14 5,35 0,3323 400  2 331284,375 1
33,73 5243 1781 204,69 104,66 26,18 25,14 5,35 0,4102 400  2 316537,875 1
35,33 5552 1886 192,2 87,65 24,72 25,14 5,35 0,4849 402  2 296210,59375 1
36,83 5789 1897 180,72 74,28 24,58 25,14 5,35 0,5573 404  2 288939,0625 1
39,08 5706 1939 171,08 70,08 24,05 25,14 5,35 0,6359 407  2 280624,84375 1
39,94 5785 1953 162,83 67,24 23,88 25,14 5,35 0,7109 409  2 276756,75 1
40,65 5824 1972 151,5 61,91 23,65 25,14 5,35 0,7875 411  2 273650,46875 1
41,26 5799 1971 149,52 60,22 23,66 25,14 5,35 0,8456 412  3 268484,53125 1
41,81 5667 1926 145,87 58,29 24,21 25,14 5,35 0,9779 414  3 266597,25 1
41,81 5775 1963 142,36 59,67 23,76 25,14 5,35 1,0516 414  3 263306,75 1
42,23 5742 1952 137,34 57,74 23,9 25,14 5,35 1,1138 415  3 259503,296875 1
42,62 5761 1973 135,68 57,76 23,64 25,14 5,35 1,1577 415  3 256577,296875 1
43,22 5697 1936 138,55 57,28 24,08 25,14 5,35 1,2119 415  3 255425,296875 1
43,4 5947 1967 137,57 56,54 23,71 25,14 5,35 1,2434 415  3 254853,15625 1
43,61 5581 1896 129,53 55,71 24,58 25,14 5,35 1,3021 415  3 251288,34375 1
43,73 5776 1931 129,0 55,86 24,15 25,14 5,35 1,3444 416  3 251844,5625 1
43,85 5765 1960 125,13 55,46 23,8 25,14 5,35 1,4167 416  3 252216,75 1
43,96 5657 1922 126,8 54,28 24,25 25,14 5,35 1,4408 416  3 250918,890625 1
44,07 5704 1939 124,92 55,07 24,05 25,14 5,35 1,4661 416  3 250366,75 1
44,08 5613 1888 127,66 55,18 24,68 25,14 5,35 1,4774 416  3 248001,9375 1
44,08 5601 1903 122,95 53,78 24,49 25,14 5,35 1,5061 416  3 248001,9375 1
44,16 5626 1911 122,41 55,63 24,39 25,14 5,35 1,5286 416  3 247462,546875 1
32,43 379 828 280,12 331,77 73,03 25,14 5,35 0,2241 400  2 355432,15625 1
32,41 450 851 279,93 321,71 69,25 25,14 5,35 0,2557 400  2 355432,15625 1
32,53 2714 1450 238,77 158,42 32,61 25,14 5,35 0,3221 400  2 319202,0 1
33,69 5256 1786 207,83 110,4 26,11 25,14 5,35 0,3997 400  2 307692,3125 1
35,36 5520 1875 192,53 88,45 24,86 25,14 5,35 0,4801 401  2 297760,96875 1
38,05 5701 1938 185,68 77,8 24,07 25,14 5,35 0,5597 403  2 288694,65625 1
39,08 5867 1995 163,71 66,65 23,38 25,14 5,35 0,6318 406  2 283185,84375 1
39,95 5782 1966 160,8 63,7 23,73 25,14 5,35 0,7102 409  2 278336,5 1
40,63 5776 1964 156,14 62,46 23,75 25,14 5,35 0,7725 410  2 273431,25 1
40,63 5926 2016 152,38 61,48 23,15 25,14 5,35 0,9167 412  3 270184,6875 1
41,28 5936 1949 145,03 59,19 23,93 25,14 5,35 0,974 413  3 265766,9375 1
41,79 5980 2035 139,35 58,27 22,94 25,14 5,35 1,0197 414  3 260692,46875 1
42,25 5799 1972 140,3 58,51 23,65 25,14 5,35 1,0605 414  3 259109,3125 1
42,91 5693 1935 138,27 57,53 24,1 25,14 5,35 1,1053 414  3 258324,921875 1
43,18 5840 1986 134,17 56,45 23,49 25,14 5,35 1,1617 415  3 255808,140625 1
43,38 5696 1936 132,01 55,63 24,08 25,14 5,35 1,208 415  3 255043,59375 1
43,61 5787 1967 130,01 56,41 23,7 25,14 5,35 1,2534 415  3 253339,9375 1
43,74 5775 1963 128,22 55,75 23,75 25,14 5,35 1,3198 415  3 251103,484375 1
43,86 5580 1988 127,79 55,15 23,46 25,14 5,35 1,3418 415  3 250183,234375 1
43,86 5717 1943 127,92 55,86 23,99 25,14 5,35 1,375 415  3 250734,578125 1
43,98 5665 1925 123,91 54,79 24,21 25,14 5,35 1,3951 415  3 248724,796875 1
44,1 5548 1885 124,75 54,35 24,73 25,14 5,35 1,3977 415  3 248543,6875 1
44,16 5676 1909 122,08 54,57 24,41 25,14 5,35 1,4092 415  3 247104,25 1
44,21 5579 1896 121,01 55,02 24,58 25,14 5,35 1,4398 415  3 246746,984375 1
32,47 345 817 283,94 332,79 75,04 25,14 5,35 0,2349 400  2 352860,09375 1
32,44 434 845 284,33 332,56 70,05 25,14 5,35 0,2597 400  2 336510,03125 1
32,54 2354 1283 245,9 185,74 37,62 25,14 5,35 0,321 400  2 320400,5 1
35,45 4783 1665 215,49 121,87 28,06 25,14 5,35 0,4015 400  2 304128,3125 1
36,91 5712 1865 195,68 91,47 25,0 25,14 5,35 0,4784 401  2 297242,375 1
38,16 5860 1993 173,06 73,8 23,41 25,14 5,35 0,5591 403  2 290167,1875 1
39,13 5780 1965 165,78 68,81 23,73 25,14 5,35 0,6405 406  2 284128,75 1
39,13 5696 1985 163,55 64,2 23,49 25,14 5,35 0,7896 410  3 279019,0625 1
39,99 5815 1977 154,61 61,64 23,59 25,14 5,35 0,8523 411  3 274310,21875 1
40,7 5738 1950 152,02 61,7 23,9 25,14 5,35 0,9193 412  3 264531,125 1
41,31 5870 1996 143,81 59,81 23,37 25,14 5,35 0,9978 412  3 262698,8125 1
42,25 5729 1947 143,61 57,78 23,94 25,14 5,35 1,06 413  3 261491,3125 1
42,64 5828 1953 144,88 58,25 23,87 25,14 5,35 1,1043 413  3 259898,484375 1
42,98 5839 1986 134,71 56,43 23,49 25,14 5,35 1,1526 414  3 258716,53125 1
43,24 5640 1916 132,14 57,03 24,32 25,14 5,35 1,1932 414  3 256000,0 1
43,4 5732 1947 131,69 57,65 23,94 25,14 5,35 1,2647 414  3 253905,28125 1
43,61 5740 1951 129,31 55,75 23,9 25,14 5,35 1,3 414  3 252216,75 1
43,61 5730 1947 130,36 55,9 23,94 25,14 5,35 1,3369 414  3 252030,515625 1
43,75 5761 1958 128,22 55,43 23,81 25,14 5,35 1,3851 414  3 250918,890625 1
43,9 5632 1914 127,4 54,66 24,35 25,14 5,35 1,412 414  3 250550,53125 1
44,11 5662 1924 122,74 55,63 24,22 25,14 5,35 1,4428 414  3 248001,9375 1
44,16 5727 1947 130,72 55,61 23,94 25,14 5,35 1,4665 414  3 247821,875 1
44,17 5594 1900 122,45 55,11 24,52 25,14 5,35 1,4669 414  3 246213,03125 1
44,19 5607 1931 120,93 55,26 24,13 25,14 5,35 1,5025 414  3 246746,984375 1
32,56 363 815 288,98 341,11 75,29 25,14 5,35 0,2473 400  2 349607,375 1
32,54 371 825 283,27 333,46 73,45 25,14 5,35 0,2691 400  2 337508,25 1
33,96 1984 1214 253,59 199,83 40,3 25,14 5,35 0,3291 400  2 321305,3125 1
35,56 5429 1867 196,14 91,03 24,96 25,14 5,35 0,4003 400  2 308526,65625 1
37,02 5642 1917 185,55 81,25 24,31 25,14 5,35 0,4758 401  2 298281,375 1
37,02 5790 1969 177,99 73,63 23,69 25,14 5,35 0,553 403  2 289920,71875 1
38,23 5634 1914 167,58 69,63 24,34 25,14 5,35 0,7063 407  2 284128,75 1
39,22 5812 1976 162,39 65,78 23,6 25,14 5,35 0,7873 409  3 275639,3125 1
40,04 5816 1984 155,56 62,78 23,5 25,14 5,35 0,8519 410  3 270827,8125 1
40,76 5869 1996 153,0 61,98 23,37 25,14 5,35 0,9228 411  3 264326,28125 1
41,87 5952 2025 145,92 58,53 23,04 25,14 5,35 0,9759 411  3 264531,125 1
42,28 5774 1980 145,37 59,05 23,55 25,14 5,35 1,0317 412  3 261691,796875 1
42,69 5654 1948 139,49 58,67 23,93 25,14 5,35 1,1111 412  3 259306,15625 1
43,0 5637 1915 138,46 57,69 24,33 25,14 5,35 1,1588 412  3 257739,75 1
43,25 5772 1962 134,17 58,02 23,76 25,14 5,35 1,2504 413  3 256192,140625 1
43,25 5698 1937 132,23 55,22 24,07 25,14 5,35 1,2841 413  3 251473,484375 1
43,45 5679 1970 129,31 55,43 23,66 25,14 5,35 1,3196 413  3 252030,515625 1
43,64 5633 1914 129,97 56,09 24,34 25,14 5,35 1,3713 413  3 250734,578125 1
43,94 5791 1969 127,31 56,83 23,68 25,14 5,35 1,3884 413  3 250000,0 1
44,05 5644 1898 126,5 54,85 24,54 25,14 5,35 1,4377 413  3 249269,71875 1
44,08 5568 1906 123,08 54,52 24,44 25,14 5,35 1,4522 413  3 249451,890625 1
44,14 5773 1963 122,2 55,26 23,75 25,14 5,35 1,484 413  3 249634,328125 1
44,22 5591 1899 125,13 54,72 24,53 25,14 5,35 1,5167 413  3 246746,984375 1
44,25 5542 1883 124,29 55,11 24,74 25,14 5,35 1,5342 413  3 246568,75 1
32,52 387 830 279,08 334,37 72,54 25,14 5,35 0,2445 400  2 349607,375 1
32,61 378 828 283,56 342,62 72,96 25,14 5,35 0,259 400  2 339185,15625 1
33,99 4771 1663 233,02 126,92 28,08 25,14 5,35 0,3149 400  2 321911,34375 1
33,99 5388 1830 202,41 97,24 25,46 25,14 5,35 0,3848 400  2 309927,375 1
35,59 5718 1943 188,08 81,94 23,89 25,14 5,35 0,4642 401  2 300117,21875 1
37,0 5668 1926 176,79 74,53 24,2 25,14 5,35 0,6089 405  2 290661,375 1
38,26 5791 1969 168,03 67,75 23,68 25,14 5,35 0,6899 408  2 284365,46875 1
39,26 5743 1952 164,04 65,74 23,88 25,14 5,35 0,7658 411  2 271258,28125 1
40,04 5876 1998 159,77 64,18 23,34 25,14 5,35 0,8445 413  3 269971,0 1
41,4 5842 1984 149,82 61,1 23,5 25,14 5,35 0,9238 414  3 267014,34375 1
41,85 5795 1970 144,79 60,14 23,66 25,14 5,35 0,99 415  3 263917,53125 1
42,36 5893 2005 139,31 58,87 23,26 25,14 5,35 1,0362 416  3 261691,796875 1
42,63 5897 2006 139,73 59,21 23,25 25,14 5,35 1,0802 417  3 258129,5625 1
43,0 5891 1943 137,71 57,55 23,98 25,14 5,35 1,1952 417  3 255616,578125 1
43,0 5667 1926 133,08 57,49 24,2 25,14 5,35 1,2259 418  3 256384,578125 1
43,27 5726 1946 134,99 55,97 23,94 25,14 5,35 1,2531 418  3 251473,484375 1
43,49 5670 1927 131,29 57,34 24,18 25,14 5,35 1,2926 418  3 250000,0 1
43,84 5761 1958 131,61 56,18 23,8 25,14 5,35 1,3446 418  3 250366,75 1
43,92 5767 1928 127,36 55,5 24,16 25,14 5,35 1,3911 418  3 250000,0 1
44,02 5782 1966 124,25 55,16 23,71 25,14 5,35 1,4111 418  3 248724,796875 1
44,14 5706 1939 125,01 55,09 24,02 25,14 5,35 1,4337 418  3 247642,078125 1
44,15 5655 1888 124,16 54,79 24,67 25,14 5,35 1,4783 418  3 246925,484375 1
44,24 5731 1948 121,42 55,15 23,92 25,14 5,35 1,4903 418  3 247642,078125 1
44,24 5614 1908 123,08 55,39 24,42 25,14 5,35 1,5107 418  3 245858,34375 1
32,5 387 818 280,79 336,07 74,76 25,14 5,35 0,2469 400  2 352132,0625 1
32,5 958 991 268,7 264,28 53,37 25,14 5,35 0,2482 400  2 342933,6875 1
32,6 3759 1580 221,18 133,76 29,64 25,14 5,35 0,2954 400  2 324050,625 1
33,96 5321 1807 206,36 99,37 25,78 25,14 5,35 0,4368 401  2 311625,0625 1
35,59 5705 1939 190,84 84,47 24,03 25,14 5,35 0,5143 402  2 301442,4375 1
37,07 5711 1941 178,71 76,78 24,01 25,14 5,35 0,5874 404  2 284128,75 1
38,26 5812 1976 169,58 70,82 23,45 25,14 5,35 0,6565 407  2 279247,34375 1
40,07 5857 1992 165,21 65,94 23,41 25,14 5,35 0,7346 409  2 272993,875 1
40,8 5765 1973 151,66 64,13 23,62 25,14 5,35 0,8048 411  3 270398,71875 1
41,41 5839 1986 148,81 60,57 23,48 25,14 5,35 0,8793 412  3 264736,3125 1
41,91 5737 1959 145,18 59,45 23,79 25,14 5,35 0,9444 413  3 264941,78125 1
41,91 5760 1958 140,54 57,63 23,8 25,14 5,35 1,0681 414  3 260891,71875 1
42,32 5778 1964 141,54 57,88 23,73 25,14 5,35 1,1257 415  3 258912,765625 1
42,71 5624 1911 138,13 56,85 24,38 25,14 5,35 1,1731 415  3 257934,515625 1
43,0 5651 1931 135,03 57,53 24,13 25,14 5,35 1,2256 415  3 252777,09375 1
43,29 5727 1947 135,13 56,72 23,94 25,14 5,35 1,2771 416  3 252964,421875 1
43,69 5618 1909 134,35 56,68 24,4 25,14 5,35 1,3247 416  3 251288,34375 1
43,83 5752 1955 128,0 54,57 23,83 25,14 5,35 1,3459 416  3 250366,75 1
43,92 5729 1933 126,32 55,61 24,1 25,14 5,35 1,3855 416  3 249269,71875 1
44,06 5646 1918 127,31 54,7 24,28 25,14 5,35 1,4151 416  3 248001,9375 1
44,09 5612 1907 124,96 54,81 24,43 25,14 5,35 1,4541 416  3 247642,078125 1
44,14 5619 1909 127,53 56,35 24,39 25,14 5,35 1,4783 416  3 246925,484375 1
44,14 5510 1884 120,72 54,96 24,72 25,14 5,35 1,4808 416  3 246568,75 1
44,18 5688 1933 122,87 54,4 24,1 25,14 5,35 1,4973 416  3 246035,5625 1
32,53 364 823 283,65 339,96 73,83 25,14 5,35 0,2454 400  2 349965,8125 1
32,53 773 944 269,61 283,65 57,67 25,14 5,35 0,2409 400  2 346414,0625 1
32,65 3360 1454 237,96 153,88 32,49 25,14 5,35 0,3463 400  2 328099,96875 1
34,05 5189 1821 202,83 101,48 25,58 25,14 5,35 0,422 400  2 313341,5 1
35,61 5506 1870 191,81 85,22 24,9 25,14 5,35 0,5004 401  2 290414,0625 1
37,09 5597 1902 181,7 77,49 24,49 25,14 5,35 0,5965 404  2 285554,9375 1
39,31 5764 1959 178,77 72,0 23,78 25,14 5,35 0,6798 407  2 280164,15625 1
40,13 5852 1988 161,73 66,16 23,45 25,14 5,35 0,7575 409  2 273870,03125 1
40,84 5803 1973 153,78 62,48 23,62 25,14 5,35 0,8196 411  3 269971,0 1
41,39 5860 1993 147,56 60,02 23,39 25,14 5,35 0,8836 412  3 267014,34375 1
41,39 5801 1972 148,01 59,45 23,63 25,14 5,35 0,9934 414  3 263306,75 1
41,89 5775 1987 142,94 58,61 23,46 25,14 5,35 1,0551 415  3 261691,796875 1
42,34 5794 1970 137,71 58,0 23,65 25,14 5,35 1,1005 415  3 257157,203125 1
42,75 5771 1962 138,69 57,84 23,75 25,14 5,35 1,1527 415  3 255425,296875 1
43,32 5744 1952 134,67 56,39 23,86 25,14 5,35 1,207 416  3 253905,28125 1
43,52 5778 1968 131,29 57,78 23,68 25,14 5,35 1,251 416  3 252030,515625 1
43,68 5592 1900 132,36 55,73 24,51 25,14 5,35 1,3048 416  3 250366,75 1
43,82 5657 1922 133,31 55,75 24,23 25,14 5,35 1,3526 416  3 249451,890625 1
43,95 5759 1958 131,74 55,07 23,8 25,14 5,35 1,4155 416  3 248906,171875 1
44,06 5653 1955 126,45 54,85 23,83 25,14 5,35 1,4491 416  3 248001,9375 1
44,06 5726 1946 123,95 55,71 23,94 25,14 5,35 1,4688 416  3 247462,546875 1
44,09 5617 1908 126,62 54,72 24,4 25,14 5,35 1,4886 416  3 245858,34375 1
44,19 5515 1873 124,16 55,22 24,85 25,14 5,35 1,5095 416  3 246390,765625 1
44,27 5647 1943 123,53 54,85 23,97 25,14 5,35 1,5214 416  3 244800,375 1
32,53 365 823 284,81 336,64 73,78 25,14 5,35 0,2545 400  2 349249,65625 1
32,51 624 903 277,11 302,29 62,14 25,14 5,35 0,2824 400  2 348536,40625 1
32,67 3195 1427 238,2 162,11 33,17 25,14 5,35 0,3501 400  2 330003,21875 1
34,04 5195 1765 216,08 110,7 26,4 25,14 5,35 0,4257 400  2 304399,53125 1
35,58 5684 1892 193,9 86,82 24,61 25,14 5,35 0,5007 401  2 293915,03125 1
38,3 5651 1920 185,24 77,31 24,25 25,14 5,35 0,571 403  2 283892,4375 1
39,3 5871 1958 170,04 70,89 23,79 25,14 5,35 0,6528 406  2 279475,96875 1
40,12 5847 1987 159,23 64,13 23,45 25,14 5,35 0,7216 408  2 275416,90625 1
40,12 5975 2033 151,55 62,57 22,94 25,14 5,35 0,7826 410  3 268907,5625 1
40,84 5672 1927 148,26 59,37 24,16 25,14 5,35 0,9087 412  3 267014,34375 1
41,43 5788 1968 143,76 60,08 23,68 25,14 5,35 0,9835 413  3 264326,28125 1
41,91 5910 2011 142,79 57,96 23,19 25,14 5,35 1,0307 413  3 259306,15625 1
42,35 5786 1974 139,26 58,18 23,6 25,14 5,35 1,1044 413  3 257545,265625 1
43,06 5868 1996 137,85 57,65 23,35 25,14 5,35 1,1572 414  3 255043,59375 1
43,32 5675 1955 139,73 57,37 23,82 25,14 5,35 1,2165 414  3 252590,03125 1
43,55 5870 1974 133,08 56,76 23,61 25,14 5,35 1,2538 414  3 251658,890625 1
43,71 5694 1935 131,74 55,88 24,07 25,14 5,35 1,2817 414  3 250734,578125 1
43,84 5822 1980 128,65 55,02 23,53 25,14 5,35 1,3505 414  3 249634,328125 1
43,93 5675 1928 128,05 55,5 24,15 25,14 5,35 1,3823 414  3 249634,328125 1
43,93 5595 1901 129,97 56,35 24,49 25,14 5,35 1,4246 414  3 248906,171875 1
44,05 5744 1907 124,08 55,24 24,41 25,14 5,35 1,4531 414  3 246568,75 1
44,13 5700 1937 126,07 55,5 24,04 25,14 5,35 1,4653 415  3 246035,5625 1
44,23 5555 1887 124,58 55,73 24,67 25,14 5,35 1,4712 415  3 243925,671875 1
44,23 5627 1905 122,58 55,65 24,44 25,14 5,35 1,4935 415  3 244624,9375 1
32,51 378 828 281,17 339,38 72,96 25,14 5,35 0,2481 400  2 349607,375 1
32,46 364 878 279,65 313,75 65,25 25,14 5,35 0,278 400  2 349965,8125 1
32,65 2835 1367 237,48 170,38 34,84 25,14 5,35 0,3461 400  2 316831,6875 1
34,06 5020 1707 215,06 114,86 27,31 25,14 5,35 0,4202 400  2 304943,40625 1
37,15 5558 1888 197,74 91,07 24,66 25,14 5,35 0,4909 401  2 292906,1875 1
38,38 5870 1996 173,94 72,0 23,34 25,14 5,35 0,5813 403  2 285316,25 1
38,38 5735 1949 163,55 67,2 23,9 25,14 5,35 0,6437 406  2 279475,96875 1
39,33 5815 1977 161,18 65,49 23,57 25,14 5,35 0,7046 408  2 274089,9375 1
40,14 5986 2007 153,93 61,85 23,22 25,14 5,35 0,8493 411  3 271042,875 1
40,87 5797 1971 150,38 60,92 23,64 25,14 5,35 0,9228 412  3 264736,3125 1
41,46 5903 2008 149,41 59,11 23,21 25,14 5,35 0,9798 412  3 259503,296875 1
41,91 5761 1958 143,95 59,17 23,78 25,14 5,35 1,0338 413  3 258520,578125 1
42,74 5767 1960 143,52 59,01 23,76 25,14 5,35 1,083 413  3 257157,203125 1
43,03 5851 1990 132,63 56,54 23,41 25,14 5,35 1,1332 414  3 255234,296875 1
43,31 5705 1939 134,35 57,41 24,02 25,14 5,35 1,1762 414  3 253716,546875 1
43,55 5816 1977 131,12 56,41 23,56 25,14 5,35 1,2086 414  3 252403,25 1
43,7 5808 1975 130,67 55,43 23,59 25,14 5,35 1,2901 414  3 250366,75 1
43,7 5726 1947 129,09 55,2 23,92 25,14 5,35 1,3352 414  3 248906,171875 1
43,88 5817 1978 131,16 56,14 23,55 25,14 5,35 1,3726 414  3 248362,84375 1
43,97 5703 1938 127,31 54,89 24,02 25,14 5,35 1,3944 414  3 247821,875 1
44,13 5693 1935 125,51 55,3 24,07 25,14 5,35 1,4195 414  3 246568,75 1
44,21 5547 1875 125,01 56,11 24,83 25,14 5,35 1,4586 414  3 246390,765625 1
44,23 5670 1927 122,95 54,66 24,16 25,14 5,35 1,4739 414  3 244624,9375 1
44,28 5550 1886 122,12 55,33 24,68 25,14 5,35 1,4851 414  3 245681,375 1
32,63 367 824 287,52 341,8 73,6 25,14 5,35 0,259 400  2 349965,8125 1
32,59 399 834 285,87 339,5 71,81 25,14 5,35 0,2819 400  2 334203,65625 1
34,17 1874 1192 254,19 211,73 41,18 25,14 5,35 0,341 400  2 318903,78125 1
35,76 5523 1707 225,42 118,06 27,3 25,14 5,35 0,4118 400  2 306037,0625 1
35,76 5763 1959 188,08 81,47 23,77 25,14 5,35 0,4909 401  2 296983,75 1
37,16 5693 1935 175,36 74,0 24,07 25,14 5,35 0,5698 403  2 287721,28125 1
38,4 5678 2035 165,61 68,44 22,91 25,14 5,35 0,7254 408  2 280855,71875 1
39,35 5904 2009 160,26 64,79 23,2 25,14 5,35 0,7963 409  3 274310,21875 1
40,13 5938 2020 158,75 62,55 23,07 25,14 5,35 0,8598 410  3 267223,375 1
40,89 5811 1976 148,71 61,56 23,57 25,14 5,35 0,9247 411  3 264736,3125 1
41,99 5936 2020 148,96 60,5 23,08 25,14 5,35 0,9848 412  3 261091,28125 1
42,42 5805 1971 144,98 59,23 23,63 25,14 5,35 1,0511 412  3 257157,203125 1
42,76 5774 1963 137,99 57,98 23,73 25,14 5,35 1,1002 413  3 257545,265625 1
43,05 5785 1967 134,4 57,45 23,68 25,14 5,35 1,1684 413  3 254094,296875 1
43,29 5846 1957 132,59 55,48 23,8 25,14 5,35 1,2701 413  3 253905,28125 1
43,29 5729 1947 130,81 56,95 23,91 25,14 5,35 1,2988 413  3 252777,09375 1
43,55 5733 1949 133,9 56,28 23,9 25,14 5,35 1,3365 413  3 249087,8125 1
43,73 5777 1964 128,92 55,43 23,71 25,14 5,35 1,357 414  3 247104,25 1
43,87 5777 1964 129,48 56,2 24,75 25,14 5,35 1,3731 414  3 247104,25 1
44,08 5621 1910 129,7 56,91 24,37 25,14 5,35 1,4129 414  3 247462,546875 1
44,16 5657 1922 125,13 54,89 24,21 25,14 5,35 1,4386 414  3 246035,5625 1
44,18 5665 1925 124,5 55,63 24,18 25,14 5,35 1,4517 414  3 245504,671875 1
44,22 5659 1938 123,91 55,13 24,02 25,14 5,35 1,4698 414  3 243925,671875 1
44,28 5512 1872 121,54 55,46 24,85 25,14 5,35 1,4966 414  3 244449,75 1
32,56 372 826 279,74 328,09 73,28 25,14 5,35 0,2544 400  2 349607,375 1
32,73 375 827 290,45 340,3 73,11 25,14 5,35 0,2705 400  2 339185,15625 1
32,73 4527 1629 223,97 132,81 28,68 25,14 5,35 0,3258 400  2 321003,125 1
34,15 5443 1903 199,15 95,06 24,46 25,14 5,35 0,3964 400  2 306311,6875 1
35,73 5673 1928 183,93 81,61 24,15 25,14 5,35 0,4625 401  2 293915,03125 1
37,22 5866 1995 178,29 74,91 23,35 25,14 5,35 0,6248 405  2 288207,15625 1
38,39 5902 2008 169,69 68,48 23,21 25,14 5,35 0,7009 408  2 279934,375 1
39,39 5951 2025 162,17 65,62 23,53 25,14 5,35 0,7711 411  3 272775,71875 1
40,22 5992 2039 154,82 63,38 22,86 25,14 5,35 0,8354 413  3 267432,75 1
41,46 5758 1957 153,52 60,36 23,79 25,14 5,35 0,9126 414  3 263306,75 1
41,99 6040 2056 142,84 59,65 22,67 25,14 5,35 0,9835 415  3 261691,796875 1
42,47 5711 1968 143,57 57,57 23,66 25,14 5,35 1,0286 416  3 259109,3125 1
42,78 5775 1963 141,3 58,02 23,72 25,14 5,35 1,0928 417  3 255425,296875 1
42,78 5931 2018 138,18 57,65 23,09 25,14 5,35 1,2075 417  3 255616,578125 1
43,15 5767 1960 134,99 57,2 23,75 25,14 5,35 1,2493 418  3 253716,546875 1
43,35 5895 2005 130,98 56,35 23,23 25,14 5,35 1,2801 418  3 251658,890625 1
43,55 5697 1954 132,05 56,28 23,82 25,14 5,35 1,2977 418  3 249087,8125 1
43,92 5794 1970 129,92 55,82 23,64 25,14 5,35 1,3519 418  3 247821,875 1
43,96 5697 1913 131,43 56,32 24,33 25,14 5,35 1,3867 418  3 247821,875 1
44,07 5607 1940 125,94 55,3 23,99 25,14 5,35 1,4176 418  3 247821,875 1
44,18 5632 1913 131,29 55,8 24,32 25,14 5,35 1,4483 418  3 246035,5625 1
44,23 5766 1960 121,75 55,77 23,75 25,14 5,35 1,4804 418  3 245681,375 1
44,25 5584 1897 124,54 55,71 24,53 25,14 5,35 1,4985 418  3 245152,015625 1
44,25 5517 1874 123,33 55,67 24,83 25,14 5,35 1,5159 418  3 244800,375 1
32,58 369 824 288,89 344,01 73,53 25,14 5,35 0,2595 400  2 348892,6875 1
32,58 1316 1076 260,64 240,63 47,29 25,14 5,35 0,2656 400  2 339185,15625 1
32,76 4077 1564 231,05 143,95 29,96 25,14 5,35 0,3178 400  2 321608,03125 1
34,21 5376 1826 207,06 97,15 24,77 25,14 5,35 0,3869 400  2 306311,6875 1
35,81 5533 1879 193,44 82,89 24,76 25,14 5,35 0,5434 402  2 297242,375 1
37,29 5701 1937 175,83 73,98 24,02 25,14 5,35 0,6261 405  2 288694,65625 1
38,54 5790 1968 169,52 69,23 23,65 25,14 5,35 0,6935 408  2 275194,84375 1
39,44 5883 2001 160,75 65,56 23,28 25,14 5,35 0,7543 410  2 269331,9375 1
40,93 5894 2025 154,87 62,46 23,01 25,14 5,35 0,8231 412  3 265147,59375 1
41,54 5845 1988 147,01 61,31 23,43 25,14 5,35 0,9056 414  3 263510,03125 1
42,02 5751 1955 147,01 59,61 23,81 25,14 5,35 0,9676 415  3 260294,859375 1
42,02 5795 1970 142,36 57,7 23,63 25,14 5,35 1,0191 416  3 257934,515625 1
42,49 5825 1958 138,37 57,94 23,77 25,14 5,35 1,1072 417  3 256192,140625 1
42,82 5972 2032 134,49 56,54 22,93 25,14 5,35 1,152 417  3 255616,578125 1
43,1 5811 1976 135,45 57,35 23,57 25,14 5,35 1,1944 417  3 252590,03125 1
43,41 5766 1960 130,5 57,34 23,75 25,14 5,35 1,2248 417  3 250918,890625 1
43,81 5793 1969 131,47 55,61 23,64 25,14 5,35 1,2605 417  3 248724,796875 1
43,9 5852 1907 130,32 55,77 24,39 25,14 5,35 1,2918 418  3 249634,328125 1
44,06 5812 1976 125,64 55,22 23,56 25,14 5,35 1,3385 418  3 246035,5625 1
44,12 5585 1898 127,96 55,41 24,52 25,14 5,35 1,3543 418  3 247283,265625 1
44,17 5740 1914 126,8 56,26 24,31 25,14 5,35 1,3953 418  3 246035,5625 1
44,25 5751 1955 127,7 55,48 23,81 25,14 5,35 1,4229 418  3 245152,015625 1
44,25 5551 1886 126,15 55,5 24,67 25,14 5,35 1,4451 418  3 245858,34375 1
44,3 5653 1921 124,5 55,8 24,22 25,14 5,35 1,4629 418  3 242539,078125 1
32,6 374 820 282,6 342,96 74,35 25,14 5,35 0,2593 400  2 347472,0 1
32,59 1109 1028 272,83 256,79 50,47 25,14 5,35 0,2554 400  2 342589,5 1
32,82 3834 1527 233,41 148,26 30,73 25,14 5,35 0,3633 400  2 323436,5 1
34,25 5375 1826 208,68 104,55 25,48 25,14 5,35 0,4354 400  2 310491,21875 1
35,85 5586 1898 193,9 89,54 24,52 25,14 5,35 0,5075 401  2 299327,6875 1
37,29 5762 1910 181,58 74,51 24,36 25,14 5,35 0,5871 403  2 282249,1875 1
38,45 5710 1940 175,47 70,29 23,98 25,14 5,35 0,6564 406  2 277206,28125 1
40,24 5870 1996 163,71 67,18 23,33 25,14 5,35 0,7265 408  2 271258,28125 1
40,98 5923 1991 150,23 60,69 23,38 25,14 5,35 0,8134 410  3 267852,46875 1
41,55 5873 1998 145,62 59,61 23,31 25,14 5,35 0,8702 411  3 263306,75 1
41,55 5897 2006 148,01 59,01 23,22 25,14 5,35 0,9356 412  3 260692,46875 1
42,06 5748 1954 143,86 58,14 23,82 25,14 5,35 1,0443 413  3 259306,15625 1
42,45 5849 1989 140,06 57,53 23,41 25,14 5,35 1,0855 414  3 255808,140625 1
42,79 5810 1969 140,3 56,81 23,64 25,14 5,35 1,131 414  3 254094,296875 1
43,16 5835 1984 135,45 57,14 23,46 25,14 5,35 1,175 414  3 252964,421875 1
43,56 5897 2006 132,32 56,79 23,22 25,14 5,35 1,2179 414  3 250000,0 1
43,72 5863 1919 131,56 56,54 24,25 25,14 5,35 1,2599 414  3 250366,75 1
43,94 5737 1950 128,52 55,63 23,86 25,14 5,35 1,2847 415  3 248724,796875 1
44,03 5689 1933 129,22 57,06 24,07 25,14 5,35 1,3359 415  3 247283,265625 1
44,05 5706 1939 130,54 55,84 23,99 25,14 5,35 1,3963 415  3 245152,015625 1
44,05 5534 1880 123,74 55,26 24,74 25,14 5,35 1,4069 415  3 246568,75 1
44,17 5677 1906 123,7 54,46 24,4 25,14 5,35 1,4419 415  3 244976,078125 1
44,2 5519 1875 125,98 55,92 24,81 25,14 5,35 1,4541 415  3 244274,8125 1
44,29 5714 1942 121,75 55,56 23,96 25,14 5,35 1,4786 415  3 243057,203125 1
32,58 380 828 286,84 341,11 72,79 25,14 5,35 0,2613 400  2 347826,09375 1
32,58 571 887 281,84 311,85 63,96 25,14 5,35 0,2916 400  2 344317,40625 1
32,79 3071 1506 233,1 149,97 31,19 25,14 5,35 0,3597 400  2 330003,21875 1
34,2 5420 1841 209,1 106,55 25,27 25,14 5,35 0,4366 400  2 300117,21875 1
35,81 5617 1908 199,69 88,66 24,38 25,14 5,35 0,5132 401  2 292154,0625 1
38,48 5701 1937 183,18 76,97 24,02 25,14 5,35 0,5906 403  2 283420,96875 1
39,47 5786 1978 171,02 71,15 23,53 25,14 5,35 0,6636 406  2 278336,5 1
39,47 5991 2039 156,51 63,79 22,85 25,14 5,35 0,7288 409  2 272123,3125 1
40,25 5837 1985 154,4 61,29 23,45 25,14 5,35 0,8006 410  3 270184,6875 1
40,95 5866 1995 150,43 60,79 23,34 25,14 5,35 0,9327 412  3 264326,28125 1
41,55 5760 1987 147,21 59,31 23,43 25,14 5,35 0,9988 413  3 263103,8125 1
42,03 5872 1997 140,92 59,23 23,31 25,14 5,35 1,0623 414  3 258324,921875 1
42,44 5870 1996 139,54 58,51 23,32 25,14 5,35 1,1178 414  3 255616,578125 1
43,09 5828 1982 135,86 59,57 23,49 25,14 5,35 1,1605 414  3 252216,75 1
43,37 5813 1935 134,49 57,96 24,04 25,14 5,35 1,2244 415  3 250734,578125 1
43,54 5748 1954 133,35 55,65 23,81 25,14 5,35 1,2641 415  3 249451,890625 1
43,74 5723 1945 129,0 54,89 23,92 25,14 5,35 1,3067 415  3 250000,0 1
43,85 5791 1969 130,36 55,63 23,64 25,14 5,35 1,3763 415  3 247462,546875 1
43,85 5665 1913 128,39 56,11 24,31 25,14 5,35 1,4107 415  3 248001,9375 1
44,0 5585 1898 124,37 55,18 24,51 25,14 5,35 1,4399 415  3 247642,078125 1
44,04 5665 1925 126,88 56,14 24,16 25,14 5,35 1,4771 415  3 245681,375 1
44,14 5684 1932 123,45 56,22 24,08 25,14 5,35 1,4991 415  3 246390,765625 1
44,18 5596 1907 123,83 55,48 24,39 25,14 5,35 1,5131 415  3 244100,125 1
44,26 5632 1914 123,33 56,99 24,3 25,14 5,35 1,5149 415  3 243577,546875 1
32,61 402 835 281,55 341,34 71,56 25,14 5,35 0,2595 400  2 348892,6875 1
32,64 488 862 280,31 321,28 67,36 25,14 5,35 0,2905 400  2 347472,0 1
32,82 2499 1309 248,91 184,24 36,64 25,14 5,35 0,3546 400  2 312195,125 1
34,26 5040 1794 213,97 108,92 25,93 25,14 5,35 0,4286 400  2 301975,8125 1
37,29 5739 1951 193,57 90,08 23,85 25,14 5,35 0,5033 401  2 293409,75 1
37,29 5852 1990 180,17 72,64 23,39 25,14 5,35 0,5806 403  2 282951,09375 1
38,52 6018 2049 165,49 68,23 22,74 25,14 5,35 0,6574 406  2 279475,96875 1
39,45 5943 2085 158,37 64,68 22,36 25,14 5,35 0,7307 408  2 273650,46875 1
40,24 5800 1972 155,4 62,06 23,6 25,14 5,35 0,8761 411  3 266805,625 1
40,95 5987 2038 149,72 60,81 22,86 25,14 5,35 0,9495 412  3 264531,125 1
41,54 5899 2007 145,62 59,61 23,2 25,14 5,35 1,0333 412  3 257545,265625 1
42,07 5905 1985 141,68 57,78 23,45 25,14 5,35 1,0908 413  3 257934,515625 1
42,84 5913 2011 138,18 57,39 23,15 25,14 5,35 1,1377 413  3 254853,15625 1
43,1 5910 2011 135,72 57,43 23,15 25,14 5,35 1,1893 413  3 254094,296875 1
43,36 5827 1981 133,31 56,81 23,49 25,14 5,35 1,2404 414  3 249817,03125 1
43,58 5794 1923 132,19 56,81 24,18 25,14 5,35 1,2833 414  3 250734,578125 1
43,58 5680 1930 132,14 56,07 24,1 25,14 5,35 1,371 414  3 251473,484375 1
43,74 5741 1951 128,09 56,79 23,84 25,14 5,35 1,3922 414  3 248543,6875 1
43,91 5687 1933 128,35 56,07 24,07 25,14 5,35 1,4137 414  3 247283,265625 1
44,04 5515 1873 127,92 56,43 24,82 25,14 5,35 1,4327 414  3 245328,21875 1
44,17 5718 1875 128,96 55,71 24,8 25,14 5,35 1,465 414  3 244624,9375 1
44,22 5517 1913 124,42 55,61 24,3 25,14 5,35 1,4901 414  3 246035,5625 1
44,22 5545 1884 125,26 55,56 24,68 25,14 5,35 1,5043 414  3 243057,203125 1
44,22 5489 1905 122,37 55,13 24,41 25,14 5,35 1,5189 414  3 242711,546875 1
32,6 363 832 283,65 345,53 72,07 25,14 5,35 0,2564 400  2 346414,0625 1
32,6 418 840 289,96 342,62 70,72 25,14 5,35 0,2813 400  2 333224,875 1
34,26 2219 1258 254,02 196,87 38,44 25,14 5,35 0,3436 400  2 314786,34375 1
35,87 5628 1714 217,77 122,91 27,17 25,14 5,35 0,411 400  2 301442,4375 1
35,87 5875 1998 190,64 79,59 23,3 25,14 5,35 0,4776 401  2 292655,03125 1
37,32 5898 2006 174,88 73,26 23,2 25,14 5,35 0,5606 403  2 282951,09375 1
38,45 5954 2026 169,29 68,48 22,98 25,14 5,35 0,7133 407  2 279475,96875 1
39,44 5894 2005 162,55 65,54 23,22 25,14 5,35 0,7902 408  3 276085,1875 1
40,24 6021 1979 156,98 62,93 23,51 25,14 5,35 0,8548 410  3 268062,8125 1
40,96 5920 2014 151,5 61,02 23,12 25,14 5,35 0,9145 410  3 263103,8125 1
41,5 5950 2025 148,11 60,18 23,0 25,14 5,35 0,9767 411  3 258912,765625 1
42,46 5772 1962 142,98 59,65 23,71 25,14 5,35 1,0477 411  3 257934,515625 1
42,79 5795 1970 139,31 57,01 23,61 25,14 5,35 1,0822 412  3 255808,140625 1
43,06 5811 1976 137,76 57,51 23,55 25,14 5,35 1,1531 412  3 252964,421875 1
43,06 5706 1939 134,03 56,68 23,98 25,14 5,35 1,1932 412  3 252590,03125 1
43,31 5656 1922 135,49 56,72 24,2 25,14 5,35 1,2704 412  3 250734,578125 1
43,54 5642 1933 133,63 57,28 24,06 25,14 5,35 1,3049 412  3 249634,328125 1
43,7 5795 1970 131,12 56,68 23,61 25,14 5,35 1,3357 413  3 247283,265625 1
43,83 5614 1907 132,23 56,53 24,38 25,14 5,35 1,36 413  3 245681,375 1
43,99 5830 1982 129,53 55,61 23,47 25,14 5,35 1,3927 413  3 245504,671875 1
44,13 5667 1908 125,01 56,13 24,36 25,14 5,35 1,4339 413  3 243577,546875 1
44,13 5647 1919 125,9 56,35 24,23 25,14 5,35 1,4396 413  3 245328,21875 1
44,22 5583 1897 123,41 55,09 24,51 25,14 5,35 1,4502 413  3 244274,8125 1
44,24 5503 1869 123,33 55,82 24,87 25,14 5,35 1,4938 413  3 242023,15625 1
32,78 363 822 290,95 345,99 73,78 25,14 5,35 0,2795 400  2 346766,0 1
33,0 353 841 289,57 344,01 70,53 25,14 5,35 0,3005 400  2 335188,21875 1
33,0 5003 1219 251,54 208,82 39,97 25,14 5,35 0,3556 400  2 317126,03125 1
34,45 5417 1840 209,31 97,84 25,27 25,14 5,35 0,424 400  2 303587,3125 1
36,06 5793 1934 185,99 81,36 24,04 25,14 5,35 0,5061 401  2 292655,03125 1
37,47 5795 1970 176,85 73,93 23,61 25,14 5,35 0,649 405  2 282951,09375 1
38,6 5897 2006 173,47 68,21 23,2 25,14 5,35 0,7149 408  2 278563,65625 1
39,56 5941 2021 162,39 65,29 23,03 25,14 5,35 0,783 411  3 275862,0625 1
40,33 5915 2012 156,88 62,38 23,13 25,14 5,35 0,8436 413  3 264736,3125 1
41,08 6009 2009 151,76 61,45 23,16 25,14 5,35 0,9181 414  3 261691,796875 1
42,14 5917 2013 150,94 61,12 23,12 25,14 5,35 0,981 416  3 258520,578125 1
42,57 5903 2008 143,57 57,92 23,18 25,14 5,35 1,0428 416  3 257351,09375 1
42,9 5827 2011 140,06 56,22 23,14 25,14 5,35 1,0973 417  3 255043,59375 1
42,9 5732 1948 137,06 57,04 23,87 25,14 5,35 1,1472 417  3 252030,515625 1
43,2 5761 1958 137,29 56,76 23,75 25,14 5,35 1,2476 418  3 250183,234375 1
43,43 5764 1960 133,22 56,89 23,73 25,14 5,35 1,2974 418  3 250366,75 1
43,57 5884 2001 129,88 56,85 23,25 25,14 5,35 1,3281 418  3 248906,171875 1
43,83 5809 1962 129,09 54,63 23,7 25,14 5,35 1,3687 418  3 248182,265625 1
44,06 5772 1962 130,06 56,05 23,7 25,14 5,35 1,396 419  3 246746,984375 1
44,16 5681 1931 125,56 56,18 24,08 25,14 5,35 1,4185 419  3 246213,03125 1
44,22 5662 1934 126,03 56,79 24,04 25,14 5,35 1,435 419  3 244624,9375 1
44,27 5795 1970 127,44 55,54 23,61 25,14 5,35 1,4554 419  3 243925,671875 1
44,28 5597 1902 124,58 55,07 24,44 25,14 5,35 1,5263 419  3 243751,484375 1
44,28 5648 1919 124,2 56,14 24,22 25,14 5,35 1,5352 419  3 243751,484375 1
32,74 429 844 287,03 339,38 70,13 25,14 5,35 0,2812 400  2 347826,09375 1
32,74 1170 1183 254,54 213,97 41,53 25,14 5,35 0,2881 400  2 335517,6875 1
33,02 4838 1673 229,34 130,41 27,85 25,14 5,35 0,3388 400  2 319202,0 1
34,5 5464 1856 200,98 100,18 25,05 25,14 5,35 0,4048 400  2 305762,90625 1
36,07 5778 1964 191,55 84,79 23,68 25,14 5,35 0,5643 402  2 294930,875 1
37,48 5870 1997 178,23 75,91 23,3 25,14 5,35 0,6361 404  2 284365,46875 1
38,63 5964 2003 167,64 69,87 23,23 25,14 5,35 0,7137 408  2 272775,71875 1
39,57 5906 2009 164,77 65,29 23,16 25,14 5,35 0,7943 410  3 268695,875 1
41,05 5886 2002 158,59 63,29 23,24 25,14 5,35 0,8688 412  3 264941,78125 1
41,64 5986 2025 151,2 61,62 22,98 25,14 5,35 0,9243 413  3 262698,8125 1
42,15 5884 2001 144,49 59,73 23,25 25,14 5,35 0,9831 414  3 258520,578125 1
42,15 5824 1980 142,11 58,33 23,49 25,14 5,35 1,049 415  3 257545,265625 1
42,57 5866 1995 141,97 58,25 23,32 25,14 5,35 1,1567 416  3 254094,296875 1
42,92 5854 1991 138,83 57,1 23,37 25,14 5,35 1,2004 417  3 253716,546875 1
43,25 5939 2011 136,23 56,89 23,14 25,14 5,35 1,2629 417  3 250918,890625 1
43,48 5885 2002 133,13 56,39 23,24 25,14 5,35 1,3079 417  3 249269,71875 1
43,83 5763 1959 131,74 56,79 23,73 25,14 5,35 1,3488 417  3 246390,765625 1
43,93 5724 1946 130,28 55,73 23,89 25,14 5,35 1,3781 417  3 246925,484375 1
44,06 5690 1934 126,45 56,54 24,04 25,14 5,35 1,4175 417  3 246390,765625 1
44,1 5782 1966 129,84 57,43 23,65 25,14 5,35 1,4227 417  3 245858,34375 1
44,17 5609 1906 127,31 55,63 24,39 25,14 5,35 1,4737 417  3 244624,9375 1
44,17 5749 1954 126,71 55,5 23,79 25,14 5,35 1,4934 417  3 245328,21875 1
44,29 5577 1957 125,22 55,86 23,76 25,14 5,35 1,5207 417  3 242194,890625 1
44,32 5609 1906 124,5 55,37 24,39 25,14 5,35 1,5389 417  3 242366,859375 1
32,9 383 829 292,23 339,38 72,59 25,14 5,35 0,3046 400  2 344317,40625 1
32,92 984 998 270,53 275,52 52,72 25,14 5,35 0,3024 400  2 338848,4375 1
33,17 3874 1624 229,5 136,09 28,73 25,14 5,35 0,3463 400  2 321003,125 1
34,63 5650 1920 206,08 100,69 24,21 25,14 5,35 0,4879 401  2 305216,09375 1
36,19 5808 1975 195,81 85,39 23,55 25,14 5,35 0,5653 402  2 293662,1875 1
37,62 5963 2029 179,07 78,07 22,94 25,14 5,35 0,6393 404  2 277657,28125 1
38,77 6026 2051 174,17 69,87 23,43 25,14 5,35 0,7087 407  2 274089,9375 1
40,49 6038 2056 164,49 66,74 22,65 25,14 5,35 0,783 409  3 270827,8125 1
41,21 5883 2020 156,72 64,26 23,04 25,14 5,35 0,8575 411  3 263917,53125 1
41,21 5937 2020 151,3 60,71 23,04 25,14 5,35 0,9267 412  3 263306,75 1
41,71 5969 1999 148,61 59,57 23,26 25,14 5,35 0,9919 413  3 259503,296875 1
42,22 5867 1995 143,23 58,06 23,31 25,14 5,35 1,0939 414  3 255808,140625 1
42,6 6035 2055 139,4 58,1 22,66 25,14 5,35 1,1824 415  3 254473,15625 1
42,94 5936 2020 136,97 57,7 23,04 25,14 5,35 1,2125 415  3 251658,890625 1
43,23 5952 2025 136,0 56,6 23,16 25,14 5,35 1,2483 415  3 250550,53125 1
43,7 5679 1985 134,49 56,78 23,42 25,14 5,35 1,2777 415  3 248362,84375 1
43,82 5712 1937 134,35 56,53 23,99 25,14 5,35 1,319 415  3 247283,265625 1
44,01 5815 1977 130,54 56,11 23,52 25,14 5,35 1,3493 416  3 246925,484375 1
44,08 5774 1980 128,83 56,18 23,49 25,14 5,35 1,3774 416  3 244449,75 1
44,08 5789 1968 125,86 55,46 23,62 25,14 5,35 1,4327 416  3 245152,015625 1
44,19 5783 1966 124,79 55,48 23,65 25,14 5,35 1,4522 416  3 242539,078125 1
44,18 5559 1889 127,53 55,9 24,6 25,14 5,35 1,4996 416  3 243057,203125 1
44,25 5696 1866 125,56 56,26 24,89 25,14 5,35 1,5163 416  3 242884,25 1
44,33 5635 1915 125,77 55,5 24,27 25,14 5,35 1,5215 416  3 241851,671875 1
33,02 430 844 292,43 348,34 70,03 25,14 5,35 0,3184 400  2 344665,09375 1
32,99 803 952 277,39 295,61 56,76 25,14 5,35 0,3127 400  2 340538,75 1
33,32 3529 1610 237,23 141,63 28,99 25,14 5,35 0,4171 400  2 322215,21875 1
34,74 5443 1849 212,24 103,04 25,13 25,14 5,35 0,4876 400  2 308526,65625 1
36,32 5868 1996 200,1 85,92 23,3 25,14 5,35 0,5633 401  2 287478,9375 1
37,76 5908 2010 179,92 76,01 23,15 25,14 5,35 0,6402 403  2 279019,0625 1
39,76 5817 1978 176,31 72,39 23,51 25,14 5,35 0,7292 406  2 273870,03125 1
40,57 6090 2016 167,69 66,38 23,08 25,14 5,35 0,8006 409  3 270827,8125 1
40,57 5955 2027 156,19 62,4 22,96 25,14 5,35 0,8677 410  3 265353,71875 1
41,23 6061 2064 147,61 60,67 22,56 25,14 5,35 0,9214 412  3 263103,8125 1
41,82 6120 2095 144,44 58,89 22,24 25,14 5,35 1,053 413  3 260692,46875 1
42,32 5840 1986 142,21 59,13 23,41 25,14 5,35 1,1046 414  3 255616,578125 1
42,7 5765 1960 141,59 58,14 23,72 25,14 5,35 1,1647 414  3 249817,03125 1
43,03 5869 1996 142,4 57,92 23,3 25,14 5,35 1,2001 414  3 252216,75 1
43,56 5800 1972 136,92 56,47 23,57 25,14 5,35 1,2415 415  3 250734,578125 1
43,74 5780 1981 136,41 56,66 23,47 25,14 5,35 1,2917 415  3 248182,265625 1
43,89 5726 1946 132,05 56,66 23,88 25,14 5,35 1,3336 415  3 248001,9375 1
44,02 5786 1967 136,78 56,47 23,63 25,14 5,35 1,3527 415  3 248001,9375 1
44,02 5732 1948 127,96 55,5 23,85 25,14 5,35 1,4052 415  3 246035,5625 1
44,1 5573 1947 126,15 55,65 23,86 25,14 5,35 1,4308 415  3 245681,375 1
44,22 5755 1956 128,0 55,43 23,76 25,14 5,35 1,4609 415  3 242711,546875 1
44,27 5666 1925 127,05 55,31 24,13 25,14 5,35 1,4929 415  3 243403,84375 1
44,31 5620 1910 127,66 54,9 24,33 25,14 5,35 1,5135 415  3 243230,40625 1
44,38 5689 1900 124,5 55,5 24,44 25,14 5,35 1,5245 415  3 241851,671875 1
33,1 413 843 289,67 343,2 70,2 25,14 5,35 0,3102 400  2 342933,6875 1
33,1 648 910 278,05 317,71 61,18 25,14 5,35 0,3441 400  2 345712,34375 1
33,39 3269 1439 242,59 170,5 32,78 25,14 5,35 0,4108 400  2 324358,5625 1
34,88 5254 1785 220,06 112,78 26,03 25,14 5,35 0,4867 400  2 298803,625 1
36,46 5674 1994 193,83 89,48 23,32 25,14 5,35 0,5543 401  2 289674,6875 1
37,82 5889 2003 185,87 77,96 23,22 25,14 5,35 0,631 403  2 281550,71875 1
38,95 6019 2049 165,44 66,79 22,71 25,14 5,35 0,7018 406  2 274530,84375 1
39,85 5946 2055 157,68 63,4 22,64 25,14 5,35 0,7787 408  3 267852,46875 1
40,62 5997 2041 155,92 63,27 22,8 25,14 5,35 0,8575 410  3 264736,3125 1
41,27 6094 2076 149,01 60,77 22,43 25,14 5,35 1,0017 412  3 263510,03125 1
41,84 5904 2008 150,38 59,77 23,15 25,14 5,35 1,058 412  3 257934,515625 1
42,33 5916 2013 145,72 59,53 23,11 25,14 5,35 1,1059 413  3 254663,015625 1
42,74 5984 1991 140,54 58,04 23,35 25,14 5,35 1,1553 413  3 253339,9375 1
43,38 5972 2032 136,88 58,27 22,89 25,14 5,35 1,1972 413  3 251844,5625 1
43,57 5990 2039 134,81 57,72 22,82 25,14 5,35 1,246 414  3 250000,0 1
43,82 5876 1958 131,29 57,47 23,73 25,14 5,35 1,2882 414  3 249269,71875 1
43,82 5818 1955 131,38 56,78 23,77 25,14 5,35 1,3114 414  3 246390,765625 1
43,95 5773 1963 131,12 56,18 23,68 25,14 5,35 1,3954 414  3 247283,265625 1
44,04 5709 1940 129,57 55,16 23,94 25,14 5,35 1,4043 414  3 243925,671875 1
44,15 5709 1940 130,32 56,89 23,94 25,14 5,35 1,4337 414  3 244100,125 1
44,27 5665 1902 130,67 56,26 24,42 25,14 5,35 1,4593 414  3 243925,671875 1
44,33 5638 1916 124,92 55,67 24,25 25,14 5,35 1,4812 414  3 242366,859375 1
44,38 5598 1904 122,95 57,08 24,39 25,14 5,35 1,512 414  3 242194,890625 1
44,43 5564 1890 121,91 54,68 24,57 25,14 5,35 1,5316 414  3 240658,046875 1
33,09 409 837 291,44 342,04 71,11 25,14 5,35 0,3089 400  2 343624,15625 1
33,11 422 889 288,2 322,91 63,61 25,14 5,35 0,3372 400  2 327784,90625 1
33,43 2853 1370 242,43 178,11 34,66 25,14 5,35 0,3982 400  2 311909,84375 1
34,89 5287 1796 216,52 116,9 25,86 25,14 5,35 0,4675 400  2 300910,96875 1
36,42 5962 1946 202,0 92,31 23,88 25,14 5,35 0,5419 401  2 288939,0625 1
37,87 5935 2019 174,64 74,1 23,03 25,14 5,35 0,6134 403  2 282951,09375 1
38,96 6040 2057 168,09 68,72 22,63 25,14 5,35 0,688 405  2 276308,6875 1
39,83 6016 2048 161,57 65,31 22,72 25,14 5,35 0,8391 409  3 270398,71875 1
40,65 6050 2060 157,84 62,67 22,59 25,14 5,35 0,9135 410  3 265560,15625 1
41,29 6050 1985 150,58 60,67 23,41 25,14 5,35 0,9753 411  3 259109,3125 1
41,88 6073 2068 149,47 60,5 22,51 25,14 5,35 1,0394 411  3 255425,296875 1
42,73 5905 2009 146,56 58,95 23,15 25,14 5,35 1,093 412  3 252964,421875 1
43,08 5989 1962 142,74 58,27 23,69 25,14 5,35 1,1407 412  3 253528,09375 1
43,34 5861 1970 135,49 58,06 23,59 25,14 5,35 1,1809 412  3 248906,171875 1
43,34 5879 1999 136,27 57,43 23,25 25,14 5,35 1,232 412  3 248543,6875 1
43,63 5886 2002 134,49 57,28 23,22 25,14 5,35 1,3087 413  3 249269,71875 1
43,82 5807 1975 133,26 56,18 23,53 25,14 5,35 1,3451 413  3 248182,265625 1
43,95 5681 1936 130,36 56,97 23,99 25,14 5,35 1,3719 413  3 245152,015625 1
44,07 5653 1921 131,29 56,41 24,18 25,14 5,35 1,388 413  3 245152,015625 1
44,21 5862 1994 127,31 55,99 23,31 25,14 5,35 1,4374 413  3 242366,859375 1
44,32 5819 1978 128,92 55,46 23,49 25,14 5,35 1,4518 413  3 243751,484375 1
44,36 5664 1925 125,26 55,82 24,13 25,14 5,35 1,4779 413  3 243230,40625 1
44,4 5696 1936 123,79 55,97 23,99 25,14 5,35 1,4907 413  3 240997,875 1
44,41 5624 1911 127,66 55,67 24,3 25,14 5,35 1,5082 413  3 241509,4375 1
33,19 447 850 291,83 342,62 69,16 25,14 5,35 0,3199 400  2 340538,75 1
33,15 463 855 299,64 345,06 68,39 25,14 5,35 0,3431 400  2 328731,9375 1
33,5 1818 1367 252,31 187,51 34,77 25,14 5,35 0,3984 400  2 312767,25 1
34,98 5617 1908 200,78 95,45 24,34 25,14 5,35 0,4632 400  2 299065,40625 1
36,5 5710 1941 187,83 82,41 23,94 25,14 5,35 0,5422 401  2 288207,15625 1
37,89 5831 1983 176,55 72,79 22,92 25,14 5,35 0,6276 403  2 281318,6875 1
38,95 5890 2018 170,27 70,15 23,04 25,14 5,35 0,7715 407  3 277206,28125 1
39,91 5942 2022 161,24 64,72 23,0 25,14 5,35 0,8332 409  3 270398,71875 1
40,66 6106 2080 157,14 62,76 22,38 25,14 5,35 0,9059 410  3 263713,625 1
41,37 6051 2060 157,89 61,58 22,58 25,14 5,35 0,9688 411  3 260692,46875 1
42,39 6090 2012 147,61 60,59 23,1 25,14 5,35 1,0465 411  3 257934,515625 1
42,8 6002 2060 142,84 59,29 22,59 25,14 5,35 1,0983 412  3 254473,15625 1
42,8 5852 1990 145,87 58,33 23,35 25,14 5,35 1,1636 412  3 252216,75 1
43,04 5812 1976 135,81 56,62 23,43 25,14 5,35 1,2153 412  3 250183,234375 1
43,42 5957 2009 134,35 56,28 23,13 25,14 5,35 1,2903 413  3 249817,03125 1
43,59 5777 1964 132,5 56,6 23,65 25,14 5,35 1,3397 413  3 247642,078125 1
43,83 5802 1973 131,29 56,58 23,55 25,14 5,35 1,3924 413  3 246213,03125 1
43,95 5746 1953 132,01 57,01 23,78 25,14 5,35 1,4285 413  3 243925,671875 1
44,18 5697 1995 129,48 56,18 23,29 25,14 5,35 1,4518 413  3 244449,75 1
44,28 5823 1936 127,36 55,86 23,99 25,14 5,35 1,4886 413  3 244100,125 1
44,35 5688 1933 126,41 55,88 24,02 25,14 5,35 1,496 413  3 242711,546875 1
44,42 5705 1939 125,69 56,13 23,95 25,14 5,35 1,5191 413  3 242366,859375 1
44,42 5630 1971 124,92 56,14 23,57 25,14 5,35 1,5314 413  3 241168,15625 1
44,42 5710 1941 124,63 55,73 23,93 25,14 5,35 1,5504 413  3 242194,890625 1
33,19 430 844 291,14 346,11 69,96 25,14 5,35 0,3255 400  2 342246,0 1
33,18 449 850 287,62 333,12 69,02 25,14 5,35 0,3422 400  2 330963,15625 1
33,58 4785 1727 226,49 124,58 26,92 25,14 5,35 0,3917 400  2 312767,25 1
35,04 5595 1901 204,34 95,87 24,43 25,14 5,35 0,4557 400  2 299853,59375 1
36,6 5822 1980 190,19 84,16 23,47 25,14 5,35 0,5288 401  2 291904,21875 1
37,95 5917 2013 180,84 75,09 23,09 25,14 5,35 0,6911 405  2 284365,46875 1
39,07 5931 2007 172,53 70,13 23,15 25,14 5,35 0,7575 408  3 276085,1875 1
39,98 5959 2028 163,44 64,79 22,93 25,14 5,35 0,8176 410  3 265147,59375 1
40,71 6060 2064 160,64 63,1 22,54 25,14 5,35 0,9002 412  3 261892,578125 1
41,92 5921 2014 151,04 61,04 23,08 25,14 5,35 0,959 414  3 260891,71875 1
41,92 5900 2058 144,79 60,75 22,61 25,14 5,35 1,0138 415  3 257545,265625 1
42,43 5930 2018 139,97 59,07 23,04 25,14 5,35 1,0762 416  3 254853,15625 1
42,83 5922 2015 139,4 57,34 23,07 25,14 5,35 1,1324 416  3 250918,890625 1
43,14 5932 2018 139,92 57,84 23,03 25,14 5,35 1,2168 417  3 248724,796875 1
43,41 5835 1984 137,57 57,78 23,45 25,14 5,35 1,2513 417  3 250000,0 1
43,66 5940 2021 132,23 57,06 23,0 25,14 5,35 1,2942 417  3 247462,546875 1
43,85 5836 1985 133,31 57,2 23,41 25,14 5,35 1,3314 418  3 245858,34375 1
44,13 5783 1966 130,98 56,37 23,62 25,14 5,35 1,3692 418  3 243925,671875 1
44,25 5683 1936 128,92 56,26 23,98 25,14 5,35 1,4038 418  3 244976,078125 1
44,3 5737 1950 128,52 56,26 23,81 25,14 5,35 1,4237 418  3 244449,75 1
44,36 5801 1972 126,07 55,8 23,55 25,14 5,35 1,4678 418  3 242194,890625 1
44,36 5574 1894 124,75 57,12 24,51 25,14 5,35 1,489 418  3 242023,15625 1
44,37 5684 1932 127,18 56,03 24,03 25,14 5,35 1,4911 418  3 242194,890625 1
44,4 5686 1907 124,92 56,85 24,34 25,14 5,35 1,5074 418  3 241168,15625 1
33,22 399 840 286,26 348,58 70,6 25,14 5,35 0,3319 400  2 341903,1875 1
33,15 1296 1071 268,79 259,32 47,45 25,14 5,35 0,3373 400  2 334531,1875 1
33,55 4145 1574 233,1 143,18 29,67 25,14 5,35 0,3837 400  2 315659,6875 1
35,08 5425 1932 203,65 99,31 24,03 25,14 5,35 0,5262 401  2 304399,53125 1
36,6 5872 1997 192,92 85,57 23,26 25,14 5,35 0,6082 402  2 291157,25 1
38,02 5880 2000 185,87 75,62 23,23 25,14 5,35 0,6903 404  2 284602,5625 1
39,09 5846 1988 173,35 71,06 23,37 25,14 5,35 0,7698 408  3 270398,71875 1
39,97 5984 2065 163,21 66,25 22,52 25,14 5,35 0,8396 410  3 266181,4375 1
41,41 6049 2060 155,82 63,61 22,58 25,14 5,35 0,9086 412  3 262295,09375 1
41,41 6046 2059 151,45 60,34 22,59 25,14 5,35 0,9739 414  3 260891,71875 1
41,96 6104 2079 145,23 59,47 22,38 25,14 5,35 1,0321 415  3 257157,203125 1
42,44 5850 2065 140,58 59,37 22,52 25,14 5,35 1,0963 416  3 256000,0 1
42,86 5955 2026 140,77 58,23 22,94 25,14 5,35 1,1925 417  3 251658,890625 1
43,17 5792 1969 141,2 57,34 23,58 25,14 5,35 1,2256 417  3 251473,484375 1
43,42 5820 1979 135,72 56,79 23,47 25,14 5,35 1,2643 417  3 249269,71875 1
43,68 5905 1961 133,35 57,34 23,68 25,14 5,35 1,2995 417  3 245858,34375 1
44,03 5794 1970 134,12 57,03 23,57 25,14 5,35 1,3379 418  3 246746,984375 1
44,12 5741 1991 130,45 56,3 23,33 25,14 5,35 1,3752 418  3 243751,484375 1
44,21 5847 1925 129,7 56,72 24,11 25,14 5,35 1,3991 418  3 242539,078125 1
44,3 5693 1935 125,69 55,07 23,99 25,14 5,35 1,4344 418  3 242884,25 1
44,3 5747 1953 126,03 54,81 23,77 25,14 5,35 1,4841 418  3 243057,203125 1
44,37 5577 1895 131,56 56,54 24,49 25,14 5,35 1,5205 418  3 242539,078125 1
44,4 5782 1966 124,2 56,47 23,62 25,14 5,35 1,5516 418  3 241680,4375 1
44,4 5731 1909 121,96 55,6 24,31 25,14 5,35 1,5631 418  3 240658,046875 1
33,19 426 843 291,73 345,29 70,13 25,14 5,35 0,307 400  2 341561,03125 1
33,19 1051 1014 271,17 274,59 51,36 25,14 5,35 0,3022 400  2 338512,40625 1
33,6 3915 1539 235,79 152,07 30,39 25,14 5,35 0,4113 400  2 319800,125 1
35,12 5472 1859 215,06 106,05 24,97 25,14 5,35 0,4919 400  2 305762,90625 1
36,7 5593 1967 195,15 85,77 23,61 25,14 5,35 0,5734 402  2 285077,9375 1
38,09 5959 2028 180,35 77,12 22,92 25,14 5,35 0,6424 404  2 278109,71875 1
40,04 5991 2039 176,61 72,29 22,8 25,14 5,35 0,7185 407  2 272123,3125 1
40,04 5877 2063 165,61 67,65 22,54 25,14 5,35 0,7928 409  3 267223,375 1
40,78 5964 2030 155,35 62,61 22,9 25,14 5,35 0,8697 411  3 262901,15625 1
41,42 6039 2056 149,16 60,0 22,61 25,14 5,35 0,933 412  3 259109,3125 1
41,99 5962 2029 145,08 58,91 22,91 25,14 5,35 1,0376 414  3 258716,53125 1
42,48 5954 2026 145,42 59,25 22,94 25,14 5,35 1,0886 414  3 253716,546875 1
42,85 5858 1974 140,82 57,74 23,52 25,14 5,35 1,1295 415  3 252030,515625 1
43,16 5825 1981 137,15 58,1 23,45 25,14 5,35 1,1679 415  3 250366,75 1
43,45 5850 1989 136,5 58,21 23,34 25,14 5,35 1,2149 415  3 248182,265625 1
43,89 5922 2015 136,69 57,08 23,06 25,14 5,35 1,2584 415  3 246390,765625 1
44,03 5895 2005 133,13 56,91 23,16 25,14 5,35 1,2924 416  3 244274,8125 1
44,15 5787 1967 131,92 56,97 23,6 25,14 5,35 1,314 416  3 243751,484375 1
44,15 5629 1913 130,19 57,06 24,26 25,14 5,35 1,341 416  3 242711,546875 1
44,24 5667 1926 128,44 56,47 24,1 25,14 5,35 1,4043 416  3 242539,078125 1
44,27 5723 1928 127,96 56,05 24,07 25,14 5,35 1,4287 416  3 242194,890625 1
44,42 5694 1935 126,58 55,48 23,98 25,14 5,35 1,4487 416  3 242539,078125 1
44,39 5634 1914 123,87 56,11 24,24 25,14 5,35 1,4777 416  3 242194,890625 1
44,48 5593 1900 125,77 56,13 24,42 25,14 5,35 1,5044 416  3 239476,140625 1
33,15 387 830 289,67 332,56 72,25 25,14 5,35 0,3051 400  2 342246,0 1
33,14 805 952 275,7 289,47 56,62 25,14 5,35 0,3336 400  2 341219,59375 1
33,57 3421 1463 243,09 159,12 32,13 25,14 5,35 0,4027 400  2 323130,3125 1
35,07 5319 1807 211,52 111,23 25,68 25,14 5,35 0,4756 400  2 296467,875 1
36,64 5652 1921 197,88 91,31 24,16 25,14 5,35 0,5508 401  2 286995,53125 1
38,02 5828 1934 186,43 77,91 23,99 25,14 5,35 0,6341 403  2 278791,1875 1
39,05 5925 2016 169,69 68,16 23,05 25,14 5,35 0,7062 406  2 271906,53125 1
39,99 5917 2013 163,55 64,74 23,08 25,14 5,35 0,7875 408  3 268062,8125 1
40,8 5917 2013 153,62 62,38 23,08 25,14 5,35 0,8617 410  3 263917,53125 1
41,44 5883 2009 148,91 60,57 23,12 25,14 5,35 0,9907 412  3 260493,515625 1
41,98 5857 1992 146,91 59,29 23,31 25,14 5,35 1,0466 413  3 259503,296875 1
42,47 5863 1994 143,57 60,18 23,29 25,14 5,35 1,1016 413  3 252777,09375 1
42,81 5798 1971 139,64 57,8 23,55 25,14 5,35 1,1494 414  3 252403,25 1
43,45 5863 1994 140,92 57,57 23,29 25,14 5,35 1,1986 414  3 248543,6875 1
43,67 5889 1966 138,83 57,49 23,61 25,14 5,35 1,24 414  3 246925,484375 1
43,67 5772 1962 133,9 56,85 23,65 25,14 5,35 1,2591 414  3 246925,484375 1
43,84 5766 1960 130,19 57,43 23,68 25,14 5,35 1,3219 415  3 244976,078125 1
43,96 5695 2008 128,13 56,22 23,12 25,14 5,35 1,3971 415  3 246390,765625 1
44,12 5699 1937 129,05 55,86 23,96 25,14 5,35 1,4243 415  3 244800,375 1
44,28 5793 1970 128,35 56,54 23,57 25,14 5,35 1,4595 415  3 243230,40625 1
44,32 5532 1879 124,5 56,32 24,68 25,14 5,35 1,4955 415  3 243403,84375 1
44,42 5543 1883 127,53 56,07 24,63 25,14 5,35 1,5296 415  3 242023,15625 1
44,42 5629 1890 125,6 56,49 24,54 25,14 5,35 1,5496 415  3 239812,640625 1
44,41 5601 1903 124,33 56,09 24,38 25,14 5,35 1,5639 415  3 241509,4375 1
33,16 363 822 290,95 345,53 73,63 25,14 5,35 0,2954 400  2 341561,03125 1
33,15 401 835 284,71 343,66 71,42 25,14 5,35 0,3242 400  2 326843,28125 1
33,58 2424 1296 250,27 195,81 37,0 25,14 5,35 0,3877 400  2 309646,21875 1
35,13 5116 1801 216,15 113,32 25,76 25,14 5,35 0,4589 400  2 296467,875 1
36,62 5709 1926 200,78 91,56 24,1 25,14 5,35 0,538 401  2 287237,03125 1
38,01 5898 2006 179,92 73,7 23,15 25,14 5,35 0,6184 403  2 281318,6875 1
39,09 5964 2030 167,75 68,97 22,88 25,14 5,35 0,6952 406  2 272775,71875 1
39,96 5874 1998 159,72 64,65 23,24 25,14 5,35 0,8498 410  3 268484,53125 1
40,73 5962 2029 154,24 61,75 22,9 25,14 5,35 0,9242 411  3 263917,53125 1
41,39 6043 2057 154,3 61,75 22,59 25,14 5,35 0,9997 412  3 261491,3125 1
41,98 5868 1996 147,56 60,26 23,26 25,14 5,35 1,0529 412  3 257739,75 1
42,39 5735 1980 141,44 59,11 23,45 25,14 5,35 1,1023 413  3 253339,9375 1
43,13 5797 1971 141,92 59,57 23,55 25,14 5,35 1,1485 413  3 250366,75 1
43,13 5836 1985 135,13 56,66 23,39 25,14 5,35 1,1926 413  3 250918,890625 1
43,44 5795 1974 135,31 57,7 23,52 25,14 5,35 1,2315 414  3 249634,328125 1
43,64 5704 1938 136,09 56,83 23,94 25,14 5,35 1,274 414  3 248906,171875 1
43,82 5915 2012 130,63 56,68 23,08 25,14 5,35 1,3412 414  3 245681,375 1
43,97 5838 1985 134,4 57,14 23,38 25,14 5,35 1,3677 414  3 246746,984375 1
44,09 5832 1983 130,1 55,95 24,07 25,14 5,35 1,3945 414  3 242194,890625 1
44,21 5697 1934 127,44 56,01 23,99 25,14 5,35 1,4273 414  3 243403,84375 1
44,29 5734 1949 126,03 56,47 23,81 25,14 5,35 1,4579 414  3 242194,890625 1
44,36 5527 1877 127,1 55,97 24,7 25,14 5,35 1,4822 414  3 241680,4375 1
44,35 5680 1877 124,12 56,13 24,7 25,14 5,35 1,4954 414  3 241509,4375 1
44,37 5617 1908 124,25 57,12 24,3 25,14 5,35 1,5075 414  3 240827,84375 1
33,17 407 837 290,16 344,24 71,11 25,14 5,35 0,2973 400  2 342246,0 1
33,12 404 836 285,19 347,05 71,27 25,14 5,35 0,3191 400  2 329366,34375 1
33,63 1991 1215 253,59 209,95 40,05 25,14 5,35 0,3777 400  2 314206,8125 1
35,21 5571 1869 198,41 93,47 24,82 25,14 5,35 0,4463 400  2 298281,375 1
36,73 5816 1978 187,32 81,83 23,47 25,14 5,35 0,5213 401  2 290661,375 1
38,07 5935 2019 179,8 74,88 23,0 25,14 5,35 0,601 403  2 281550,71875 1
39,13 5949 2024 168,49 70,29 22,94 25,14 5,35 0,7328 407  2 274973,15625 1
40,06 5909 2010 163,1 66,88 23,1 25,14 5,35 0,7904 409  3 270184,6875 1
40,82 5901 2008 156,29 63,31 23,12 25,14 5,35 0,8524 410  3 261291,140625 1
41,46 6075 2069 151,2 60,92 22,47 25,14 5,35 0,9124 410  3 257351,09375 1
42,52 5830 1982 147,06 61,18 23,41 25,14 5,35 0,9751 411  3 255808,140625 1
42,52 5925 2024 145,37 59,97 22,94 25,14 5,35 1,0352 412  3 251844,5625 1
42,9 5883 2001 137,34 58,59 23,2 25,14 5,35 1,0847 412  3 250734,578125 1
43,23 5668 1926 138,55 58,41 24,08 25,14 5,35 1,1246 412  3 248906,171875 1
43,49 5753 1956 136,64 57,39 23,73 25,14 5,35 1,2086 412  3 249451,890625 1
43,67 5804 1973 132,05 57,53 23,52 25,14 5,35 1,2382 413  3 245681,375 1
43,9 5776 1941 130,63 57,06 23,9 25,14 5,35 1,2818 413  3 245681,375 1
44,05 5799 1972 132,23 57,63 23,53 25,14 5,35 1,3135 413  3 245152,015625 1
44,23 5609 1906 129,7 56,76 24,34 25,14 5,35 1,3397 413  3 245152,015625 1
44,36 5624 1935 129,75 56,07 23,98 25,14 5,35 1,3625 413  3 242366,859375 1
44,35 5567 1891 123,95 55,52 24,52 25,14 5,35 1,3894 413  3 242711,546875 1
44,35 5599 1902 124,46 55,31 24,38 25,14 5,35 1,4266 413  3 242711,546875 1
44,44 5639 1916 126,62 57,24 24,2 25,14 5,35 1,4819 413  3 241509,4375 1
44,48 5505 1870 124,75 55,84 24,79 25,14 5,35 1,4921 413  3 241338,671875 1
33,16 415 840 288,2 342,27 70,65 25,14 5,35 0,2916 400  2 343624,15625 1
33,13 378 827 282,12 344,24 72,71 25,14 5,35 0,3059 400  2 330642,5625 1
33,61 4621 1642 227,33 132,59 28,33 25,14 5,35 0,3593 400  2 311625,0625 1
35,18 5506 1870 209,1 99,64 24,79 25,14 5,35 0,4303 400  2 301442,4375 1
36,73 5784 1968 190,52 82,22 23,58 25,14 5,35 0,5049 401  2 291654,8125 1
38,07 5819 1979 176,73 75,39 23,45 25,14 5,35 0,6672 405  2 283656,5 1
39,12 5778 1964 170,79 70,99 23,62 25,14 5,35 0,7495 407  2 275416,90625 1
40,03 5922 2015 164,71 66,68 23,05 25,14 5,35 0,8189 408  3 265974,03125 1
40,74 5852 1990 157,14 63,57 23,32 25,14 5,35 0,8782 409  3 262295,09375 1
41,45 5735 2051 150,28 61,7 22,65 25,14 5,35 0,9328 410  3 258716,53125 1
41,98 5884 2001 143,81 60,2 23,19 25,14 5,35 0,9822 410  3 255808,140625 1
42,42 6008 2045 142,31 58,41 22,71 25,14 5,35 1,0494 411  3 252964,421875 1
42,86 5775 1961 141,63 57,14 23,66 25,14 5,35 1,1001 411  3 250000,0 1
43,16 5663 1924 137,8 58,49 24,1 25,14 5,35 1,1976 412  3 249451,890625 1
43,41 5939 2021 133,58 58,73 22,98 25,14 5,35 1,2464 412  3 248724,796875 1
43,66 5633 1914 134,4 56,72 24,23 25,14 5,35 1,2795 412  3 245681,375 1
43,81 5663 1924 132,36 57,72 24,1 25,14 5,35 1,3219 412  3 243057,203125 1
44,08 5705 1915 131,16 56,91 24,21 25,14 5,35 1,347 412  3 245858,34375 1
44,2 5630 1940 130,19 56,78 23,9 25,14 5,35 1,3856 412  3 243230,40625 1
44,24 5628 1912 125,56 56,85 24,25 25,14 5,35 1,4185 412  3 243751,484375 1
44,24 5488 1864 126,8 55,78 24,1 25,14 5,35 1,4428 412  3 242194,890625 1
44,34 5659 1923 126,75 56,43 24,11 25,14 5,35 1,5064 412  3 241851,671875 1
44,37 5640 1916 126,75 56,35 24,2 25,14 5,35 1,5357 412  3 240997,875 1
44,4 5607 1905 123,74 56,58 24,34 25,14 5,35 1,5481 412  3 241168,15625 1
33,13 397 828 288,4 343,78 72,59 25,14 5,35 0,2869 400  2 341903,1875 1
33,15 1021 1114 270,07 236,19 44,86 25,14 5,35 0,2883 400  2 335517,6875 1
33,68 4393 1610 226,41 137,76 28,93 25,14 5,35 0,3345 400  2 316537,875 1
35,25 5402 1835 210,09 101,79 25,27 25,14 5,35 0,4761 401  2 304128,3125 1
36,75 5652 1920 190,19 86,56 24,15 25,14 5,35 0,558 402  2 291654,8125 1
38,07 5854 1991 183,24 77,23 23,31 25,14 5,35 0,6406 404  2 278563,65625 1
39,19 6024 2019 171,89 70,99 22,99 25,14 5,35 0,7045 407  2 272340,4375 1
40,04 5869 1996 165,61 66,86 23,25 25,14 5,35 0,7676 410  3 265766,9375 1
40,85 6005 2024 157,89 63,46 22,94 25,14 5,35 0,8557 411  3 263917,53125 1
41,46 5833 1973 149,97 60,79 23,51 25,14 5,35 0,9179 413  3 261491,3125 1
42,02 5915 2012 149,21 61,21 23,07 25,14 5,35 0,982 414  3 255425,296875 1
42,49 5952 2025 142,6 59,03 22,92 25,14 5,35 1,079 415  3 253905,28125 1
42,8 5835 1984 140,3 58,16 23,38 25,14 5,35 1,1433 416  3 252403,25 1
43,19 5833 1983 138,32 60,48 23,39 25,14 5,35 1,1838 416  3 249451,890625 1
43,44 5835 1967 136,64 56,58 23,58 25,14 5,35 1,2344 416  3 246746,984375 1
43,67 5699 1937 141,97 57,43 23,94 25,14 5,35 1,2798 416  3 247104,25 1
43,98 5658 1923 133,44 57,76 24,11 25,14 5,35 1,3117 416  3 244449,75 1
44,09 5741 1931 130,85 57,2 24,01 25,14 5,35 1,3515 417  3 242884,25 1
44,09 5797 1971 126,84 56,45 23,53 25,14 5,35 1,3978 417  3 243403,84375 1
44,21 5556 1887 125,77 54,4 24,56 25,14 5,35 1,4256 417  3 241680,4375 1
44,32 5593 1900 128,65 56,81 24,39 25,14 5,35 1,4616 417  3 242023,15625 1
44,39 5654 1921 124,58 55,82 24,13 25,14 5,35 1,4955 417  3 240997,875 1
44,38 5476 1909 123,62 56,62 24,29 25,14 5,35 1,5024 417  3 241338,671875 1
44,4 5567 1891 124,37 56,32 24,51 25,14 5,35 1,5112 417  3 241509,4375 1
33,05 390 831 282,31 347,76 72,0 25,14 5,35 0,2938 400  2 341219,59375 1
33,1 744 936 274,31 294,61 58,18 25,14 5,35 0,2883 400  2 336842,09375 1
33,67 3333 1449 240,79 159,72 32,45 25,14 5,35 0,3925 400  2 321608,03125 1
35,23 5229 1819 204,34 104,27 25,48 25,14 5,35 0,4608 400  2 303857,5625 1
36,8 5813 1977 192,92 86,5 23,47 25,14 5,35 0,5412 401  2 286273,40625 1
38,14 5847 1988 185,87 77,75 23,34 25,14 5,35 0,6171 403  2 279705,0 1
39,16 5805 1974 175,77 71,98 23,5 25,14 5,35 0,7069 406  2 272123,3125 1
40,07 5745 1953 160,75 65,2 23,75 25,14 5,35 0,7857 409  3 266181,4375 1
40,81 5846 1988 156,67 63,18 23,34 25,14 5,35 0,8543 410  3 265353,71875 1
41,46 5906 2009 149,26 60,5 23,1 25,14 5,35 0,9257 411  3 259700,734375 1
42,01 5949 2024 148,71 60,67 22,93 25,14 5,35 1,0633 413  3 255234,296875 1
42,46 5895 2011 144,1 59,45 23,08 25,14 5,35 1,1265 414  3 254853,15625 1
42,81 5927 2017 140,49 58,39 23,01 25,14 5,35 1,1731 414  3 251658,890625 1
43,2 5883 2001 137,06 58,47 23,19 25,14 5,35 1,2265 414  3 248906,171875 1
43,65 5761 1958 135,86 57,37 23,68 25,14 5,35 1,2701 415  3 248906,171875 1
43,65 5826 1940 131,92 56,64 23,9 25,14 5,35 1,2879 415  3 245858,34375 1
43,85 5653 1921 132,14 57,18 24,13 25,14 5,35 1,3413 415  3 243925,671875 1
43,98 5585 1897 129,97 57,94 24,43 25,14 5,35 1,372 415  3 245328,21875 1
44,1 5649 1920 129,22 56,89 24,15 25,14 5,35 1,4225 415  3 244274,8125 1
44,18 5728 1952 127,1 56,79 23,76 25,14 5,35 1,4524 415  3 241680,4375 1
44,3 5562 1890 129,13 56,01 24,53 25,14 5,35 1,4766 415  3 244274,8125 1
44,31 5636 1915 125,86 55,35 24,2 25,14 5,35 1,5043 415  3 242711,546875 1
44,37 5581 1896 126,37 56,85 24,44 25,14 5,35 1,5167 415  3 241168,15625 1
44,39 5506 1912 126,88 56,13 24,24 25,14 5,35 1,5278 415  3 240658,046875 1
33,06 401 835 284,33 334,48 71,37 25,14 5,35 0,2846 400  2 341561,03125 1
33,06 627 904 280,88 309,01 61,75 25,14 5,35 0,3184 400  2 342246,0 1
33,64 3143 1419 240,71 168,38 33,24 25,14 5,35 0,3839 400  2 308248,03125 1
33,64 5197 1766 216,44 112,63 26,26 25,14 5,35 0,457 400  2 296467,875 1
36,74 5585 1898 197,94 91,81 24,43 25,14 5,35 0,5402 401  2 286513,71875 1
38,08 5897 1965 186,43 78,62 23,6 25,14 5,35 0,6332 403  2 278336,5 1
39,13 5915 2012 166,84 69,23 23,06 25,14 5,35 0,7027 406  2 272993,875 1
40,06 5921 2014 161,18 65,38 23,04 25,14 5,35 0,7678 409  3 267432,75 1
40,78 5847 1988 153,1 63,01 22,85 25,14 5,35 0,9096 412  3 262295,09375 1
41,42 5926 2016 151,86 60,87 23,01 25,14 5,35 0,956 413  3 261291,140625 1
41,97 5827 1981 145,23 59,53 23,41 25,14 5,35 1,0167 413  3 257157,203125 1
42,44 5859 1992 147,16 58,69 23,28 25,14 5,35 1,0692 414  3 251658,890625 1
42,79 5868 1996 143,13 59,09 23,24 25,14 5,35 1,1129 414  3 250000,0 1
43,11 5841 1964 140,77 58,73 23,61 25,14 5,35 1,1621 415  3 249634,328125 1
43,4 5792 1969 135,03 56,51 23,55 25,14 5,35 1,1999 415  3 246925,484375 1
43,63 5718 1943 134,62 57,78 23,85 25,14 5,35 1,2379 415  3 246568,75 1
43,81 5807 1918 129,57 56,78 24,16 25,14 5,35 1,283 415  3 245328,21875 1
43,94 5635 1915 132,5 56,85 24,2 25,14 5,35 1,3513 415  3 244274,8125 1
44,07 5742 1952 130,14 56,85 23,75 25,14 5,35 1,3772 415  3 243925,671875 1
44,12 5565 1891 129,0 55,99 24,51 25,14 5,35 1,4018 415  3 242884,25 1
44,19 5593 1900 125,98 56,6 24,39 25,14 5,35 1,4273 415  3 242023,15625 1
44,35 5785 1905 126,07 56,58 24,33 25,14 5,35 1,4614 416  3 242711,546875 1
44,37 5522 1876 124,84 57,08 24,7 25,14 5,35 1,4834 416  3 240827,84375 1
44,34 5486 1864 124,33 56,64 24,86 25,14 5,35 1,4841 416  3 239812,640625 1
33,0 393 832 292,53 340,65 71,78 25,14 5,35 0,2811 400  2 341561,03125 1
33,0 370 825 286,74 341,8 73,13 25,14 5,35 0,3106 400  2 325285,90625 1
33,04 2060 1340 243,17 176,73 35,49 25,14 5,35 0,3731 400  2 310773,90625 1
35,3 5109 1737 219,62 117,14 26,71 25,14 5,35 0,4477 400  2 299065,40625 1
36,8 5749 1954 187,07 82,44 23,73 25,14 5,35 0,524 401  2 289920,71875 1
38,07 5942 1938 175,71 73,11 23,92 25,14 5,35 0,5963 403  2 279934,375 1
39,13 5870 1996 170,79 69,42 23,23 25,14 5,35 0,6826 406  2 273431,25 1
40,01 5823 1980 160,48 64,13 23,42 25,14 5,35 0,83 410  3 269971,0 1
40,77 5779 1965 158,26 63,57 23,6 25,14 5,35 0,9014 411  3 264531,125 1
41,39 5882 2001 156,29 62,57 23,19 25,14 5,35 0,9658 412  3 257934,515625 1
41,98 6000 1986 145,37 60,42 23,35 25,14 5,35 1,0351 412  3 254663,015625 1
42,46 5783 1966 144,39 59,73 23,58 25,14 5,35 1,0891 413  3 254663,015625 1
42,82 5663 1991 142,4 58,89 23,29 25,14 5,35 1,1335 413  3 251473,484375 1
43,15 5644 1918 141,16 58,2 24,16 25,14 5,35 1,1829 414  3 248362,84375 1
43,38 5779 1965 137,29 57,8 23,59 25,14 5,35 1,2257 414  3 250183,234375 1
43,63 5678 1930 135,31 57,18 24,02 25,14 5,35 1,3034 414  3 247283,265625 1
43,8 5525 1877 130,67 55,65 24,68 25,14 5,35 1,3603 414  3 245328,21875 1
43,94 5690 1934 130,5 56,76 23,97 25,14 5,35 1,3837 414  3 242711,546875 1
44,09 5564 1920 133,58 56,09 24,13 25,14 5,35 1,4203 414  3 243751,484375 1
44,28 5579 1895 126,92 56,26 24,44 25,14 5,35 1,437 414  3 243577,546875 1
44,29 5647 1889 128,44 57,18 24,53 25,14 5,35 1,4581 414  3 242539,078125 1
44,29 5611 1906 125,98 56,54 24,3 25,14 5,35 1,4769 414  3 240658,046875 1
44,31 5521 1874 125,98 55,16 24,72 25,14 5,35 1,4873 414  3 241168,15625 1
44,28 5528 1878 122,45 56,32 24,67 25,14 5,35 1,4993 414  3 240997,875 1
32,99 373 826 301,47 351,3 72,93 25,14 5,35 0,2688 400  2 343624,15625 1
33,01 345 816 289,77 347,4 74,63 25,14 5,35 0,284 400  2 330003,21875 1
33,69 4832 1168 255,06 220,14 42,12 25,14 5,35 0,3407 400  2 312767,25 1
35,25 5479 1842 203,44 94,62 25,15 25,14 5,35 0,4143 400  2 300645,90625 1
36,83 5667 1926 191,62 83,96 24,07 25,14 5,35 0,4973 401  2 289920,71875 1
38,12 5828 1982 186,37 75,47 23,4 25,14 5,35 0,6547 405  2 282951,09375 1
39,19 5953 2026 172,24 71,35 22,91 25,14 5,35 0,7257 407  2 274751,8125 1
40,0 5935 2019 163,99 66,54 22,98 25,14 5,35 0,7979 409  3 268907,5625 1
40,78 5865 1995 155,35 64,83 23,25 25,14 5,35 0,8688 410  3 260692,46875 1
40,78 6001 2043 150,53 62,31 22,72 25,14 5,35 0,9327 411  3 257157,203125 1
41,95 5871 1997 150,99 61,14 23,23 25,14 5,35 1,0021 411  3 254663,015625 1
42,4 5751 1995 141,2 59,35 23,24 25,14 5,35 1,0548 412  3 252964,421875 1
42,81 5741 1951 141,16 58,87 23,75 25,14 5,35 1,1113 412  3 251288,34375 1
43,11 5745 1953 138,83 58,37 23,73 25,14 5,35 1,1514 413  3 250183,234375 1
43,39 5835 1984 138,46 57,06 23,37 25,14 5,35 1,2381 413  3 246390,765625 1
43,64 5793 1954 133,08 56,26 23,72 25,14 5,35 1,2805 413  3 248001,9375 1
43,79 5560 1889 132,63 56,6 24,53 25,14 5,35 1,323 413  3 245328,21875 1
43,93 5629 1913 131,87 56,74 24,22 25,14 5,35 1,3713 413  3 243751,484375 1
44,16 5612 1907 131,47 56,6 24,29 25,14 5,35 1,4084 413  3 243751,484375 1
44,16 5498 1903 125,77 56,7 24,34 25,14 5,35 1,4333 413  3 243403,84375 1
44,21 5620 1909 127,1 56,7 24,26 25,14 5,35 1,4487 413  3 242539,078125 1
44,3 5661 1924 126,88 56,74 24,08 25,14 5,35 1,4855 413  3 240319,171875 1
44,29 5407 1837 126,07 57,24 25,22 25,14 5,35 1,519 413  3 242194,890625 1
44,34 5507 1871 123,28 56,91 24,76 25,14 5,35 1,5369 413  3 240658,046875 1
33,02 347 817 290,16 353,33 74,46 25,14 5,35 0,2669 400  2 343970,4375 1
33,03 1559 1128 265,54 232,39 44,08 25,14 5,35 0,2733 400  2 332899,875 1
33,75 4105 1568 228,02 137,48 29,73 25,14 5,35 0,3239 400  2 314206,8125 1
35,31 5392 1832 204,27 102,69 25,29 25,14 5,35 0,3946 400  2 299853,59375 1
36,87 5571 1893 191,68 85,16 24,48 25,14 5,35 0,5417 402  2 290167,1875 1
38,16 5749 1946 182,07 75,7 23,81 25,14 5,35 0,6153 404  2 283420,96875 1
39,22 5870 1996 174,29 71,3 23,23 25,14 5,35 0,692 408  2 268907,5625 1
39,22 5986 2037 162,83 66,74 22,77 25,14 5,35 0,7753 410  3 265147,59375 1
40,82 5776 1963 160,26 65,09 23,61 25,14 5,35 0,8561 412  3 260294,859375 1
41,49 5862 2002 155,5 61,56 23,16 25,14 5,35 0,9331 413  3 259700,734375 1
42,01 5939 2021 145,18 58,63 22,95 25,14 5,35 1,0014 414  3 254663,015625 1
42,42 5698 1936 145,28 59,77 23,93 25,14 5,35 1,0542 415  3 253339,9375 1
42,84 5756 1956 141,92 59,25 23,69 25,14 5,35 1,1776 416  3 252216,75 1
43,18 5783 1946 137,25 57,53 23,81 25,14 5,35 1,2271 416  3 248906,171875 1
43,44 5623 1911 137,29 58,04 24,25 25,14 5,35 1,262 417  3 246390,765625 1
43,65 5692 1934 133,76 58,25 23,95 25,14 5,35 1,3142 417  3 245328,21875 1
43,95 5623 1910 133,35 56,51 24,25 25,14 5,35 1,3511 417  3 244274,8125 1
43,95 5562 1922 130,19 57,04 24,1 25,14 5,35 1,384 417  3 243751,484375 1
44,09 5623 1910 129,53 56,47 24,25 25,14 5,35 1,4097 417  3 241680,4375 1
44,12 5624 1911 128,52 56,35 24,24 25,14 5,35 1,4612 417  3 244449,75 1
44,22 5716 1943 128,74 56,26 23,85 25,14 5,35 1,5175 417  3 241509,4375 1
44,28 5506 1879 129,57 57,59 24,64 25,14 5,35 1,5192 417  3 242194,890625 1
44,33 5677 1929 124,25 56,66 24,01 25,14 5,35 1,5414 417  3 241168,15625 1
44,34 5624 1911 126,58 57,03 24,24 25,14 5,35 1,5539 417  3 239981,25 1
32,99 396 833 298,63 350,95 71,61 25,14 5,35 0,2638 400  2 342589,5 1
33,02 745 936 278,33 294,91 58,1 25,14 5,35 0,2591 400  2 337508,25 1
33,74 3414 1583 232,07 142,94 29,41 25,14 5,35 0,3756 400  2 319800,125 1
35,36 5431 1845 205,45 105,15 25,11 25,14 5,35 0,4467 401  2 303048,25 1
36,9 5597 1901 196,61 87,12 24,36 25,14 5,35 0,5243 402  2 291904,21875 1
36,9 5761 1958 182,62 78,09 23,66 25,14 5,35 0,6152 404  2 279019,0625 1
38,18 5877 1984 174,64 71,71 23,37 25,14 5,35 0,6894 407  2 273431,25 1
40,09 5873 1997 164,1 66,72 23,21 25,14 5,35 0,779 409  2 266597,25 1
40,85 5867 1995 153,31 62,61 23,23 25,14 5,35 0,8373 411  3 261892,578125 1
41,45 5720 1944 149,82 61,37 23,83 25,14 5,35 0,8948 412  3 259898,484375 1
42,03 5792 1976 148,36 59,79 23,45 25,14 5,35 0,9673 413  3 255425,296875 1
42,49 5780 1965 146,11 60,1 23,58 25,14 5,35 1,0644 415  3 253905,28125 1
42,81 5739 1951 141,16 57,41 23,75 25,14 5,35 1,1108 415  3 251658,890625 1
43,17 5839 1985 141,4 58,71 23,34 25,14 5,35 1,1593 416  3 250550,53125 1
43,39 5906 1951 139,59 57,47 23,75 25,14 5,35 1,2028 416  3 248724,796875 1
43,58 5620 1910 135,58 57,63 24,25 25,14 5,35 1,2511 416  3 247462,546875 1
43,82 5641 1917 130,81 56,6 24,16 25,14 5,35 1,3003 416  3 243925,671875 1
43,98 5605 1904 130,01 57,49 24,32 25,14 5,35 1,3364 416  3 244624,9375 1
44,05 5591 1915 127,96 56,22 24,18 25,14 5,35 1,3574 416  3 244449,75 1
44,16 5656 1922 129,84 56,58 24,1 25,14 5,35 1,3987 416  3 242366,859375 1
44,21 5464 1856 126,58 56,3 24,94 25,14 5,35 1,4413 416  3 243230,40625 1
44,26 5619 1909 125,98 57,16 24,25 25,14 5,35 1,4562 416  3 240658,046875 1
44,29 5593 1900 128,96 56,78 24,37 25,14 5,35 1,4727 416  3 241338,671875 1
44,38 5398 1862 123,66 56,6 24,86 25,14 5,35 1,4978 416  3 238805,96875 1
32,99 358 821 289,47 352,97 73,8 25,14 5,35 0,2663 400  2 342246,0 1
33,03 709 926 280,5 311,85 59,13 25,14 5,35 0,2956 400  2 340878,84375 1
33,85 3247 1435 240,22 166,06 32,77 25,14 5,35 0,3602 400  2 322824,71875 1
33,85 5150 1811 208,46 107,86 25,58 25,14 5,35 0,4377 400  2 294676,25 1
35,37 5549 1885 200,44 88,39 24,57 25,14 5,35 0,5181 401  2 286754,40625 1
38,29 5772 1962 183,93 78,54 23,61 25,14 5,35 0,6078 404  2 277431,59375 1
39,29 5750 1955 176,01 73,7 23,7 25,14 5,35 0,6799 407  2 272123,3125 1
40,14 5850 1985 160,86 65,25 23,35 25,14 5,35 0,7479 409  2 267223,375 1
40,88 5888 2003 152,53 62,97 23,15 25,14 5,35 0,8335 411  3 264326,28125 1
41,54 5762 1959 151,66 61,85 23,65 25,14 5,35 0,9668 413  3 258129,5625 1
42,05 5744 1953 146,21 60,26 23,73 25,14 5,35 1,0216 414  3 258324,921875 1
42,53 5760 1958 144,69 58,41 23,66 25,14 5,35 1,0808 414  3 256963,609375 1
42,85 5879 2000 141,59 59,63 23,18 25,14 5,35 1,1464 415  3 251658,890625 1
43,16 5671 1927 140,39 58,14 24,03 25,14 5,35 1,1914 415  3 249087,8125 1
43,49 5818 1978 140,92 58,16 23,42 25,14 5,35 1,23 415  3 247642,078125 1
43,66 5719 1900 134,81 57,39 24,37 25,14 5,35 1,2726 415  3 245504,671875 1
43,82 5606 1905 134,9 57,65 24,31 25,14 5,35 1,3157 415  3 245504,671875 1
43,92 5521 1876 129,97 56,78 24,68 25,14 5,35 1,3501 415  3 246035,5625 1
44,07 5525 1877 131,12 57,3 24,67 25,14 5,35 1,3949 416  3 244274,8125 1
44,14 5579 1946 129,53 56,99 23,8 25,14 5,35 1,4235 416  3 243403,84375 1
44,21 5482 1862 126,8 55,84 24,86 25,14 5,35 1,4423 416  3 240150,09375 1
44,26 5478 1861 129,0 56,3 24,88 25,14 5,35 1,4473 416  3 241168,15625 1
44,35 5427 1843 126,5 56,26 25,11 25,14 5,35 1,4614 416  3 240997,875 1
44,35 5560 1872 124,08 56,37 24,73 25,14 5,35 1,4759 416  3 240997,875 1
33,0 388 824 291,44 356,21 73,28 25,14 5,35 0,2591 400  2 341903,1875 1
33,0 560 884 281,17 319,87 64,07 25,14 5,35 0,2925 400  2 343278,59375 1
33,01 2739 1351 246,73 174,88 35,13 25,14 5,35 0,3584 400  2 309646,21875 1
33,88 5081 1727 219,1 115,64 26,84 25,14 5,35 0,432 400  2 297242,375 1
36,95 5652 1920 196,67 92,18 24,11 25,14 5,35 0,5173 401  2 287237,03125 1
38,3 5790 1969 176,31 74,3 23,53 25,14 5,35 0,5919 403  2 281318,6875 1
39,28 5824 1980 173,88 69,65 23,4 25,14 5,35 0,6701 406  2 273212,375 1
40,16 5863 1994 162,5 66,65 23,24 25,14 5,35 0,741 409  2 267432,75 1
40,91 5773 1962 154,45 64,13 23,61 25,14 5,35 0,8715 412  3 263103,8125 1
41,53 5802 1962 152,27 63,66 23,61 25,14 5,35 0,9388 412  3 260096,515625 1
42,12 5869 1996 147,01 60,1 23,22 25,14 5,35 1,0272 413  3 255616,578125 1
42,12 5778 1964 146,66 59,77 23,58 25,14 5,35 1,075 414  3 252777,09375 1
42,89 5620 1910 140,54 59,01 24,25 25,14 5,35 1,1161 414  3 250918,890625 1
43,22 5762 1987 139,73 58,16 23,32 25,14 5,35 1,1695 414  3 250366,75 1
43,42 5751 1955 134,4 58,08 23,69 25,14 5,35 1,2248 415  3 246035,5625 1
43,69 5706 1939 134,99 56,68 23,88 25,14 5,35 1,2601 415  3 246925,484375 1
43,86 5594 1900 135,13 56,99 24,36 25,14 5,35 1,3374 415  3 244274,8125 1
43,98 5737 1925 132,01 57,28 24,05 25,14 5,35 1,3862 415  3 244976,078125 1
44,11 5571 1893 132,81 57,37 24,46 25,14 5,35 1,4107 415  3 243403,84375 1
44,23 5435 1846 128,7 56,32 25,07 25,14 5,35 1,4315 415  3 242884,25 1
44,31 5554 1887 125,6 56,33 24,53 25,14 5,35 1,4604 415  3 240319,171875 1
44,31 5442 1875 126,15 56,53 24,68 25,14 5,35 1,4825 415  3 240997,875 1
44,33 5477 1860 124,67 56,78 24,88 25,14 5,35 1,4979 415  3 239812,640625 1
44,39 5701 1938 123,12 57,08 23,9 25,14 5,35 1,5149 415  3 240488,5 1
33,01 365 823 288,2 353,33 73,35 25,14 5,35 0,2545 400  2 339860,59375 1
32,97 371 825 296,21 353,93 72,96 25,14 5,35 0,2784 400  2 325596,1875 1
33,86 1824 1292 252,99 191,16 37,05 25,14 5,35 0,3388 400  2 310491,21875 1
35,47 5525 1712 221,33 122,37 27,08 25,14 5,35 0,4115 400  2 296210,59375 1
36,99 5735 1949 188,65 81,41 23,76 25,14 5,35 0,4893 401  2 291157,25 1
38,31 5813 1976 178,17 74,53 23,44 25,14 5,35 0,566 403  2 280164,15625 1
39,34 5825 2018 169,52 68,81 22,97 25,14 5,35 0,7009 407  2 275194,84375 1
40,19 5872 1997 165,1 66,79 23,2 25,14 5,35 0,7864 409  3 269544,625 1
40,91 5731 1948 159,45 64,02 23,77 25,14 5,35 0,8569 410  3 264531,125 1
40,91 5864 1994 154,19 63,18 23,23 25,14 5,35 0,9271 411  3 256770,3125 1
41,51 5824 1931 148,96 60,48 23,98 25,14 5,35 0,9725 411  3 256000,0 1
42,46 5783 1966 145,67 59,95 23,56 25,14 5,35 1,0359 412  3 253339,9375 1
42,85 5820 1979 141,78 58,77 23,41 25,14 5,35 1,0942 412  3 252590,03125 1
43,17 5614 1907 139,87 58,77 23,98 25,14 5,35 1,1499 413  3 248906,171875 1
43,46 5665 1925 138,04 57,26 24,05 25,14 5,35 1,196 413  3 246213,03125 1
43,63 5566 1891 139,02 58,0 24,48 25,14 5,35 1,2867 413  3 247462,546875 1
43,83 5751 1955 130,1 57,65 23,69 25,14 5,35 1,3265 413  3 244624,9375 1
43,96 5663 1924 131,69 57,43 24,06 25,14 5,35 1,3585 413  3 244976,078125 1
44,14 5634 1879 129,57 56,35 24,63 25,14 5,35 1,3898 413  3 241509,4375 1
44,14 5510 1872 130,06 57,1 24,73 25,14 5,35 1,415 413  3 242539,078125 1
44,22 5581 1896 127,31 57,32 24,41 25,14 5,35 1,44 413  3 240997,875 1
44,26 5370 1824 124,58 56,7 25,37 25,14 5,35 1,4655 413  3 240827,84375 1
44,3 5387 1875 122,95 56,66 24,68 25,14 5,35 1,4885 413  3 240658,046875 1
44,35 5556 1888 122,7 56,35 24,52 25,14 5,35 1,5167 413  3 240827,84375 1
32,98 402 835 289,77 351,3 71,2 25,14 5,35 0,2609 400  2 341561,03125 1
32,91 352 819 295,71 348,93 74,13 25,14 5,35 0,2766 400  2 330322,59375 1
33,95 4446 1617 232,54 134,71 28,74 25,14 5,35 0,3313 400  2 311340,84375 1
35,56 5353 1797 204,9 96,72 25,76 25,14 5,35 0,3986 400  2 300645,90625 1
37,08 5646 1918 191,42 84,25 24,13 25,14 5,35 0,475 401  2 290414,0625 1
38,35 5789 1968 181,64 76,78 23,53 25,14 5,35 0,6496 405  2 282951,09375 1
39,34 5863 1994 174,29 71,18 23,23 25,14 5,35 0,7213 407  2 274089,9375 1
39,34 5937 2020 164,99 66,41 22,94 25,14 5,35 0,7923 408  3 264736,3125 1
40,21 5865 2016 162,0 63,96 22,99 25,14 5,35 0,8558 410  3 260493,515625 1
41,51 5798 1971 156,98 62,78 23,49 25,14 5,35 0,9219 410  3 259306,15625 1
42,12 5794 1931 148,06 61,08 23,97 25,14 5,35 0,9864 411  3 257351,09375 1
42,56 5888 1953 142,6 58,89 23,71 25,14 5,35 1,0333 411  3 252590,03125 1
42,93 5735 1949 141,44 58,99 23,75 25,14 5,35 1,0806 412  3 250183,234375 1
43,22 5662 1924 137,06 58,27 24,06 25,14 5,35 1,1671 412  3 248724,796875 1
43,49 5685 1932 137,48 57,35 23,96 25,14 5,35 1,2076 412  3 248543,6875 1
43,63 5594 1900 133,49 57,35 24,35 25,14 5,35 1,243 413  3 245858,34375 1
43,86 5616 1935 133,76 57,96 23,92 25,14 5,35 1,2785 413  3 243403,84375 1
43,97 5593 1900 132,19 57,06 24,35 25,14 5,35 1,3256 413  3 242884,25 1
44,1 5622 1882 129,09 56,37 24,58 25,14 5,35 1,3639 413  3 242366,859375 1
44,16 5541 1882 127,14 56,13 24,58 25,14 5,35 1,3956 413  3 242884,25 1
44,22 5578 1895 127,18 57,26 24,42 25,14 5,35 1,4268 413  3 240827,84375 1
44,31 5446 1850 125,73 56,43 25,01 25,14 5,35 1,452 413  3 240488,5 1
44,33 5481 1862 125,81 56,18 24,85 25,14 5,35 1,4745 413  3 240997,875 1
44,33 5617 1909 125,94 56,89 24,25 25,14 5,35 1,4979 413  3 240319,171875 1
32,96 373 823 287,42 345,76 73,38 25,14 5,35 0,2635 400  2 342933,6875 1
32,95 1368 1087 266,26 246,57 46,33 25,14 5,35 0,2628 400  2 334531,1875 1
33,93 4220 1585 233,65 143,52 29,36 25,14 5,35 0,3101 400  2 315659,6875 1
35,6 5265 1788 211,38 102,9 25,88 25,14 5,35 0,4564 401  2 301442,4375 1
35,6 5451 1851 196,87 88,24 25,0 25,14 5,35 0,5297 402  2 290909,09375 1
37,08 5670 1949 185,05 76,32 23,75 25,14 5,35 0,6108 404  2 282716,71875 1
38,32 5922 2015 171,71 72,22 23,0 25,14 5,35 0,6946 407  2 269119,59375 1
39,39 5797 1971 165,61 68,14 23,49 25,14 5,35 0,7725 410  2 266389,1875 1
40,93 5768 1961 159,12 64,9 23,61 25,14 5,35 0,8342 412  3 261691,796875 1
41,53 5824 1980 149,92 61,45 23,38 25,14 5,35 0,9056 413  3 257739,75 1
42,08 5803 1973 148,06 60,85 23,47 25,14 5,35 0,965 414  3 256963,609375 1
42,49 5883 2001 142,94 59,21 23,15 25,14 5,35 1,0215 415  3 252030,515625 1
42,88 5840 1986 142,02 59,11 23,32 25,14 5,35 1,1296 416  3 252777,09375 1
43,13 5713 1944 138,88 58,16 23,81 25,14 5,35 1,1812 416  3 248906,171875 1
43,41 5752 1955 138,37 58,21 23,68 25,14 5,35 1,2266 416  3 245328,21875 1
43,41 5581 1896 133,35 57,39 24,4 25,14 5,35 1,2724 417  3 244800,375 1
43,79 5728 1947 134,31 57,94 23,77 25,14 5,35 1,3257 417  3 245504,671875 1
43,89 5540 1882 132,5 57,04 24,58 25,14 5,35 1,3711 417  3 243230,40625 1
44,03 5503 1869 128,39 57,41 24,75 25,14 5,35 1,3892 417  3 242884,25 1
44,17 5594 1901 128,31 56,39 24,34 25,14 5,35 1,4345 417  3 241509,4375 1
44,25 5462 1855 127,61 57,34 24,94 25,14 5,35 1,4668 417  3 240658,046875 1
44,24 5500 1870 126,5 55,78 24,73 25,14 5,35 1,4841 417  3 240827,84375 1
44,26 5482 1862 127,1 57,01 24,84 25,14 5,35 1,5006 417  3 239476,140625 1
44,33 5605 1904 128,92 56,68 24,29 25,14 5,35 1,5267 417  3 240150,09375 1
32,95 374 826 293,12 353,45 72,79 25,14 5,35 0,2669 400  2 339860,59375 1
32,9 719 929 280,31 305,27 58,77 25,14 5,35 0,2616 400  2 337508,25 1
32,9 3177 1526 231,21 150,07 30,58 25,14 5,35 0,3681 400  2 317716,40625 1
33,97 5223 1775 220,66 107,16 26,08 25,14 5,35 0,4471 400  2 304671,21875 1
35,6 5667 1926 192,92 89,23 24,03 25,14 5,35 0,5267 402  2 282951,09375 1
37,03 5719 1944 184,74 78,65 23,81 25,14 5,35 0,604 404  2 276756,75 1
39,3 5676 1929 177,03 72,71 23,99 25,14 5,35 0,6812 407  2 271258,28125 1
40,15 5759 1998 165,49 67,31 23,19 25,14 5,35 0,7432 409  2 264531,125 1
40,9 5720 1944 157,2 61,83 23,81 25,14 5,35 0,8161 411  3 261291,140625 1
41,52 5804 1973 151,5 61,52 23,46 25,14 5,35 0,8813 412  3 257934,515625 1
42,06 5741 2020 144,2 60,77 22,93 25,14 5,35 1,0044 414  3 254663,015625 1
42,49 5749 1954 142,74 59,37 23,69 25,14 5,35 1,0675 414  3 254663,015625 1
42,8 5695 1935 143,42 60,02 23,91 25,14 5,35 1,1121 415  3 249269,71875 1
42,8 5755 1956 137,25 58,57 23,66 25,14 5,35 1,1647 415  3 246925,484375 1
43,36 5603 1904 139,16 57,67 24,3 25,14 5,35 1,2122 415  3 246035,5625 1
43,58 5613 1936 134,31 57,78 23,9 25,14 5,35 1,261 415  3 245328,21875 1
43,72 5601 1903 131,12 57,61 24,31 25,14 5,35 1,2978 416  3 245152,015625 1
43,92 5571 1893 132,86 58,04 24,44 25,14 5,35 1,3522 416  3 242711,546875 1
43,99 5517 1916 130,32 57,47 24,15 25,14 5,35 1,3876 416  3 244274,8125 1
44,12 5563 1890 128,65 57,53 24,48 25,14 5,35 1,4301 416  3 242194,890625 1
44,15 5599 1902 125,51 57,01 24,32 25,14 5,35 1,4572 416  3 241338,671875 1
44,19 5599 1902 126,84 56,54 24,32 25,14 5,35 1,4729 416  3 240827,84375 1
44,24 5490 1865 125,77 56,7 25,17 25,14 5,35 1,4881 416  3 239812,640625 1
44,28 5555 1887 130,1 57,86 24,51 25,14 5,35 1,4962 416  3 239812,640625 1
32,94 370 825 293,52 348,34 72,96 25,14 5,35 0,2682 400  2 340538,75 1
32,93 571 887 280,5 321,49 63,61 25,14 5,35 0,2981 400  2 340538,75 1
32,97 2842 1369 245,82 173,23 34,58 25,14 5,35 0,3697 400  2 323130,3125 1
34,06 5106 1789 215,35 109,73 25,86 25,14 5,35 0,4561 400  2 294676,25 1
35,6 5510 1872 192,26 91,56 24,72 25,14 5,35 0,5291 402  2 285554,9375 1
38,38 5733 1949 183,31 80,65 23,75 25,14 5,35 0,6076 404  2 278791,1875 1
39,36 5876 1973 171,66 68,67 23,46 25,14 5,35 0,6767 407  2 271042,875 1
40,22 5702 1938 158,85 64,5 23,88 25,14 5,35 0,7499 409  2 266389,1875 1
40,91 5830 1983 158,59 63,96 23,35 25,14 5,35 0,8178 411  3 262295,09375 1
41,55 5797 1971 150,07 61,83 23,49 25,14 5,35 0,9802 413  3 259503,296875 1
42,02 5815 1977 147,06 61,1 23,41 25,14 5,35 1,0302 414  3 254094,296875 1
42,02 5785 1931 144,79 60,1 23,96 25,14 5,35 1,0996 414  3 250183,234375 1
42,45 5684 1932 140,58 59,01 23,95 25,14 5,35 1,1586 415  3 248724,796875 1
43,13 5763 1959 142,69 59,61 23,62 25,14 5,35 1,2029 415  3 249087,8125 1
43,38 5701 1934 139,16 58,91 23,93 25,14 5,35 1,2406 415  3 246390,765625 1
43,61 5531 1918 132,19 57,86 24,11 25,14 5,35 1,2768 416  3 245328,21875 1
43,79 5646 1918 133,49 57,14 24,11 25,14 5,35 1,3123 416  3 243925,671875 1
43,92 5544 1883 131,74 57,78 24,56 25,14 5,35 1,3655 416  3 242023,15625 1
44,07 5780 1965 129,84 57,34 23,55 25,14 5,35 1,3964 416  3 243577,546875 1
44,1 5479 1908 126,45 56,91 24,25 25,14 5,35 1,4176 416  3 240997,875 1
44,18 5676 1929 128,52 56,56 23,98 25,14 5,35 1,4376 416  3 239308,25 1
44,21 5747 1953 126,11 56,47 23,69 25,14 5,35 1,4548 416  3 240150,09375 1
44,25 5526 1836 125,51 56,6 25,19 25,14 5,35 1,4697 416  3 239308,25 1
44,25 5414 1884 126,15 57,78 24,54 25,14 5,35 1,4777 416  3 238805,96875 1
32,91 332 819 290,45 348,7 74,1 25,14 5,35 0,2643 400  2 340199,34375 1
32,91 437 847 285,39 334,59 69,35 25,14 5,35 0,2929 400  2 323436,5 1
32,93 2511 1311 246,73 184,24 36,37 25,14 5,35 0,3565 400  2 309646,21875 1
35,65 5016 1706 221,93 118,02 27,16 25,14 5,35 0,428 400  2 295953,75 1
37,16 5614 1805 201,66 95,65 25,63 25,14 5,35 0,5061 401  2 287478,9375 1
38,4 5659 1923 183,0 74,88 24,06 25,14 5,35 0,5779 403  2 277206,28125 1
39,34 5804 1973 167,13 70,6 23,45 25,14 5,35 0,6529 406  2 273431,25 1
40,18 5769 1961 163,32 66,79 23,6 25,14 5,35 0,8046 409  3 267223,375 1
40,95 5853 1991 159,5 65,58 23,94 25,14 5,35 0,8886 411  3 262295,09375 1
40,95 5740 1951 151,76 61,64 23,72 25,14 5,35 0,9511 411  3 258912,765625 1
41,55 5773 1962 150,53 61,08 23,58 25,14 5,35 1,0243 412  3 254473,15625 1
42,02 5697 1936 143,76 59,93 23,9 25,14 5,35 1,082 413  3 251844,5625 1
42,83 5859 1992 141,4 60,04 23,23 25,14 5,35 1,1586 413  3 251658,890625 1
43,11 5753 1955 137,94 58,33 23,66 25,14 5,35 1,1918 413  3 246213,03125 1
43,36 5630 1913 133,63 57,14 24,18 25,14 5,35 1,2375 413  3 247821,875 1
43,54 5687 1933 136,41 58,67 23,94 25,14 5,35 1,2839 414  3 244976,078125 1
43,75 5691 1918 133,99 58,02 24,11 25,14 5,35 1,3293 414  3 243057,203125 1
43,91 5669 1927 128,96 57,59 24,01 25,14 5,35 1,3545 414  3 241851,671875 1
44,0 5645 1918 129,48 56,97 24,11 25,14 5,35 1,3753 414  3 242711,546875 1
44,0 5554 1887 129,44 57,74 24,51 25,14 5,35 1,4116 414  3 241338,671875 1
44,17 5558 1888 127,31 57,45 24,49 25,14 5,35 1,4341 414  3 239981,25 1
44,16 5487 1864 126,62 57,69 24,81 25,14 5,35 1,4519 414  3 239812,640625 1
44,24 5426 1843 122,95 57,28 25,09 25,14 5,35 1,4545 414  3 238805,96875 1
44,25 5424 1842 124,71 56,93 25,1 25,14 5,35 1,4792 414  3 239476,140625 1
32,93 343 816 293,02 353,93 74,61 25,14 5,35 0,2634 400  2 341219,59375 1
32,9 376 827 282,31 346,46 72,59 25,14 5,35 0,2837 400  2 327470,40625 1
34,13 1462 1259 256,09 197,88 38,2 25,14 5,35 0,344 400  2 310773,90625 1
35,75 5421 1841 202,96 98,14 25,11 25,14 5,35 0,4127 400  2 296725,59375 1
37,18 5601 1903 186,31 82,94 24,3 25,14 5,35 0,4909 401  2 289183,84375 1
38,4 5749 1932 172,65 75,14 23,94 25,14 5,35 0,5719 403  2 278336,5 1
38,4 5737 1950 170,44 70,15 23,73 25,14 5,35 0,7262 407  2 272557,90625 1
39,42 5803 1973 164,1 66,81 23,45 25,14 5,35 0,806 409  3 269119,59375 1
40,22 5772 1962 158,85 64,94 23,58 25,14 5,35 0,8742 410  3 258912,765625 1
40,98 5838 1985 151,04 63,89 23,31 25,14 5,35 0,9357 411  3 256192,140625 1
42,08 5766 1938 149,31 61,56 23,86 25,14 5,35 0,9802 412  3 253339,9375 1
42,52 5791 1978 143,52 60,69 23,4 25,14 5,35 1,046 412  3 250918,890625 1
42,88 5810 1976 139,87 59,05 23,42 25,14 5,35 1,1058 412  3 248543,6875 1
43,18 5578 1963 138,93 57,86 23,57 25,14 5,35 1,1528 413  3 246925,484375 1
43,38 5665 1925 135,4 59,11 24,02 25,14 5,35 1,2445 413  3 247462,546875 1
43,61 5724 1946 134,62 58,69 23,77 25,14 5,35 1,278 413  3 245328,21875 1
43,78 5579 1896 131,61 57,28 24,39 25,14 5,35 1,3148 413  3 244100,125 1
43,78 5644 1918 132,19 57,86 24,11 25,14 5,35 1,3585 413  3 242711,546875 1
44,0 5659 1886 129,97 57,57 24,51 25,14 5,35 1,3946 413  3 242884,25 1
44,05 5536 1928 127,31 57,67 23,98 25,14 5,35 1,4262 413  3 240997,875 1
44,15 5568 1891 126,45 57,37 24,44 25,14 5,35 1,4435 413  3 239476,140625 1
44,21 5602 1903 126,45 56,6 24,29 25,14 5,35 1,4545 413  3 239476,140625 1
44,2 5441 1848 124,63 56,93 25,01 25,14 5,35 1,4766 413  3 237476,8125 1
44,23 5487 1864 125,51 57,51 24,8 25,14 5,35 1,4997 413  3 240827,84375 1
32,92 366 823 295,31 345,06 73,21 25,14 5,35 0,2596 400  2 339860,59375 1
32,91 392 832 285,97 351,19 71,69 25,14 5,35 0,2738 400  2 329684,46875 1
34,1 4127 1645 224,12 129,7 28,21 25,14 5,35 0,3272 400  2 313341,5 1
35,74 5453 1852 208,75 100,39 24,96 25,14 5,35 0,3996 400  2 298281,375 1
35,74 5705 1939 190,13 84,02 23,85 25,14 5,35 0,4813 401  2 288939,0625 1
37,2 5789 1968 177,57 77,41 23,51 25,14 5,35 0,6406 405  2 281783,15625 1
38,39 5682 1931 171,42 70,99 23,45 25,14 5,35 0,7087 407  2 272775,71875 1
39,43 5771 1962 162,5 66,41 23,58 25,14 5,35 0,7788 408  3 262295,09375 1
40,17 5802 1973 159,18 64,85 23,45 25,14 5,35 0,8484 410  3 260294,859375 1
41,55 5779 1964 153,62 61,16 23,55 25,14 5,35 0,9244 410  3 257739,75 1
42,08 5755 1962 145,18 59,73 23,58 25,14 5,35 0,9879 411  3 254473,15625 1
42,48 5716 1943 148,81 59,85 23,81 25,14 5,35 1,0613 411  3 250183,234375 1
42,85 5697 1936 142,94 59,81 23,89 25,14 5,35 1,1099 412  3 251844,5625 1
43,11 5660 1923 140,3 59,07 24,04 25,14 5,35 1,2152 412  3 247283,265625 1
43,38 5741 1951 138,37 58,61 23,7 25,14 5,35 1,2551 412  3 246035,5625 1
43,38 5552 1907 133,22 57,88 24,25 25,14 5,35 1,2944 412  3 243925,671875 1
43,6 5654 1921 133,26 58,33 24,07 25,14 5,35 1,3132 413  3 242194,890625 1
43,89 5592 1900 132,23 58,16 24,34 25,14 5,35 1,3531 413  3 242539,078125 1
43,99 5654 1906 132,81 57,57 24,25 25,14 5,35 1,3831 413  3 242884,25 1
44,1 5531 1879 131,83 57,47 24,6 25,14 5,35 1,4156 413  3 241680,4375 1
44,15 5437 1847 127,79 57,65 25,03 25,14 5,35 1,4371 413  3 240488,5 1
44,15 5503 1869 125,43 57,14 24,73 25,14 5,35 1,4947 413  3 241680,4375 1
44,25 5512 1873 125,13 56,72 24,68 25,14 5,35 1,5175 413  3 241509,4375 1
44,24 5367 1844 127,23 56,68 25,07 25,14 5,35 1,5459 413  3 239140,59375 1
32,89 341 816 288,3 354,53 74,53 25,14 5,35 0,257 400  2 340538,75 1
32,91 1060 1016 273,38 258,71 51,0 25,14 5,35 0,2563 400  2 332251,78125 1
34,11 3743 1513 236,27 144,39 30,84 25,14 5,35 0,3001 400  2 313341,5 1
34,11 5313 1805 204,69 99,58 25,28 25,14 5,35 0,4466 401  2 300381,34375 1
35,73 5493 1866 194,16 86,85 24,78 25,14 5,35 0,5212 402  2 287964,0 1
37,14 5672 1927 179,13 77,36 23,99 25,14 5,35 0,6032 404  2 274973,15625 1
38,44 5689 1933 172,06 72,64 23,92 25,14 5,35 0,6749 407  2 268695,875 1
40,22 5776 1964 163,6 68,55 23,56 25,14 5,35 0,7472 409  2 266389,1875 1
40,93 5614 2004 162,0 65,2 23,09 25,14 5,35 0,8247 411  3 260493,515625 1
41,51 5807 1974 153,1 62,76 23,43 25,14 5,35 0,8998 413  3 257934,515625 1
42,03 5692 1934 144,15 60,77 23,9 25,14 5,35 0,9698 414  3 255043,59375 1
42,45 5816 1978 143,37 59,97 23,39 25,14 5,35 1,1111 415  3 251288,34375 1
42,87 5677 1975 141,97 59,69 23,42 25,14 5,35 1,1382 415  3 249451,890625 1
42,87 5801 1972 140,11 59,35 23,45 25,14 5,35 1,1827 416  3 247642,078125 1
43,12 5567 1891 135,31 58,89 24,44 25,14 5,35 1,2245 416  3 246568,75 1
43,36 5580 1896 135,26 57,14 24,39 25,14 5,35 1,266 416  3 244624,9375 1
43,72 5742 1929 134,9 57,72 23,97 25,14 5,35 1,31 416  3 244449,75 1
43,82 5663 1924 130,32 56,87 24,02 25,14 5,35 1,3511 416  3 242023,15625 1
43,96 5623 1910 131,92 57,28 24,2 25,14 5,35 1,3735 416  3 240150,09375 1
44,05 5512 1872 129,09 56,64 24,68 25,14 5,35 1,3853 416  3 242366,859375 1
44,08 5600 1903 126,15 56,95 24,29 25,14 5,35 1,4262 416  3 241851,671875 1
44,21 5504 1870 129,0 56,85 24,72 25,14 5,35 1,4585 416  3 239644,28125 1
44,22 5660 1923 123,33 57,34 24,03 25,14 5,35 1,4767 416  3 239981,25 1
44,22 5532 1879 125,86 57,34 24,59 25,14 5,35 1,4958 416  3 239476,140625 1
32,9 382 815 289,37 350,35 74,63 25,14 5,35 0,2512 400  2 338512,40625 1
32,9 888 974 266,98 277,01 54,44 25,14 5,35 0,2462 400  2 336510,03125 1
32,96 3468 1471 236,19 153,62 31,83 25,14 5,35 0,3522 400  2 318606,09375 1
34,19 5136 1745 210,09 108,92 26,5 25,14 5,35 0,432 400  2 304399,53125 1
35,83 5466 1857 196,41 90,7 24,89 25,14 5,35 0,5048 402  2 282951,09375 1
37,26 5671 1932 180,17 79,13 23,94 25,14 5,35 0,5914 404  2 275862,0625 1
39,44 5806 1974 176,43 73,7 23,43 25,14 5,35 0,6729 407  2 270827,8125 1
40,25 5742 1952 162,17 65,8 23,69 25,14 5,35 0,7466 409  2 266597,25 1
40,93 5810 1975 156,35 63,31 23,21 25,14 5,35 0,8094 411  3 260493,515625 1
41,53 5717 1970 152,53 62,23 23,48 25,14 5,35 0,8732 412  3 259700,734375 1
42,09 5827 1982 145,37 59,81 23,34 25,14 5,35 1,0009 414  3 254473,15625 1
42,09 5697 1936 143,71 60,85 23,88 25,14 5,35 1,0573 415  3 252216,75 1
42,53 5784 1966 146,56 59,53 23,52 25,14 5,35 1,1081 415  3 249087,8125 1
42,81 5703 1897 142,6 59,11 24,37 25,14 5,35 1,1496 415  3 247283,265625 1
43,41 5634 1914 138,27 58,2 24,15 25,14 5,35 1,1978 416  3 245504,671875 1
43,59 5660 1969 133,81 58,27 23,49 25,14 5,35 1,2458 416  3 244449,75 1
43,78 5622 1910 133,99 58,29 24,2 25,14 5,35 1,2844 416  3 243751,484375 1
43,89 5577 1892 131,69 57,84 24,43 25,14 5,35 1,3141 416  3 242194,890625 1
44,05 5595 1901 126,62 56,97 24,31 25,14 5,35 1,3803 416  3 242711,546875 1
44,11 5494 1866 130,36 57,82 24,76 25,14 5,35 1,4142 416  3 240997,875 1
44,2 5487 1864 128,79 56,87 24,79 25,14 5,35 1,433 416  3 241338,671875 1
44,2 5520 1854 124,71 56,41 24,92 25,14 5,35 1,4602 416  3 240658,046875 1
44,26 5433 1846 125,26 57,16 25,04 25,14 5,35 1,4708 416  3 239981,25 1
44,22 5472 1862 125,13 57,45 24,81 25,14 5,35 1,4886 416  3 239476,140625 1
32,93 364 823 285,68 345,06 73,28 25,14 5,35 0,2444 400  2 339860,59375 1
32,92 450 851 288,2 339,84 68,67 25,14 5,35 0,2763 400  2 339522,53125 1
32,95 2434 1414 244,16 165,1 33,27 25,14 5,35 0,3458 400  2 305216,09375 1
34,26 5024 1708 216,66 113,01 27,09 25,14 5,35 0,4213 400  2 294930,875 1
37,32 5590 1899 196,47 92,56 24,34 25,14 5,35 0,4939 401  2 285794,03125 1
38,53 5680 1920 189,62 81,44 24,08 25,14 5,35 0,581 403  2 277657,28125 1
39,51 5800 1985 173,06 69,96 23,3 25,14 5,35 0,6601 406  2 270827,8125 1
40,34 5637 1915 162,77 65,4 24,13 25,14 5,35 0,7348 409  2 266805,625 1
41,04 5720 1944 157,94 65,05 23,78 25,14 5,35 0,86 412  3 261091,28125 1
41,04 5813 1976 151,86 62,82 23,4 25,14 5,35 0,9393 413  3 258716,53125 1
41,6 5902 1911 147,41 61,43 24,18 25,14 5,35 1,0008 413  3 255425,296875 1
42,07 5714 1942 145,18 60,34 23,81 25,14 5,35 1,0724 414  3 252216,75 1
42,49 5687 1932 141,78 59,21 23,92 25,14 5,35 1,1276 414  3 248724,796875 1
43,2 5629 1913 141,4 59,09 24,16 25,14 5,35 1,178 415  3 246035,5625 1
43,4 5690 1934 134,71 58,87 23,9 25,14 5,35 1,2207 415  3 245504,671875 1
43,68 5584 1897 132,81 57,2 24,36 25,14 5,35 1,2698 415  3 248543,6875 1
43,74 5568 1892 132,19 58,41 24,43 25,14 5,35 1,3074 415  3 242539,078125 1
43,93 5488 1864 131,38 57,32 24,78 25,14 5,35 1,3687 415  3 242539,078125 1
44,06 5499 1894 128,74 56,99 24,39 25,14 5,35 1,3907 415  3 242366,859375 1
44,06 5435 1846 130,32 57,94 25,03 25,14 5,35 1,4153 415  3 239981,25 1
44,07 5561 1889 126,54 57,28 24,46 25,14 5,35 1,4407 415  3 240997,875 1
44,21 5632 1914 126,8 57,39 24,15 25,14 5,35 1,4494 415  3 240319,171875 1
44,25 5519 1855 124,08 56,74 24,9 25,14 5,35 1,4708 415  3 239476,140625 1
44,28 5414 1839 122,62 56,6 25,12 25,14 5,35 1,4883 415  3 239644,28125 1
32,88 330 811 287,13 351,54 75,37 25,14 5,35 0,2467 400  2 340199,34375 1
32,95 385 830 283,85 354,41 72,05 25,14 5,35 0,2748 400  2 326530,625 1
32,97 2027 1222 249,25 202,62 39,62 25,14 5,35 0,3402 400  2 311057,09375 1
35,86 4771 1663 216,66 114,75 26,88 25,14 5,35 0,4158 400  2 297242,375 1
37,31 5605 1904 185,24 81,33 24,27 25,14 5,35 0,4979 401  2 288207,15625 1
38,52 5637 1915 176,49 75,29 24,13 25,14 5,35 0,5714 403  2 278109,71875 1
39,51 5736 1950 174,11 71,01 23,71 25,14 5,35 0,6462 406  2 272993,875 1
39,51 5773 1957 165,72 66,86 23,62 25,14 5,35 0,7894 410  3 266805,625 1
40,32 5783 1966 156,82 65,03 23,52 25,14 5,35 0,8628 411  3 263306,75 1
40,98 5673 1928 149,82 63,16 23,98 25,14 5,35 0,9317 412  3 257739,75 1
41,65 5897 2006 149,72 61,29 23,06 25,14 5,35 0,9946 413  3 255808,140625 1
42,53 5717 1943 145,72 59,91 23,79 25,14 5,35 1,0577 413  3 251103,484375 1
42,9 5609 1946 142,94 59,61 23,75 25,14 5,35 1,108 414  3 248182,265625 1
43,16 5664 1925 137,8 58,39 24,01 25,14 5,35 1,1673 414  3 247821,875 1
43,39 5596 1901 137,71 58,87 24,3 25,14 5,35 1,1923 414  3 247104,25 1
43,58 5547 1935 134,71 57,82 23,88 25,14 5,35 1,286 414  3 244100,125 1
43,78 5620 1910 138,37 58,35 24,2 25,14 5,35 1,3203 414  3 244274,8125 1
43,78 5530 1879 130,94 58,27 24,59 25,14 5,35 1,3542 415  3 242539,078125 1
43,93 5510 1872 131,25 57,28 24,68 25,14 5,35 1,3856 415  3 241338,671875 1
44,07 5513 1873 129,09 57,67 24,67 25,14 5,35 1,4086 415  3 242023,15625 1
44,19 5419 1859 128,57 57,32 24,85 25,14 5,35 1,4287 415  3 239644,28125 1
44,27 5487 1864 127,27 58,27 24,78 25,14 5,35 1,4719 415  3 238805,96875 1
44,2 5319 1807 123,95 56,33 25,57 25,14 5,35 1,4886 415  3 239644,28125 1
44,23 5364 1822 122,87 57,04 25,4 25,14 5,35 1,5185 415  3 237642,140625 1
32,93 360 821 288,01 346,7 73,5 25,14 5,35 0,2354 400  2 338848,4375 1
33,01 337 822 282,79 355,13 73,4 25,14 5,35 0,254 400  2 328415,65625 1
34,27 1626 1142 259,23 213,68 43,23 25,14 5,35 0,3124 400  2 308805,78125 1
35,87 5425 1843 205,38 99,48 25,07 25,14 5,35 0,3851 400  2 296983,75 1
37,28 5490 1873 186,18 83,82 24,67 25,14 5,35 0,4632 401  2 289183,84375 1
37,28 5771 1962 180,66 75,24 23,57 25,14 5,35 0,545 403  2 279475,96875 1
38,55 5680 1930 177,14 70,72 23,94 25,14 5,35 0,7071 407  2 274751,8125 1
39,48 5724 1945 165,1 68,34 23,76 25,14 5,35 0,783 409  2 268273,5 1
40,33 5761 1991 159,72 64,83 23,23 25,14 5,35 0,8463 410  3 259306,15625 1
41,0 5851 1990 155,61 63,46 23,24 25,14 5,35 0,9183 411  3 256000,0 1
42,1 5668 1926 149,77 62,04 23,99 25,14 5,35 0,9857 412  3 253528,09375 1
42,53 5632 1913 143,52 59,29 23,75 25,14 5,35 1,0391 412  3 251103,484375 1
42,89 5675 1929 142,84 59,37 23,96 25,14 5,35 1,1016 412  3 250918,890625 1
43,16 5628 1912 138,79 59,37 24,16 25,14 5,35 1,1567 413  3 247462,546875 1
43,42 5580 1896 138,13 58,77 24,37 25,14 5,35 1,2691 413  3 245681,375 1
43,42 5706 1939 135,45 58,57 23,83 25,14 5,35 1,3081 413  3 244800,375 1
43,61 5522 1886 132,23 57,98 24,49 25,14 5,35 1,3329 413  3 243230,40625 1
43,8 5483 1862 132,32 55,99 24,8 25,14 5,35 1,3804 413  3 242711,546875 1
44,01 5589 1899 129,22 57,35 24,33 25,14 5,35 1,4044 413  3 242366,859375 1
44,09 5518 1886 129,57 57,86 24,49 25,14 5,35 1,435 413  3 240658,046875 1
44,14 5600 1841 130,54 57,03 25,09 25,14 5,35 1,4664 413  3 241168,15625 1
44,22 5495 1867 125,39 57,96 24,74 25,14 5,35 1,4757 413  3 240827,84375 1
44,22 5499 1868 126,28 57,01 24,73 25,14 5,35 1,5256 413  3 239308,25 1
44,2 5385 1829 126,8 57,76 25,25 25,14 5,35 1,5286 413  3 238973,15625 1
32,91 311 805 286,45 349,76 76,65 25,14 5,35 0,2219 400  2 341903,1875 1
32,98 1398 811 291,64 352,02 75,5 25,14 5,35 0,2283 400  2 330322,59375 1
34,24 3923 1541 230,9 136,5 30,22 25,14 5,35 0,2816 400  2 312195,125 1
34,24 5345 1816 207,27 102,14 25,45 25,14 5,35 0,3621 400  2 299853,59375 1
35,84 5498 1868 191,55 85,94 24,73 25,14 5,35 0,5118 402  2 290167,1875 1
37,29 5647 1979 178,11 77,51 23,37 25,14 5,35 0,5803 405  2 282951,09375 1
38,53 5651 1920 172,12 71,39 24,07 25,14 5,35 0,6548 408  2 268695,875 1
39,43 5801 1972 167,52 67,45 23,44 25,14 5,35 0,7185 411  2 266181,4375 1
40,93 5830 1983 161,67 65,45 23,32 25,14 5,35 0,8044 413  3 262295,09375 1
41,54 5627 1975 154,61 62,84 23,41 25,14 5,35 0,8754 414  3 259109,3125 1
42,04 5742 1952 145,82 61,33 23,68 25,14 5,35 0,9392 415  3 254853,15625 1
42,47 5717 1943 144,0 59,63 23,78 25,14 5,35 0,9819 416  3 251473,484375 1
42,82 5675 1928 142,4 59,91 23,96 25,14 5,35 1,1187 417  3 250366,75 1
42,82 5638 1967 139,54 59,69 23,49 25,14 5,35 1,1605 417  3 248543,6875 1
43,12 5699 1937 135,72 58,31 23,85 25,14 5,35 1,2238 418  3 248362,84375 1
43,36 5597 1901 135,63 58,87 24,29 25,14 5,35 1,2565 418  3 244449,75 1
43,57 5555 1887 133,9 58,29 24,48 25,14 5,35 1,281 418  3 243057,203125 1
43,86 5697 1868 135,22 58,04 24,73 25,14 5,35 1,3044 418  3 241509,4375 1
43,95 5538 1881 130,19 57,53 24,55 25,14 5,35 1,33 418  3 242366,859375 1
44,05 5495 1867 127,23 56,93 24,74 25,14 5,35 1,354 418  3 242194,890625 1
44,12 5566 1891 128,65 57,06 24,43 25,14 5,35 1,3853 418  3 239981,25 1
44,17 5547 1858 126,24 57,59 24,86 25,14 5,35 1,4443 418  3 239308,25 1
44,2 5551 1886 125,09 57,69 24,49 25,14 5,35 1,4672 418  3 240150,09375 1
44,2 5463 1856 127,31 56,58 24,89 25,14 5,35 1,4726 418  3 237973,5 1
32,94 355 820 298,02 363,77 73,78 25,14 5,35 0,2177 400  2 340199,34375 1
32,94 748 1049 271,72 250,18 48,66 25,14 5,35 0,2168 400  2 334531,1875 1
33,06 4022 1555 231,45 140,54 29,91 25,14 5,35 0,262 400  2 315951,875 1
34,34 5262 1788 212,38 105,76 25,85 25,14 5,35 0,4203 401  2 300910,96875 1
35,94 5526 1877 194,49 88,84 24,61 25,14 5,35 0,5086 402  2 291405,8125 1
37,36 5618 1909 185,43 78,09 24,2 25,14 5,35 0,5804 405  2 276532,53125 1
38,59 5642 1893 173,29 71,69 24,4 25,14 5,35 0,6584 408  2 271474,03125 1
40,36 5777 1964 164,99 68,16 23,53 25,14 5,35 0,7264 411  2 264941,78125 1
41,08 5792 1924 159,45 65,09 24,02 25,14 5,35 0,8002 413  3 260692,46875 1
41,63 5655 1936 151,76 62,25 23,86 25,14 5,35 0,8727 414  3 257351,09375 1
42,15 5841 1986 146,06 60,5 23,27 25,14 5,35 0,9265 415  3 254663,015625 1
42,6 5732 1948 148,71 60,22 23,72 25,14 5,35 1,0298 417  3 251658,890625 1
42,6 5689 1933 140,54 59,25 23,9 25,14 5,35 1,0847 417  3 249634,328125 1
42,91 5596 1901 137,34 58,91 24,29 25,14 5,35 1,1442 417  3 247462,546875 1
43,19 5672 1899 140,77 58,51 24,32 25,14 5,35 1,1949 418  3 244624,9375 1
43,62 5602 1903 136,78 59,07 24,27 25,14 5,35 1,2249 418  3 244800,375 1
43,78 5463 1920 134,31 58,06 24,06 25,14 5,35 1,2749 418  3 243403,84375 1
43,95 5584 1897 129,62 57,28 24,84 25,14 5,35 1,3063 418  3 242194,890625 1
44,04 5498 1868 129,92 57,08 24,73 25,14 5,35 1,3365 418  3 241509,4375 1
44,17 5461 1855 128,48 59,11 24,89 25,14 5,35 1,3969 418  3 239981,25 1
44,19 5432 1845 128,26 58,53 25,03 25,14 5,35 1,4072 418  3 240658,046875 1
44,26 5500 1868 127,31 56,95 24,72 25,14 5,35 1,424 418  3 241851,671875 1
44,26 5450 1811 124,42 57,63 25,51 25,14 5,35 1,4631 418  3 239812,640625 1
44,29 5420 1841 125,9 56,7 25,08 25,14 5,35 1,4721 418  3 238305,796875 1
32,92 319 807 300,15 356,94 76,11 25,14 5,35 0,2072 400  2 339860,59375 1
32,99 535 877 281,64 313,22 64,92 25,14 5,35 0,203 400  2 340199,34375 1
33,06 2721 1485 239,17 152,33 31,47 25,14 5,35 0,3111 400  2 321305,3125 1
34,38 5011 1704 210,38 109,73 27,15 25,14 5,35 0,3841 400  2 304128,3125 1
35,98 5509 1871 194,1 88,6 24,68 25,14 5,35 0,4715 402  2 286033,53125 1
37,35 5634 1914 187,64 80,97 24,13 25,14 5,35 0,5442 404  2 276756,75 1
39,52 5682 1931 177,08 74,53 23,93 25,14 5,35 0,6152 407  2 270827,8125 1
40,35 5608 1905 161,02 65,09 24,25 25,14 5,35 0,6946 409  2 265974,03125 1
41,04 5705 1939 156,14 64,11 23,83 25,14 5,35 0,7679 411  2 261291,140625 1
41,62 5772 1962 154,19 62,02 23,55 25,14 5,35 0,8425 412  3 258520,578125 1
41,62 5728 1929 145,62 59,93 23,95 25,14 5,35 0,9801 414  3 254283,578125 1
42,12 5710 1941 145,03 60,57 23,81 25,14 5,35 1,045 414  3 251658,890625 1
42,52 5562 1889 141,78 60,42 24,44 25,14 5,35 1,0987 415  3 250000,0 1
42,89 5482 1862 140,54 60,02 24,8 25,14 5,35 1,1629 415  3 246925,484375 1
43,44 5731 1948 136,6 59,25 23,72 25,14 5,35 1,2017 415  3 246746,984375 1
43,63 5547 1895 135,86 58,06 24,37 25,14 5,35 1,2467 416  3 244976,078125 1
43,86 5463 1856 133,63 58,67 24,89 25,14 5,35 1,2827 416  3 244800,375 1
43,98 5591 1900 130,98 58,27 24,31 25,14 5,35 1,3101 416  3 243925,671875 1
44,09 5591 1900 127,92 56,72 24,84 25,14 5,35 1,3844 416  3 242194,890625 1
44,14 5400 1834 129,22 56,85 25,17 25,14 5,35 1,4044 416  3 240150,09375 1
44,14 5466 1857 126,58 56,79 24,87 25,14 5,35 1,438 416  3 240827,84375 1
44,21 5431 1845 127,4 56,72 25,03 25,14 5,35 1,4695 416  3 239981,25 1
44,25 5418 1840 126,62 57,51 25,09 25,14 5,35 1,4794 416  3 240658,046875 1
44,28 5520 1840 127,31 58,21 25,1 25,14 5,35 1,4894 416  3 239476,140625 1
32,99 312 805 288,4 351,66 76,58 25,14 5,35 0,1998 400  2 342246,0 1
32,97 458 853 287,23 336,75 68,23 25,14 5,35 0,2332 400  2 342933,6875 1
33,1 2348 1282 256,09 180,17 37,32 25,14 5,35 0,299 400  2 307692,3125 1
34,42 4738 1659 217,18 118,46 27,92 25,14 5,35 0,3749 400  2 294676,25 1
37,46 5455 1840 198,28 90,91 25,11 25,14 5,35 0,4536 401  2 288694,65625 1
38,63 5536 1858 187,51 80,78 24,85 25,14 5,35 0,5359 403  2 278791,1875 1
39,58 5607 1905 171,54 69,91 24,25 25,14 5,35 0,6175 406  2 272123,3125 1
40,38 5649 1931 164,38 66,18 23,92 25,14 5,35 0,6919 409  2 267223,375 1
40,38 5753 1955 156,35 64,48 23,63 25,14 5,35 0,8453 412  3 262901,15625 1
41,07 5762 1959 151,81 61,52 23,59 25,14 5,35 0,9121 413  3 259109,3125 1
41,67 5733 1949 151,96 61,5 23,71 25,14 5,35 0,9841 413  3 255234,296875 1
42,17 5637 1915 147,21 60,2 24,11 25,14 5,35 1,0585 414  3 251288,34375 1
42,67 5576 1955 143,52 58,99 23,64 25,14 5,35 1,1061 414  3 250918,890625 1
43,16 5645 1918 142,11 59,39 24,08 25,14 5,35 1,1598 415  3 247462,546875 1
43,47 5652 1921 136,6 58,35 24,05 25,14 5,35 1,2186 415  3 246213,03125 1
43,66 5475 1929 133,99 58,81 23,94 25,14 5,35 1,2671 415  3 244449,75 1
43,79 5503 1869 131,07 57,53 24,7 25,14 5,35 1,3082 415  3 244449,75 1
43,93 5510 1872 132,23 56,76 24,67 25,14 5,35 1,3647 415  3 244274,8125 1
43,93 5405 1836 132,23 58,31 25,15 25,14 5,35 1,3716 415  3 243057,203125 1
44,05 5387 1830 128,05 56,45 25,23 25,14 5,35 1,4006 415  3 240488,5 1
44,15 5510 1853 126,8 56,78 24,92 25,14 5,35 1,4154 415  3 239644,28125 1
44,26 5514 1873 128,05 56,97 24,65 25,14 5,35 1,439 415  3 240658,046875 1
44,28 5453 1852 124,75 57,78 24,93 25,14 5,35 1,4631 415  3 239308,25 1
44,27 5390 1831 123,66 57,82 25,34 25,14 5,35 1,4775 415  3 238973,15625 1
33,04 312 810 297,62 366,49 75,65 25,14 5,35 0,2036 400  2 340538,75 1
33,03 395 833 301,06 345,29 71,42 25,14 5,35 0,2301 400  2 324667,09375 1
33,18 2032 1223 250,78 190,26 39,55 25,14 5,35 0,2977 400  2 312195,125 1
36,1 4444 1617 224,65 124,75 28,68 25,14 5,35 0,3753 400  2 297501,4375 1
37,46 5480 1830 200,91 97,21 25,24 25,14 5,35 0,4479 401  2 286513,71875 1
38,72 5545 1884 180,23 74,88 24,52 25,14 5,35 0,5358 403  2 278791,1875 1
38,72 5603 1904 168,38 71,11 24,26 25,14 5,35 0,6187 406  2 273212,375 1
39,65 5700 1937 163,21 65,54 23,85 25,14 5,35 0,762 410  2 267432,75 1
40,46 5558 1905 157,84 64,5 24,25 25,14 5,35 0,8253 412  3 262093,671875 1
41,17 5702 1938 156,51 62,74 23,84 25,14 5,35 0,8922 413  3 256384,578125 1
41,74 5650 1920 148,31 61,29 24,06 25,14 5,35 0,9423 413  3 254473,15625 1
42,6 5625 1911 147,01 60,3 24,16 25,14 5,35 1,0044 414  3 251844,5625 1
42,98 5692 1911 145,03 59,35 24,16 25,14 5,35 1,0493 414  3 250183,234375 1
43,25 5616 1908 137,85 58,73 24,2 25,14 5,35 1,1047 415  3 247642,078125 1
43,51 5448 1850 138,18 58,77 24,95 25,14 5,35 1,1537 415  3 247104,25 1
43,73 5570 1892 133,31 57,76 24,4 25,14 5,35 1,2351 415  3 244624,9375 1
43,73 5564 1890 136,09 57,59 24,43 25,14 5,35 1,2777 415  3 244100,125 1
43,88 5525 1867 132,14 57,26 24,73 25,14 5,35 1,3164 415  3 243925,671875 1
44,05 5445 1850 130,63 57,72 24,96 25,14 5,35 1,3358 415  3 240658,046875 1
44,12 5445 1850 126,84 57,74 24,96 25,14 5,35 1,3675 415  3 243057,203125 1
44,31 5528 1878 129,18 57,7 24,58 25,14 5,35 1,3796 415  3 239140,59375 1
44,27 5405 1836 125,94 58,02 25,15 25,14 5,35 1,4027 415  3 241338,671875 1
44,31 5385 1829 126,62 56,83 25,24 25,14 5,35 1,4094 415  3 238973,15625 1
44,36 5412 1838 125,18 57,59 25,11 25,14 5,35 1,4172 415  3 239140,59375 1
33,06 313 805 291,44 359,36 76,5 25,14 5,35 0,2045 400  2 341219,59375 1
33,04 332 811 286,16 352,26 75,37 25,14 5,35 0,2256 400  2 328099,96875 1
34,54 1940 1205 253,08 204,97 40,3 25,14 5,35 0,2842 400  2 310209,03125 1
36,11 5307 1803 204,41 99,81 25,62 25,14 5,35 0,3571 400  2 296725,59375 1
36,11 5584 1869 187,26 83,62 24,7 25,14 5,35 0,4311 401  2 289674,6875 1
37,58 5681 1930 180,53 76,65 23,93 25,14 5,35 0,5161 403  2 278791,1875 1
38,74 5698 1936 177,81 70,34 23,85 25,14 5,35 0,6596 408  2 273212,375 1
39,7 5754 1956 166,68 66,79 23,62 25,14 5,35 0,733 409  2 267223,375 1
40,53 5648 1919 157,09 64,63 24,07 25,14 5,35 0,8026 410  3 259700,734375 1
41,2 5673 1922 154,24 62,72 24,02 25,14 5,35 0,8804 411  3 257351,09375 1
42,26 5503 1869 149,62 61,06 24,7 25,14 5,35 0,9497 412  3 253152,046875 1
42,67 5732 1921 147,21 61,1 24,04 25,14 5,35 1,0029 412  3 252030,515625 1
43,03 5549 1885 138,88 59,53 24,67 25,14 5,35 1,0588 413  3 249451,890625 1
43,29 5477 1860 139,31 59,49 24,82 25,14 5,35 1,1181 413  3 248724,796875 1
43,54 5510 1872 140,87 58,02 24,67 25,14 5,35 1,2119 413  3 245504,671875 1
43,54 5515 1874 136,23 57,47 24,64 25,14 5,35 1,2579 414  3 244976,078125 1
43,74 5458 1854 135,72 58,49 24,9 25,14 5,35 1,3008 414  3 242884,25 1
43,96 5447 1858 134,12 58,25 24,84 25,14 5,35 1,3242 414  3 242023,15625 1
44,18 5656 1922 134,99 57,26 24,02 25,14 5,35 1,3465 414  3 240997,875 1
44,29 5441 1853 129,57 58,08 24,92 25,14 5,35 1,3577 414  3 241851,671875 1
44,25 5511 1872 126,45 56,32 24,66 25,14 5,35 1,3713 414  3 240658,046875 1
44,35 5390 1870 125,09 57,18 24,68 25,14 5,35 1,3851 414  3 238805,96875 1
44,32 5350 1817 127,61 56,89 25,4 25,14 5,35 1,4411 414  3 238472,28125 1
44,37 5348 1817 125,26 57,53 25,41 25,14 5,35 1,4806 414  3 238805,96875 1
33,05 298 800 287,42 358,88 77,49 25,14 5,35 0,2032 400  2 342933,6875 1
33,18 1023 809 292,03 364,14 75,75 25,14 5,35 0,2128 400  2 332575,5 1
33,18 4315 1599 232,39 134,81 29,03 25,14 5,35 0,2673 400  2 312767,25 1
34,52 5139 1747 211,45 101,58 26,46 25,14 5,35 0,3494 400  2 297760,96875 1
36,09 5472 1859 193,31 87,06 24,84 25,14 5,35 0,5088 403  2 288939,0625 1
37,54 5614 1907 181,64 77,7 24,21 25,14 5,35 0,5851 405  2 281318,6875 1
38,7 5580 1931 171,31 69,82 23,92 25,14 5,35 0,6657 407  2 274530,84375 1
39,64 5750 1954 167,07 68,44 23,64 25,14 5,35 0,7443 409  2 265560,15625 1
40,47 5812 1976 159,12 65,03 23,38 25,14 5,35 0,8212 410  3 259503,296875 1
41,67 5751 1955 154,72 63,31 23,63 25,14 5,35 0,8872 411  3 256577,296875 1
42,23 5703 1938 147,96 61,43 23,83 25,14 5,35 0,956 412  3 255808,140625 1
42,62 5647 1919 145,28 60,02 24,07 25,14 5,35 1,0188 412  3 251473,484375 1
42,98 5603 1904 143,86 60,08 24,25 25,14 5,35 1,0793 412  3 248724,796875 1
42,98 5628 1912 137,06 59,37 24,15 25,14 5,35 1,1817 413  3 249634,328125 1
43,29 5484 1925 135,81 59,49 23,99 25,14 5,35 1,2309 413  3 247821,875 1
43,49 5456 1853 135,03 59,29 24,91 25,14 5,35 1,2777 413  3 244449,75 1
43,67 5556 1887 132,59 58,31 24,46 25,14 5,35 1,3296 413  3 243403,84375 1
44,0 5434 1846 135,81 57,53 25,01 25,14 5,35 1,3528 413  3 241509,4375 1
44,08 5531 1858 131,07 56,93 24,84 25,14 5,35 1,3877 413  3 243403,84375 1
44,15 5563 1890 133,9 56,78 24,43 25,14 5,35 1,4264 413  3 242023,15625 1
44,18 5468 1857 127,87 58,71 24,85 25,14 5,35 1,4389 413  3 240150,09375 1
44,31 5399 1834 127,53 58,2 24,98 25,14 5,35 1,4708 413  3 240319,171875 1
44,28 5333 1812 127,14 57,28 25,48 25,14 5,35 1,4834 413  3 238805,96875 1
44,28 5453 1852 124,25 56,87 24,92 25,14 5,35 1,4972 413  3 237146,828125 1
33,07 290 793 291,44 356,21 78,15 25,14 5,35 0,2021 400  2 341561,03125 1
33,07 797 950 273,01 282,79 56,54 25,14 5,35 0,2039 400  2 331606,21875 1
33,26 3221 1488 229,88 139,35 31,38 25,14 5,35 0,2533 400  2 313341,5 1
34,55 5247 1783 212,52 104,9 25,91 25,14 5,35 0,4016 401  2 300645,90625 1
36,16 5466 1857 198,61 87,44 24,87 25,14 5,35 0,4843 402  2 290909,09375 1
37,53 5674 1928 186,12 79,37 23,95 25,14 5,35 0,5662 405  2 282249,1875 1
38,75 5598 1927 174,17 72,83 23,97 25,14 5,35 0,6415 408  2 268907,5625 1
39,69 5705 1939 165,61 68,46 23,82 25,14 5,35 0,7185 411  2 266805,625 1
41,17 5837 1985 159,45 66,34 23,28 25,14 5,35 0,791 412  2 260493,515625 1
41,72 5657 1922 152,27 62,97 24,06 25,14 5,35 0,8639 414  3 256000,0 1
42,24 5693 1935 146,76 60,87 23,87 25,14 5,35 0,923 415  3 256577,296875 1
42,24 5632 1913 148,76 59,45 24,13 25,14 5,35 0,9779 416  3 252777,09375 1
42,67 5590 1899 142,11 59,83 24,31 25,14 5,35 1,1024 417  3 250918,890625 1
42,97 5556 1887 137,85 59,83 24,46 25,14 5,35 1,1664 417  3 248724,796875 1
43,28 5631 1895 138,51 58,89 24,36 25,14 5,35 1,2088 418  3 245504,671875 1
43,55 5573 1893 137,25 58,75 24,39 25,14 5,35 1,2558 418  3 244449,75 1
43,86 5556 1887 135,58 58,97 24,46 25,14 5,35 1,3037 418  3 242023,15625 1
43,96 5574 1894 131,69 57,98 24,38 25,14 5,35 1,3228 418  3 240997,875 1
44,12 5565 1855 130,06 58,55 24,89 25,14 5,35 1,3633 418  3 241168,15625 1
44,19 5483 1862 128,39 57,35 24,78 25,14 5,35 1,3732 418  3 239812,640625 1
44,23 5371 1824 131,07 57,28 25,3 25,14 5,35 1,4127 418  3 239476,140625 1
44,31 5548 1885 126,84 57,41 24,49 25,14 5,35 1,4338 418  3 240827,84375 1
44,31 5436 1847 126,32 58,23 25,0 25,14 5,35 1,4494 418  3 238805,96875 1
44,28 5317 1823 126,54 57,53 25,32 25,14 5,35 1,4767 418  3 239981,25 1
33,06 337 814 296,61 359,73 74,83 25,14 5,35 0,1963 400  2 339522,53125 1
33,11 617 901 280,12 306,1 61,83 25,14 5,35 0,1923 400  2 337508,25 1
33,25 3006 1396 239,17 144,44 31,2 25,14 5,35 0,3026 400  2 320701,53125 1
34,62 5295 1799 209,88 106,66 25,67 25,14 5,35 0,3877 401  2 303587,3125 1
36,22 5358 1820 193,57 89,48 25,37 25,14 5,35 0,4601 402  2 282015,96875 1
37,6 5600 1903 183,31 80,07 24,27 25,14 5,35 0,5421 404  2 276085,1875 1
39,71 5674 1928 179,44 73,11 23,95 25,14 5,35 0,617 407  2 270613,09375 1
40,55 5601 1937 166,56 68,3 23,84 25,14 5,35 0,6944 410  2 264326,28125 1
41,18 5689 1933 158,16 64,13 23,89 25,14 5,35 0,7708 411  2 262901,15625 1
41,76 5616 1908 152,27 62,08 24,2 25,14 5,35 0,8447 413  3 256963,609375 1
41,76 5573 1899 147,41 61,75 24,31 25,14 5,35 0,9298 414  3 254473,15625 1
42,31 5520 1875 144,88 61,0 24,62 25,14 5,35 1,063 415  3 253716,546875 1
42,68 5448 1851 140,82 60,32 24,94 25,14 5,35 1,1033 416  3 250366,75 1
43,04 5683 1931 141,2 59,31 23,91 25,14 5,35 1,1637 416  3 246746,984375 1
43,35 5511 1858 136,69 59,33 24,84 25,14 5,35 1,2148 416  3 246213,03125 1
43,73 5509 1871 134,81 57,92 24,67 25,14 5,35 1,2565 416  3 243230,40625 1
43,89 5548 1885 136,27 58,65 24,49 25,14 5,35 1,2766 416  3 242711,546875 1
44,01 5407 1837 130,81 58,06 25,13 25,14 5,35 1,3248 417  3 242366,859375 1
44,09 5429 1886 129,66 57,8 24,48 25,14 5,35 1,345 417  3 242023,15625 1
44,19 5335 1812 129,48 58,04 25,47 25,14 5,35 1,4006 417  3 242366,859375 1
44,19 5519 1875 130,06 58,55 24,62 25,14 5,35 1,4233 417  3 240997,875 1
44,24 5466 1857 125,56 57,04 24,86 25,14 5,35 1,4462 417  3 238472,28125 1
44,29 5304 1802 127,96 58,16 25,62 25,14 5,35 1,4499 417  3 241338,671875 1
44,28 5389 1834 127,57 57,82 25,17 25,14 5,35 1,4609 417  3 239812,640625 1
33,11 294 798 287,03 356,58 77,78 25,14 5,35 0,1951 400  2 339860,59375 1
33,1 489 863 287,13 324,12 66,81 25,14 5,35 0,2258 400  2 341561,03125 1
33,32 2529 1314 248,49 175,59 36,2 25,14 5,35 0,2965 400  2 322215,21875 1
34,68 4572 1635 221,71 117,62 28,33 25,14 5,35 0,3766 401  2 294422,09375 1
36,21 5334 1837 197,47 89,54 25,13 25,14 5,35 0,4509 402  2 285077,9375 1
38,82 5660 1923 185,49 81,91 24,01 25,14 5,35 0,5367 404  2 279705,0 1
39,73 5739 1908 178,95 73,53 24,2 25,14 5,35 0,6191 407  2 271690,09375 1
40,55 5649 1943 164,55 66,86 23,77 25,14 5,35 0,6909 409  2 265353,71875 1
40,55 5892 2004 156,67 64,35 23,06 25,14 5,35 0,7743 411  2 261691,796875 1
41,22 5627 1912 157,46 63,46 24,15 25,14 5,35 0,9046 414  3 256770,3125 1
41,81 5665 1925 148,31 62,25 23,98 25,14 5,35 0,969 414  3 254283,578125 1
42,31 5648 1919 145,18 61,04 24,06 25,14 5,35 1,0312 415  3 252777,09375 1
42,66 5574 1890 142,16 59,29 24,42 25,14 5,35 1,0807 415  3 250000,0 1
43,29 5584 1897 142,98 59,29 24,34 25,14 5,35 1,149 416  3 247104,25 1
43,6 5559 1844 137,57 59,33 25,03 25,14 5,35 1,1955 416  3 246390,765625 1
43,72 5623 1895 134,71 59,07 24,36 25,14 5,35 1,2344 416  3 244449,75 1
43,88 5659 1923 135,4 58,59 24,01 25,14 5,35 1,2813 416  3 243925,671875 1
44,04 5345 1816 131,69 57,78 25,42 25,14 5,35 1,3443 416  3 242366,859375 1
44,04 5433 1845 132,63 57,47 25,01 25,14 5,35 1,3696 416  3 241851,671875 1
44,11 5512 1872 133,81 58,47 24,65 25,14 5,35 1,3949 417  3 239981,25 1
44,21 5361 1821 130,5 58,21 25,34 25,14 5,35 1,4092 417  3 239140,59375 1
44,25 5367 1823 128,83 57,55 25,32 25,14 5,35 1,4202 417  3 241338,671875 1
44,34 5387 1830 129,75 58,39 25,22 25,14 5,35 1,4371 417  3 240488,5 1
44,31 5296 1841 125,22 58,06 25,07 25,14 5,35 1,4511 417  3 239812,640625 1
33,04 298 800 302,6 365,62 77,51 25,14 5,35 0,1939 400  2 341561,03125 1
33,06 309 849 288,89 344,48 68,81 25,14 5,35 0,2215 400  2 340878,84375 1
33,3 2358 1284 249,93 187,13 37,24 25,14 5,35 0,289 400  2 306586,8125 1
34,71 4733 1658 223,14 120,68 27,92 25,14 5,35 0,3671 400  2 294676,25 1
37,69 5375 1826 200,84 95,71 25,28 25,14 5,35 0,4462 401  2 285077,9375 1
38,82 5639 1916 178,47 74,86 24,1 25,14 5,35 0,5225 403  2 276981,34375 1
38,82 5639 1916 174,64 71,15 24,1 25,14 5,35 0,6003 406  2 271690,09375 1
39,78 5663 1924 166,68 66,56 23,99 25,14 5,35 0,6821 409  2 268907,5625 1
40,59 5572 1958 156,51 64,7 23,59 25,14 5,35 0,8252 412  3 261291,140625 1
41,28 5717 1943 156,51 62,8 23,77 25,14 5,35 0,9025 413  3 258324,921875 1
41,8 5791 1969 148,71 61,23 23,46 25,14 5,35 0,9797 413  3 252964,421875 1
42,28 5567 1891 147,01 60,55 24,41 25,14 5,35 1,0347 414  3 250000,0 1
43,01 5711 1941 142,84 60,16 23,79 25,14 5,35 1,0838 414  3 248906,171875 1
43,3 5587 1898 138,27 59,61 24,32 25,14 5,35 1,1354 414  3 247104,25 1
43,53 5466 1857 137,94 59,43 24,86 25,14 5,35 1,1879 415  3 246746,984375 1
43,75 5564 1890 134,62 58,73 24,42 25,14 5,35 1,2427 415  3 243925,671875 1
43,75 5469 1858 135,58 58,89 24,84 25,14 5,35 1,3168 415  3 245152,015625 1
43,9 5418 1824 133,58 58,41 25,31 25,14 5,35 1,3422 415  3 243230,40625 1
44,02 5378 1827 128,83 58,37 25,27 25,14 5,35 1,3754 415  3 240827,84375 1
44,16 5368 1824 130,76 56,72 25,31 25,14 5,35 1,3977 415  3 240997,875 1
44,25 5225 1775 130,81 57,61 26,01 25,14 5,35 1,4239 415  3 239644,28125 1
44,33 5337 1849 129,84 58,53 24,96 25,14 5,35 1,4373 415  3 238639,015625 1
44,32 5393 1832 127,01 57,8 25,19 25,14 5,35 1,4445 415  3 238639,015625 1
44,34 5343 1815 124,25 56,87 25,43 25,14 5,35 1,4484 415  3 238305,796875 1
33,05 302 802 293,82 358,88 77,2 25,14 5,35 0,1912 400  2 342933,6875 1
33,07 312 805 292,03 365,99 76,5 25,14 5,35 0,21 400  2 327156,5625 1
34,72 1501 1116 252,56 193,44 38,71 25,14 5,35 0,2725 400  2 309927,375 1
34,72 5246 1610 223,21 125,47 28,79 25,14 5,35 0,3453 400  2 296725,59375 1
36,36 5441 1848 192,92 83,56 24,98 25,14 5,35 0,4269 401  2 286513,71875 1
37,73 5476 1860 183,18 77,36 24,82 25,14 5,35 0,5032 403  2 279019,0625 1
38,91 5537 1908 168,78 70,51 24,2 25,14 5,35 0,6646 408  2 274310,21875 1
39,81 5654 1921 164,94 67,15 24,03 25,14 5,35 0,7369 409  2 266805,625 1
40,56 5648 1919 160,31 65,71 24,06 25,14 5,35 0,8006 411  2 258716,53125 1
41,25 5690 1934 159,28 63,74 23,88 25,14 5,35 0,8751 412  3 255234,296875 1
42,32 5757 1957 147,41 61,06 24,1 25,14 5,35 0,9464 412  3 252216,75 1
42,74 5542 1883 148,46 61,31 24,52 25,14 5,35 1,0006 413  3 252964,421875 1
43,03 5602 1903 142,69 59,63 24,25 25,14 5,35 1,0404 413  3 248906,171875 1
43,36 5583 1897 139,64 58,45 24,4 25,14 5,35 1,0941 413  3 246568,75 1
43,36 5555 1887 137,11 59,39 24,46 25,14 5,35 1,1476 414  3 247642,078125 1
43,55 5540 1882 137,43 59,31 24,53 25,14 5,35 1,2171 414  3 245152,015625 1
43,77 5469 1858 134,85 57,92 24,84 25,14 5,35 1,2468 414  3 244449,75 1
43,9 5626 1912 131,61 58,67 24,15 25,14 5,35 1,2938 414  3 240150,09375 1
44,02 5395 1867 131,38 57,59 24,72 25,14 5,35 1,3388 414  3 241509,4375 1
44,17 5403 1835 132,59 58,12 25,15 25,14 5,35 1,3575 414  3 239981,25 1
44,26 5350 1817 128,31 57,1 25,4 25,14 5,35 1,3847 414  3 239812,640625 1
44,33 5375 1808 125,47 56,72 25,53 25,14 5,35 1,41 414  3 239476,140625 1
44,37 5341 1814 127,14 58,2 25,44 25,14 5,35 1,4174 414  3 240319,171875 1
44,35 5273 1791 124,33 57,3 25,77 25,14 5,35 1,4893 414  3 237642,140625 1
33,06 288 792 288,3 358,88 78,2 25,14 5,35 0,185 400  2 341561,03125 1
33,02 297 800 295,91 371,98 77,54 25,14 5,35 0,1952 400  2 328731,9375 1
33,3 3738 1618 223,59 128,96 28,64 25,14 5,35 0,2548 400  2 311625,0625 1
34,72 5289 1797 206,64 99,37 25,7 25,14 5,35 0,3335 400  2 298281,375 1
36,32 5429 1844 195,22 87,2 25,03 25,14 5,35 0,4134 401  2 288939,0625 1
37,73 5570 1892 179,2 78,68 24,39 25,14 5,35 0,5691 406  2 280394,3125 1
38,9 5638 1916 177,08 71,93 24,1 25,14 5,35 0,6424 408  2 274089,9375 1
39,8 5555 1930 167,18 67,18 23,93 25,14 5,35 0,7137 409  2 262698,8125 1
40,54 5699 1937 159,07 66,07 23,84 25,14 5,35 0,7845 410  2 261291,140625 1
41,86 5745 1953 153,93 63,48 23,65 25,14 5,35 0,8518 411  3 255616,578125 1
42,29 5504 1895 152,84 63,14 24,35 25,14 5,35 0,9221 412  3 254473,15625 1
42,7 5558 1888 142,4 60,2 24,44 25,14 5,35 0,9909 412  3 252403,25 1
42,7 5493 1866 144,74 60,4 24,73 25,14 5,35 1,0685 413  3 248906,171875 1
42,99 5547 1884 138,79 58,95 24,49 25,14 5,35 1,1702 413  3 249817,03125 1
43,35 5577 1895 138,37 59,95 24,36 25,14 5,35 1,2276 413  3 246035,5625 1
43,55 5359 1854 137,15 58,41 24,89 25,14 5,35 1,2593 413  3 243230,40625 1
43,71 5573 1893 133,58 59,35 24,38 25,14 5,35 1,2971 413  3 243403,84375 1
44,0 5558 1888 130,45 57,63 24,44 25,14 5,35 1,3296 413  3 241851,671875 1
44,12 5312 1803 132,19 57,78 25,6 25,14 5,35 1,3497 414  3 239476,140625 1
44,21 5468 1857 128,31 57,78 24,84 25,14 5,35 1,3819 414  3 239981,25 1
44,28 5435 1846 129,31 57,14 25,0 25,14 5,35 1,4094 414  3 239812,640625 1
44,29 5384 1829 128,09 57,86 25,23 25,14 5,35 1,4477 414  3 239308,25 1
44,29 5402 1835 124,25 56,91 25,15 25,14 5,35 1,4715 414  3 238305,796875 1
44,32 5248 1797 124,88 56,64 25,68 25,14 5,35 1,4806 414  3 237973,5 1
33,01 305 803 294,91 365,25 76,97 25,14 5,35 0,1908 400  2 340878,84375 1
33,09 977 996 278,99 259,23 52,49 25,14 5,35 0,1953 400  2 331606,21875 1
33,33 3484 1473 236,27 146,96 31,72 25,14 5,35 0,2474 400  2 312767,25 1
34,76 5106 1746 213,24 102,45 26,46 25,14 5,35 0,3184 400  2 299590,40625 1
36,39 5356 1819 191,87 86,97 25,37 25,14 5,35 0,4762 402  2 288694,65625 1
37,74 5619 1909 181,21 78,17 24,18 25,14 5,35 0,551 405  2 281550,71875 1
38,88 5592 1900 177,93 73,21 24,29 25,14 5,35 0,6338 408  2 267223,375 1
39,8 5784 1966 163,16 68,32 23,68 25,14 5,35 0,7116 411  2 264326,28125 1
41,26 5732 1948 157,94 65,25 23,7 25,14 5,35 0,792 413  2 260493,515625 1
41,8 5662 1912 157,94 63,27 24,15 25,14 5,35 0,8685 414  3 256192,140625 1
41,8 5634 1914 149,72 62,02 24,11 25,14 5,35 0,9476 415  3 254473,15625 1
42,3 5637 1879 146,51 60,46 24,56 25,14 5,35 1,003 416  3 250734,578125 1
42,73 5592 1900 143,18 59,91 24,29 25,14 5,35 1,0987 417  3 248724,796875 1
43,09 5662 1924 139,02 59,81 23,99 25,14 5,35 1,1468 418  3 247283,265625 1
43,29 5496 1867 139,59 58,97 24,72 25,14 5,35 1,1784 418  3 246746,984375 1
43,55 5517 1874 136,32 58,97 24,65 25,14 5,35 1,2279 418  3 243403,84375 1
43,88 5622 1910 134,17 58,89 24,16 25,14 5,35 1,2656 418  3 242366,859375 1
43,99 5431 1836 131,87 58,91 25,13 25,14 5,35 1,3135 418  3 241509,4375 1
44,13 5424 1842 129,97 58,06 25,05 25,14 5,35 1,3551 418  3 240827,84375 1
44,17 5488 1832 127,96 57,12 25,19 25,14 5,35 1,3881 418  3 240150,09375 1
44,22 5322 1808 134,53 58,04 25,53 25,14 5,35 1,4317 419  3 239140,59375 1
44,22 5402 1835 126,45 57,82 25,15 25,14 5,35 1,4646 419  3 239644,28125 1
44,28 5451 1852 126,54 57,74 24,92 25,14 5,35 1,4764 419  3 241338,671875 1
44,31 5269 1787 126,24 57,61 25,83 25,14 5,35 1,4963 419  3 238139,53125 1
33,05 293 797 286,26 366,49 77,83 25,14 5,35 0,1805 400  2 340538,75 1
32,99 787 948 278,52 282,12 56,78 25,14 5,35 0,1782 400  2 334203,65625 1
33,37 3016 1398 239,17 156,29 33,67 25,14 5,35 0,2197 400  2 317420,96875 1
34,76 4909 1682 214,18 108,59 27,49 25,14 5,35 0,372 401  2 302511,09375 1
36,35 5394 1828 194,29 86,32 25,25 25,14 5,35 0,4538 402  2 292404,34375 1
37,69 5436 1846 185,43 79,97 25,0 25,14 5,35 0,5433 404  2 276308,6875 1
38,9 5540 1882 173,11 73,58 24,53 25,14 5,35 0,636 406  2 271042,875 1
40,59 5668 1926 169,52 68,67 23,97 25,14 5,35 0,7048 408  2 264736,3125 1
41,25 5668 1926 155,98 64,55 23,97 25,14 5,35 0,771 409  2 261091,28125 1
41,25 5630 1913 152,64 63,53 24,13 25,14 5,35 0,8465 409  3 256000,0 1
41,79 5630 1913 149,72 62,69 24,13 25,14 5,35 0,9297 410  3 253339,9375 1
42,28 5595 1901 146,81 60,87 24,28 25,14 5,35 1,0528 411  3 252030,515625 1
42,64 5614 1929 140,87 59,81 23,93 25,14 5,35 1,1054 411  3 249817,03125 1
43,0 5543 1883 140,25 58,83 24,51 25,14 5,35 1,1642 411  3 245681,375 1
43,26 5622 1910 138,65 58,89 24,16 25,14 5,35 1,1978 411  3 244800,375 1
43,73 5479 1861 134,31 58,37 24,79 25,14 5,35 1,2228 411  3 244449,75 1
43,82 5524 1843 133,76 57,88 25,04 25,14 5,35 1,2588 411  3 243230,40625 1
43,96 5542 1883 129,62 59,31 24,51 25,14 5,35 1,2893 411  3 242023,15625 1
44,1 5276 1792 130,28 58,45 25,75 25,14 5,35 1,3226 411  3 239812,640625 1
44,1 5382 1828 130,89 57,96 25,24 25,14 5,35 1,3672 411  3 239981,25 1
44,15 5402 1837 127,53 57,86 25,12 25,14 5,35 1,3981 411  3 242023,15625 1
44,24 5402 1835 127,53 58,31 25,15 25,14 5,35 1,4234 411  3 240488,5 1
44,19 5318 1807 131,47 58,23 25,54 25,14 5,35 1,4365 411  3 238139,53125 1
44,3 5291 1798 123,91 58,79 25,67 25,14 5,35 1,4566 411  3 240488,5 1
32,96 282 786 291,83 367,48 78,62 25,14 5,35 0,1742 400  2 338177,0 1
32,99 428 911 283,85 303,01 60,59 25,14 5,35 0,208 400  2 338848,4375 1
33,31 3033 1401 242,1 163,99 33,59 25,14 5,35 0,2764 400  2 322824,71875 1
34,77 4807 1668 218,28 116,23 27,73 25,14 5,35 0,3484 401  2 292906,1875 1
36,4 5414 1839 199,49 94,07 25,1 25,14 5,35 0,4364 402  2 283656,5 1
38,88 5441 1881 182,93 80,84 24,54 25,14 5,35 0,5148 404  2 275639,3125 1
38,88 5581 1864 175,06 73,23 24,76 25,14 5,35 0,5973 407  2 271042,875 1
39,79 5649 1919 163,55 66,88 24,05 25,14 5,35 0,6737 410  2 264941,78125 1
40,54 5689 1933 158,59 65,49 23,88 25,14 5,35 0,7638 411  2 264326,28125 1
41,23 5729 1910 154,4 63,61 24,16 25,14 5,35 0,8956 414  3 260294,859375 1
41,82 5593 1900 147,56 61,83 24,29 25,14 5,35 0,9577 415  3 254473,15625 1
42,3 5491 1865 144,39 61,35 24,74 25,14 5,35 1,0156 415  3 252590,03125 1
42,69 5474 1859 142,45 60,4 24,82 25,14 5,35 1,0778 416  3 248362,84375 1
43,0 5565 1868 143,61 59,73 24,7 25,14 5,35 1,1254 416  3 246390,765625 1
43,51 5452 1852 140,77 60,1 24,92 25,14 5,35 1,1656 416  3 244976,078125 1
43,67 5485 1863 136,09 58,27 24,77 25,14 5,35 1,1981 416  3 245504,671875 1
43,92 5453 1852 132,63 58,99 24,91 25,14 5,35 1,2414 416  3 242194,890625 1
43,92 5612 1871 132,95 57,69 24,67 25,14 5,35 1,2888 417  3 242366,859375 1
44,05 5358 1820 132,36 57,57 25,35 25,14 5,35 1,3576 417  3 240997,875 1
44,08 5340 1814 129,7 58,87 25,44 25,14 5,35 1,3981 417  3 241509,4375 1
44,21 5510 1872 130,45 58,47 24,65 25,14 5,35 1,4288 417  3 239140,59375 1
44,25 5338 1825 127,44 58,35 25,28 25,14 5,35 1,4397 417  3 239308,25 1
44,27 5392 1832 128,0 57,51 25,19 25,14 5,35 1,4561 417  3 238139,53125 1
44,36 5376 1826 128,13 58,33 25,27 25,14 5,35 1,4667 417  3 240658,046875 1
32,96 272 776 292,82 368,6 79,4 25,14 5,35 0,1684 400  2 340199,34375 1
32,93 323 809 284,04 353,21 75,78 25,14 5,35 0,1965 400  2 341561,03125 1
33,27 1850 1306 243,33 174,59 36,45 25,14 5,35 0,2664 400  2 306037,0625 1
34,8 4710 1655 222,31 117,3 27,97 25,14 5,35 0,3449 400  2 294930,875 1
36,39 5279 1793 199,76 94,84 25,74 25,14 5,35 0,424 402  2 286033,53125 1
37,83 5689 1832 190,84 82,66 25,19 25,14 5,35 0,5183 404  2 277431,59375 1
38,93 5649 1919 168,49 70,2 24,05 25,14 5,35 0,602 407  2 271042,875 1
39,87 5537 1881 164,71 67,52 24,53 25,14 5,35 0,6709 409  2 265560,15625 1
40,62 5562 1889 160,2 64,59 24,43 25,14 5,35 0,8357 413  2 262901,15625 1
41,27 5742 1952 151,81 63,31 23,65 25,14 5,35 0,9045 414  3 259503,296875 1
41,83 5622 1925 152,58 62,38 23,98 25,14 5,35 0,9759 414  3 252403,25 1
42,29 5487 1864 146,81 60,87 24,76 25,14 5,35 1,0342 415  3 250550,53125 1
43,03 5546 1884 143,81 60,32 24,49 25,14 5,35 1,0759 415  3 247821,875 1
43,3 5599 1867 143,32 60,53 24,72 25,14 5,35 1,1242 416  3 247104,25 1
43,47 5440 1848 137,71 60,3 24,97 25,14 5,35 1,1845 416  3 247104,25 1
43,47 5471 1859 134,12 58,79 24,83 25,14 5,35 1,2282 416  3 243230,40625 1
43,7 5462 1855 135,13 59,61 24,87 25,14 5,35 1,3083 416  3 244800,375 1
43,91 5466 1857 132,32 58,2 24,85 25,14 5,35 1,3429 416  3 243057,203125 1
44,02 5527 1835 130,98 58,81 25,15 25,14 5,35 1,3573 416  3 241851,671875 1
44,06 5376 1826 132,95 58,35 25,27 25,14 5,35 1,3911 416  3 240488,5 1
44,16 5442 1848 130,54 57,78 24,96 25,14 5,35 1,4205 417  3 240827,84375 1
44,27 5398 1833 126,97 58,27 25,17 25,14 5,35 1,4473 417  3 239476,140625 1
44,28 5343 1815 125,43 57,14 25,42 25,14 5,35 1,4445 417  3 238639,015625 1
44,33 5368 1823 128,35 57,37 25,3 25,14 5,35 1,4694 417  3 238472,28125 1
32,91 275 778 288,01 359,73 79,19 25,14 5,35 0,1735 400  2 337508,25 1
32,92 289 793 292,13 357,91 78,12 25,14 5,35 0,1981 400  2 324976,1875 1
33,28 1700 1286 247,57 184,99 37,15 25,14 5,35 0,264 400  2 307138,5625 1
34,79 4327 1600 222,99 121,75 28,98 25,14 5,35 0,3454 400  2 296210,59375 1
36,38 5421 1841 187,38 84,79 25,06 25,14 5,35 0,423 402  2 286513,71875 1
37,81 5577 1895 177,08 77,83 24,36 25,14 5,35 0,5024 404  2 279934,375 1
38,9 5679 1885 169,46 70,7 24,48 25,14 5,35 0,5863 407  2 272340,4375 1
39,81 5561 1889 163,55 68,14 24,43 25,14 5,35 0,7273 411  2 268484,53125 1
40,6 5605 1904 157,52 65,12 24,24 25,14 5,35 0,7937 412  2 261691,796875 1
41,27 5658 1923 153,88 63,94 24,01 25,14 5,35 0,8617 413  3 256000,0 1
41,84 5637 1915 151,4 62,5 24,1 25,14 5,35 0,9248 414  3 253339,9375 1
42,71 5713 1891 148,76 62,0 24,4 25,14 5,35 0,9855 414  3 250366,75 1
42,98 5644 1878 142,11 60,5 24,57 25,14 5,35 1,0464 415  3 249634,328125 1
42,98 5464 1856 139,02 59,05 24,86 25,14 5,35 1,1037 415  3 247821,875 1
43,28 5471 1890 141,63 58,57 24,41 25,14 5,35 1,1458 415  3 245681,375 1
43,51 5306 1802 135,26 57,59 25,6 25,14 5,35 1,2249 415  3 246213,03125 1
43,7 5553 1886 134,62 58,14 24,46 25,14 5,35 1,2691 416  3 242539,078125 1
43,83 5440 1848 136,92 58,53 24,97 25,14 5,35 1,313 416  3 241509,4375 1
43,98 5475 1860 132,05 57,34 24,81 25,14 5,35 1,3423 416  3 240997,875 1
44,16 5387 1795 131,61 58,33 25,71 25,14 5,35 1,3689 416  3 239981,25 1
44,22 5217 1807 129,79 58,79 25,53 25,14 5,35 1,4051 416  3 239140,59375 1
44,24 5430 1844 129,0 57,78 25,01 25,14 5,35 1,4229 416  3 237807,703125 1
44,24 5363 1758 125,64 57,94 26,25 25,14 5,35 1,4611 416  3 237973,5 1
44,26 5345 1815 124,79 58,18 25,41 25,14 5,35 1,5007 416  3 237642,140625 1
32,93 290 793 289,57 359,24 78,12 25,14 5,35 0,1732 400  2 341561,03125 1
32,86 289 793 291,24 367,98 78,12 25,14 5,35 0,1862 400  2 329684,46875 1
33,3 3967 1089 258,01 227,18 46,08 25,14 5,35 0,2453 400  2 312195,125 1
34,83 5183 1730 207,48 97,77 26,7 25,14 5,35 0,3213 400  2 296983,75 1
36,4 5441 1848 200,3 84,16 24,97 25,14 5,35 0,404 401  2 288207,15625 1
37,78 5435 1846 180,9 76,32 25,0 25,14 5,35 0,5616 406  2 279019,0625 1
38,86 5459 1854 175,3 71,78 24,89 25,14 5,35 0,6412 408  2 272775,71875 1
39,81 5516 1874 166,9 68,58 24,63 25,14 5,35 0,7152 409  2 266389,1875 1
40,55 5775 1963 158,26 65,16 23,52 25,14 5,35 0,7839 410  2 259109,3125 1
41,3 5580 1896 153,67 64,28 24,34 25,14 5,35 0,8559 411  3 255043,59375 1
42,32 5661 1924 151,3 63,51 23,99 25,14 5,35 0,918 412  3 252964,421875 1
42,32 5657 1918 143,52 59,09 24,07 25,14 5,35 0,9926 412  3 250000,0 1
42,67 5549 1885 143,57 60,4 24,48 25,14 5,35 1,0423 413  3 249269,71875 1
42,98 5523 1876 139,31 60,0 24,59 25,14 5,35 1,0987 413  3 246035,5625 1
43,28 5411 1838 139,4 59,61 25,11 25,14 5,35 1,1884 413  3 245152,015625 1
43,49 5557 1888 135,13 59,17 24,44 25,14 5,35 1,2193 414  3 244274,8125 1
43,69 5349 1847 132,23 58,79 24,98 25,14 5,35 1,257 414  3 241680,4375 1
43,85 5383 1828 131,92 58,14 25,23 25,14 5,35 1,3078 414  3 240997,875 1
44,08 5327 1810 134,31 57,65 25,5 25,14 5,35 1,339 414  3 242539,078125 1
44,14 5401 1823 129,92 59,01 25,3 25,14 5,35 1,3596 414  3 240319,171875 1
44,2 5321 1808 129,13 58,39 25,53 25,14 5,35 1,3779 414  3 238305,796875 1
44,2 5218 1773 126,28 59,13 26,03 25,14 5,35 1,3937 414  3 237311,703125 1
44,23 5211 1771 125,73 56,37 26,07 25,14 5,35 1,4384 414  3 237476,8125 1
44,23 5181 1761 126,54 58,59 26,22 25,14 5,35 1,4558 414  3 237476,8125 1
32,88 292 791 291,64 355,85 78,25 25,14 5,35 0,1746 400  2 339185,15625 1
32,89 1168 796 292,82 366,86 77,86 25,14 5,35 0,181 400  2 331606,21875 1
33,31 3454 1469 236,51 141,63 31,83 25,14 5,35 0,2367 400  2 311057,09375 1
34,86 5093 1731 208,96 104,94 26,68 25,14 5,35 0,3166 400  2 300117,21875 1
36,44 5310 1815 193,64 85,6 25,43 25,14 5,35 0,4853 403  2 287237,03125 1
37,77 5543 1883 182,44 78,15 24,51 25,14 5,35 0,5595 406  2 279934,375 1
38,93 5546 1884 173,35 73,16 24,49 25,14 5,35 0,6396 408  2 274310,21875 1
39,82 5640 1917 167,07 67,43 24,08 25,14 5,35 0,7165 409  2 262901,15625 1
40,59 5661 1944 157,46 64,92 23,75 25,14 5,35 0,7801 411  2 258520,578125 1
41,79 5661 1924 156,72 63,85 23,99 25,14 5,35 0,8503 411  3 255808,140625 1
41,79 5507 1871 151,5 62,27 24,67 25,14 5,35 0,9082 412  3 254473,15625 1
42,25 5621 1910 144,39 61,18 24,16 25,14 5,35 0,9673 413  3 250366,75 1
42,69 5534 1880 141,01 59,91 24,54 25,14 5,35 1,0124 413  3 250000,0 1
43,0 5672 1927 138,69 58,65 23,94 25,14 5,35 1,1205 413  3 246746,984375 1
43,25 5572 1893 136,69 59,03 24,38 25,14 5,35 1,1613 414  3 246925,484375 1
43,51 5427 1843 134,85 60,48 25,03 25,14 5,35 1,1922 414  3 243057,203125 1
43,69 5487 1894 133,35 59,01 24,36 25,14 5,35 1,2226 414  3 243057,203125 1
43,94 5506 1870 133,9 59,23 24,67 25,14 5,35 1,2638 414  3 241338,671875 1
44,06 5513 1873 130,63 58,2 24,63 25,14 5,35 1,3022 414  3 239476,140625 1
44,09 5365 1822 130,94 58,57 25,32 25,14 5,35 1,3409 414  3 238805,96875 1
44,09 5354 1812 129,97 57,8 25,47 25,14 5,35 1,3685 414  3 240658,046875 1
44,17 5424 1842 126,67 58,55 25,04 25,14 5,35 1,4012 414  3 239981,25 1
44,2 5388 1830 128,74 58,04 25,21 25,14 5,35 1,4178 414  3 238805,96875 1
44,21 5296 1799 127,53 58,47 25,65 25,14 5,35 1,4409 414  3 237476,8125 1
32,85 301 801 292,13 365,74 77,25 25,14 5,35 0,1806 400  2 340538,75 1
32,84 943 988 269,98 260,11 53,17 25,14 5,35 0,1786 400  2 330963,15625 1
33,37 3508 1477 237,15 147,81 31,62 25,14 5,35 0,2219 400  2 313917,84375 1
34,84 4950 1688 211,09 107,67 27,39 25,14 5,35 0,3774 401  2 301442,4375 1
36,44 5218 1773 199,49 90,6 26,04 25,14 5,35 0,4668 402  2 290167,1875 1
37,79 5472 1878 186,56 78,94 24,57 25,14 5,35 0,55 405  2 273870,03125 1
38,89 5663 1924 172,65 74,3 23,98 25,14 5,35 0,6244 407  2 268273,5 1
39,78 5540 1882 165,94 70,05 24,52 25,14 5,35 0,6999 408  2 264121,75 1
40,61 5646 1900 160,15 65,96 24,29 25,14 5,35 0,7758 409  2 259700,734375 1
41,23 5655 1846 151,86 62,5 25,0 25,14 5,35 0,8603 410  3 256963,609375 1
41,74 5613 1907 149,97 62,29 24,2 25,14 5,35 0,926 410  3 252964,421875 1
42,22 5462 1855 144,2 61,18 24,87 25,14 5,35 1,0577 411  3 251844,5625 1
42,6 5560 1889 143,18 60,92 24,43 25,14 5,35 1,0979 411  3 250000,0 1
42,93 5506 1875 139,73 59,09 24,61 25,14 5,35 1,1484 412  3 247821,875 1
43,22 5588 1899 139,64 59,41 24,3 25,14 5,35 1,19 412  3 246746,984375 1
43,64 5562 1889 135,95 59,67 24,42 25,14 5,35 1,232 412  3 243751,484375 1
43,81 5552 1886 136,32 58,93 24,46 25,14 5,35 1,2794 412  3 243057,203125 1
43,91 5346 1816 131,38 58,41 25,4 25,14 5,35 1,3083 412  3 242023,15625 1
43,91 5332 1811 131,38 58,81 25,47 25,14 5,35 1,3518 412  3 239812,640625 1
44,02 5404 1836 129,48 58,37 25,13 25,14 5,35 1,3928 412  3 239308,25 1
44,09 5375 1826 128,79 58,49 25,27 25,14 5,35 1,4436 412  3 239476,140625 1
44,12 5334 1809 126,62 58,2 25,5 25,14 5,35 1,4693 412  3 239308,25 1
44,16 5366 1823 129,92 58,35 25,31 25,14 5,35 1,4944 412  3 237807,703125 1
44,21 5378 1827 126,8 58,81 25,25 25,14 5,35 1,5012 412  3 238973,15625 1
32,85 287 791 305,68 364,26 78,25 25,14 5,35 0,1773 400  2 337174,84375 1
32,87 473 964 277,76 277,67 55,2 25,14 5,35 0,1731 400  2 337508,25 1
33,35 3154 1420 234,68 153,93 33,05 25,14 5,35 0,2806 400  2 316244,59375 1
34,91 5081 1727 220,59 111,08 26,75 25,14 5,35 0,3624 401  2 304128,3125 1
36,48 5292 1798 205,31 92,31 25,67 25,14 5,35 0,4503 402  2 280164,15625 1
37,8 5396 1833 183,99 80,7 25,17 25,14 5,35 0,5312 404  2 276308,6875 1
38,88 5509 1896 173,58 73,38 24,34 25,14 5,35 0,6116 408  2 269971,0 1
39,75 5563 1890 162,0 66,63 24,42 25,14 5,35 0,6862 410  2 264121,75 1
40,59 5518 1874 159,02 64,26 24,62 25,14 5,35 0,757 412  2 259898,484375 1
41,28 5714 1899 152,84 62,5 24,3 25,14 5,35 0,8248 413  2 257934,515625 1
41,81 5607 1905 152,95 61,27 24,22 25,14 5,35 0,9511 415  3 252964,421875 1
42,22 5456 1853 145,92 60,77 24,89 25,14 5,35 1,0157 416  3 251288,34375 1
42,67 5532 1879 145,37 61,0 24,55 25,14 5,35 1,071 416  3 246746,984375 1
43,0 5463 1856 141,97 60,18 24,86 25,14 5,35 1,1228 417  3 247104,25 1
43,47 5541 1862 137,99 59,89 24,78 25,14 5,35 1,1711 417  3 244449,75 1
43,63 5450 1878 136,6 59,41 24,57 25,14 5,35 1,2213 417  3 243751,484375 1
43,63 5285 1796 132,77 58,29 25,7 25,14 5,35 1,2556 417  3 241680,4375 1
43,78 5419 1841 133,44 58,2 25,06 25,14 5,35 1,3105 417  3 243057,203125 1
43,9 5326 1870 133,08 58,67 24,67 25,14 5,35 1,3738 418  3 240488,5 1
43,97 5292 1798 128,79 59,27 25,66 25,14 5,35 1,4014 418  3 238805,96875 1
44,07 5413 1839 129,4 58,33 25,09 25,14 5,35 1,4162 418  3 238973,15625 1
44,1 5242 1781 127,53 58,23 25,91 25,14 5,35 1,4432 418  3 237807,703125 1
44,14 5216 1772 124,96 58,47 25,59 25,14 5,35 1,4634 418  3 236817,765625 1
44,16 5232 1798 125,47 58,27 25,66 25,14 5,35 1,4754 418  3 236653,578125 1
32,86 305 803 289,37 366,36 76,94 25,14 5,35 0,1787 400  2 339185,15625 1
32,84 384 829 282,12 346,11 72,0 25,14 5,35 0,213 400  2 339185,15625 1
33,37 2182 1251 249,93 189,17 38,4 25,14 5,35 0,2826 400  2 323743,28125 1
34,9 4674 1650 216,88 114,75 28,05 25,14 5,35 0,3651 401  2 292404,34375 1
36,45 5221 1774 196,28 93,63 26,02 25,14 5,35 0,4444 402  2 284365,46875 1
37,77 5391 1831 188,4 82,75 25,2 25,14 5,35 0,5247 404  2 276085,1875 1
38,92 5523 1908 169,52 71,3 24,18 25,14 5,35 0,605 407  2 269331,9375 1
39,81 5665 1925 161,46 68,0 23,98 25,14 5,35 0,6814 410  2 267223,375 1
40,59 5703 1938 159,18 65,65 23,81 25,14 5,35 0,7644 411  2 261691,796875 1
41,26 5699 1937 152,38 63,83 23,83 25,14 5,35 0,8994 414  3 257351,09375 1
41,79 5712 1886 148,11 61,58 24,46 25,14 5,35 0,9573 415  3 253339,9375 1
42,24 5588 1899 148,36 61,1 24,3 25,14 5,35 1,0176 415  3 249269,71875 1
42,62 5569 1892 142,36 60,57 24,39 25,14 5,35 1,0889 416  3 246390,765625 1
43,27 5414 1839 139,92 59,11 25,09 25,14 5,35 1,1348 416  3 247104,25 1
43,27 5450 1869 138,37 59,23 24,68 25,14 5,35 1,1758 416  3 243577,546875 1
43,41 5474 1859 137,29 59,67 24,81 25,14 5,35 1,214 416  3 243751,484375 1
43,62 5434 1846 133,76 59,49 25,0 25,14 5,35 1,2563 417  3 243230,40625 1
43,79 5444 1849 132,23 57,59 24,94 25,14 5,35 1,335 417  3 239476,140625 1
43,94 5544 1883 129,22 58,39 24,49 25,14 5,35 1,357 417  3 239812,640625 1
43,96 5382 1809 127,7 58,12 25,51 25,14 5,35 1,3739 417  3 239140,59375 1
44,08 5369 1824 130,06 58,97 25,29 25,14 5,35 1,4113 417  3 239981,25 1
44,11 5386 1829 133,72 57,7 25,22 25,14 5,35 1,4304 417  3 239476,140625 1
44,15 5375 1790 127,14 57,47 25,78 25,14 5,35 1,4472 417  3 237973,5 1
44,23 5425 1843 123,83 58,04 25,03 25,14 5,35 1,4692 417  3 235836,015625 1
32,81 293 803 286,45 362,42 76,99 25,14 5,35 0,1773 400  2 340199,34375 1
32,83 369 824 286,84 352,97 72,86 25,14 5,35 0,1983 400  2 325907,0625 1
32,83 1902 1198 243,75 202,83 40,58 25,14 5,35 0,2643 400  2 304671,21875 1
35,0 4467 1620 219,47 125,01 28,59 25,14 5,35 0,3399 400  2 294676,25 1
36,55 5492 1799 198,08 92,93 25,65 25,14 5,35 0,4232 401  2 285077,9375 1
37,89 5519 1875 177,2 76,03 24,61 25,14 5,35 0,5031 403  2 277883,3125 1
38,93 5449 1851 170,79 72,2 24,93 25,14 5,35 0,5845 406  2 270827,8125 1
39,8 5640 1916 162,5 67,52 24,08 25,14 5,35 0,7466 410  2 265974,03125 1
40,57 5517 1921 155,66 66,2 24,02 25,14 5,35 0,8143 411  2 261291,140625 1
41,25 5445 1850 160,26 62,23 24,94 25,14 5,35 0,889 412  3 254663,015625 1
41,78 5639 1916 153,1 62,5 24,08 25,14 5,35 0,9538 413  3 251658,890625 1
42,22 5545 1884 145,47 61,04 24,49 25,14 5,35 1,0011 414  3 248362,84375 1
42,63 5513 1898 142,69 60,55 24,31 25,14 5,35 1,0565 414  3 247283,265625 1
42,91 5580 1896 140,11 60,0 24,34 25,14 5,35 1,1071 414  3 246390,765625 1
43,2 5492 1866 135,81 58,67 24,73 25,14 5,35 1,157 415  3 242884,25 1
43,4 5404 1836 137,06 58,23 25,13 25,14 5,35 1,2058 415  3 243577,546875 1
43,63 5502 1869 136,88 57,94 24,68 25,14 5,35 1,2617 415  3 240997,875 1
43,72 5437 1847 131,25 58,85 24,98 25,14 5,35 1,3069 415  3 241680,4375 1
43,82 5485 1863 131,07 58,73 24,76 25,14 5,35 1,3467 415  3 240827,84375 1
43,95 5384 1829 132,5 58,08 25,22 25,14 5,35 1,3663 415  3 238639,015625 1
44,09 5335 1866 126,92 58,47 24,72 25,14 5,35 1,3959 415  3 240319,171875 1
44,13 5365 1823 128,39 58,14 25,31 25,14 5,35 1,421 415  3 238305,796875 1
44,13 5315 1805 124,92 59,13 25,55 25,14 5,35 1,4485 415  3 238305,796875 1
44,12 5290 1792 126,24 57,8 25,74 25,14 5,35 1,4683 415  3 236817,765625 1
32,86 285 766 284,04 362,17 80,07 25,14 5,35 0,176 400  2 339860,59375 1
32,86 308 804 294,61 358,15 76,76 25,14 5,35 0,1947 400  2 327156,5625 1
33,44 1621 1141 255,23 217,4 43,23 25,14 5,35 0,255 400  2 311625,0625 1
35,03 5187 1763 203,86 102,0 26,19 25,14 5,35 0,3312 400  2 296725,59375 1
36,52 5354 1818 190,19 83,9 25,38 25,14 5,35 0,4145 401  2 284602,5625 1
37,89 5621 1910 182,56 76,84 24,16 25,14 5,35 0,4951 403  2 278109,71875 1
38,97 5579 1895 178,41 74,91 24,34 25,14 5,35 0,6527 408  2 272340,4375 1
39,81 5607 1905 163,93 68,48 24,22 25,14 5,35 0,7233 410  2 266597,25 1
40,61 5722 1945 160,8 66,43 23,73 25,14 5,35 0,8076 411  2 256963,609375 1
41,28 5639 1895 155,08 64,41 24,34 25,14 5,35 0,8795 412  3 255616,578125 1
41,78 5632 1913 151,25 61,98 24,11 25,14 5,35 0,9509 413  3 251473,484375 1
42,25 5532 1884 145,72 62,17 24,49 25,14 5,35 1,0125 413  3 249634,328125 1
42,59 5556 1825 142,4 60,16 25,28 25,14 5,35 1,0565 414  3 248182,265625 1
42,9 5590 1899 139,54 59,13 24,29 25,14 5,35 1,1102 414  3 246035,5625 1
43,19 5388 1830 138,46 59,01 25,21 25,14 5,35 1,2018 414  3 244100,125 1
43,39 5535 1880 135,26 58,65 24,53 25,14 5,35 1,2323 414  3 244100,125 1
43,55 5544 1883 133,63 58,04 24,49 25,14 5,35 1,2571 414  3 244274,8125 1
43,72 5417 1836 133,08 58,81 25,13 25,14 5,35 1,2937 415  3 240997,875 1
43,93 5216 1772 133,81 58,99 26,04 25,14 5,35 1,3226 415  3 239476,140625 1
44,02 5357 1819 131,74 58,83 25,35 25,14 5,35 1,3613 415  3 239308,25 1
44,02 5347 1805 130,54 58,31 25,56 25,14 5,35 1,3685 415  3 237476,8125 1
44,04 5362 1821 126,92 57,78 25,33 25,14 5,35 1,3972 415  3 236489,609375 1
44,12 5338 1813 126,54 58,04 25,44 25,14 5,35 1,4029 415  3 238305,796875 1
44,14 5182 1761 126,28 58,47 26,21 25,14 5,35 1,4572 415  3 236489,609375 1
32,86 295 799 293,02 362,54 77,65 25,14 5,35 0,1752 400  2 340199,34375 1
32,87 259 786 285,1 370,35 78,62 25,14 5,35 0,1837 400  2 328731,9375 1
33,46 3892 1536 225,87 137,62 30,28 25,14 5,35 0,2434 400  2 309646,21875 1
35,04 5128 1743 204,0 102,8 26,49 25,14 5,35 0,3215 400  2 295953,75 1
36,57 5354 1819 193,31 88,72 25,37 25,14 5,35 0,397 401  2 287964,0 1
37,88 5456 1811 182,38 77,94 25,47 25,14 5,35 0,5675 406  2 279705,0 1
38,96 5666 1925 170,15 72,93 23,97 25,14 5,35 0,6507 408  2 274310,21875 1
39,84 5716 1943 171,54 69,82 23,76 25,14 5,35 0,7225 409  2 261892,578125 1
40,6 5513 1873 159,23 66,81 24,63 25,14 5,35 0,7894 411  2 257157,203125 1
41,29 5522 1876 152,33 65,87 24,33 25,14 5,35 0,8541 411  3 255616,578125 1
41,81 5498 1868 147,31 60,83 24,7 25,14 5,35 0,9287 412  3 251844,5625 1
42,23 5643 1917 144,39 60,36 24,07 25,14 5,35 0,9768 413  3 250918,890625 1
42,63 5494 1866 141,54 59,75 24,72 25,14 5,35 1,0281 413  3 248362,84375 1
42,87 5481 1876 138,04 58,97 24,59 25,14 5,35 1,1419 413  3 246390,765625 1
43,22 5439 1847 139,73 59,05 24,97 25,14 5,35 1,1688 414  3 246213,03125 1
43,38 5451 1852 134,71 59,23 24,91 25,14 5,35 1,2055 414  3 243230,40625 1
43,61 5498 1867 134,12 58,2 24,7 25,14 5,35 1,2476 414  3 241680,4375 1
43,85 5535 1880 131,38 58,41 24,53 25,14 5,35 1,2924 414  3 242539,078125 1
43,85 5346 1816 132,32 59,11 25,4 25,14 5,35 1,317 414  3 239981,25 1
43,9 5394 1832 130,85 58,37 25,17 25,14 5,35 1,3628 414  3 238805,96875 1
44,0 5333 1811 127,79 58,55 25,47 25,14 5,35 1,3769 414  3 240150,09375 1
44,06 5313 1825 125,51 57,9 25,27 25,14 5,35 1,4277 414  3 238305,796875 1
44,07 5215 1772 126,75 57,78 26,04 25,14 5,35 1,4481 414  3 237973,5 1
44,15 5341 1814 123,49 58,49 25,42 25,14 5,35 1,4665 414  3 236489,609375 1
32,89 269 747 290,75 359,97 81,55 25,14 5,35 0,1673 400  2 339185,15625 1
32,83 747 937 270,89 288,2 57,84 25,14 5,35 0,1664 400  2 332575,5 1
33,52 3608 1493 226,49 140,44 31,25 25,14 5,35 0,2127 400  2 314496,3125 1
35,18 5035 1712 208,25 105,3 26,98 25,14 5,35 0,3705 401  2 299327,6875 1
36,69 5358 1820 195,68 89,66 25,35 25,14 5,35 0,456 402  2 288694,65625 1
38,0 5526 1877 183,31 80,02 24,58 25,14 5,35 0,5365 405  2 281318,6875 1
39,06 5549 1878 173,35 72,64 24,57 25,14 5,35 0,6102 407  2 267642,4375 1
39,06 5569 1892 166,73 69,7 24,39 25,14 5,35 0,6798 408  2 263103,8125 1
40,65 5647 1919 161,24 66,38 24,05 25,14 5,35 0,7684 409  2 259503,296875 1
41,31 5593 1893 149,47 62,25 24,38 25,14 5,35 0,8368 410  3 256577,296875 1
41,85 5627 1912 151,81 62,44 24,13 25,14 5,35 0,905 411  3 253152,046875 1
42,29 5627 1912 143,37 60,57 24,13 25,14 5,35 0,9571 411  3 251103,484375 1
42,66 5597 1902 146,96 60,65 24,26 25,14 5,35 1,0877 412  3 249451,890625 1
42,98 5541 1882 139,16 60,5 24,51 25,14 5,35 1,1474 412  3 246746,984375 1
43,24 5505 1866 135,22 60,16 24,72 25,14 5,35 1,1911 412  3 244100,125 1
43,49 5437 1847 136,69 58,47 24,98 25,14 5,35 1,2332 412  3 242711,546875 1
43,78 5375 1826 135,58 58,14 25,27 25,14 5,35 1,2886 412  3 241680,4375 1
43,78 5444 1849 139,35 57,98 24,94 25,14 5,35 1,3122 412  3 241338,671875 1
43,95 5380 1836 133,22 59,09 25,12 25,14 5,35 1,3541 412  3 241168,15625 1
44,02 5400 1834 130,45 58,45 25,15 25,14 5,35 1,387 412  3 238973,15625 1
44,08 5352 1818 130,54 58,39 25,37 25,14 5,35 1,3952 412  3 240827,84375 1
44,19 5425 1843 128,35 57,9 25,03 25,14 5,35 1,4061 412  3 238472,28125 1
44,21 5300 1800 126,5 58,27 25,44 25,14 5,35 1,4287 412  3 238805,96875 1
44,23 5331 1800 122,78 58,69 25,63 25,14 5,35 1,4346 412  3 238639,015625 1
32,93 290 794 291,64 363,64 78,02 25,14 5,35 0,1696 400  2 337174,84375 1
32,92 571 887 279,93 306,62 63,44 25,14 5,35 0,1659 400  2 336842,09375 1
33,64 2593 1326 253,85 167,01 35,81 25,14 5,35 0,2814 400  2 317420,96875 1
35,16 4513 1674 212,74 108,88 27,63 25,14 5,35 0,3624 401  2 302511,09375 1
36,69 5318 1806 195,28 91,87 25,54 25,14 5,35 0,443 402  2 282482,75 1
36,69 5452 1852 185,43 80,95 24,91 25,14 5,35 0,525 404  2 275416,90625 1
39,02 5498 1868 177,93 74,18 24,7 25,14 5,35 0,6044 408  2 270613,09375 1
39,88 5556 1905 167,3 70,29 24,22 25,14 5,35 0,6806 410  2 263510,03125 1
40,66 5511 1872 155,98 64,33 24,64 25,14 5,35 0,7621 412  2 260493,515625 1
41,32 5575 1894 150,28 63,25 24,36 25,14 5,35 0,8315 414  2 255616,578125 1
41,86 5584 1897 147,81 61,39 24,32 25,14 5,35 0,9574 416  3 253716,546875 1
42,27 5603 1917 143,37 60,53 24,07 25,14 5,35 1,0202 416  3 252590,03125 1
42,66 5569 1892 142,45 60,71 24,39 25,14 5,35 1,0721 417  3 249634,328125 1
42,94 5494 1866 141,78 59,67 24,72 25,14 5,35 1,136 417  3 245328,21875 1
43,24 5450 1851 139,54 59,73 24,92 25,14 5,35 1,1764 417  3 244449,75 1
43,49 5505 1869 136,5 58,95 24,68 25,14 5,35 1,2104 417  3 242023,15625 1
43,63 5433 1845 132,77 59,31 25,0 25,14 5,35 1,2551 418  3 242023,15625 1
43,78 5217 1773 135,68 59,03 26,03 25,14 5,35 1,2985 418  3 240488,5 1
43,88 5326 1809 128,87 58,06 25,5 25,14 5,35 1,3557 418  3 241168,15625 1
43,96 5405 1836 131,07 58,59 25,12 25,14 5,35 1,4022 418  3 239812,640625 1
43,99 5340 1814 128,35 58,63 25,43 25,14 5,35 1,4378 418  3 239644,28125 1
44,14 5236 1779 124,58 59,23 25,93 25,14 5,35 1,4734 418  3 237973,5 1
44,15 5449 1851 130,85 58,55 24,92 25,14 5,35 1,4859 418  3 238472,28125 1
44,2 5145 1762 125,43 58,51 26,18 25,14 5,35 1,4942 418  3 236817,765625 1
32,87 280 783 285,39 369,22 78,81 25,14 5,35 0,1672 400  2 340199,34375 1
32,83 455 852 278,99 327,76 68,3 25,14 5,35 0,1984 400  2 336842,09375 1
33,63 2487 1307 245,82 179,8 36,42 25,14 5,35 0,2686 400  2 320100,03125 1
33,63 4561 1634 223,89 118,26 28,34 25,14 5,35 0,3466 401  2 292906,1875 1
35,2 5182 1768 195,68 91,81 26,1 25,14 5,35 0,4282 402  2 282951,09375 1
38,04 5437 1847 185,61 82,52 24,98 25,14 5,35 0,517 404  2 276085,1875 1
39,08 5494 1880 174,05 76,42 24,53 25,14 5,35 0,6018 407  2 268484,53125 1
40,0 5519 1886 161,07 66,18 24,46 25,14 5,35 0,6805 410  2 264531,125 1
40,72 5513 1873 158,69 64,87 24,63 25,14 5,35 0,7553 412  2 259700,734375 1
41,39 5688 1933 151,66 64,46 23,87 25,14 5,35 0,8801 414  3 257351,09375 1
41,88 5571 1892 148,91 62,02 24,38 25,14 5,35 0,9274 415  3 253905,28125 1
42,34 5527 1878 152,27 62,5 24,57 25,14 5,35 1,0125 416  3 247821,875 1
42,77 5602 1850 142,45 61,43 24,94 25,14 5,35 1,0795 416  3 247462,546875 1
43,06 5418 1840 140,39 60,08 25,06 25,14 5,35 1,1451 416  3 246213,03125 1
43,35 5440 1843 140,87 59,73 25,03 25,14 5,35 1,1832 417  3 243230,40625 1
43,51 5394 1905 135,86 58,95 24,22 25,14 5,35 1,2236 417  3 242884,25 1
43,7 5363 1822 133,99 58,39 25,32 25,14 5,35 1,2502 417  3 242539,078125 1
43,85 5400 1834 138,04 59,45 25,15 25,14 5,35 1,3238 417  3 241851,671875 1
43,97 5425 1843 132,81 58,73 25,03 25,14 5,35 1,3664 417  3 239981,25 1
44,02 5451 1851 130,54 58,75 24,91 25,14 5,35 1,3989 417  3 238805,96875 1
44,15 5325 1830 129,75 59,11 25,21 25,14 5,35 1,4253 417  3 238139,53125 1
44,14 5332 1811 125,94 57,37 25,47 25,14 5,35 1,4335 417  3 238139,53125 1
44,17 5302 1801 127,27 57,55 25,61 25,14 5,35 1,4355 417  3 237146,828125 1
44,21 5188 1809 123,28 57,78 25,5 25,14 5,35 1,4514 417  3 237642,140625 1
32,88 285 809 290,55 367,85 75,65 25,14 5,35 0,1657 400  2 335517,6875 1
32,88 387 830 285,19 339,04 71,81 25,14 5,35 0,1947 400  2 339185,15625 1
32,88 2100 1236 249,51 186,12 38,99 25,14 5,35 0,2626 400  2 307138,5625 1
33,62 4310 1598 217,77 123,99 29,02 25,14 5,35 0,3435 400  2 291904,21875 1
36,73 5085 1825 203,72 93,28 25,28 25,14 5,35 0,4251 402  2 281550,71875 1
38,07 5565 1891 176,19 76,71 24,4 25,14 5,35 0,511 404  2 276085,1875 1
39,14 5584 1897 170,32 72,34 24,32 25,14 5,35 0,6016 407  2 269971,0 1
39,94 5685 1932 163,93 67,79 23,89 25,14 5,35 0,6816 410  2 265560,15625 1
40,72 5715 1934 158,42 65,58 23,86 25,14 5,35 0,8249 413  2 260096,515625 1
41,31 5721 1944 151,2 64,11 23,73 25,14 5,35 0,8805 414  3 256770,3125 1
41,88 5604 1904 149,77 63,27 24,23 25,14 5,35 0,929 415  3 250183,234375 1
42,35 5644 1918 145,92 62,29 24,06 25,14 5,35 0,9921 415  3 249087,8125 1
42,66 5591 1899 146,26 60,06 24,29 25,14 5,35 1,0532 416  3 248182,265625 1
42,99 5523 1867 142,11 59,45 24,7 25,14 5,35 1,0986 416  3 246213,03125 1
43,25 5436 1847 135,72 59,11 24,98 25,14 5,35 1,1482 416  3 244100,125 1
43,46 5405 1836 139,73 58,47 25,12 25,14 5,35 1,176 416  3 242366,859375 1
43,62 5529 1835 134,4 59,13 25,13 25,14 5,35 1,2579 417  3 241851,671875 1
43,8 5400 1834 131,03 58,39 25,15 25,14 5,35 1,2991 417  3 240150,09375 1
43,91 5464 1856 131,69 58,1 24,85 25,14 5,35 1,3322 417  3 238973,15625 1
43,98 5343 1815 131,47 58,08 25,41 25,14 5,35 1,3522 417  3 238805,96875 1
44,09 5279 1793 132,01 58,79 25,72 25,14 5,35 1,3855 417  3 240150,09375 1
44,18 5325 1766 127,4 57,37 26,13 25,14 5,35 1,4127 417  3 237311,703125 1
44,18 5309 1803 123,95 58,91 25,58 25,14 5,35 1,4422 417  3 238139,53125 1
44,2 5241 1781 127,27 58,65 25,91 25,14 5,35 1,4569 417  3 236325,875 1
32,86 232 732 294,51 366,61 82,72 25,14 5,35 0,1654 400  2 338848,4375 1
32,92 281 784 288,49 369,22 78,73 25,14 5,35 0,1856 400  2 322824,71875 1
33,64 1319 1208 250,69 200,57 40,15 25,14 5,35 0,2512 400  2 308526,65625 1
35,3 5208 1568 224,5 124,92 29,6 25,14 5,35 0,3335 400  2 295953,75 1
36,75 5452 1852 191,1 86,85 24,91 25,14 5,35 0,4185 402  2 285316,25 1
38,08 5524 1839 178,71 78,12 25,08 25,14 5,35 0,5028 404  2 276532,53125 1
39,1 5498 1868 173,35 72,69 24,7 25,14 5,35 0,6574 409  2 274089,9375 1
39,98 5667 1926 164,04 68,3 23,96 25,14 5,35 0,7374 411  2 265147,59375 1
40,69 5556 1887 159,77 64,96 24,44 25,14 5,35 0,8021 412  2 261691,796875 1
41,34 5544 1928 153,0 63,38 23,94 25,14 5,35 0,8603 413  3 257157,203125 1
41,34 5559 1889 155,03 62,57 24,43 25,14 5,35 0,9281 414  3 251844,5625 1
42,25 5638 1916 147,41 62,14 24,08 25,14 5,35 1,0013 414  3 248724,796875 1
42,67 5551 1886 140,92 60,2 24,46 25,14 5,35 1,0458 415  3 247462,546875 1
43,0 5365 1853 139,97 59,69 24,89 25,14 5,35 1,0931 415  3 245328,21875 1
43,2 5444 1849 138,79 58,99 24,94 25,14 5,35 1,1424 415  3 243230,40625 1
43,39 5371 1824 136,97 59,11 25,28 25,14 5,35 1,2274 416  3 244100,125 1
43,62 5420 1841 136,41 59,43 25,05 25,14 5,35 1,2666 416  3 241509,4375 1
43,74 5340 1843 130,89 59,21 25,03 25,14 5,35 1,2911 416  3 239981,25 1
43,89 5314 1805 131,43 60,06 25,55 25,14 5,35 1,3209 416  3 239476,140625 1
43,97 5399 1834 130,32 59,09 25,15 25,14 5,35 1,3608 416  3 238805,96875 1
44,02 5381 1828 127,14 59,13 25,23 25,14 5,35 1,3802 416  3 237476,8125 1
44,06 5176 1838 126,8 58,21 25,09 25,14 5,35 1,4182 416  3 237642,140625 1
44,08 5259 1787 131,43 57,43 25,82 25,14 5,35 1,4366 416  3 237146,828125 1
44,15 5253 1785 127,4 58,87 25,85 25,14 5,35 1,4841 416  3 236162,359375 1
32,85 270 773 286,45 373,25 79,53 25,14 5,35 0,163 400  2 340199,34375 1
32,86 300 801 287,13 369,98 77,31 25,14 5,35 0,1716 400  2 327784,90625 1
33,68 3404 1527 228,57 133,58 30,47 25,14 5,35 0,2296 400  2 309365,5625 1
35,32 5057 1719 204,9 102,8 26,86 25,14 5,35 0,3062 400  2 297760,96875 1
36,76 5310 1804 195,81 88,9 25,58 25,14 5,35 0,3959 401  2 286513,71875 1
38,05 5511 1872 181,51 79,27 24,64 25,14 5,35 0,5666 406  2 278563,65625 1
39,1 5433 1846 180,29 73,6 25,0 25,14 5,35 0,6536 408  2 273650,46875 1
39,92 5620 1906 163,82 69,68 24,2 25,14 5,35 0,724 410  2 262901,15625 1
39,92 5448 1850 163,05 66,43 24,93 25,14 5,35 0,7806 411  2 259306,15625 1
41,31 5540 1882 153,78 65,16 24,51 25,14 5,35 0,8539 412  3 253716,546875 1
41,84 5494 1883 152,95 62,57 24,49 25,14 5,35 0,9315 413  3 252964,421875 1
42,28 5497 1867 144,34 59,93 24,7 25,14 5,35 0,9876 413  3 249269,71875 1
42,64 5444 1849 141,59 59,89 24,94 25,14 5,35 1,0593 414  3 247283,265625 1
42,94 5403 1835 142,11 60,71 25,13 25,14 5,35 1,1693 414  3 245858,34375 1
43,2 5464 1856 137,76 59,11 24,85 25,14 5,35 1,1937 414  3 245504,671875 1
43,43 5466 1858 135,58 59,15 24,83 25,14 5,35 1,2411 414  3 242539,078125 1
43,63 5358 1820 135,58 58,93 25,34 25,14 5,35 1,2724 414  3 240150,09375 1
43,79 5425 1843 132,63 59,49 25,03 25,14 5,35 1,2925 414  3 240488,5 1
43,88 5385 1798 132,14 59,07 25,66 25,14 5,35 1,3336 415  3 239644,28125 1
43,97 5192 1764 130,36 58,77 26,16 25,14 5,35 1,3684 415  3 239981,25 1
44,03 5432 1845 127,05 58,97 25,0 25,14 5,35 1,3844 415  3 240658,046875 1
44,08 5190 1764 127,18 58,06 26,16 25,14 5,35 1,4367 415  3 237642,140625 1
44,06 5239 1780 129,75 58,63 25,92 25,14 5,35 1,4535 415  3 238139,53125 1
44,08 5294 1800 127,01 58,55 25,62 25,14 5,35 1,4601 415  3 237476,8125 1
32,94 254 756 284,9 365,74 80,86 25,14 5,35 0,1583 400  2 337842,28125 1
32,94 881 972 264,01 267,97 54,5 25,14 5,35 0,1606 400  2 329048,84375 1
33,78 3088 1410 233,25 153,98 33,33 25,14 5,35 0,2118 400  2 313341,5 1
35,37 4927 1707 207,69 103,95 27,06 25,14 5,35 0,2895 400  2 298542,28125 1
36,89 5321 1808 198,01 87,8 25,53 25,14 5,35 0,4452 403  2 287964,0 1
38,18 5390 1831 181,88 79,29 25,2 25,14 5,35 0,5201 405  2 281087,03125 1
38,18 5511 1872 172,53 73,8 24,64 25,14 5,35 0,6087 407  2 267014,34375 1
39,15 5656 1844 167,07 69,44 25,01 25,14 5,35 0,6913 408  2 262901,15625 1
40,85 5627 1912 160,1 67,27 24,13 25,14 5,35 0,7618 409  2 258716,53125 1
41,43 5619 1909 152,02 63,12 24,16 25,14 5,35 0,8243 410  2 255425,296875 1
41,95 5538 1881 150,99 62,95 24,52 25,14 5,35 0,8879 411  3 252030,515625 1
42,38 5523 1860 147,56 60,79 24,79 25,14 5,35 0,9554 411  3 249087,8125 1
42,71 5447 1850 143,08 60,61 24,93 25,14 5,35 1,0653 412  3 249087,8125 1
43,03 5466 1857 143,13 60,85 24,84 25,14 5,35 1,1167 412  3 246925,484375 1
43,32 5311 1804 137,94 59,87 25,57 25,14 5,35 1,1639 412  3 244274,8125 1
43,48 5490 1865 137,62 59,73 24,73 25,14 5,35 1,2183 412  3 241168,15625 1
43,7 5469 1809 136,27 59,43 25,5 25,14 5,35 1,254 412  3 242366,859375 1
43,85 5322 1859 132,81 59,05 24,81 25,14 5,35 1,2963 412  3 242884,25 1
43,98 5325 1809 131,56 58,47 25,5 25,14 5,35 1,3356 412  3 240319,171875 1
44,05 5374 1814 128,79 58,53 25,42 25,14 5,35 1,3494 413  3 238805,96875 1
44,07 5415 1839 132,95 57,9 25,07 25,14 5,35 1,3876 413  3 238973,15625 1
44,1 5261 1787 129,57 59,91 25,81 25,14 5,35 1,3991 413  3 237807,703125 1
44,13 5343 1815 128,39 58,18 25,41 25,14 5,35 1,4302 413  3 236325,875 1
44,19 5289 1797 126,8 58,81 25,67 25,14 5,35 1,456 413  3 236489,609375 1
32,94 260 763 291,73 374,76 80,32 25,14 5,35 0,1578 400  2 339522,53125 1
32,95 706 926 280,98 292,62 58,97 25,14 5,35 0,1548 400  2 332899,875 1
33,85 3032 1400 239,17 161,46 33,58 25,14 5,35 0,2696 400  2 318606,09375 1
35,4 5007 1696 212,02 111,49 27,25 25,14 5,35 0,3481 401  2 301442,4375 1
35,4 5124 1772 194,89 90,36 26,04 25,14 5,35 0,434 402  2 289429,0625 1
36,9 5529 1878 182,13 80,37 24,56 25,14 5,35 0,5151 405  2 274089,9375 1
38,15 5494 1866 177,75 74,66 24,72 25,14 5,35 0,5902 408  2 267014,34375 1
40,08 5616 1908 167,3 70,24 24,18 25,14 5,35 0,6664 411  2 263306,75 1
40,79 5568 1892 157,52 64,68 24,39 25,14 5,35 0,7509 412  2 259898,484375 1
41,38 5587 1898 151,45 64,33 24,3 25,14 5,35 0,8178 414  2 256000,0 1
41,9 5494 1866 147,96 62,29 24,72 25,14 5,35 0,872 415  3 252964,421875 1
42,35 5529 1878 150,07 61,79 24,56 25,14 5,35 0,9876 416  3 250000,0 1
42,75 5482 1852 141,16 61,85 24,91 25,14 5,35 1,0636 417  3 248001,9375 1
43,03 5517 1874 141,01 60,22 24,61 25,14 5,35 1,0966 417  3 245152,015625 1
43,31 5506 1870 137,06 60,06 24,66 25,14 5,35 1,14 417  3 243925,671875 1
43,54 5429 1844 140,16 59,75 25,01 25,14 5,35 1,1809 418  3 241680,4375 1
43,62 5352 1818 132,36 59,71 25,37 25,14 5,35 1,2089 418  3 241509,4375 1
43,81 5296 1799 133,72 60,53 25,64 25,14 5,35 1,2572 418  3 240827,84375 1
43,92 5284 1795 131,07 58,55 25,7 25,14 5,35 1,2929 418  3 239644,28125 1
43,99 5377 1827 128,79 58,89 25,25 25,14 5,35 1,3408 418  3 239476,140625 1
44,05 5305 1815 129,66 58,97 25,41 25,14 5,35 1,3535 418  3 238305,796875 1
44,07 5225 1775 125,6 59,15 25,99 25,14 5,35 1,3835 418  3 238305,796875 1
44,14 5402 1835 128,0 57,72 25,13 25,14 5,35 1,3931 418  3 237476,8125 1
44,16 5307 1803 127,23 58,53 25,59 25,14 5,35 1,4087 418  3 235673,1875 1
32,97 249 750 292,13 365,37 81,28 25,14 5,35 0,1609 400  2 338848,4375 1
32,91 336 880 273,84 310,8 64,44 25,14 5,35 0,1869 400  2 336842,09375 1
32,91 2655 1336 245,9 168,78 35,46 25,14 5,35 0,2587 400  2 319202,0 1
33,86 4487 1623 213,39 116,51 28,53 25,14 5,35 0,3445 401  2 291904,21875 1
35,47 5197 1766 198,75 94,33 26,14 25,14 5,35 0,4221 402  2 284365,46875 1
38,22 5476 1860 187,13 84,02 24,8 25,14 5,35 0,511 404  2 275639,3125 1
39,29 5601 1906 177,14 74,99 24,2 25,14 5,35 0,5963 408  2 269757,625 1
40,14 5642 1917 163,82 66,65 24,07 25,14 5,35 0,6798 410  2 264531,125 1
40,87 5659 1923 155,82 65,27 23,99 25,14 5,35 0,7628 412  2 259306,15625 1
41,47 5486 1932 151,76 63,31 23,89 25,14 5,35 0,8889 415  3 257157,203125 1
41,99 5523 1876 149,72 63,27 24,58 25,14 5,35 0,953 415  3 254283,578125 1
42,39 5606 1905 144,15 61,54 24,22 25,14 5,35 1,0233 416  3 249451,890625 1
42,39 5482 1862 141,83 60,61 24,77 25,14 5,35 1,0847 417  3 247104,25 1
43,1 5358 1820 143,32 61,1 25,34 25,14 5,35 1,1245 417  3 245681,375 1
43,28 5416 1840 141,06 59,15 25,07 25,14 5,35 1,1715 417  3 242366,859375 1
43,54 5432 1845 137,94 59,41 25,0 25,14 5,35 1,2063 417  3 241851,671875 1
43,68 5449 1851 131,87 59,47 24,92 25,14 5,35 1,2407 417  3 241851,671875 1
43,86 5396 1823 130,19 58,18 25,3 25,14 5,35 1,2703 418  3 240658,046875 1
44,0 5357 1820 133,31 58,27 25,34 25,14 5,35 1,3545 418  3 238805,96875 1
44,02 5415 1839 130,5 58,67 25,07 25,14 5,35 1,3854 418  3 238305,796875 1
44,1 5278 1793 126,5 58,61 25,72 25,14 5,35 1,4062 418  3 238472,28125 1
44,14 5296 1775 132,41 59,05 25,99 25,14 5,35 1,4341 418  3 236817,765625 1
44,18 5325 1809 127,66 58,89 25,5 25,14 5,35 1,4632 418  3 236653,578125 1
44,2 5202 1768 125,86 58,65 26,1 25,14 5,35 1,4807 418  3 236489,609375 1
32,9 257 759 292,92 367,73 80,62 25,14 5,35 0,1594 400  2 338512,40625 1
32,94 303 802 287,52 357,54 77,12 25,14 5,35 0,1913 400  2 338848,4375 1
32,87 1829 1288 244,24 175,65 37,08 25,14 5,35 0,2594 400  2 305762,90625 1
33,88 4720 1656 216,3 118,42 27,93 25,14 5,35 0,3334 400  2 293157,75 1
36,99 5176 1759 202,96 95,81 26,24 25,14 5,35 0,4164 402  2 282951,09375 1
38,24 5404 1836 179,01 76,52 25,13 25,14 5,35 0,4936 404  2 277206,28125 1
39,25 5429 1844 172,65 70,46 25,01 25,14 5,35 0,5744 407  2 268695,875 1
40,08 5655 1922 162,39 68,0 24,01 25,14 5,35 0,657 409  2 265147,59375 1
40,83 5682 1931 156,67 64,33 23,9 25,14 5,35 0,8293 412  2 260294,859375 1
41,46 5555 1887 156,82 64,61 24,44 25,14 5,35 0,8996 413  3 255616,578125 1
41,46 5544 1878 155,19 63,29 24,57 25,14 5,35 0,9664 414  3 251473,484375 1
41,95 5444 1849 145,03 62,06 24,94 25,14 5,35 1,032 415  3 247283,265625 1
42,74 5630 1913 148,46 61,62 24,11 25,14 5,35 1,0958 415  3 247283,265625 1
43,05 5482 1842 143,13 59,97 25,04 25,14 5,35 1,1448 415  3 244976,078125 1
43,28 5347 1886 136,14 58,85 24,46 25,14 5,35 1,178 416  3 242884,25 1
43,53 5480 1861 137,8 60,2 24,78 25,14 5,35 1,2227 416  3 242366,859375 1
43,67 5288 1796 132,23 59,67 25,68 25,14 5,35 1,3003 416  3 241338,671875 1
43,82 5445 1849 134,49 59,93 24,94 25,14 5,35 1,3407 416  3 241338,671875 1
43,92 5461 1820 130,54 57,34 25,34 25,14 5,35 1,3663 416  3 239644,28125 1
44,01 5410 1838 130,94 59,39 25,1 25,14 5,35 1,3959 416  3 240488,5 1
44,09 5386 1830 127,61 58,55 25,21 25,14 5,35 1,421 416  3 237476,8125 1
44,11 5294 1798 129,66 60,42 25,65 25,14 5,35 1,4409 416  3 236982,1875 1
44,12 5181 1761 127,36 58,33 26,21 25,14 5,35 1,4561 416  3 236325,875 1
44,16 5278 1793 126,67 57,39 25,72 25,14 5,35 1,4697 416  3 235836,015625 1
32,86 238 738 296,71 364,14 82,22 25,14 5,35 0,1614 400  2 339860,59375 1
32,9 302 802 285,87 368,73 77,15 25,14 5,35 0,1844 400  2 321003,125 1
32,88 1565 1130 256,79 219,32 43,82 25,14 5,35 0,2484 400  2 305762,90625 1
35,58 3760 1601 223,89 124,25 28,95 25,14 5,35 0,3316 400  2 293662,1875 1
36,99 5408 1837 188,08 86,18 25,11 25,14 5,35 0,4109 402  2 284602,5625 1
38,27 5452 1852 181,09 78,47 24,91 25,14 5,35 0,4852 403  2 276308,6875 1
39,25 5552 1886 171,6 72,71 24,95 25,14 5,35 0,5676 407  2 270184,6875 1
40,11 5623 1911 161,02 68,9 24,15 25,14 5,35 0,7147 410  2 263917,53125 1
40,83 5529 1878 158,85 65,38 24,56 25,14 5,35 0,7985 412  2 260493,515625 1
40,83 5559 1888 153,31 64,26 24,43 25,14 5,35 0,8548 413  3 252777,09375 1
41,41 5598 1902 147,66 61,48 24,25 25,14 5,35 0,9264 413  3 251473,484375 1
42,33 5566 1862 146,56 61,7 24,78 25,14 5,35 0,9834 414  3 248724,796875 1
42,69 5555 1887 139,92 61,02 24,44 25,14 5,35 1,0447 414  3 247462,546875 1
43,03 5367 1823 139,92 59,69 25,3 25,14 5,35 1,1087 415  3 245858,34375 1
43,26 5399 1834 141,59 61,1 25,15 25,14 5,35 1,146 415  3 243577,546875 1
43,47 5432 1855 134,85 59,61 24,87 25,14 5,35 1,2361 415  3 242711,546875 1
43,64 5547 1884 134,81 57,67 24,48 25,14 5,35 1,264 415  3 238805,96875 1
43,77 5403 1835 134,71 60,77 25,13 25,14 5,35 1,2967 415  3 240488,5 1
43,92 5412 1838 130,81 58,59 25,09 25,14 5,35 1,3361 415  3 239644,28125 1
43,95 5230 1777 129,75 59,21 25,96 25,14 5,35 1,3603 415  3 237476,8125 1
44,03 5232 1772 130,98 58,39 26,03 25,14 5,35 1,3901 415  3 238639,015625 1
44,06 5273 1791 127,7 57,84 25,75 25,14 5,35 1,4068 415  3 238305,796875 1
44,09 5134 1745 127,66 58,31 26,45 25,14 5,35 1,4342 415  3 236489,609375 1
44,11 5350 1809 127,44 59,23 25,5 25,14 5,35 1,4763 415  3 238305,796875 1
32,89 255 785 285,97 369,85 78,65 25,14 5,35 0,1634 400  2 340199,34375 1
32,88 259 762 292,82 363,03 80,4 25,14 5,35 0,1736 400  2 325907,0625 1
33,87 3571 1064 262,14 231,99 47,61 25,14 5,35 0,2351 400  2 307415,1875 1
35,54 5016 1741 200,64 100,05 26,51 25,14 5,35 0,3125 400  2 295185,9375 1
36,96 5267 1789 191,16 85,34 25,79 25,14 5,35 0,3997 401  2 283892,4375 1
38,26 5364 1822 176,85 78,84 25,32 25,14 5,35 0,5689 406  2 278109,71875 1
39,24 5512 1873 173,29 72,64 24,63 25,14 5,35 0,6457 408  2 271258,28125 1
39,24 5497 1867 169,35 69,28 24,7 25,14 5,35 0,7184 410  2 266181,4375 1
40,06 5587 1898 160,75 67,4 24,3 25,14 5,35 0,7882 411  2 257545,265625 1
40,8 5667 1926 152,95 65,2 23,96 25,14 5,35 0,8561 412  3 254094,296875 1
41,9 5510 1872 152,79 63,55 24,64 25,14 5,35 0,9227 413  3 251288,34375 1
42,37 5396 1854 143,23 61,06 24,88 25,14 5,35 0,993 413  3 248724,796875 1
42,66 5547 1884 142,31 60,24 24,48 25,14 5,35 1,0571 414  3 248724,796875 1
42,97 5425 1843 141,2 60,92 25,03 25,14 5,35 1,1102 414  3 245328,21875 1
43,26 5345 1816 137,76 59,91 25,4 25,14 5,35 1,1944 414  3 242539,078125 1
43,42 5403 1835 137,62 59,93 25,17 25,14 5,35 1,2239 414  3 242711,546875 1
43,61 5379 1827 133,22 59,85 25,24 25,14 5,35 1,2592 415  3 240150,09375 1
43,61 5395 1833 131,92 59,57 25,17 25,14 5,35 1,3071 415  3 239981,25 1
43,85 5388 1830 131,16 60,04 25,2 25,14 5,35 1,329 415  3 240658,046875 1
43,91 5199 1776 130,89 59,05 25,98 25,14 5,35 1,3611 415  3 237476,8125 1
43,99 5325 1809 127,01 60,61 25,5 25,14 5,35 1,3887 415  3 237476,8125 1
43,99 5355 1819 129,92 58,35 25,35 25,14 5,35 1,4098 415  3 236817,765625 1
44,04 5184 1762 129,27 58,08 26,19 25,14 5,35 1,4588 415  3 235510,578125 1
44,07 5195 1765 122,91 57,43 26,14 25,14 5,35 1,4714 415  3 235999,078125 1
32,88 267 770 292,43 367,6 79,78 25,14 5,35 0,1645 400  2 336178,59375 1
32,89 1057 754 289,57 373,12 80,97 25,14 5,35 0,1679 400  2 328415,65625 1
33,98 3522 1479 227,87 144,98 31,56 25,14 5,35 0,2215 400  2 311057,09375 1
35,51 5062 1721 213,61 107,93 26,84 25,14 5,35 0,3011 400  2 294676,25 1
37,02 5306 1818 195,68 87,29 25,37 25,14 5,35 0,4726 403  2 286995,53125 1
37,02 5331 1811 180,9 79,51 25,47 25,14 5,35 0,5497 406  2 278563,65625 1
38,24 5407 1837 176,97 74,71 25,11 25,14 5,35 0,6317 408  2 265560,15625 1
39,26 5501 1869 169,06 68,9 24,68 25,14 5,35 0,71 409  2 262093,671875 1
40,8 5596 1901 160,96 66,68 24,26 25,14 5,35 0,7801 410  2 257739,75 1
41,35 5407 1920 153,41 64,98 24,02 25,14 5,35 0,8646 411  3 254473,15625 1
41,91 5488 1864 146,31 62,72 24,74 25,14 5,35 0,9248 412  3 250550,53125 1
42,3 5600 1903 146,02 61,56 24,25 25,14 5,35 0,9804 412  3 249451,890625 1
42,67 5453 1872 145,87 59,83 24,64 25,14 5,35 1,087 413  3 246213,03125 1
43,0 5387 1830 138,83 60,57 25,21 25,14 5,35 1,1389 413  3 245681,375 1
43,23 5458 1854 135,81 59,95 24,88 25,14 5,35 1,1789 413  3 242539,078125 1
43,23 5405 1836 138,13 60,0 25,12 25,14 5,35 1,2321 414  3 242539,078125 1
43,42 5399 1834 132,81 59,55 25,15 25,14 5,35 1,2658 414  3 240827,84375 1
43,74 5377 1826 131,83 58,77 25,25 25,14 5,35 1,304 414  3 239812,640625 1
43,86 5470 1858 129,0 58,04 24,82 25,14 5,35 1,3561 414  3 239476,140625 1
43,94 5406 1836 129,75 58,35 25,11 25,14 5,35 1,3834 414  3 237807,703125 1
43,95 5239 1814 127,23 59,85 25,42 25,14 5,35 1,4166 414  3 237476,8125 1
44,04 5328 1810 128,92 60,04 25,48 25,14 5,35 1,4671 414  3 236489,609375 1
44,04 5366 1823 129,09 58,81 25,3 25,14 5,35 1,4733 414  3 237973,5 1
44,07 5258 1786 126,07 58,41 25,82 25,14 5,35 1,4849 414  3 235999,078125 1
32,89 260 748 292,23 366,98 81,41 25,14 5,35 0,1628 400  2 337842,28125 1
32,92 850 964 266,26 269,61 55,2 25,14 5,35 0,1614 400  2 329366,34375 1
33,99 3248 1436 232,07 151,81 32,64 25,14 5,35 0,2045 400  2 313054,125 1
33,99 4894 1680 209,81 109,1 27,51 25,14 5,35 0,3564 401  2 298803,625 1
35,65 5232 1777 200,84 91,93 25,96 25,14 5,35 0,4393 402  2 289920,71875 1
37,04 5344 1798 183,93 80,51 25,66 25,14 5,35 0,5269 405  2 272993,875 1
38,32 5400 1834 176,85 74,58 25,15 25,14 5,35 0,5991 407  2 265766,9375 1
40,09 5568 1892 163,99 70,51 24,39 25,14 5,35 0,6815 408  2 261892,578125 1
40,8 5693 1932 162,17 66,54 23,88 25,14 5,35 0,751 409  2 257934,515625 1
41,43 5642 1917 149,97 63,44 24,07 25,14 5,35 0,8283 410  2 254663,015625 1
41,95 5642 1917 148,46 61,68 24,07 25,14 5,35 0,8821 410  3 251103,484375 1
42,35 5523 1876 146,66 61,48 24,58 25,14 5,35 0,9945 411  3 250183,234375 1
42,69 5619 1909 140,92 60,42 24,16 25,14 5,35 1,0565 411  3 246925,484375 1
42,69 5508 1865 139,02 60,0 24,73 25,14 5,35 1,1204 412  3 242539,078125 1
43,01 5524 1877 138,88 60,81 24,58 25,14 5,35 1,169 412  3 243230,40625 1
43,43 5385 1829 135,26 59,97 25,22 25,14 5,35 1,2204 412  3 241338,671875 1
43,63 5293 1833 134,35 60,26 25,17 25,14 5,35 1,2624 412  3 240319,171875 1
43,77 5318 1806 131,92 60,79 25,53 25,14 5,35 1,282 412  3 240319,171875 1
43,88 5282 1794 129,44 58,93 25,71 25,14 5,35 1,3161 412  3 238139,53125 1
43,9 5341 1814 129,97 58,29 25,42 25,14 5,35 1,3664 412  3 239981,25 1
44,01 5380 1828 127,53 57,94 25,23 25,14 5,35 1,389 412  3 237146,828125 1
44,08 5335 1807 125,9 58,97 25,53 25,14 5,35 1,3975 412  3 237476,8125 1
44,09 5308 1803 126,8 59,15 25,58 25,14 5,35 1,434 412  3 236653,578125 1
44,09 5188 1763 128,44 59,09 26,17 25,14 5,35 1,4488 412  3 236325,875 1
32,87 241 742 288,89 372,49 81,91 25,14 5,35 0,1593 400  2 337508,25 1
32,87 413 839 284,71 331,44 57,65 25,14 5,35 0,1557 400  2 337174,84375 1
32,94 2895 1378 243,09 159,12 34,22 25,14 5,35 0,2615 400  2 316244,59375 1
34,02 4652 1647 212,24 114,09 28,1 25,14 5,35 0,3439 401  2 301176,46875 1
35,59 5246 1782 199,63 93,53 25,89 25,14 5,35 0,4265 402  2 281783,15625 1
37,07 5384 1829 189,49 83,37 25,22 25,14 5,35 0,507 404  2 273431,25 1
39,28 5475 1836 173,88 76,16 25,12 25,14 5,35 0,5889 408  2 268273,5 1
40,09 5602 1903 163,44 67,7 24,24 25,14 5,35 0,6736 410  2 263510,03125 1
40,8 5615 1908 156,35 65,14 24,18 25,14 5,35 0,7507 412  2 258716,53125 1
41,46 5482 1929 150,99 63,12 23,91 25,14 5,35 0,8268 413  2 255043,59375 1
41,95 5449 1851 150,68 62,17 24,92 25,14 5,35 0,9719 415  3 252590,03125 1
42,35 5560 1889 150,68 61,21 24,42 25,14 5,35 1,0267 416  3 250183,234375 1
42,35 5622 1910 142,36 60,53 24,15 25,14 5,35 1,084 416  3 245858,34375 1
42,71 5519 1875 143,23 61,98 24,6 25,14 5,35 1,1298 417  3 244274,8125 1
43,27 5532 1837 137,34 60,67 25,11 25,14 5,35 1,1885 417  3 243057,203125 1
43,47 5294 1886 136,0 60,44 24,46 25,14 5,35 1,2402 417  3 241509,4375 1
43,59 5352 1818 135,03 58,57 25,37 25,14 5,35 1,2813 417  3 240827,84375 1
43,74 5504 1828 130,41 58,67 25,22 25,14 5,35 1,3089 417  3 239476,140625 1
43,85 5339 1814 130,5 59,49 25,43 25,14 5,35 1,3599 418  3 237311,703125 1
43,92 5344 1815 131,25 58,77 25,4 25,14 5,35 1,3788 418  3 238305,796875 1
44,04 5419 1841 126,5 60,0 25,05 25,14 5,35 1,411 418  3 236982,1875 1
44,07 5172 1758 127,92 58,18 26,25 25,14 5,35 1,4268 418  3 237807,703125 1
44,08 5333 1777 127,61 58,67 25,96 25,14 5,35 1,4327 418  3 235024,09375 1
44,09 5217 1794 128,7 59,45 25,71 25,14 5,35 1,4519 418  3 236162,359375 1
32,87 269 772 294,11 372,99 79,62 25,14 5,35 0,1511 400  2 336510,03125 1
32,85 340 815 295,11 359,85 74,63 25,14 5,35 0,1809 400  2 339185,15625 1
32,87 1956 1208 246,73 196,21 40,12 25,14 5,35 0,2492 400  2 304128,3125 1
34,03 4266 1624 212,52 118,54 28,51 25,14 5,35 0,3235 400  2 292906,1875 1
37,13 5179 1760 197,27 95,06 26,23 25,14 5,35 0,4044 402  2 283185,84375 1
38,32 5324 1867 186,43 83,65 24,7 25,14 5,35 0,5064 404  2 274089,9375 1
39,29 5566 1833 171,31 70,82 25,17 25,14 5,35 0,5845 407  2 269119,59375 1
40,08 5596 1901 164,21 69,28 24,26 25,14 5,35 0,6637 410  2 262901,15625 1
40,8 5634 1914 157,36 65,07 24,1 25,14 5,35 0,8202 413  2 259306,15625 1
40,8 5529 1878 155,87 63,55 24,56 25,14 5,35 0,8972 414  3 254473,15625 1
41,39 5642 1917 149,21 62,8 24,07 25,14 5,35 0,9784 415  3 253339,9375 1
41,89 5555 1887 144,83 61,14 24,44 25,14 5,35 1,0256 415  3 248182,265625 1
42,35 5405 1836 144,49 61,04 25,12 25,14 5,35 1,0737 416  3 246213,03125 1
43,01 5458 1854 144,2 60,61 24,88 25,14 5,35 1,1275 416  3 242711,546875 1
43,22 5261 1846 137,57 58,39 24,98 25,14 5,35 1,1744 416  3 244449,75 1
43,43 5386 1830 137,29 60,02 25,21 25,14 5,35 1,2196 416  3 241168,15625 1
43,6 5432 1845 132,36 60,14 25,0 25,14 5,35 1,2596 417  3 242194,890625 1
43,71 5377 1826 133,99 58,02 25,25 25,14 5,35 1,3174 417  3 240488,5 1
43,91 5422 1779 129,84 58,27 25,93 25,14 5,35 1,3491 417  3 238805,96875 1
43,98 5298 1800 128,74 58,73 25,63 25,14 5,35 1,4142 417  3 237973,5 1
43,98 5342 1815 133,63 58,41 25,41 25,14 5,34 1,4483 417  3 236817,765625 1
44,09 5251 1784 130,06 58,87 25,86 25,14 5,34 1,4643 417  3 236982,1875 1
44,04 5182 1770 124,92 60,04 26,07 25,14 5,34 1,479 417  3 235186,03125 1
44,09 5181 1760 126,37 58,33 26,21 25,14 5,34 1,4904 417  3 237311,703125 1
32,84 278 782 290,85 369,47 78,89 25,14 5,34 0,1656 400  2 334531,1875 1
32,86 319 807 285,58 359,24 76,01 25,14 5,34 0,1868 400  2 322824,71875 1
32,95 1685 1154 253,51 209,31 42,57 25,14 5,34 0,2503 400  2 307138,5625 1
35,6 4021 1555 226,79 131,69 29,87 25,14 5,34 0,324 400  2 293157,75 1
37,1 5364 1822 189,81 84,67 25,32 25,14 5,34 0,4062 401  2 283420,96875 1
38,3 5551 1886 180,35 78,12 24,46 25,14 5,34 0,4886 403  2 275416,90625 1
39,28 5425 1843 171,66 72,69 25,03 25,14 5,34 0,5626 406  2 269119,59375 1
39,28 5519 1930 167,13 68,39 23,91 25,14 5,34 0,7259 410  2 265147,59375 1
40,16 5534 1880 159,88 66,88 24,53 25,14 5,34 0,7907 411  2 258520,578125 1
40,82 5594 1901 157,68 63,96 24,27 25,14 5,34 0,862 412  3 253339,9375 1
41,46 5611 1906 150,79 62,33 24,2 25,14 5,34 0,9218 413  3 250550,53125 1
42,32 5538 1881 149,41 61,64 24,52 25,14 5,34 0,9833 413  3 250000,0 1
42,69 5388 1833 145,92 62,67 25,17 25,14 5,34 1,0464 414  3 246213,03125 1
42,99 5412 1838 138,79 60,26 25,09 25,14 5,34 1,0994 414  3 244976,078125 1
43,3 5394 1832 140,54 59,31 25,17 25,14 5,34 1,1289 414  3 242884,25 1
43,5 5509 1823 135,95 59,45 25,3 25,14 5,34 1,2472 415  3 242366,859375 1
43,65 5446 1850 134,12 58,71 24,93 25,14 5,34 1,2791 415  3 240658,046875 1
43,74 5325 1809 134,17 59,95 25,5 25,14 5,34 1,3213 415  3 239981,25 1
43,74 5291 1797 130,1 58,65 25,66 25,14 5,34 1,3606 415  3 238305,796875 1
43,94 5476 1860 130,06 59,55 24,79 25,14 5,34 1,3811 415  3 239140,59375 1
44,0 5158 1828 127,92 57,98 25,23 25,14 5,34 1,3958 415  3 236982,1875 1
44,07 5263 1788 129,84 59,21 25,79 25,14 5,34 1,4357 415  3 236982,1875 1
44,12 5191 1764 129,44 58,89 26,16 25,14 5,34 1,4582 415  3 235836,015625 1
44,11 5319 1807 124,37 60,42 25,53 25,14 5,34 1,5169 415  3 235186,03125 1
32,89 281 766 289,96 369,22 80,07 25,14 5,34 0,1607 400  2 338512,40625 1
32,89 280 784 292,43 367,48 78,76 25,14 5,34 0,1746 400  2 323436,5 1
34,16 1432 1101 264,37 222,31 45,36 25,14 5,34 0,2363 400  2 306862,4375 1
35,73 4933 1763 202,0 99,37 26,18 25,14 5,34 0,316 400  2 294422,09375 1
37,2 5367 1823 191,36 84,93 25,3 25,14 5,34 0,3989 401  2 283656,5 1
38,44 5544 1883 183,49 78,68 24,49 25,14 5,34 0,4771 403  2 277206,28125 1
38,44 5534 1880 171,6 72,25 24,53 25,14 5,34 0,646 408  2 270827,8125 1
39,39 5484 1863 166,34 69,35 24,76 25,14 5,34 0,7167 410  2 265147,59375 1
40,2 5577 1894 156,88 66,41 24,35 25,14 5,34 0,7997 411  2 257351,09375 1
40,88 5506 1870 152,17 64,61 24,66 25,14 5,34 0,8681 412  3 253716,546875 1
42,01 5440 1848 150,23 63,87 24,96 25,14 5,34 0,936 413  3 250918,890625 1
42,4 5410 1838 143,57 62,31 25,1 25,14 5,34 0,9911 413  3 248182,265625 1
42,75 5497 1886 140,58 60,61 24,46 25,14 5,34 1,0494 414  3 246568,75 1
43,05 5469 1858 141,92 59,95 24,83 25,14 5,34 1,0977 414  3 244274,8125 1
43,28 5435 1846 136,97 59,83 24,98 25,14 5,34 1,1975 414  3 243925,671875 1
43,48 5393 1832 136,32 59,77 25,17 25,14 5,34 1,2433 415  3 241509,4375 1
43,48 5352 1818 134,67 58,81 25,48 25,14 5,34 1,2734 415  3 239644,28125 1
43,63 5422 1842 135,26 59,21 25,04 25,14 5,34 1,3073 415  3 237476,8125 1
43,88 5415 1839 129,97 59,39 25,07 25,14 5,34 1,3308 415  3 238139,53125 1
43,97 5296 1790 130,98 59,21 25,77 25,14 5,34 1,3638 415  3 237146,828125 1
44,04 5415 1776 127,66 58,33 25,98 25,14 5,34 1,4012 415  3 236982,1875 1
44,09 5244 1782 128,74 59,13 25,89 25,14 5,34 1,4133 415  3 236489,609375 1
44,1 5260 1787 125,22 59,49 25,81 25,14 5,34 1,4451 415  3 235999,078125 1
44,1 5286 1796 123,91 59,09 25,68 25,14 5,34 1,4567 415  3 235510,578125 1
32,94 229 728 288,89 365,99 82,94 25,14 5,34 0,1637 400  2 339522,53125 1
33,01 1198 789 288,01 373,12 78,36 25,14 5,34 0,1702 400  2 326530,625 1
34,24 3623 1495 229,65 143,76 31,19 25,14 5,34 0,2243 400  2 309927,375 1
35,78 5063 1721 214,77 106,59 26,83 25,14 5,34 0,3006 400  2 295697,375 1
35,78 5324 1808 194,75 89,48 25,17 25,14 5,34 0,4584 403  2 286513,71875 1
37,2 5436 1847 179,99 78,25 24,98 25,14 5,34 0,5417 405  2 280164,15625 1
38,44 5497 1867 174,29 73,48 24,7 25,14 5,34 0,6346 407  2 270613,09375 1
39,44 5592 1900 165,44 69,46 24,28 25,14 5,34 0,6993 409  2 261291,140625 1
40,23 5672 1927 159,18 66,56 23,94 25,14 5,34 0,7719 410  2 257739,75 1
41,48 5445 1876 155,87 65,36 24,58 25,14 5,34 0,8498 411  3 253716,546875 1
42,01 5666 1925 148,51 62,06 23,96 25,14 5,34 0,9096 411  3 250183,234375 1
42,42 5523 1876 147,01 62,33 24,58 25,14 5,34 0,9674 412  3 249087,8125 1
42,8 5450 1851 143,13 61,35 24,92 25,14 5,34 1,0218 412  3 247283,265625 1
43,13 5513 1873 141,97 60,42 24,63 25,14 5,34 1,1401 413  3 246035,5625 1
43,13 5368 1823 137,15 58,99 25,29 25,14 5,34 1,2002 413  3 243577,546875 1
43,27 5361 1821 137,34 59,53 25,33 25,14 5,34 1,2416 413  3 240997,875 1
43,45 5428 1844 137,34 60,48 25,01 25,14 5,34 1,2712 413  3 239476,140625 1
43,81 5355 1782 131,29 59,29 25,88 25,14 5,34 1,3147 413  3 239140,59375 1
43,93 5319 1807 130,94 60,38 25,53 25,14 5,34 1,3414 413  3 237146,828125 1
43,97 5294 1798 130,06 57,98 25,65 25,14 5,34 1,3511 413  3 237311,703125 1
44,06 5240 1780 127,79 58,89 25,61 25,14 5,34 1,3785 413  3 236162,359375 1
44,08 5362 1756 130,01 59,61 26,27 25,14 5,34 1,4132 413  3 236489,609375 1
44,13 5158 1753 128,65 58,47 26,32 25,14 5,34 1,4182 413  3 236489,609375 1
44,12 5139 1746 126,8 59,37 26,42 25,14 5,34 1,437 413  3 235186,03125 1
33,04 258 760 286,65 367,73 80,54 25,14 5,34 0,1754 400  2 335188,21875 1
33,12 606 1003 263,12 264,73 51,92 25,14 5,34 0,1744 400  2 331284,375 1
33,12 3339 1450 235,87 148,01 32,26 25,14 5,34 0,222 400  2 311625,0625 1
34,28 4917 1684 211,09 109,99 27,45 25,14 5,34 0,3761 401  2 300117,21875 1
35,91 5299 1800 196,81 90,51 25,63 25,14 5,34 0,4519 402  2 286273,40625 1
37,32 5394 1832 187,45 83,62 25,17 25,14 5,34 0,5327 405  2 272557,90625 1
38,55 5562 1890 177,26 73,03 24,41 25,14 5,34 0,6068 407  2 265560,15625 1
40,25 5678 1929 165,33 69,91 23,91 25,14 5,34 0,6866 408  2 260692,46875 1
40,98 5609 1902 164,55 67,08 24,25 25,14 5,34 0,7576 409  2 257545,265625 1
41,57 5622 1902 150,07 64,41 24,25 25,14 5,34 0,8243 410  3 252964,421875 1
42,08 5586 1898 146,31 62,08 24,3 25,14 5,34 0,884 411  3 252030,515625 1
42,43 5403 1835 149,06 61,75 25,13 25,14 5,34 1,0141 411  3 248724,796875 1
42,43 5436 1846 142,94 61,06 24,98 25,14 5,34 1,0832 412  3 248001,9375 1
42,83 5399 1834 141,63 61,16 25,15 25,14 5,34 1,1456 412  3 244800,375 1
43,11 5472 1877 140,06 59,21 24,57 25,14 5,34 1,1903 412  3 242539,078125 1
43,53 5415 1839 142,16 59,81 25,07 25,14 5,34 1,2189 412  3 241509,4375 1
43,73 5441 1848 134,35 59,13 24,95 25,14 5,34 1,2513 412  3 239981,25 1
43,85 5319 1814 134,35 59,67 25,42 25,14 5,34 1,2999 412  3 241680,4375 1
43,92 5331 1811 130,67 59,41 25,47 25,14 5,34 1,3515 412  3 238805,96875 1
44,04 5225 1775 129,05 59,29 25,99 25,14 5,34 1,3906 412  3 237476,8125 1
44,1 5254 1785 127,57 58,69 25,84 25,14 5,34 1,4281 412  3 236325,875 1
44,09 5246 1773 128,22 58,14 26,02 25,14 5,34 1,4385 412  3 236489,609375 1
44,13 5224 1775 126,8 58,39 25,99 25,14 5,34 1,4461 412  3 235186,03125 1
44,13 5200 1767 127,1 58,95 26,11 25,14 5,34 1,4618 412  3 235024,09375 1
33,11 265 768 297,12 372,49 79,94 25,14 5,34 0,169 400  2 338177,0 1
33,1 497 865 288,69 334,03 66,41 25,14 5,34 0,1656 400  2 332575,5 1
33,21 2448 1395 239,82 158,16 33,72 25,14 5,34 0,2781 400  2 315368,03125 1
34,47 4815 1669 211,16 109,85 27,69 25,14 5,34 0,3565 401  2 299065,40625 1
36,03 5331 1811 198,21 94,2 25,47 25,14 5,34 0,4378 402  2 278791,1875 1
37,43 5412 1838 185,05 82,8 25,09 25,14 5,34 0,524 404  2 272993,875 1
39,58 5551 1886 178,05 74,48 24,46 25,14 5,34 0,5976 408  2 268273,5 1
40,42 5469 1858 165,94 68,32 24,83 25,14 5,34 0,6674 410  2 260294,859375 1
41,06 5622 1910 157,94 65,36 24,15 25,14 5,34 0,7431 412  2 257545,265625 1
41,7 5532 1879 154,61 63,66 24,54 25,14 5,34 0,8174 414  2 255425,296875 1
41,7 5493 1866 148,21 63,23 24,72 25,14 5,34 0,9605 415  3 251658,890625 1
42,15 5637 1896 144,39 63,12 24,32 25,14 5,34 1,0259 416  3 250366,75 1
42,58 5586 1898 142,31 60,26 24,3 25,14 5,34 1,0958 417  3 246746,984375 1
42,94 5399 1834 140,44 61,06 25,15 25,14 5,34 1,1441 417  3 243751,484375 1
43,43 5444 1849 138,04 60,69 24,94 25,14 5,34 1,1986 417  3 241680,4375 1
43,62 5289 1828 136,88 59,95 25,22 25,14 5,34 1,258 417  3 241338,671875 1
43,77 5389 1831 135,03 59,17 25,19 25,14 5,34 1,285 417  3 239812,640625 1
43,92 5402 1835 134,4 58,27 25,13 25,14 5,34 1,3285 418  3 239308,25 1
43,97 5239 1780 132,95 60,26 25,92 25,14 5,34 1,3888 418  3 238139,53125 1
44,06 5398 1821 132,36 59,47 25,33 25,14 5,34 1,408 418  3 238305,796875 1
44,06 5440 1848 127,96 59,07 24,95 25,14 5,34 1,4327 418  3 236653,578125 1
44,2 5254 1785 128,7 59,13 25,84 25,14 5,34 1,4598 418  3 236817,765625 1
44,14 5175 1759 131,12 59,21 26,23 25,14 5,34 1,4765 418  3 236162,359375 1
44,27 5259 1810 127,44 59,13 25,47 25,14 5,34 1,477 418  3 234862,390625 1
33,1 258 760 292,92 367,11 80,51 25,14 5,34 0,1738 400  2 335847,8125 1
33,1 385 830 294,51 341,34 71,93 25,14 5,34 0,2083 400  2 336178,59375 1
33,21 2162 1248 245,73 184,55 38,54 25,14 5,34 0,2777 400  2 319202,0 1
34,47 4279 1649 216,15 114,44 28,05 25,14 5,34 0,3564 401  2 288939,0625 1
36,1 5231 1777 203,38 93,53 25,96 25,14 5,34 0,437 402  2 280624,84375 1
38,61 5367 1823 188,27 82,66 25,3 25,14 5,34 0,5165 404  2 274310,21875 1
39,59 5487 1864 174,76 72,12 24,74 25,14 5,34 0,5925 407  2 266389,1875 1
40,43 5421 1841 162,17 68,25 25,05 25,14 5,34 0,6719 409  2 261892,578125 1
40,43 5519 1875 159,07 66,74 24,6 25,14 5,34 0,743 411  2 259898,484375 1
41,13 5650 1920 157,09 64,96 24,02 25,14 5,34 0,8854 414  3 255808,140625 1
41,64 5504 1870 149,72 63,06 24,67 25,14 5,34 0,9488 414  3 250183,234375 1
42,14 5478 1924 148,21 61,81 23,98 25,14 5,34 1,0292 415  3 245681,375 1
42,52 5675 1928 148,26 61,04 23,92 25,14 5,34 1,0922 415  3 245152,015625 1
43,18 5470 1858 143,42 59,95 24,82 25,14 5,34 1,1329 416  3 244624,9375 1
43,45 5464 1856 137,06 60,5 24,84 25,14 5,34 1,1713 416  3 241680,4375 1
43,6 5485 1812 137,71 60,08 25,46 25,14 5,34 1,2259 416  3 240658,046875 1
43,74 5451 1852 135,13 59,87 24,9 25,14 5,34 1,2817 416  3 241509,4375 1
43,93 5369 1824 135,22 58,93 25,28 25,14 5,34 1,3506 416  3 239140,59375 1
43,93 5333 1812 133,08 59,11 25,46 25,14 5,34 1,3618 416  3 238472,28125 1
44,01 5210 1770 134,03 58,77 26,06 25,14 5,34 1,3878 416  3 237807,703125 1
44,04 5230 1816 128,92 58,41 25,4 25,14 5,34 1,4171 417  3 237311,703125 1
44,17 5275 1792 129,35 59,45 25,73 25,14 5,34 1,4505 417  3 236325,875 1
44,17 5247 1800 129,97 58,14 25,62 25,14 5,34 1,4663 417  3 235024,09375 1
44,19 5277 1753 127,87 59,73 26,31 25,14 5,34 1,4865 417  3 235673,1875 1
33,2 258 760 297,82 368,6 80,51 25,14 5,34 0,1671 400  2 339185,15625 1
33,16 365 823 287,23 363,28 73,06 25,14 5,34 0,1994 400  2 335188,21875 1
33,3 1879 1193 251,03 195,94 40,76 25,14 5,34 0,2675 400  2 303587,3125 1
34,63 4126 1632 218,8 119,71 28,36 25,14 5,34 0,3507 400  2 290661,375 1
37,64 5210 1770 200,57 96,65 26,07 25,14 5,34 0,4265 402  2 281318,6875 1
38,76 5504 1870 179,99 77,31 24,67 25,14 5,34 0,5124 404  2 275194,84375 1
39,71 5513 1856 168,6 72,44 24,84 25,14 5,34 0,5936 407  2 268907,5625 1
39,71 5547 1884 164,43 69,91 24,48 25,14 5,34 0,6669 409  2 264941,78125 1
40,49 5500 1868 159,61 65,94 24,68 25,14 5,34 0,812 413  2 260096,515625 1
41,14 5593 1900 153,1 64,09 24,27 25,14 5,34 0,8913 414  3 252964,421875 1
41,75 5573 1893 150,28 62,17 24,36 25,14 5,34 0,9522 414  3 248362,84375 1
42,24 5465 1902 146,02 61,58 24,25 25,14 5,34 1,0076 415  3 247821,875 1
43,0 5479 1861 144,88 61,75 24,78 25,14 5,34 1,0821 415  3 246746,984375 1
43,28 5377 1852 142,94 61,04 24,9 25,14 5,34 1,1328 416  3 242884,25 1
43,47 5511 1872 143,61 59,57 24,63 25,14 5,34 1,186 416  3 241338,671875 1
43,68 5546 1884 136,92 59,81 24,48 25,14 5,34 1,2342 416  3 243577,546875 1
43,84 5492 1865 134,17 59,83 24,72 25,14 5,34 1,2957 416  3 240150,09375 1
43,84 5344 1815 135,49 59,57 25,4 25,14 5,34 1,3156 416  3 239476,140625 1
43,98 5302 1801 129,44 59,77 25,6 25,14 5,34 1,3502 417  3 238639,015625 1
44,1 5327 1840 130,98 58,89 25,05 25,14 5,34 1,3639 417  3 236817,765625 1
44,19 5360 1821 133,63 59,25 25,33 25,14 5,34 1,3831 417  3 235999,078125 1
44,23 5274 1792 132,63 59,61 25,74 25,14 5,34 1,4089 417  3 235186,03125 1
44,21 5247 1775 127,36 59,17 25,98 25,14 5,34 1,4245 417  3 236325,875 1
44,28 5185 1762 128,05 60,48 26,18 25,14 5,34 1,439 417  3 234539,625 1
33,22 278 781 298,12 382,19 78,92 25,14 5,34 0,1688 400  2 337174,84375 1
33,18 311 805 291,24 366,61 76,52 25,14 5,34 0,192 400  2 321003,125 1
33,33 1567 1130 261,35 211,88 43,79 25,14 5,34 0,2568 400  2 304671,21875 1
36,23 3936 1608 222,53 126,15 28,81 25,14 5,34 0,332 400  2 294930,875 1
37,68 5268 1783 200,23 99,48 25,87 25,14 5,34 0,4111 401  2 281783,15625 1
37,68 5592 1900 178,71 77,83 24,28 25,14 5,34 0,5064 403  2 275416,90625 1
38,81 5573 1928 170,79 72,12 23,93 25,14 5,34 0,5912 407  2 269757,625 1
39,75 5611 1906 162,94 68,07 24,2 25,14 5,34 0,7587 411  2 263917,53125 1
40,51 5547 1884 161,62 66,61 24,48 25,14 5,34 0,8305 412  2 257545,265625 1
41,19 5633 1914 150,84 64,59 24,1 25,14 5,34 0,8912 413  3 251473,484375 1
41,79 5673 1928 151,81 64,07 23,93 25,14 5,34 0,9506 414  3 250550,53125 1
42,6 5641 1819 148,46 62,86 25,35 25,14 5,34 1,0079 414  3 247462,546875 1
42,96 5442 1849 146,51 62,29 24,94 25,14 5,34 1,0535 415  3 245681,375 1
43,3 5342 1815 140,87 60,42 25,41 25,14 5,34 1,1194 415  3 243403,84375 1
43,44 5424 1825 141,16 60,1 25,27 25,14 5,34 1,1676 415  3 243057,203125 1
43,63 5438 1847 135,72 60,14 24,96 25,14 5,34 1,2167 415  3 240658,046875 1
43,63 5299 1800 134,99 59,97 25,62 25,14 5,34 1,2798 416  3 240319,171875 1
43,83 5276 1792 134,12 60,48 25,73 25,14 5,34 1,3181 416  3 239476,140625 1
43,94 5420 1822 130,85 59,55 25,31 25,14 5,34 1,3536 416  3 237973,5 1
44,03 5286 1796 130,45 60,04 25,68 25,14 5,34 1,3789 416  3 237476,8125 1
44,15 5302 1801 131,03 59,91 25,6 25,14 5,34 1,3995 416  3 236982,1875 1
44,27 5297 1799 128,35 58,37 25,63 25,14 5,34 1,4386 416  3 236325,875 1
44,23 5194 1807 127,01 59,23 25,52 25,14 5,34 1,4689 416  3 236325,875 1
44,25 5147 1749 126,5 58,99 26,38 25,14 5,34 1,4789 416  3 236162,359375 1
33,2 252 754 290,06 372,74 81,0 25,14 5,34 0,1657 400  2 334531,1875 1
33,2 269 772 292,03 376,04 79,64 25,14 5,34 0,1893 400  2 321608,03125 1
33,46 1392 1243 249,59 195,02 38,71 25,14 5,34 0,2535 400  2 304128,3125 1
36,43 4240 1588 226,72 123,79 29,21 25,14 5,34 0,3369 400  2 292404,34375 1
36,43 5412 1838 194,95 86,73 25,09 25,14 5,34 0,4187 402  2 283892,4375 1
37,72 5345 1815 182,32 78,81 25,4 25,14 5,34 0,5073 404  2 273870,03125 1
38,92 5456 1930 171,6 72,74 23,9 25,14 5,34 0,5901 407  2 269331,9375 1
39,79 5561 1889 166,68 68,58 24,41 25,14 5,34 0,7526 411  2 261691,796875 1
40,58 5558 1888 161,07 66,88 24,43 25,14 5,34 0,8154 412  2 259503,296875 1
41,26 5455 1853 153,36 63,55 24,89 25,14 5,34 0,8943 413  3 251473,484375 1
41,82 5492 1892 149,67 62,76 24,38 25,14 5,34 0,9657 414  3 250183,234375 1
42,68 5527 1878 149,82 62,12 24,56 25,14 5,34 1,0233 415  3 248362,84375 1
43,04 5373 1825 142,94 60,81 25,27 25,14 5,34 1,0891 415  3 245152,015625 1
43,29 5529 1878 139,02 60,24 24,55 25,14 5,34 1,1512 415  3 244976,078125 1
43,52 5303 1819 137,34 59,89 25,34 25,14 5,34 1,2027 416  3 242884,25 1
43,52 5549 1885 134,71 60,57 24,46 25,14 5,34 1,287 416  3 241509,4375 1
43,69 5492 1865 137,06 59,29 24,72 25,14 5,34 1,3159 416  3 240488,5 1
43,88 5344 1815 134,62 59,05 25,4 25,14 5,34 1,3503 416  3 238305,796875 1
43,97 5405 1836 133,99 59,87 25,11 25,14 5,34 1,3732 416  3 237146,828125 1
44,14 5394 1780 132,23 58,49 25,92 25,14 5,34 1,4 416  3 237807,703125 1
44,19 5257 1840 128,96 59,57 25,05 25,14 5,34 1,435 416  3 237146,828125 1
44,18 5256 1785 130,81 59,03 25,83 25,14 5,34 1,4634 416  3 235836,015625 1
44,22 5329 1782 129,13 58,55 25,88 25,14 5,34 1,4851 416  3 236489,609375 1
44,28 5181 1761 126,45 59,23 26,2 25,14 5,34 1,5157 416  3 236489,609375 1
33,19 237 737 289,18 379,36 82,24 25,14 5,34 0,1627 400  2 337174,84375 1
33,23 252 754 295,11 374,76 80,97 25,14 5,34 0,1796 400  2 321305,3125 1
34,86 1346 1193 259,41 205,8 40,78 25,14 5,34 0,2405 400  2 308526,65625 1
34,86 5057 1719 207,34 100,18 26,85 25,14 5,34 0,3163 400  2 293157,75 1
36,41 5261 1787 194,36 87,15 25,81 25,14 5,34 0,4015 401  2 284602,5625 1
37,78 5284 1795 182,07 77,8 25,7 25,14 5,34 0,4761 403  2 276981,34375 1
38,92 5550 1872 172,0 72,1 24,63 25,14 5,34 0,6336 408  2 270613,09375 1
39,79 5582 1896 169,69 68,79 24,32 25,14 5,34 0,7113 410  2 264121,75 1
40,62 5522 1876 159,77 66,95 24,58 25,14 5,34 0,7973 411  2 255043,59375 1
41,27 5483 1862 157,25 64,74 24,76 25,14 5,34 0,8597 412  3 253528,09375 1
42,26 5565 1891 152,27 64,37 24,39 25,14 5,34 0,9296 413  3 250734,578125 1
42,7 5422 1878 147,26 62,38 24,55 25,14 5,34 0,986 413  3 247462,546875 1
43,0 5468 1857 144,39 61,06 24,83 25,14 5,34 1,0498 413  3 246213,03125 1
43,0 5459 1854 140,92 60,2 24,87 25,14 5,34 1,0967 414  3 243403,84375 1
43,27 5411 1838 138,27 61,02 25,09 25,14 5,34 1,1685 414  3 242884,25 1
43,51 5506 1870 138,51 59,55 24,65 25,14 5,34 1,209 414  3 240150,09375 1
43,72 5354 1819 141,01 60,2 25,35 25,14 5,34 1,26 414  3 238973,15625 1
43,84 5473 1859 135,58 58,0 24,8 25,14 5,34 1,3004 414  3 238472,28125 1
44,05 5290 1797 133,31 58,93 25,66 25,14 5,34 1,3258 414  3 237146,828125 1
44,12 5361 1821 132,99 60,08 25,32 25,14 5,34 1,3503 415  3 238139,53125 1
44,2 5256 1785 131,16 59,03 25,83 25,14 5,34 1,3816 415  3 236489,609375 1
44,24 5372 1825 129,75 59,87 25,27 25,14 5,34 1,4244 415  3 235999,078125 1
44,23 5231 1791 128,83 59,15 25,74 25,14 5,34 1,4286 415  3 235673,1875 1
44,24 5275 1792 125,01 58,99 25,73 25,14 5,34 1,4704 415  3 235673,1875 1
33,31 253 755 293,32 370,23 80,86 25,14 5,34 0,1554 400  2 334859,375 1
33,31 249 751 295,91 374,76 81,22 25,14 5,34 0,1636 400  2 324667,09375 1
33,53 4019 1110 263,48 218,28 44,86 25,14 5,34 0,2236 400  2 305216,09375 1
34,98 4943 1687 210,73 102,38 27,39 25,14 5,34 0,3058 400  2 295441,4375 1
36,55 5487 1864 194,1 91,03 24,74 25,14 5,34 0,3982 401  2 283656,5 1
37,89 5491 1865 182,75 80,73 24,73 25,14 5,34 0,5639 406  2 276085,1875 1
39,02 5550 1902 175,65 72,83 24,25 25,14 5,34 0,6432 409  2 270184,6875 1
39,89 5474 1859 164,32 69,77 24,8 25,14 5,34 0,7242 410  2 258324,921875 1
40,62 5476 1860 160,91 66,38 24,79 25,14 5,34 0,8006 412  2 255808,140625 1
41,86 5546 1884 158,75 64,57 24,48 25,14 5,34 0,864 413  3 254094,296875 1
42,33 5610 1896 156,51 64,02 24,33 25,14 5,34 0,923 413  3 250550,53125 1
42,73 5420 1841 146,56 62,4 25,05 25,14 5,34 0,9952 414  3 248724,796875 1
42,73 5462 1855 141,97 61,98 24,85 25,14 5,34 1,0459 414  3 246568,75 1
43,05 5492 1865 140,92 61,14 24,72 25,14 5,34 1,1 414  3 243925,671875 1
43,38 5538 1881 139,16 60,2 24,51 25,14 5,34 1,1893 415  3 242539,078125 1
43,56 5411 1838 137,62 60,34 25,09 25,14 5,34 1,2268 415  3 240997,875 1
43,76 5344 1815 133,35 59,97 25,4 25,14 5,34 1,2639 415  3 238973,15625 1
43,89 5331 1811 133,9 60,34 25,47 25,14 5,34 1,2849 415  3 236162,359375 1
44,1 5398 1787 133,58 60,1 25,81 25,14 5,34 1,3074 415  3 237973,5 1
44,18 5275 1792 128,44 60,02 25,73 25,14 5,34 1,3267 415  3 236982,1875 1
44,21 5273 1791 130,19 59,95 25,74 25,14 5,34 1,3559 415  3 236982,1875 1
44,29 5438 1809 130,54 59,65 25,48 25,14 5,34 1,3781 415  3 236489,609375 1
44,27 5148 1750 125,6 59,07 26,37 25,14 5,34 1,4326 415  3 237807,703125 1
44,27 5183 1761 128,65 59,53 26,19 25,14 5,34 1,4591 415  3 235673,1875 1
33,29 262 765 295,51 372,49 80,13 25,14 5,34 0,1562 400  2 336178,59375 1
33,3 255 757 292,03 387,67 80,7 25,14 5,34 0,1621 400  2 327156,5625 1
33,64 3706 1508 232,07 142,16 30,89 25,14 5,34 0,2191 400  2 307969,9375 1
35,04 5010 1704 210,31 105,51 27,11 25,14 5,34 0,2901 400  2 295185,9375 1
36,65 5190 1764 193,96 89,48 26,16 25,14 5,34 0,369 401  2 284128,75 1
37,95 5395 1845 181,88 78,49 25,0 25,14 5,34 0,5266 405  2 277657,28125 1
39,03 5470 1858 174,29 72,83 24,82 25,14 5,34 0,6093 407  2 269119,59375 1
39,97 5603 1904 168,15 70,58 24,23 25,14 5,34 0,7002 409  2 260294,859375 1
40,72 5487 1864 162,0 67,93 24,74 25,14 5,34 0,789 410  2 255808,140625 1
41,92 5591 1900 157,68 65,65 24,8 25,14 5,34 0,872 411  3 252030,515625 1
42,39 5468 1857 147,41 61,79 24,83 25,14 5,34 0,938 411  3 252030,515625 1
42,39 5431 1845 146,71 61,29 25,0 25,14 5,34 0,9916 412  3 249269,71875 1
42,78 5542 1883 142,16 61,45 24,49 25,14 5,34 1,0572 412  3 245681,375 1
43,09 5413 1802 140,82 60,85 25,59 25,14 5,34 1,1759 413  3 244449,75 1
43,3 5380 1827 141,25 60,04 25,23 25,14 5,34 1,2209 413  3 243751,484375 1
43,61 5320 1807 135,45 61,02 25,52 25,14 5,34 1,2593 413  3 241338,671875 1
43,78 5363 1822 136,32 59,91 25,31 25,14 5,34 1,2815 413  3 240150,09375 1
44,01 5405 1836 136,27 60,02 25,11 25,14 5,34 1,3158 413  3 239476,140625 1
44,16 5286 1789 134,49 59,87 25,79 25,14 5,34 1,3363 413  3 237642,140625 1
44,19 5327 1809 130,81 59,73 25,48 25,14 5,34 1,3595 413  3 237311,703125 1
44,22 5259 1787 130,5 58,79 25,81 25,14 5,34 1,3836 413  3 238805,96875 1
44,22 5232 1780 127,96 59,79 25,91 25,14 5,34 1,4447 413  3 235348,203125 1
44,27 5195 1765 126,03 59,09 26,13 25,14 5,34 1,4726 413  3 236162,359375 1
44,28 5213 1771 128,96 59,65 26,04 25,14 5,34 1,4825 413  3 234862,390625 1
33,27 279 783 293,52 371,86 78,81 25,14 5,34 0,1566 400  2 335847,8125 1
33,21 1089 1023 265,27 250,1 50,36 25,14 5,34 0,1588 400  2 326218,53125 1
33,63 3335 1450 236,51 149,26 32,27 25,14 5,34 0,2106 400  2 309646,21875 1
35,05 5061 1721 208,89 108,81 26,84 25,14 5,34 0,2873 400  2 297242,375 1
36,61 5298 1800 198,82 91,81 25,63 25,14 5,34 0,4484 403  2 285316,25 1
37,94 5567 1798 183,37 79,51 25,66 25,14 5,34 0,5304 405  2 277883,3125 1
39,01 5406 1836 173,58 72,83 25,11 25,14 5,34 0,624 407  2 265766,9375 1
39,95 5629 1913 167,81 68,97 24,11 25,14 5,34 0,7276 409  2 258912,765625 1
41,32 5601 1903 162,39 68,32 24,24 25,14 5,34 0,8004 410  2 255808,140625 1
41,87 5595 1905 157,84 66,0 24,2 25,14 5,34 0,8624 411  3 252777,09375 1
41,87 5461 1855 152,22 62,57 24,86 25,14 5,34 0,928 411  3 248906,171875 1
42,4 5437 1847 145,62 61,98 24,97 25,14 5,34 1,0042 412  3 247104,25 1
42,72 5258 1786 144,79 61,0 25,82 25,14 5,34 1,1057 412  3 245504,671875 1
43,07 5346 1851 141,01 60,92 24,91 25,14 5,34 1,1488 412  3 245152,015625 1
43,35 5436 1847 140,87 60,36 24,97 25,14 5,34 1,2044 413  3 243230,40625 1
43,57 5349 1817 136,41 60,77 25,38 25,14 5,34 1,2461 413  3 238139,53125 1
43,68 5267 1789 136,88 59,53 25,78 25,14 5,34 1,2767 413  3 238805,96875 1
43,97 5288 1819 134,9 59,33 25,35 25,14 5,34 1,304 413  3 239308,25 1
44,09 5427 1843 131,56 59,21 25,01 25,14 5,34 1,3271 413  3 238472,28125 1
44,13 5236 1779 133,44 59,05 25,93 25,14 5,34 1,3396 413  3 236325,875 1
44,13 5217 1772 130,14 59,69 25,7 25,14 5,34 1,3765 413  3 237807,703125 1
44,23 5370 1824 128,05 59,29 25,28 25,14 5,34 1,4285 413  3 235673,1875 1
44,23 5271 1791 129,0 58,99 25,75 25,14 5,34 1,4425 413  3 235024,09375 1
44,26 5195 1765 128,05 58,91 26,13 25,14 5,34 1,4629 413  3 235510,578125 1
33,19 212 745 291,24 380,77 81,66 25,14 5,34 0,1478 400  2 337174,84375 1
33,23 874 970 270,07 271,17 54,63 25,14 5,34 0,1473 400  2 329684,46875 1
33,68 3268 1439 237,4 152,27 32,55 25,14 5,34 0,1919 400  2 310773,90625 1
35,13 4931 1686 210,52 110,07 27,41 25,14 5,34 0,3572 401  2 297501,4375 1
36,67 5222 1774 199,96 91,96 26,01 25,14 5,34 0,4404 403  2 286033,53125 1
38,01 5337 1848 187,13 81,0 24,96 25,14 5,34 0,5308 405  2 272340,4375 1
39,09 5575 1894 175,95 74,71 24,35 25,14 5,34 0,6051 407  2 267014,34375 1
40,7 5390 1831 167,92 70,24 25,19 25,14 5,34 0,6824 409  2 260294,859375 1
40,7 5574 1894 166,22 67,27 24,35 25,14 5,34 0,7586 410  2 257739,75 1
41,4 5411 1838 153,15 64,74 25,09 25,14 5,34 0,8287 411  2 252964,421875 1
41,93 5537 1881 151,4 63,44 24,52 25,14 5,34 0,8966 411  3 250366,75 1
42,36 5398 1834 146,06 61,75 25,15 25,14 5,34 0,961 412  3 247283,265625 1
42,75 5413 1892 141,78 60,94 24,38 25,14 5,34 1,0647 412  3 245152,015625 1
43,1 5446 1850 140,58 61,14 24,93 25,14 5,34 1,124 413  3 243751,484375 1
43,36 5462 1855 140,68 61,06 24,85 25,14 5,34 1,1663 413  3 241338,671875 1
43,58 5407 1837 139,31 60,26 25,11 25,14 5,34 1,2121 413  3 241168,15625 1
43,93 5394 1832 137,43 60,16 25,17 25,14 5,34 1,2554 413  3 240150,09375 1
44,05 5383 1828 130,72 59,23 25,22 25,14 5,34 1,2991 413  3 238639,015625 1
44,11 5266 1789 131,47 59,07 25,78 25,14 5,34 1,3367 413  3 236982,1875 1
44,11 5343 1815 129,75 59,53 25,4 25,14 5,34 1,3743 413  3 237642,140625 1
44,2 5232 1778 132,36 57,78 25,94 25,14 5,34 1,4244 413  3 235999,078125 1
44,23 5282 1762 129,22 59,93 26,18 25,14 5,34 1,4525 413  3 236653,578125 1
44,26 5159 1753 128,22 59,53 26,31 25,14 5,34 1,4697 413  3 235510,578125 1
44,27 5194 1765 127,83 60,92 26,14 25,14 5,34 1,484 413  3 234217,75 1
33,29 267 755 299,84 381,03 80,86 25,14 5,34 0,1471 400  2 337842,28125 1
33,3 726 931 277,86 291,44 58,39 25,14 5,34 0,1447 400  2 330642,5625 1
33,67 2971 1390 248,07 158,69 33,85 25,14 5,34 0,1852 400  2 313917,84375 1
35,2 4447 1618 218,21 116,27 28,63 25,14 5,34 0,348 401  2 298803,625 1
36,75 5218 1809 198,75 91,71 25,5 25,14 5,34 0,4321 402  2 288694,65625 1
37,99 5428 1844 184,61 80,46 25,01 25,14 5,34 0,5165 405  2 273650,46875 1
39,09 5437 1847 174,76 74,46 24,97 25,14 5,34 0,5979 407  2 265147,59375 1
39,96 5457 1854 172,18 71,01 24,88 25,14 5,34 0,6777 408  2 262093,671875 1
40,74 5503 1844 155,66 66,65 25,01 25,14 5,34 0,7417 409  2 256963,609375 1
41,35 5395 1832 153,41 63,48 25,17 25,14 5,34 0,808 410  2 254094,296875 1
41,94 5453 1852 151,45 63,14 24,89 25,14 5,34 0,8767 411  3 250550,53125 1
42,35 5424 1842 147,16 61,89 25,03 25,14 5,34 1,0128 412  3 248906,171875 1
42,77 5503 1869 146,41 61,91 24,67 25,14 5,34 1,0623 412  3 246035,5625 1
43,07 5460 1837 143,23 61,0 25,11 25,14 5,34 1,1041 412  3 242194,890625 1
43,32 5407 1837 139,35 62,17 25,11 25,14 5,34 1,1404 412  3 240997,875 1
43,72 5434 1846 138,51 59,95 24,98 25,14 5,34 1,1809 412  3 241509,4375 1
43,87 5231 1842 139,16 60,12 25,03 25,14 5,34 1,229 412  3 240488,5 1
43,96 5356 1819 133,99 58,97 25,34 25,14 5,34 1,2877 412  3 237973,5 1
43,96 5343 1815 135,4 59,49 25,4 25,14 5,34 1,3123 412  3 238305,796875 1
44,08 5297 1799 129,79 59,25 25,63 25,14 5,34 1,364 412  3 235510,578125 1
44,14 5157 1753 131,25 59,01 26,32 25,14 5,34 1,3854 412  3 236653,578125 1
44,21 5204 1782 129,0 59,73 25,87 25,14 5,34 1,4135 412  3 235186,03125 1
44,24 5178 1760 129,97 59,13 26,22 25,14 5,34 1,4145 412  3 236325,875 1
44,25 5164 1755 127,83 59,45 26,29 25,14 5,34 1,4307 413  3 234539,625 1
33,37 237 737 294,51 380,64 82,24 25,14 5,34 0,1492 400  2 334203,65625 1
33,33 596 895 277,39 307,86 62,5 25,14 5,34 0,1465 400  2 332575,5 1
33,8 2797 1361 243,91 165,21 34,7 25,14 5,34 0,2572 400  2 315076,9375 1
35,35 4601 1639 223,74 117,1 28,22 25,14 5,34 0,3403 401  2 300117,21875 1
36,84 5174 1758 198,48 91,99 26,08 25,14 5,34 0,429 402  2 278563,65625 1
38,22 5379 1827 188,4 81,83 25,24 25,14 5,34 0,5108 405  2 270613,09375 1
39,2 5575 1894 176,79 76,99 24,35 25,14 5,34 0,5992 406  2 266597,25 1
40,12 5558 1874 168,32 71,9 24,61 25,14 5,34 0,6825 408  2 262093,671875 1
40,84 5500 1889 158,8 65,2 24,41 25,14 5,34 0,7594 409  2 257157,203125 1
41,43 5500 1868 156,4 65,07 24,68 25,14 5,34 0,8346 410  2 254094,296875 1
41,98 5448 1850 151,76 63,23 24,92 25,14 5,34 0,9583 411  3 251473,484375 1
42,44 5373 1825 152,53 62,0 25,27 25,14 5,34 1,0279 411  3 247104,25 1
42,83 5435 1846 144,39 61,5 24,67 25,14 5,34 1,0959 411  3 244449,75 1
43,16 5328 1810 140,77 60,65 25,48 25,14 5,34 1,1599 411  3 242023,15625 1
43,61 5240 1780 139,92 60,94 25,91 25,14 5,34 1,1982 412  3 242539,078125 1
43,77 5373 1825 141,25 60,67 25,27 25,14 5,34 1,248 412  3 241338,671875 1
43,77 5385 1800 133,76 60,22 25,62 25,14 5,34 1,2812 412  3 240658,046875 1
43,93 5235 1778 135,68 59,83 25,93 25,14 5,34 1,311 412  3 237807,703125 1
44,05 5210 1770 131,16 59,75 26,06 25,14 5,34 1,3323 412  3 238805,96875 1
44,15 5329 1810 134,9 59,81 25,47 25,14 5,34 1,3835 412  3 236489,609375 1
44,17 5327 1758 131,61 59,91 26,24 25,14 5,34 1,3952 412  3 236817,765625 1
44,21 5250 1784 132,23 59,81 25,86 25,14 5,34 1,413 412  3 235836,015625 1
44,27 5154 1751 128,61 60,81 26,34 25,14 5,34 1,438 412  3 235673,1875 1
44,32 5232 1778 128,0 58,97 25,94 25,14 5,34 1,4661 412  3 233576,640625 1
33,27 248 742 297,52 379,23 81,91 25,14 5,34 0,1552 400  2 335847,8125 1
33,25 489 863 283,94 324,12 66,74 25,14 5,34 0,1851 400  2 333550,5 1
33,83 2462 1303 253,25 174,59 36,55 25,14 5,34 0,2556 400  2 315368,03125 1
35,37 4387 1609 218,14 118,02 28,79 25,14 5,34 0,3372 401  2 288450,71875 1
36,87 5110 1737 202,35 95,9 26,57 25,14 5,34 0,4196 402  2 279247,34375 1
38,16 5223 1815 185,49 82,92 25,4 25,14 5,34 0,4946 404  2 272340,4375 1
39,2 5410 1838 179,8 76,4 25,1 25,14 5,34 0,5742 407  2 265974,03125 1
40,11 5539 1882 165,21 67,84 24,51 25,14 5,34 0,6535 410  2 261691,796875 1
40,75 5586 1851 162,33 66,9 24,91 25,14 5,34 0,7367 412  2 258716,53125 1
41,5 5603 1903 154,51 65,34 24,23 25,14 5,34 0,8192 413  2 253339,9375 1
41,98 5440 1848 150,07 62,5 24,95 25,14 5,34 0,9484 415  3 250734,578125 1
42,43 5470 1858 150,99 62,8 24,82 25,14 5,34 1,0172 415  3 249087,8125 1
42,81 5553 1872 144,59 61,25 24,63 25,14 5,34 1,0799 416  3 246035,5625 1
43,11 5542 1883 143,18 61,08 24,49 25,14 5,34 1,1335 416  3 243925,671875 1
43,56 5270 1790 140,92 61,68 25,76 25,14 5,34 1,1704 416  3 242194,890625 1
43,56 5338 1816 138,27 59,75 25,4 25,14 5,34 1,2184 417  3 240150,09375 1
43,78 5351 1818 133,63 58,65 25,37 25,14 5,34 1,2644 417  3 239981,25 1
43,94 5263 1788 134,21 60,06 25,79 25,14 5,34 1,3066 417  3 238139,53125 1
44,01 5358 1820 132,19 59,43 25,34 25,14 5,34 1,3707 417  3 236982,1875 1
44,13 5359 1820 132,41 58,95 25,33 25,14 5,34 1,3905 417  3 237146,828125 1
44,16 5427 1763 131,83 59,33 26,16 25,14 5,34 1,4129 417  3 235510,578125 1
44,2 5330 1811 129,35 59,15 25,47 25,14 5,34 1,4309 417  3 236489,609375 1
44,25 5187 1762 130,63 59,21 26,17 25,14 5,34 1,4347 417  3 236162,359375 1
44,23 5150 1780 130,23 59,79 25,91 25,14 5,34 1,4545 417  3 235024,09375 1
33,23 258 795 302,08 378,97 77,94 25,14 5,34 0,1562 400  2 335517,6875 1
33,23 455 852 283,37 339,73 68,3 25,14 5,34 0,1871 400  2 334859,375 1
33,86 2227 1260 251,63 182,75 38,07 25,14 5,34 0,2551 400  2 317420,96875 1
35,36 4380 1608 219,39 122,24 28,81 25,14 5,34 0,3327 401  2 289429,0625 1
35,36 5134 1799 201,73 94,42 25,65 25,14 5,34 0,4168 402  2 279934,375 1
38,16 5443 1849 189,74 83,59 24,94 25,14 5,34 0,5006 404  2 273212,375 1
39,16 5408 1837 170,04 71,98 25,11 25,14 5,34 0,5811 407  2 265766,9375 1
40,02 5404 1864 163,88 68,67 24,73 25,14 5,34 0,6692 410  2 261491,3125 1
40,82 5483 1862 161,24 66,81 24,76 25,14 5,34 0,7387 412  2 258129,5625 1
41,41 5603 1903 155,03 64,5 24,23 25,14 5,34 0,88 414  3 254094,296875 1
41,97 5539 1881 151,4 64,41 24,51 25,14 5,34 0,9511 415  3 250734,578125 1
42,37 5440 1848 146,56 62,95 24,95 25,14 5,34 1,0121 415  3 246390,765625 1
42,77 5315 1853 143,23 60,75 24,89 25,14 5,34 1,069 416  3 245681,375 1
43,07 5409 1837 141,3 60,63 25,1 25,14 5,34 1,1202 416  3 242539,078125 1
43,35 5360 1850 141,78 61,25 24,92 25,14 5,34 1,1647 417  3 241851,671875 1
43,55 5351 1818 134,9 59,95 25,72 25,14 5,34 1,2109 417  3 240827,84375 1
43,75 5371 1824 136,14 59,41 25,28 25,14 5,34 1,2628 417  3 240150,09375 1
43,87 5268 1790 132,95 59,65 25,77 25,14 5,34 1,328 417  3 239644,28125 1
44,01 5320 1807 135,22 59,33 25,52 25,14 5,34 1,3525 417  3 237642,140625 1
44,03 5178 1760 132,32 59,13 26,22 25,14 5,34 1,3702 417  3 236982,1875 1
44,17 5313 1765 130,54 59,39 26,14 25,14 5,34 1,4108 417  3 237973,5 1
44,21 5229 1777 127,44 59,91 25,96 25,14 5,34 1,437 417  3 236489,609375 1
44,22 5224 1775 129,0 59,19 25,99 25,14 5,34 1,4462 417  3 236489,609375 1
44,22 5138 1728 128,44 59,17 26,7 25,14 5,34 1,47 417  3 234378,578125 1
33,21 263 766 290,36 387,53 80,07 25,14 5,34 0,1559 400  2 334531,1875 1
33,21 364 823 288,49 359,36 73,13 25,14 5,34 0,1823 400  2 333550,5 1
33,21 2007 1218 247,99 192,53 39,7 25,14 5,34 0,2492 400  2 299327,6875 1
33,86 4148 1574 221,71 125,18 29,47 25,14 5,34 0,3287 400  2 293409,75 1
36,88 5162 1750 201,66 93,63 26,37 25,14 5,34 0,4168 402  2 281318,6875 1
38,2 5435 1826 193,31 83,88 25,25 25,14 5,34 0,503 404  2 273650,46875 1
39,26 5450 1851 174,59 73,53 24,91 25,14 5,34 0,584 407  2 265766,9375 1
40,09 5503 1846 165,72 68,48 24,98 25,14 5,34 0,6699 410  2 262295,09375 1
40,85 5563 1890 159,23 67,49 24,4 25,14 5,34 0,808 413  2 257157,203125 1
41,45 5542 1883 156,93 64,07 24,49 25,14 5,34 0,8829 414  3 253528,09375 1
42,01 5542 1883 153,62 64,33 24,49 25,14 5,34 0,9452 415  3 248543,6875 1
42,38 5561 1889 148,11 62,99 24,41 25,14 5,34 1,024 415  3 245681,375 1
42,82 5351 1895 149,82 62,23 24,34 25,14 5,34 1,0793 416  3 244274,8125 1
43,08 5405 1836 144,2 61,6 25,11 25,14 5,34 1,1199 416  3 242366,859375 1
43,3 5434 1846 142,79 60,71 24,98 25,14 5,34 1,1698 416  3 240658,046875 1
43,54 5360 1824 135,4 59,71 25,28 25,14 5,34 1,2201 416  3 240658,046875 1
43,75 5410 1838 139,92 60,44 25,09 25,14 5,34 1,2609 417  3 237642,140625 1
43,83 5453 1852 135,63 60,2 24,89 25,14 5,34 1,3326 417  3 237311,703125 1
43,96 5343 1815 131,47 60,04 25,4 25,14 5,34 1,3773 417  3 238472,28125 1
44,06 5361 1729 132,95 59,79 26,7 25,14 5,34 1,4104 417  3 235186,03125 1
44,08 5318 1806 131,43 59,29 25,53 25,14 5,34 1,4346 417  3 234539,625 1
44,2 5339 1814 129,05 59,77 25,42 25,14 5,34 1,4508 417  3 236162,359375 1
44,22 5330 1811 127,44 60,1 25,47 25,14 5,34 1,4749 417  3 234217,75 1
44,22 5107 1788 126,24 59,61 25,79 25,14 5,34 1,4871 417  3 234539,625 1
33,21 277 781 294,41 374,38 78,97 25,14 5,34 0,1864 400  2 332575,5 1
33,21 354 819 293,62 367,11 73,73 25,14 5,34 0,213 400  2 318012,4375 1
33,2 1951 1207 254,71 202,69 40,15 25,14 5,34 0,278 400  2 302779,40625 1
35,47 4131 1572 229,81 127,66 29,52 25,14 5,34 0,3568 400  2 290909,09375 1
36,96 5202 1773 206,22 97,21 26,02 25,14 5,34 0,4428 402  2 280164,15625 1
38,21 5399 1834 179,92 78,6 25,15 25,14 5,34 0,5192 404  2 273650,46875 1
39,27 5446 1850 176,49 73,8 24,93 25,14 5,34 0,6022 407  2 265560,15625 1
40,12 5496 1898 164,88 69,91 24,29 25,14 5,34 0,6895 409  2 260891,71875 1
40,81 5587 1898 158,26 67,33 24,29 25,14 5,34 0,832 412  3 258520,578125 1
41,46 5505 1870 156,72 64,61 24,66 25,14 5,34 0,9074 413  3 252590,03125 1
41,97 5625 1911 150,74 63,55 24,13 25,14 5,34 0,9745 414  3 246746,984375 1
42,4 5549 1871 146,26 62,82 24,64 25,14 5,34 1,0363 414  3 246746,984375 1
42,81 5394 1832 146,06 60,83 25,17 25,14 5,34 1,0967 415  3 244274,8125 1
43,07 5549 1885 140,77 60,57 24,46 25,14 5,34 1,1321 415  3 243230,40625 1
43,36 5510 1872 139,4 60,32 24,63 25,14 5,34 1,1991 415  3 240488,5 1
43,51 5464 1806 137,99 59,77 25,53 25,14 5,34 1,2443 415  3 238805,96875 1
43,7 5349 1817 133,99 60,2 25,38 25,14 5,34 1,3471 416  3 238139,53125 1
43,88 5434 1846 134,85 59,31 24,98 25,14 5,34 1,3994 416  3 238472,28125 1
43,95 5222 1774 134,31 59,93 26,0 25,14 5,34 1,4176 416  3 237146,828125 1
44,04 5314 1805 131,61 59,57 25,54 25,14 5,34 1,439 416  3 234862,390625 1
44,17 5412 1775 128,92 59,03 25,99 25,14 5,34 1,4712 416  3 234539,625 1
44,17 5190 1822 134,99 59,83 25,31 25,14 5,34 1,479 416  3 234378,578125 1
44,18 5209 1770 126,58 59,67 26,06 25,14 5,34 1,4922 416  3 234700,890625 1
44,19 5193 1743 127,53 58,97 26,47 25,14 5,34 1,5142 416  3 233736,59375 1
33,19 282 785 299,64 373,88 78,62 25,14 5,34 0,1822 400  2 330963,15625 1
33,28 305 803 290,95 375,27 76,89 25,14 5,34 0,209 400  2 319800,125 1
33,21 1738 1165 260,64 214,84 42,04 25,14 5,34 0,279 400  2 302243,21875 1
35,55 3756 1608 226,72 121,58 28,81 25,14 5,34 0,3626 400  2 288939,0625 1
37,01 5535 1880 191,29 86,26 24,53 25,14 5,34 0,4505 402  2 280164,15625 1
38,3 5533 1880 183,68 78,76 24,53 25,14 5,34 0,527 404  2 273431,25 1
39,29 5583 1897 172,94 72,59 24,31 25,14 5,34 0,6019 407  2 267014,34375 1
40,14 5427 1901 170,96 69,58 24,26 25,14 5,34 0,75 411  2 260493,515625 1
40,88 5617 1909 159,82 65,91 24,16 25,14 5,34 0,8388 412  3 256000,0 1
41,47 5629 1912 158,1 64,61 24,11 25,14 5,34 0,9165 413  3 249451,890625 1
41,47 5557 1888 152,58 63,72 24,43 25,14 5,34 0,9759 414  3 248362,84375 1
42,44 5604 1904 150,48 63,83 24,22 25,14 5,34 1,025 415  3 244449,75 1
42,8 5379 1868 145,62 62,57 24,68 25,14 5,34 1,0863 415  3 244449,75 1
43,11 5471 1858 140,06 61,35 24,81 25,14 5,34 1,1631 415  3 241851,671875 1
43,38 5401 1835 140,77 61,23 25,13 25,14 5,34 1,2061 416  3 241168,15625 1
43,6 5480 1841 139,07 59,79 25,05 25,14 5,34 1,2867 416  3 240488,5 1
43,81 5454 1853 135,81 60,06 24,89 25,14 5,34 1,3236 416  3 238139,53125 1
43,87 5323 1808 135,03 59,49 25,5 25,14 5,34 1,3854 416  3 235510,578125 1
44,02 5456 1853 134,03 60,18 24,88 25,14 5,34 1,4229 416  3 236817,765625 1
44,12 5388 1830 131,87 59,57 25,19 25,14 5,34 1,4512 416  3 233896,75 1
44,12 5262 1788 129,88 58,97 25,79 25,14 5,34 1,4677 416  3 234700,890625 1
44,19 5174 1758 128,96 59,37 26,23 25,14 5,34 1,4892 416  3 234862,390625 1
44,18 5153 1751 128,61 59,69 26,34 25,14 5,34 1,5049 416  3 233736,59375 1
44,26 5308 1750 128,48 58,89 26,36 25,14 5,34 1,52 416  3 233098,109375 1
33,19 268 771 300,96 381,03 79,67 25,14 5,34 0,1659 400  2 333876,75 1
33,22 271 775 305,17 379,49 79,4 25,14 5,34 0,1805 400  2 321305,3125 1
34,02 1344 1082 264,64 238,85 46,48 25,14 5,34 0,2429 400  2 303857,5625 1
35,6 5077 1596 225,87 124,5 29,04 25,14 5,34 0,3245 400  2 291654,8125 1
37,06 5349 1817 197,74 85,39 25,38 25,14 5,34 0,4032 401  2 282015,96875 1
38,31 5473 1859 186,24 79,13 24,8 25,14 5,34 0,4896 403  2 274530,84375 1
39,3 5520 1875 174,88 73,63 24,59 25,14 5,34 0,661 408  2 265353,71875 1
40,16 5405 1864 169,35 69,32 24,73 25,14 5,34 0,7327 410  2 263510,03125 1
40,92 5653 1921 161,57 65,87 24,01 25,14 5,34 0,8072 411  2 254094,296875 1
40,92 5529 1878 155,87 64,5 24,55 25,14 5,34 0,8886 412  3 252030,515625 1
42,0 5609 1906 155,35 64,57 24,2 25,14 5,34 0,9376 413  3 247821,875 1
42,42 5538 1881 148,11 61,96 24,49 25,14 5,34 0,9975 414  3 246213,03125 1
42,84 5556 1888 143,86 60,98 24,43 25,14 5,34 1,0553 414  3 244274,8125 1
43,09 5484 1863 142,6 61,6 24,75 25,14 5,34 1,1136 414  3 242366,859375 1
43,32 5452 1852 143,18 61,83 24,89 25,14 5,34 1,1481 415  3 240488,5 1
43,57 5495 1866 136,32 59,69 24,7 25,14 5,34 1,2385 415  3 238805,96875 1
43,72 5384 1829 135,72 58,55 25,21 25,14 5,34 1,279 415  3 238305,796875 1
43,81 5275 1792 137,99 60,32 25,73 25,14 5,34 1,3071 415  3 236817,765625 1
43,94 5253 1785 132,95 60,85 25,84 25,14 5,34 1,3324 415  3 236817,765625 1
44,04 5299 1823 131,03 58,67 25,29 25,14 5,34 1,3588 415  3 235673,1875 1
44,14 5359 1820 128,65 59,23 25,33 25,14 5,34 1,3754 415  3 234700,890625 1
44,17 5312 1804 129,0 59,71 25,55 25,14 5,34 1,4035 415  3 235024,09375 1
44,14 5162 1754 130,81 58,99 26,3 25,14 5,34 1,4383 415  3 235186,03125 1
44,2 5263 1782 128,87 58,97 25,88 25,14 5,34 1,4873 415  3 233416,90625 1
33,14 244 745 296,91 383,62 81,63 25,14 5,34 0,1591 400  2 334859,375 1
33,22 253 755 296,91 382,71 80,86 25,14 5,34 0,1663 400  2 321305,3125 1
34,07 1148 1037 270,62 246,82 49,37 25,14 5,34 0,2253 400  2 306037,0625 1
35,69 5115 1738 214,33 101,72 26,55 25,14 5,34 0,3044 400  2 292655,03125 1
37,13 5416 1840 194,42 85,92 25,06 25,14 5,34 0,3891 401  2 281783,15625 1
38,38 5479 1861 182,93 79,19 24,78 25,14 5,34 0,4813 403  2 273650,46875 1
39,37 5576 1894 173,53 74,28 24,87 25,14 5,34 0,6549 408  2 267432,75 1
40,22 5521 1876 164,49 70,34 24,58 25,14 5,34 0,7271 410  2 261491,3125 1
40,22 5516 1874 164,32 67,72 24,61 25,14 5,34 0,7968 411  2 252777,09375 1
40,92 5449 1851 156,51 66,43 24,91 25,14 5,34 0,887 412  3 251844,5625 1
42,01 5534 1880 155,35 64,83 24,53 25,14 5,34 0,956 413  3 245858,34375 1
42,51 5530 1879 148,61 62,14 24,54 25,14 5,34 1,031 413  3 245328,21875 1
42,8 5556 1888 142,4 61,27 24,43 25,14 5,34 1,0997 414  3 243057,203125 1
43,13 5569 1892 142,74 60,79 24,37 25,14 5,34 1,1402 414  3 243057,203125 1
43,36 5474 1859 138,93 60,22 24,79 25,14 5,34 1,2386 415  3 239140,59375 1
43,58 5316 1872 138,18 60,44 24,63 25,14 5,34 1,2815 415  3 240827,84375 1
43,75 5441 1848 136,41 59,95 24,94 25,14 5,34 1,3261 415  3 237807,703125 1
43,91 5276 1792 136,14 60,36 25,72 25,14 5,34 1,3534 415  3 236325,875 1
44,01 5343 1815 133,31 60,26 25,4 25,14 5,34 1,3859 415  3 236982,1875 1
44,06 5294 1822 131,74 59,03 25,3 25,14 5,34 1,4224 415  3 235348,203125 1
44,17 5207 1769 129,7 59,81 26,07 25,14 5,34 1,4426 415  3 234217,75 1
44,18 5235 1779 134,4 59,65 25,93 25,14 5,34 1,4714 415  3 233736,59375 1
44,22 5212 1771 126,5 59,45 26,04 25,14 5,34 1,5213 415  3 234862,390625 1
44,18 5285 1817 126,67 59,25 25,37 25,14 5,34 1,5277 415  3 232146,90625 1
33,2 276 779 293,32 395,48 79,08 25,14 5,34 0,159 400  2 336842,09375 1
33,21 242 743 296,61 375,65 81,8 25,14 5,34 0,1663 400  2 321608,03125 1
34,16 3315 1530 224,73 137,11 30,4 25,14 5,34 0,2227 400  2 306586,8125 1
35,66 5175 1759 211,38 103,42 26,23 25,14 5,34 0,3075 400  2 291904,21875 1
37,2 5387 1830 200,71 89,57 25,2 25,14 5,34 0,3913 401  2 281550,71875 1
38,44 5579 1896 184,11 79,05 24,33 25,14 5,34 0,5613 406  2 274089,9375 1
38,44 5531 1879 176,01 75,34 24,54 25,14 5,34 0,6368 408  2 269119,59375 1
39,36 5398 1899 167,81 70,22 24,28 25,14 5,34 0,7067 410  2 258716,53125 1
40,17 5728 1947 160,64 67,15 23,69 25,14 5,34 0,7796 411  2 254663,015625 1
41,53 5527 1877 156,4 64,98 24,56 25,14 5,34 0,8529 412  3 250366,75 1
41,99 5508 1874 152,17 65,47 24,6 25,14 5,34 0,9117 413  3 247462,546875 1
42,47 5487 1864 147,56 62,89 24,73 25,14 5,34 0,9879 413  3 245328,21875 1
42,81 5562 1889 145,87 61,0 24,4 25,14 5,34 1,0476 414  3 243577,546875 1
43,08 5528 1878 140,49 60,4 24,55 25,14 5,34 1,1419 414  3 241851,671875 1
43,31 5519 1875 138,37 60,83 24,59 25,14 5,34 1,1781 414  3 240827,84375 1
43,53 5417 1796 137,85 59,41 25,68 25,14 5,34 1,222 415  3 238805,96875 1
43,69 5423 1842 137,11 60,42 25,03 25,14 5,34 1,2671 415  3 238639,015625 1
43,87 5494 1866 134,4 60,24 24,7 25,14 5,34 1,3185 415  3 237476,8125 1
43,97 5207 1769 133,99 59,79 26,07 25,14 5,34 1,3389 415  3 235999,078125 1
44,02 5274 1792 133,49 59,95 25,73 25,14 5,34 1,3575 415  3 234862,390625 1
44,08 5285 1795 131,43 59,73 25,68 25,14 5,34 1,4015 415  3 234862,390625 1
44,15 5258 1786 132,14 59,69 25,81 25,14 5,34 1,4303 415  3 233257,40625 1
44,13 5279 1762 129,22 59,41 26,17 25,14 5,34 1,4838 415  3 233098,109375 1
44,25 5228 1776 127,92 59,29 25,96 25,14 5,34 1,5059 415  3 232780,171875 1
33,13 243 744 293,52 376,16 81,72 25,14 5,34 0,159 400  2 334203,65625 1
33,19 915 771 301,37 383,23 79,64 25,14 5,34 0,1666 400  2 324667,09375 1
34,21 3084 1517 237,72 139,31 30,69 25,14 5,34 0,2205 400  2 307415,1875 1
35,79 4854 1675 213,61 104,55 27,59 25,14 5,34 0,2932 400  2 295185,9375 1
37,21 5306 1802 198,08 88,99 25,59 25,14 5,34 0,4586 403  2 282716,71875 1
37,21 5495 1867 190,45 81,0 24,7 25,14 5,34 0,5411 405  2 274530,84375 1
38,43 5405 1836 179,68 76,47 25,11 25,14 5,34 0,6376 408  2 262093,671875 1
39,39 5455 1862 169,29 71,3 24,76 25,14 5,34 0,7221 409  2 259898,484375 1
40,91 5525 1877 162,66 67,84 24,57 25,14 5,34 0,7895 410  2 254853,15625 1
41,58 5502 1869 158,48 66,07 24,67 25,14 5,34 0,862 411  3 250550,53125 1
42,02 5506 1868 148,21 62,69 24,68 25,14 5,34 0,9346 412  3 249087,8125 1
42,46 5579 1895 146,31 62,67 24,33 25,14 5,34 1,0053 412  3 246390,765625 1
42,81 5495 1866 147,76 61,98 24,7 25,14 5,34 1,0708 412  3 244274,8125 1
43,1 5454 1853 143,37 61,14 24,89 25,14 5,34 1,1884 413  3 242194,890625 1
43,36 5392 1871 140,54 60,83 24,63 25,14 5,34 1,2321 413  3 240488,5 1
43,59 5402 1835 139,16 60,55 25,12 25,14 5,34 1,2691 413  3 238139,53125 1
43,59 5319 1807 141,01 62,14 25,52 25,14 5,34 1,3156 413  3 236325,875 1
43,78 5380 1828 133,31 59,21 25,22 25,14 5,34 1,363 413  3 237146,828125 1
43,93 5422 1829 134,99 60,61 25,21 25,14 5,34 1,4073 413  3 235673,1875 1
44,01 5207 1769 130,32 59,93 26,07 25,14 5,34 1,421 413  3 235024,09375 1
44,06 5193 1765 131,38 60,2 26,14 25,14 5,34 1,4361 414  3 234539,625 1
44,17 5230 1777 130,28 59,05 25,95 25,14 5,34 1,47 414  3 235024,09375 1
44,16 5299 1800 129,7 59,79 25,59 25,14 5,34 1,4801 414  3 234217,75 1
44,18 5182 1761 129,05 59,11 26,19 25,14 5,34 1,4951 414  3 233736,59375 1
33,13 251 753 295,61 380,64 81,03 25,14 5,34 0,1684 400  2 332899,875 1
33,16 773 944 282,41 287,91 57,1 25,14 5,34 0,1694 400  2 324667,09375 1
34,24 2979 1485 241,77 144,25 31,4 25,14 5,34 0,2183 400  2 307692,3125 1
35,77 4917 1684 211,45 108,44 27,44 25,14 5,34 0,2946 400  2 294676,25 1
35,77 5205 1769 202,35 91,78 26,08 25,14 5,34 0,4637 403  2 282951,09375 1
37,2 5389 1830 187,26 81,08 25,19 25,14 5,34 0,5527 405  2 273870,03125 1
38,46 5525 1881 178,17 74,0 24,51 25,14 5,34 0,6219 407  2 261892,578125 1
39,42 5475 1860 170,56 71,39 24,79 25,14 5,34 0,695 409  2 259109,3125 1
40,98 5570 1892 163,88 67,52 24,37 25,14 5,34 0,7734 410  2 255043,59375 1
41,54 5528 1878 153,2 64,13 24,55 25,14 5,34 0,8347 411  3 250183,234375 1
42,08 5456 1855 147,66 65,01 24,85 25,14 5,34 0,902 411  3 249269,71875 1
42,44 5436 1846 147,46 62,84 24,97 25,14 5,34 0,9622 412  3 244274,8125 1
42,78 5482 1862 145,18 61,85 24,76 25,14 5,34 1,0839 412  3 244624,9375 1
43,11 5443 1849 140,3 61,48 24,94 25,14 5,34 1,1177 413  3 241509,4375 1
43,11 5383 1828 140,82 59,85 24,7 25,14 5,34 1,1716 413  3 240658,046875 1
43,32 5433 1846 138,51 60,61 24,98 25,14 5,34 1,2037 413  3 239140,59375 1
43,7 5426 1843 136,23 61,31 25,01 25,14 5,34 1,2326 413  3 237642,140625 1
43,82 5350 1825 135,81 59,65 25,27 25,14 5,34 1,274 413  3 237642,140625 1
43,92 5287 1797 132,23 59,29 25,66 25,14 5,34 1,3182 413  3 235999,078125 1
44,04 5326 1809 130,45 59,89 25,48 25,14 5,34 1,3419 413  3 236489,609375 1
44,08 5223 1774 131,69 59,89 25,99 25,14 5,34 1,4171 413  3 233576,640625 1
44,1 5156 1752 131,69 59,55 26,32 25,14 5,34 1,4413 413  3 234539,625 1
44,07 5262 1787 129,44 59,83 25,96 25,14 5,34 1,4528 413  3 233576,640625 1
44,2 5244 1781 128,65 59,35 25,88 25,14 5,34 1,4703 413  3 232780,171875 1
33,11 289 793 295,91 384,92 78,07 25,14 5,34 0,1735 400  2 332899,875 1
33,13 669 916 282,03 310,8 60,06 25,14 5,34 0,1724 400  2 326843,28125 1
33,13 2743 1460 237,48 151,45 32,0 25,14 5,34 0,2169 400  2 311057,09375 1
34,27 5090 1730 215,57 111,42 26,67 25,14 5,34 0,3749 401  2 295953,75 1
35,85 5203 1768 198,75 93,98 26,09 25,14 5,34 0,4558 402  2 284365,46875 1
37,24 5414 1839 189,1 82,97 25,07 25,14 5,34 0,5314 405  2 269971,0 1
38,54 5484 1863 179,01 75,6 24,7 25,14 5,34 0,6264 407  2 261691,796875 1
40,23 5600 1903 167,75 72,69 24,24 25,14 5,34 0,7079 408  2 258716,53125 1
40,98 5657 1901 167,01 68,9 24,25 25,14 5,34 0,7884 409  2 255616,578125 1
41,55 5636 1915 153,67 64,02 24,08 25,14 5,34 0,8609 410  3 250000,0 1
42,01 5607 1895 150,23 61,98 24,33 25,14 5,34 0,9405 411  3 248724,796875 1
42,45 5535 1880 148,91 63,21 24,52 25,14 5,34 1,0564 411  3 246746,984375 1
42,81 5509 1871 149,52 61,75 24,63 25,14 5,34 1,111 412  3 244624,9375 1
42,81 5575 1894 143,86 62,46 24,34 25,14 5,34 1,1567 412  3 240658,046875 1
43,1 5401 1834 142,36 61,02 25,13 25,14 5,34 1,2105 412  3 238639,015625 1
43,56 5478 1835 138,37 60,75 25,12 25,14 5,34 1,252 412  3 238305,796875 1
43,73 5498 1868 137,43 59,49 24,68 25,14 5,34 1,3099 412  3 238305,796875 1
43,86 5348 1817 132,86 60,3 25,38 25,14 5,34 1,3527 412  3 234700,890625 1
43,94 5330 1838 131,56 59,69 25,08 25,14 5,34 1,3905 412  3 235348,203125 1
44,03 5339 1813 132,77 58,85 25,42 25,14 5,34 1,4347 412  3 234378,578125 1
44,07 5285 1795 132,86 58,79 25,68 25,14 5,34 1,4865 412  3 233576,640625 1
44,1 5161 1754 129,48 58,89 26,3 25,14 5,34 1,5015 412  3 234539,625 1
44,11 5326 1755 128,57 59,03 26,29 25,14 5,34 1,5133 412  3 233576,640625 1
44,19 5272 1791 128,74 60,67 25,74 25,14 5,34 1,5214 412  3 232939,03125 1
33,08 265 768 292,82 370,48 79,91 25,14 5,34 0,1718 400  2 333550,5 1
33,08 496 865 288,98 336,18 66,41 25,14 5,34 0,1681 400  2 329048,84375 1
33,11 2538 1387 242,68 155,61 33,93 25,14 5,34 0,2848 400  2 311625,0625 1
34,29 4992 1698 215,79 114,17 27,2 25,14 5,34 0,3776 401  2 295697,375 1
35,85 5118 1739 201,19 93,66 26,53 25,14 5,34 0,4564 402  2 276308,6875 1
37,3 5412 1838 192,13 82,47 25,08 25,14 5,34 0,5339 405  2 270613,09375 1
39,46 5560 1889 180,66 76,11 24,41 25,14 5,34 0,6263 407  2 264531,125 1
40,25 5609 1906 168,21 72,1 24,2 25,14 5,34 0,7137 408  2 259109,3125 1
41,0 5628 1912 158,53 66,16 24,11 25,14 5,34 0,7909 409  2 255616,578125 1
41,56 5482 1862 156,67 65,4 24,76 25,14 5,34 0,8614 410  3 251103,484375 1
42,04 5430 1848 150,23 62,97 24,95 25,14 5,34 0,9302 410  3 248001,9375 1
42,42 5641 1917 146,02 62,17 24,06 25,14 5,34 1,0537 411  3 246746,984375 1
42,42 5545 1884 142,16 62,36 24,48 25,14 5,34 1,1026 411  3 243230,40625 1
42,79 5509 1871 142,11 62,12 24,63 25,14 5,34 1,1591 412  3 239140,59375 1
43,08 5548 1847 141,25 61,75 24,95 25,14 5,34 1,197 412  3 238973,15625 1
43,53 5457 1854 136,92 60,26 24,87 25,14 5,34 1,2335 412  3 238139,53125 1
43,65 5362 1821 134,99 61,33 25,31 25,14 5,34 1,2785 412  3 237642,140625 1
43,79 5450 1851 132,63 60,85 24,61 25,14 5,34 1,3231 412  3 237146,828125 1
43,88 5367 1840 133,35 59,17 25,05 25,14 5,34 1,3687 412  3 236325,875 1
43,94 5203 1768 133,58 59,45 26,08 25,14 5,34 1,4506 412  3 236325,875 1
44,08 5247 1783 128,7 59,57 25,86 25,14 5,34 1,4733 412  3 234217,75 1
44,1 5158 1753 129,09 59,21 26,31 25,14 5,34 1,4918 412  3 234539,625 1
44,1 5276 1813 128,26 60,24 25,43 25,14 5,34 1,4956 412  3 232780,171875 1
44,12 5247 1783 126,62 59,85 25,86 25,14 5,34 1,5245 412  3 234539,625 1
33,0 265 767 301,37 377,57 79,94 25,14 5,34 0,1638 400  2 332251,78125 1
33,05 479 860 289,77 343,2 67,15 25,14 5,34 0,1594 400  2 329366,34375 1
33,18 2821 1365 239,57 162,55 34,57 25,14 5,34 0,27 400  2 311057,09375 1
34,39 4715 1655 218,14 114,28 27,93 25,14 5,34 0,3512 401  2 296725,59375 1
35,93 5267 1789 205,45 95,35 25,78 25,14 5,34 0,4312 402  2 276532,53125 1
37,37 5334 1812 190,06 86,62 25,45 25,14 5,34 0,5211 404  2 269757,625 1
39,49 5473 1840 178,71 75,7 25,05 25,14 5,34 0,5994 408  2 263713,625 1
40,24 5632 1914 170,38 68,79 24,1 25,14 5,34 0,6822 410  2 259503,296875 1
41,0 5526 1877 159,45 65,91 24,56 25,14 5,34 0,7573 412  2 252777,09375 1
41,54 5506 1870 157,52 65,91 24,65 25,14 5,34 0,8512 414  2 250183,234375 1
41,54 5535 1870 154,51 63,68 24,65 25,14 5,34 0,9854 416  3 248543,6875 1
42,01 5470 1858 147,81 62,86 24,81 25,14 5,34 1,0645 416  3 246035,5625 1
42,45 5487 1864 145,47 62,06 24,73 25,14 5,34 1,1117 417  3 241168,15625 1
42,76 5463 1856 140,82 61,37 24,84 25,14 5,34 1,1674 417  3 239644,28125 1
43,32 5490 1831 139,82 60,32 25,18 25,14 5,34 1,2206 417  3 239644,28125 1
43,47 5422 1828 136,92 59,97 25,22 25,14 5,34 1,2627 417  3 238639,015625 1
43,64 5375 1826 137,29 60,34 25,25 25,14 5,34 1,2964 418  3 237146,828125 1
43,77 5223 1774 133,58 58,95 25,99 25,14 5,34 1,321 418  3 236489,609375 1
43,87 5276 1808 133,26 58,47 25,5 25,14 5,34 1,4013 418  3 233257,40625 1
43,98 5295 1799 130,81 60,06 25,63 25,14 5,34 1,4121 418  3 234862,390625 1
44,03 5338 1813 130,81 59,49 25,42 25,14 5,34 1,4396 418  3 233098,109375 1
44,03 5284 1795 131,56 60,1 25,68 25,14 5,34 1,4515 418  3 233896,75 1
44,08 5149 1750 129,48 58,79 26,45 25,14 5,34 1,4694 418  3 231517,0625 1
44,12 5180 1760 125,94 60,61 26,2 25,14 5,34 1,4769 418  3 231989,125 1
33,0 264 767 301,88 385,57 79,97 25,14 5,34 0,169 400  2 331928,6875 1
33,01 391 832 288,4 358,88 71,54 25,14 5,34 0,1986 400  2 331284,375 1
33,12 2034 1339 245,15 169,52 35,35 25,14 5,34 0,2676 400  2 314496,3125 1
34,45 4335 1601 222,23 118,74 28,93 25,14 5,34 0,3488 401  2 285554,9375 1
35,96 5157 1753 205,03 96,59 26,32 25,14 5,34 0,4335 402  2 276981,34375 1
38,56 5398 1833 191,29 84,76 25,15 25,14 5,34 0,5182 404  2 272123,3125 1
39,54 5485 1862 177,75 76,21 24,76 25,14 5,34 0,608 408  2 265353,71875 1
40,35 5592 1900 164,82 68,88 24,27 25,14 5,34 0,6801 410  2 260294,859375 1
41,02 5685 1932 163,16 66,25 23,87 25,14 5,34 0,7533 412  2 254853,15625 1
41,02 5480 1861 154,61 65,69 24,77 25,14 5,34 0,8999 415  3 250734,578125 1
41,55 5628 1876 153,2 63,89 24,58 25,14 5,34 0,9677 415  3 248001,9375 1
42,06 5459 1854 147,86 62,17 24,86 25,14 5,34 1,0374 416  3 244274,8125 1
42,5 5530 1878 148,11 62,57 24,54 25,14 5,34 1,0861 416  3 244624,9375 1
43,06 5441 1848 144,74 61,68 24,94 25,14 5,34 1,1281 417  3 239981,25 1
43,36 5513 1847 139,49 62,19 24,95 25,14 5,34 1,1558 417  3 238639,015625 1
43,53 5457 1854 142,45 60,18 24,87 25,14 5,34 1,1947 417  3 237642,140625 1
43,64 5433 1845 136,64 60,65 24,98 25,14 5,34 1,2567 417  3 235348,203125 1
43,79 5317 1806 135,49 58,67 24,73 25,14 5,34 1,3119 417  3 236817,765625 1
43,89 5393 1832 133,63 59,83 25,17 25,14 5,34 1,4031 418  3 235186,03125 1
43,96 5189 1763 130,89 60,1 26,16 25,14 5,34 1,4405 418  3 234539,625 1
43,96 5336 1813 134,62 59,61 25,43 25,14 5,34 1,4492 418  3 234217,75 1
44,04 5284 1795 130,94 59,35 25,68 25,14 5,34 1,4726 418  3 233416,90625 1
44,11 5342 1811 127,74 59,13 25,45 25,14 5,34 1,4985 418  3 234378,578125 1
44,11 5222 1774 128,13 60,36 25,99 25,14 5,34 1,4927 418  3 232780,171875 1
33,0 266 769 302,08 373,62 79,8 25,14 5,34 0,1668 400  2 334203,65625 1
32,97 362 822 293,52 364,75 73,23 25,14 5,34 0,1933 400  2 329684,46875 1
33,14 1728 1277 248,66 178,23 37,43 25,14 5,34 0,2643 400  2 298542,28125 1
34,41 4331 1601 226,33 122,45 28,94 25,14 5,34 0,3522 400  2 287721,28125 1
37,36 5282 1794 206,08 97,97 25,7 25,14 5,34 0,431 402  2 278109,71875 1
38,57 5368 1824 191,62 86,26 25,28 25,14 5,34 0,5134 404  2 269971,0 1
39,51 5524 1877 171,42 72,37 24,57 25,14 5,34 0,584 407  2 262901,15625 1
40,34 5588 1898 164,43 70,15 24,29 25,14 5,34 0,6577 410  2 259700,734375 1
40,34 5565 1891 161,4 68,25 24,39 25,14 5,34 0,7304 411  2 253905,28125 1
40,99 5612 1898 157,09 66,41 24,29 25,14 5,34 0,8649 414  3 251473,484375 1
41,57 5513 1873 149,67 64,48 24,62 25,14 5,34 0,9411 414  3 248906,171875 1
42,03 5433 1846 150,99 62,48 24,98 25,14 5,34 1,0071 415  3 242194,890625 1
42,45 5408 1837 146,76 62,52 25,1 25,14 5,34 1,0764 415  3 242366,859375 1
43,04 5433 1846 145,47 60,85 24,98 25,14 5,34 1,1354 416  3 238472,28125 1
43,28 5299 1800 140,06 61,35 25,61 25,14 5,34 1,1827 416  3 237476,8125 1
43,45 5340 1814 138,27 61,16 25,41 25,14 5,34 1,2235 416  3 237311,703125 1
43,63 5362 1821 134,9 60,57 25,31 25,14 5,34 1,2593 416  3 236817,765625 1
43,71 5494 1802 134,9 59,05 25,58 25,14 5,34 1,3302 417  3 236162,359375 1
43,71 5285 1795 132,99 60,67 25,68 25,14 5,34 1,3563 417  3 233736,59375 1
43,86 5249 1783 130,45 59,05 25,86 25,14 5,34 1,3804 417  3 235510,578125 1
43,9 5233 1778 133,08 60,18 25,93 25,14 5,34 1,4051 417  3 234217,75 1
44,01 5258 1786 129,57 60,26 25,81 25,14 5,34 1,4373 417  3 233257,40625 1
44,03 5257 1807 126,92 59,95 25,52 25,14 5,34 1,4609 417  3 231203,4375 1
44,03 5217 1772 127,87 61,43 26,01 25,14 5,34 1,4997 417  3 231517,0625 1
32,92 244 745 297,01 385,31 81,63 25,14 5,34 0,166 400  2 329366,34375 1
32,89 279 831 289,57 345,88 71,71 25,14 5,34 0,1943 400  2 330322,59375 1
33,09 2165 1248 251,2 189,55 38,5 25,14 5,34 0,2645 400  2 299065,40625 1
34,42 4183 1579 223,36 123,99 29,36 25,14 5,34 0,3464 400  2 286754,40625 1
37,4 5057 1720 203,86 99,17 26,85 25,14 5,34 0,4326 402  2 276981,34375 1
38,55 5307 1803 182,69 77,94 25,58 25,14 5,34 0,5173 404  2 271258,28125 1
38,55 5472 1859 174,17 72,1 24,8 25,14 5,34 0,5948 407  2 265560,15625 1
39,53 5528 1878 169,23 70,96 24,55 25,14 5,34 0,681 410  2 261691,796875 1
40,27 5524 1877 161,46 66,47 24,57 25,14 5,34 0,8402 413  2 253716,546875 1
40,92 5412 1862 154,82 64,37 24,76 25,14 5,34 0,9093 414  3 251288,34375 1
41,49 5498 1868 151,2 62,61 24,68 25,14 5,34 0,9817 415  3 247104,25 1
41,96 5556 1887 153,2 63,31 24,43 25,14 5,34 1,0414 415  3 243751,484375 1
42,68 5419 1841 144,88 62,86 25,05 25,14 5,34 1,0993 416  3 242711,546875 1
43,01 5384 1882 142,74 62,14 24,49 25,14 5,34 1,1513 416  3 240488,5 1
43,24 5380 1827 140,11 61,23 25,22 25,14 5,34 1,2123 416  3 239140,59375 1
43,4 5249 1783 136,41 59,89 25,86 25,14 5,34 1,2603 417  3 237311,703125 1
43,56 5356 1819 137,11 60,22 25,34 25,14 5,34 1,3293 417  3 235836,015625 1
43,56 5497 1823 134,99 60,18 25,28 25,14 5,34 1,3739 417  3 235186,03125 1
43,67 5214 1771 136,97 60,42 26,03 25,14 5,34 1,387 417  3 233257,40625 1
43,78 5182 1761 133,99 60,38 26,19 25,14 5,34 1,4096 417  3 234217,75 1
43,9 5331 1811 133,26 60,34 25,46 25,14 5,34 1,4222 417  3 232621,53125 1
43,96 5189 1763 129,27 59,03 26,16 25,14 5,34 1,4379 417  3 231989,125 1
44,0 5266 1789 129,22 59,33 25,77 25,14 5,34 1,4434 417  3 230890,640625 1
44,02 5234 1778 131,74 59,35 25,93 25,14 5,34 1,4656 417  3 233257,40625 1
32,85 234 734 299,84 382,06 82,5 25,14 5,34 0,1666 400  2 330322,59375 1
32,88 270 832 289,18 354,53 71,42 25,14 5,34 0,19 400  2 317420,96875 1
33,08 1885 1195 257,83 203,44 40,69 25,14 5,34 0,2576 400  2 301975,8125 1
36,0 4352 1604 225,26 129,84 28,88 25,14 5,34 0,3345 400  2 288450,71875 1
37,43 5341 1765 209,6 102,03 26,14 25,14 5,34 0,418 402  2 278109,71875 1
37,43 5406 1853 178,17 79,89 24,88 25,14 5,34 0,5053 404  2 271042,875 1
38,58 5447 1850 172,3 72,2 24,92 25,14 5,34 0,5831 407  2 263917,53125 1
39,48 5609 1906 170,79 70,03 24,2 25,14 5,34 0,731 411  2 259898,484375 1
40,3 5541 1882 160,75 68,11 24,49 25,14 5,34 0,7983 412  2 254663,015625 1
40,93 5646 1863 154,61 65,34 24,75 25,14 5,34 0,8754 413  3 248362,84375 1
41,51 5502 1869 153,41 64,79 24,67 25,14 5,34 0,941 414  3 245328,21875 1
42,37 5656 1922 149,72 63,42 23,99 25,14 5,34 1,0099 414  3 243925,671875 1
42,72 5578 1895 144,44 62,61 24,33 25,14 5,34 1,0665 415  3 241509,4375 1
42,98 5331 1811 143,37 61,79 25,46 25,14 5,34 1,1172 415  3 239476,140625 1
43,2 5466 1857 138,79 61,29 24,83 25,14 5,34 1,1651 415  3 239476,140625 1
43,2 5344 1815 138,04 60,61 25,4 25,14 5,34 1,2116 416  3 238305,796875 1
43,36 5466 1857 141,4 60,38 24,83 25,14 5,34 1,2891 416  3 236489,609375 1
43,5 5311 1843 134,67 60,67 25,01 25,14 5,34 1,3214 416  3 235348,203125 1
43,68 5258 1786 131,16 59,43 25,81 25,14 5,34 1,363 416  3 233416,90625 1
43,75 5358 1820 134,85 59,27 25,33 25,14 5,34 1,397 416  3 232621,53125 1
43,87 5263 1788 130,58 60,5 25,79 25,14 5,34 1,4281 416  3 232621,53125 1
43,95 5347 1816 130,63 59,37 25,38 25,14 5,34 1,4628 416  3 232146,90625 1
43,99 5309 1803 129,0 58,61 25,56 25,14 5,34 1,4915 416  3 231360,140625 1
43,97 5135 1745 128,09 60,0 26,43 25,14 5,34 1,5079 416  3 229957,328125 1
32,84 245 746 298,12 376,54 81,58 25,14 5,34 0,1713 400  2 330322,59375 1
32,82 290 794 291,73 367,98 77,96 25,14 5,34 0,1932 400  2 315368,03125 1
33,09 1697 1157 251,54 211,73 42,42 25,14 5,34 0,2573 400  2 300910,96875 1
36,04 3891 1536 230,12 130,89 30,26 25,14 5,34 0,3409 400  2 288207,15625 1
36,04 5298 1811 191,42 85,34 25,46 25,14 5,34 0,4351 402  2 279475,96875 1
37,48 5397 1833 181,88 79,05 25,15 25,14 5,34 0,5205 404  2 270827,8125 1
38,58 5394 1832 175,77 74,25 25,17 25,14 5,34 0,5958 407  2 265766,9375 1
39,51 5457 1854 172,82 70,2 24,87 25,14 5,34 0,735 411  2 259898,484375 1
40,29 5533 1880 160,1 68,3 24,29 25,14 5,34 0,8083 413  2 254094,296875 1
40,91 5580 1896 156,72 65,29 24,32 25,14 5,34 0,8804 414  3 247283,265625 1
41,47 5422 1842 155,19 64,04 25,03 25,14 5,34 0,9455 414  3 246035,5625 1
42,39 5608 1905 149,52 63,79 24,2 25,14 5,34 1,0101 415  3 244274,8125 1
42,66 5531 1818 143,18 63,31 25,35 25,14 5,34 1,0627 415  3 240997,875 1
42,96 5520 1875 143,13 61,12 24,58 25,14 5,34 1,1211 416  3 239140,59375 1
42,96 5433 1845 138,83 60,36 24,98 25,14 5,34 1,193 416  3 239981,25 1
43,19 5400 1834 139,4 61,52 25,13 25,14 5,34 1,2769 416  3 238805,96875 1
43,39 5436 1847 137,06 59,93 24,96 25,14 5,34 1,2997 416  3 235673,1875 1
43,55 5244 1809 137,43 60,34 25,48 25,14 5,34 1,3236 416  3 234539,625 1
43,66 5376 1826 133,76 59,67 25,24 25,14 5,34 1,3453 417  3 235673,1875 1
43,81 5322 1808 134,81 59,95 25,5 25,14 5,34 1,3685 417  3 233098,109375 1
43,91 5257 1811 129,31 60,32 25,46 25,14 5,34 1,407 417  3 232780,171875 1
43,96 5293 1798 130,06 61,48 25,64 25,14 5,34 1,4284 417  3 231831,5625 1
44,0 5175 1758 127,01 59,41 26,23 25,14 5,34 1,4321 417  3 232304,90625 1
43,98 5202 1768 129,53 60,08 26,08 25,14 5,34 1,46 417  3 232146,90625 1
32,84 261 764 292,92 378,33 78,94 25,14 5,34 0,1722 400  2 329048,84375 1
32,8 277 780 299,54 381,68 78,97 25,14 5,34 0,191 400  2 317126,03125 1
33,06 1457 1107 258,44 224,27 45,04 25,14 5,34 0,2515 400  2 301708,90625 1
34,55 4931 1686 208,68 105,87 27,41 25,14 5,34 0,3267 400  2 288694,65625 1
36,06 5397 1794 190,84 88,99 25,71 25,14 5,34 0,419 401  2 278791,1875 1
37,47 5459 1854 182,75 80,26 24,86 25,14 5,34 0,5061 403  2 271258,28125 1
38,59 5481 1862 176,91 73,5 24,76 25,14 5,34 0,6877 409  2 264121,75 1
39,53 5430 1844 166,45 70,84 25,0 25,14 5,34 0,7591 411  2 260493,515625 1
40,29 5502 1869 162,5 67,27 24,67 25,14 5,34 0,828 412  2 251103,484375 1
40,94 5558 1909 155,35 66,25 24,15 25,14 5,34 0,9049 413  3 248001,9375 1
41,96 5511 1872 151,14 64,76 24,63 25,14 5,34 0,9742 414  3 246390,765625 1
42,35 5357 1867 148,91 63,68 24,68 25,14 5,34 1,0359 414  3 244100,125 1
42,69 5516 1858 144,0 63,66 24,81 25,14 5,34 1,0835 415  3 241509,4375 1
42,69 5531 1879 139,82 62,0 24,53 25,14 5,34 1,1286 415  3 239140,59375 1
43,0 5360 1821 139,07 61,31 25,32 25,14 5,34 1,2248 416  3 237642,140625 1
43,2 5505 1870 136,09 61,16 24,65 25,14 5,34 1,2672 416  3 237642,140625 1
43,39 5371 1824 136,5 60,04 25,27 25,14 5,34 1,291 416  3 236162,359375 1
43,56 5429 1822 133,9 60,1 25,29 25,14 5,34 1,3222 416  3 235186,03125 1
43,75 5203 1768 133,13 59,85 26,08 25,14 5,34 1,3447 416  3 234539,625 1
43,84 5217 1773 131,83 59,47 26,01 25,14 5,34 1,3682 416  3 232780,171875 1
43,94 5208 1786 133,99 59,45 25,81 25,14 5,34 1,3764 416  3 232146,90625 1
43,96 5316 1806 129,13 59,63 25,53 25,14 5,34 1,3956 416  3 230734,5625 1
43,95 5370 1824 129,7 58,95 25,27 25,14 5,34 1,4282 416  3 231517,0625 1
43,96 5311 1804 128,05 59,49 25,55 25,14 5,34 1,4507 416  3 231203,4375 1
32,71 272 775 303,11 376,29 79,35 25,14 5,34 0,1706 400  2 330963,15625 1
32,74 271 769 302,6 376,8 79,78 25,14 5,34 0,179 400  2 320400,5 1
33,05 3607 1065 265,54 232,78 47,5 25,14 5,34 0,2388 400  2 304399,53125 1
34,53 5001 1701 211,88 107,6 27,15 25,14 5,34 0,312 400  2 289920,71875 1
36,09 5307 1799 194,62 88,96 25,63 25,14 5,34 0,3961 401  2 279705,0 1
37,37 5426 1843 182,81 79,29 25,01 25,14 5,34 0,5616 406  2 271906,53125 1
38,57 5576 1894 174,59 75,42 24,34 25,14 5,34 0,6346 408  2 264121,75 1
39,42 5494 1866 168,66 69,63 24,7 25,14 5,34 0,7192 409  2 260096,515625 1
40,22 5483 1866 161,29 67,72 24,7 25,14 5,34 0,7993 410  2 250366,75 1
40,81 5479 1861 157,89 65,8 24,77 25,14 5,34 0,8692 411  3 247283,265625 1
41,91 5393 1832 156,88 63,89 25,17 25,14 5,34 0,9278 412  3 244976,078125 1
42,27 5444 1849 147,76 62,02 24,83 25,14 5,34 0,9885 413  3 245504,671875 1
42,27 5413 1839 146,66 62,8 25,07 25,14 5,34 1,0451 413  3 241509,4375 1
42,6 5466 1857 141,01 62,12 24,83 25,14 5,34 1,0922 413  3 240319,171875 1
42,87 5374 1826 141,78 62,02 25,25 25,14 5,34 1,2034 414  3 238305,796875 1
43,08 5422 1842 137,43 60,65 25,03 25,14 5,34 1,2413 414  3 236325,875 1
43,27 5185 1850 136,64 60,12 24,91 25,14 5,34 1,2908 414  3 235024,09375 1
43,46 5429 1844 135,63 60,77 25,0 25,14 5,34 1,3326 414  3 234378,578125 1
43,66 5318 1807 132,41 60,67 25,52 25,14 5,34 1,3633 414  3 234217,75 1
43,75 5257 1786 132,95 61,29 25,81 25,14 5,34 1,3979 414  3 232780,171875 1
43,82 5347 1786 131,61 59,39 25,81 25,14 5,34 1,4327 414  3 232463,109375 1
43,82 5320 1807 128,57 60,22 25,51 25,14 5,34 1,4618 414  3 232146,90625 1
43,82 5245 1782 129,66 59,91 25,87 25,14 5,34 1,5003 414  3 231831,5625 1
43,89 5069 1723 128,44 60,57 26,77 25,14 5,34 1,52 414  3 231203,4375 1
32,59 295 798 293,42 375,91 77,65 25,14 5,34 0,1725 400  2 330963,15625 1
32,57 280 783 303,93 375,27 78,73 25,14 5,34 0,1824 400  2 321608,03125 1
32,95 3607 1492 234,6 145,47 31,23 25,14 5,34 0,2367 400  2 303857,5625 1
34,44 5055 1719 215,79 108,48 26,85 25,14 5,34 0,313 400  2 291405,8125 1
35,99 5216 1768 192,92 89,42 26,08 25,14 5,34 0,3908 401  2 282716,71875 1
37,33 5259 1786 187,7 81,22 25,81 25,14 5,34 0,5602 406  2 271690,09375 1
38,52 5535 1880 176,13 74,86 24,52 25,14 5,34 0,6337 408  2 265353,71875 1
39,4 5505 1870 171,71 71,18 24,65 25,14 5,34 0,7059 409  2 255616,578125 1
40,18 5656 1867 162,55 68,25 24,68 25,14 5,34 0,7811 411  2 252777,09375 1
41,42 5650 1920 157,09 66,38 24,02 25,14 5,34 0,8444 411  3 248906,171875 1
41,42 5540 1882 154,14 63,25 24,49 25,14 5,34 0,914 412  3 247283,265625 1
41,88 5572 1893 146,41 62,31 24,35 25,14 5,34 0,9738 413  3 243403,84375 1
42,29 5400 1872 143,76 61,5 24,63 25,14 5,34 1,0467 413  3 241338,671875 1
42,61 5447 1850 142,69 61,35 24,91 25,14 5,34 1,1416 413  3 240319,171875 1
42,89 5536 1881 139,07 61,0 24,51 25,14 5,34 1,2018 414  3 240658,046875 1
43,1 5497 1867 138,88 61,43 24,68 25,14 5,34 1,2421 414  3 236817,765625 1
43,27 5462 1855 138,79 60,2 25,05 25,14 5,34 1,2951 414  3 236162,359375 1
43,6 5392 1805 136,69 60,18 25,54 25,14 5,34 1,3241 414  3 234862,390625 1
43,74 5439 1794 134,62 59,75 25,7 25,14 5,34 1,3682 414  3 232621,53125 1
43,74 5385 1829 132,36 59,41 25,2 25,14 5,34 1,3898 414  3 232780,171875 1
43,85 5359 1784 128,83 59,45 25,85 25,14 5,34 1,4243 414  3 232304,90625 1
43,85 5435 1846 130,19 60,06 24,96 25,14 5,34 1,4551 414  3 231046,9375 1
43,89 5336 1812 128,05 58,55 25,43 25,14 5,34 1,4787 414  3 230112,359375 1
43,92 5326 1809 127,01 59,75 25,47 25,14 5,34 1,4874 414  3 229802,515625 1
32,59 368 815 286,74 372,36 74,53 25,14 5,34 0,2287 400  2 326218,53125 1
32,56 1001 1002 274,49 266,89 51,96 25,14 5,34 0,2354 400  2 320100,03125 1
33,07 3513 1478 235,4 151,4 31,57 25,14 5,34 0,2878 400  2 302243,21875 1
34,58 5012 1705 216,44 111,72 27,08 25,14 5,34 0,3668 400  2 289674,6875 1
36,13 5246 1833 197,21 90,51 25,15 25,14 5,34 0,5397 403  2 280855,71875 1
37,45 5555 1887 182,87 81,03 24,43 25,14 5,34 0,6114 405  2 270398,71875 1
38,63 5642 1917 176,79 75,75 24,05 25,14 5,34 0,6964 407  2 258912,765625 1
39,54 5503 1869 172,94 72,39 24,66 25,14 5,34 0,7696 409  2 255043,59375 1
40,92 5573 1893 165,49 68,67 24,07 25,14 5,34 0,843 410  3 250366,75 1
40,92 5540 1949 156,72 66,5 23,66 25,14 5,34 0,9314 411  3 245858,34375 1
41,49 5551 1886 153,88 63,46 24,44 25,14 5,34 1,0087 411  3 245152,015625 1
41,95 5539 1882 146,41 61,58 24,49 25,14 5,34 1,0583 412  3 243230,40625 1
42,33 5592 1911 144,88 60,94 24,11 25,14 5,34 1,1684 412  3 241168,15625 1
42,66 5535 1880 142,69 62,31 24,51 25,14 5,34 1,2073 413  3 237311,703125 1
42,97 5467 1857 139,73 60,5 24,82 25,14 5,34 1,2433 413  3 236162,359375 1
43,14 5539 1882 139,02 59,75 24,49 25,14 5,34 1,2887 413  3 236162,359375 1
43,49 5526 1877 137,71 59,81 25,0 25,14 5,34 1,3379 413  3 232939,03125 1
43,62 5370 1824 134,21 60,4 25,27 25,14 5,34 1,3733 413  3 232621,53125 1
43,72 5382 1828 133,22 59,57 25,21 25,14 5,34 1,4058 413  3 232146,90625 1
43,79 5531 1795 133,13 60,1 25,68 25,14 5,34 1,4302 413  3 231360,140625 1
43,79 5457 1854 129,92 59,21 24,86 25,14 5,34 1,4604 413  3 231989,125 1
43,87 5378 1827 129,97 59,31 25,22 25,14 5,34 1,5046 413  3 229802,515625 1
43,87 5320 1807 129,31 59,57 25,5 25,14 5,34 1,5108 413  3 230890,640625 1
43,92 5217 1773 128,35 59,19 26,01 25,14 5,34 1,5287 413  3 229647,90625 1
32,54 307 810 290,55 378,33 75,42 25,14 5,34 0,2022 400  2 328415,65625 1
32,57 965 993 279,08 279,27 52,65 25,14 5,34 0,2019 400  2 321305,3125 1
33,0 3383 1457 242,59 158,8 32,07 25,14 5,34 0,2475 400  2 305489,25 1
34,6 4688 1652 220,88 114,24 27,99 25,14 5,34 0,4053 401  2 291654,8125 1
36,11 5340 1784 200,1 92,18 25,85 25,14 5,34 0,4876 402  2 281550,71875 1
37,47 5465 1856 186,24 82,55 24,83 25,14 5,34 0,5711 405  2 265353,71875 1
38,6 5425 1843 178,71 76,84 25,01 25,14 5,34 0,6552 407  2 260096,515625 1
39,49 5662 1924 169,75 71,76 23,96 25,14 5,34 0,7492 408  2 255234,296875 1
40,31 5554 1915 162,72 67,36 24,07 25,14 5,34 0,8189 409  2 250734,578125 1
40,92 5493 1866 156,51 65,29 24,7 25,14 5,34 0,8911 410  3 248543,6875 1
41,52 5650 1920 150,43 64,46 24,01 25,14 5,34 0,9717 410  3 244800,375 1
41,93 5539 1882 148,26 63,01 24,49 25,14 5,34 1,0266 411  3 240827,84375 1
42,32 5563 1890 143,86 61,58 24,39 25,14 5,34 1,1376 411  3 241680,4375 1
42,68 5459 1854 141,78 61,52 24,85 25,14 5,34 1,1747 411  3 238805,96875 1
42,93 5585 1898 143,37 60,75 24,29 25,14 5,34 1,2402 412  3 236162,359375 1
43,14 5542 1883 139,82 61,14 24,48 25,14 5,34 1,2769 412  3 235348,203125 1
43,5 5407 1867 137,62 60,92 24,68 25,14 5,34 1,3203 412  3 233736,59375 1
43,64 5365 1822 133,58 59,57 25,28 25,14 5,34 1,3433 412  3 233257,40625 1
43,64 5391 1831 133,22 60,36 25,17 25,14 5,34 1,3723 412  3 231989,125 1
43,75 5360 1847 132,86 59,95 24,95 25,14 5,34 1,4025 412  3 232304,90625 1
43,8 5259 1787 128,65 60,2 25,79 25,14 5,34 1,4655 412  3 231517,0625 1
43,9 5381 1828 130,81 61,08 25,21 25,14 5,34 1,4889 412  3 231046,9375 1
43,87 5231 1777 128,87 58,97 25,93 25,14 5,34 1,5166 412  3 228877,96875 1
43,9 5336 1813 129,48 59,19 25,42 25,14 5,34 1,5273 412  3 229802,515625 1
32,54 305 803 299,23 383,1 76,89 25,14 5,34 0,1958 400  2 329048,84375 1
32,56 707 926 288,2 303,72 58,91 25,14 5,34 0,1923 400  2 323130,3125 1
33,18 2937 1385 248,83 164,82 33,99 25,14 5,34 0,2317 400  2 306037,0625 1
34,67 4888 1712 215,93 109,81 26,96 25,14 5,34 0,3933 401  2 292404,34375 1
36,22 5246 1782 208,11 91,4 25,86 25,14 5,34 0,4856 402  2 281087,03125 1
37,59 5401 1834 185,93 81,77 25,12 25,14 5,34 0,5749 405  2 264531,125 1
38,65 5401 1834 179,68 76,52 25,12 25,14 5,34 0,6523 407  2 259503,296875 1
39,56 5591 1900 170,67 73,11 24,26 25,14 5,34 0,7269 408  2 255808,140625 1
40,3 5587 1898 163,05 66,47 24,28 25,14 5,34 0,8134 409  2 253152,046875 1
40,96 5679 1930 155,35 65,31 23,89 25,14 5,34 0,88 410  3 246925,484375 1
41,49 5659 1923 151,55 64,13 23,97 25,14 5,34 0,9449 410  3 244100,125 1
41,99 5597 1868 146,91 62,82 24,67 25,14 5,34 1,0669 411  3 242884,25 1
42,33 5629 1912 148,51 61,89 24,1 25,14 5,34 1,1244 411  3 239308,25 1
42,65 5449 1851 146,91 61,33 24,89 25,14 5,34 1,1721 412  3 237807,703125 1
42,96 5557 1888 141,59 61,81 24,41 25,14 5,34 1,2255 412  3 235348,203125 1
43,35 5549 1885 141,63 61,14 24,44 25,14 5,34 1,2836 412  3 234700,890625 1
43,53 5456 1847 135,4 60,44 24,95 25,14 5,34 1,322 412  3 234217,75 1
43,53 5573 1893 137,8 60,16 24,34 25,14 5,34 1,3417 412  3 232463,109375 1
43,6 5469 1858 134,99 60,08 24,8 25,14 5,34 1,3739 412  3 231674,203125 1
43,7 5359 1835 132,05 59,55 25,11 25,14 5,34 1,4241 412  3 232463,109375 1
43,83 5350 1817 130,85 59,17 25,35 25,14 5,34 1,4558 412  3 231989,125 1
43,85 5491 1865 128,74 60,1 24,7 25,14 5,34 1,4888 412  3 229185,3125 1
43,89 5323 1808 127,05 59,39 25,48 25,14 5,34 1,5094 412  3 230423,046875 1
43,9 5296 1799 129,75 59,85 25,61 25,14 5,34 1,5319 412  3 229339,3125 1
32,52 319 808 294,91 379,36 75,91 25,14 5,34 0,1913 400  2 328731,9375 1
32,52 637 906 281,84 314,39 61,06 25,14 5,34 0,1874 400  2 323743,28125 1
33,03 2701 1345 249,08 174,17 35,17 25,14 5,34 0,3036 400  2 307415,1875 1
34,69 4497 1688 220,14 112,36 27,35 25,14 5,34 0,3867 401  2 293662,1875 1
36,23 5437 1847 198,75 94,71 24,95 25,14 5,34 0,4696 402  2 272775,71875 1
37,55 5546 1884 196,08 84,62 24,46 25,14 5,34 0,5529 404  2 266597,25 1
38,69 5656 1922 182,56 77,04 23,98 25,14 5,34 0,6485 406  2 260096,515625 1
39,59 5636 1888 173,64 72,93 24,41 25,14 5,34 0,7286 408  2 255425,296875 1
40,33 5661 1924 161,18 67,33 23,96 25,14 5,34 0,8027 409  2 251288,34375 1
40,99 5705 1939 153,62 65,62 23,77 25,14 5,34 0,8803 409  3 245681,375 1
41,53 5570 1892 155,5 64,59 24,35 25,14 5,34 1,0202 410  3 244449,75 1
41,98 5665 1905 148,71 62,61 24,2 25,14 5,34 1,0662 411  3 243403,84375 1
42,34 5649 1920 146,21 62,61 24,01 25,14 5,34 1,1237 411  3 238639,015625 1
42,69 5566 1891 141,63 60,71 24,37 25,14 5,34 1,1783 411  3 236489,609375 1
43,18 5570 1892 141,92 61,1 24,35 25,14 5,34 1,2323 411  3 236162,359375 1
43,18 5398 1833 136,69 62,57 25,13 25,14 5,34 1,2733 411  3 233416,90625 1
43,34 5443 1849 135,58 59,69 24,92 25,14 5,34 1,3079 411  3 233257,40625 1
43,54 5357 1820 133,63 59,79 25,32 25,14 5,34 1,3522 411  3 231517,0625 1
43,65 5419 1841 131,29 59,11 25,03 25,14 5,34 1,3805 411  3 232463,109375 1
43,74 5364 1810 136,27 59,21 25,46 25,14 5,34 1,4232 412  3 231360,140625 1
43,82 5445 1849 131,92 59,39 24,91 25,14 5,34 1,4577 412  3 230423,046875 1
43,84 5393 1832 128,35 60,18 25,15 25,14 5,34 1,4887 412  3 229957,328125 1
43,87 5419 1841 129,75 59,39 25,03 25,14 5,34 1,5086 412  3 229185,3125 1
43,9 5328 1836 127,83 59,35 25,09 25,14 5,34 1,5265 412  3 228724,59375 1
32,39 292 795 292,62 377,95 77,83 25,14 5,34 0,185 400  2 327784,90625 1
32,38 455 852 290,85 335,39 68,21 25,14 5,34 0,2142 400  2 327784,90625 1
33,08 2399 1291 250,1 180,47 36,91 25,14 5,34 0,2862 400  2 308805,78125 1
34,62 4629 1692 217,47 115,33 27,28 25,14 5,34 0,3632 401  2 283185,84375 1
34,62 5221 1774 201,59 95,78 25,99 25,14 5,34 0,4408 402  2 273870,03125 1
37,52 5437 1847 195,08 84,53 24,95 25,14 5,34 0,5253 404  2 265560,15625 1
38,64 5546 1884 178,59 80,43 24,46 25,14 5,34 0,6109 407  2 260096,515625 1
39,51 5632 1914 167,92 69,23 24,08 25,14 5,34 0,7023 410  2 256770,3125 1
40,32 5672 1928 158,1 66,65 23,91 25,14 5,34 0,7783 411  2 251288,34375 1
40,89 5617 1908 155,03 65,58 24,15 25,14 5,34 0,8519 413  3 247104,25 1
41,45 5456 1853 153,78 64,35 24,86 25,14 5,34 0,9814 414  3 245152,015625 1
41,93 5693 1893 151,55 62,57 24,34 25,14 5,34 1,0302 415  3 242539,078125 1
42,3 5641 1917 143,08 62,31 24,04 25,14 5,34 1,0945 415  3 238139,53125 1
42,63 5469 1858 144,0 61,54 24,8 25,14 5,34 1,1591 416  3 237476,8125 1
42,93 5521 1875 138,51 60,34 24,57 25,14 5,34 1,1969 416  3 236325,875 1
43,15 5524 1877 136,14 60,67 24,55 25,14 5,34 1,2611 416  3 234539,625 1
43,34 5513 1873 138,37 60,77 24,6 25,14 5,34 1,3182 416  3 232621,53125 1
43,46 5515 1873 133,08 60,1 24,59 25,14 5,34 1,351 416  3 232780,171875 1
43,61 5393 1832 133,44 59,79 25,15 25,14 5,34 1,4425 417  3 232463,109375 1
43,69 5390 1846 131,47 59,65 24,96 25,14 5,34 1,4743 417  3 229957,328125 1
43,79 5377 1826 128,57 58,39 25,22 25,14 5,34 1,5032 417  3 229957,328125 1
43,82 5346 1816 131,47 58,53 25,37 25,14 5,34 1,5282 417  3 228571,421875 1
43,87 5299 1800 130,19 59,37 25,59 25,14 5,34 1,561 417  3 228265,71875 1
43,86 5269 1772 130,45 59,79 26,01 25,14 5,34 1,5733 417  3 228571,421875 1
32,31 360 822 291,14 369,1 73,28 25,14 5,34 0,2198 400  2 327470,40625 1
32,34 493 864 287,52 339,15 66,47 25,14 5,34 0,2534 400  2 327784,90625 1
33,08 2454 1301 248,49 187,57 36,57 25,14 5,34 0,328 400  2 306862,4375 1
33,08 4850 1674 214,69 116,94 27,58 25,14 5,34 0,4083 401  2 281087,03125 1
34,74 5360 1821 204,62 95,06 25,31 25,14 5,34 0,4876 402  2 273431,25 1
37,57 5499 1868 187,89 85,45 24,67 25,14 5,34 0,5761 404  2 266805,625 1
38,64 5689 1882 174,11 72,39 24,48 25,14 5,34 0,6497 408  2 260692,46875 1
39,59 5564 1890 167,92 68,53 24,38 25,14 5,34 0,7325 410  2 255425,296875 1
40,29 5741 1951 160,37 67,86 23,62 25,14 5,34 0,8056 412  3 251103,484375 1
40,98 5603 1904 156,82 65,71 24,2 25,14 5,34 0,9531 415  3 247642,078125 1
41,49 5714 1942 152,64 64,79 23,73 25,14 5,34 1,0065 416  3 243751,484375 1
41,95 5548 1939 148,91 63,72 23,77 25,14 5,34 1,0853 416  3 240827,84375 1
42,36 5675 1928 145,62 60,65 23,9 25,14 5,34 1,121 417  3 237476,8125 1
42,66 5561 1889 143,32 61,62 24,39 25,14 5,34 1,1942 417  3 236162,359375 1
42,94 5526 1917 139,73 61,75 24,03 25,14 5,34 1,2392 417  3 233098,109375 1
43,11 5619 1909 135,95 60,42 24,13 25,14 5,34 1,277 417  3 232463,109375 1
43,31 5576 1894 135,68 60,16 24,32 25,14 5,34 1,3022 418  3 232780,171875 1
43,5 5457 1854 134,71 60,26 24,85 25,14 5,34 1,364 418  3 230112,359375 1
43,6 5486 1864 135,26 60,2 24,72 25,14 5,34 1,4034 418  3 231360,140625 1
43,68 5374 1821 132,19 60,04 25,3 25,14 5,34 1,4341 418  3 229185,3125 1
43,78 5451 1852 128,26 59,11 24,88 25,14 5,34 1,4712 418  3 228571,421875 1
43,82 5329 1810 128,96 58,67 25,45 25,14 5,34 1,5054 418  3 227505,0 1
43,85 5458 1854 132,68 58,95 24,84 25,14 5,34 1,5245 418  3 228571,421875 1
43,85 5467 1857 126,67 57,51 24,8 25,14 5,34 1,5344 418  3 227505,0 1
32,18 305 803 293,02 372,74 76,81 25,14 5,34 0,2081 400  2 326530,625 1
32,23 391 832 283,37 357,78 71,49 25,14 5,34 0,2397 400  2 325907,0625 1
32,23 2088 1234 257,05 196,47 39,03 25,14 5,34 0,3091 400  2 294422,09375 1
32,98 4379 1627 222,46 119,22 28,43 25,14 5,34 0,3884 400  2 284840,0625 1
36,1 5372 1825 203,44 98,64 25,25 25,14 5,34 0,4678 401  2 273431,25 1
37,43 5417 1842 191,74 86,47 25,01 25,14 5,34 0,5511 404  2 264941,78125 1
38,54 5533 1889 173,35 71,61 24,39 25,14 5,34 0,6422 407  2 261691,796875 1
39,47 5686 1932 163,99 70,34 23,85 25,14 5,34 0,728 409  2 254094,296875 1
40,24 5673 1928 162,55 67,15 23,9 25,14 5,34 0,8729 412  3 251473,484375 1
40,81 5646 1918 157,09 64,83 24,02 25,14 5,34 0,942 413  3 247821,875 1
41,39 5734 1949 151,71 64,76 23,65 25,14 5,34 1,0065 414  3 241509,4375 1
41,87 5680 1944 147,31 62,89 23,71 25,14 5,34 1,0675 414  3 238639,015625 1
42,23 5644 1918 146,76 62,12 24,02 25,14 5,34 1,1234 415  3 238305,796875 1
42,57 5718 1944 148,06 61,29 23,71 25,14 5,34 1,1677 415  3 235186,03125 1
42,86 5749 1948 139,02 60,44 23,65 25,14 5,34 1,2014 415  3 234700,890625 1
43,06 5570 1892 137,99 60,44 24,34 25,14 5,34 1,2664 415  3 233098,109375 1
43,3 5603 1904 133,99 59,61 24,2 25,14 5,34 1,3175 416  3 231203,4375 1
43,39 5657 1922 134,17 60,38 23,97 25,14 5,34 1,4018 416  3 231674,203125 1
43,53 5519 1879 134,49 59,63 24,51 25,14 5,34 1,4283 416  3 230112,359375 1
43,62 5506 1870 133,22 59,91 24,63 25,14 5,34 1,453 416  3 228418,46875 1
43,73 5370 1824 128,35 58,73 25,25 25,14 5,34 1,4955 416  3 229339,3125 1
43,77 5375 1826 129,97 59,77 25,22 25,14 5,34 1,5079 416  3 229031,53125 1
43,77 5496 1824 127,87 59,65 25,25 25,14 5,34 1,5241 416  3 226749,328125 1
43,75 5355 1819 125,13 59,31 25,32 25,14 5,34 1,5242 416  3 227808,671875 1
32,17 315 806 293,32 375,15 76,11 25,14 5,34 0,2001 400  2 326530,625 1
32,2 371 825 301,37 373,75 72,64 25,14 5,34 0,229 400  2 310773,90625 1
32,16 1870 1192 258,01 211,09 40,79 25,14 5,34 0,2973 400  2 297760,96875 1
34,7 4057 1592 222,31 124,08 29,09 25,14 5,34 0,3867 400  2 283185,84375 1
36,3 5272 1791 205,8 98,9 25,72 25,14 5,34 0,4611 402  2 272993,875 1
37,55 5525 1877 186,88 79,51 24,54 25,14 5,34 0,5486 404  2 265766,9375 1
38,63 5579 1892 175,89 73,35 24,34 25,14 5,34 0,6484 407  2 260096,515625 1
39,52 5458 1854 169,29 72,0 24,84 25,14 5,34 0,7368 410  2 254473,15625 1
40,32 5634 1914 162,06 68,23 24,07 25,14 5,34 0,901 413  3 250734,578125 1
40,94 5647 1919 157,36 66,2 24,01 25,14 5,34 0,9801 414  3 245681,375 1
41,48 5720 1901 150,18 64,15 24,24 25,14 5,34 1,0531 415  3 243230,40625 1
41,48 5540 1882 153,05 63,36 24,48 25,14 5,34 1,1091 415  3 239140,59375 1
42,34 5636 1915 148,96 62,69 24,06 25,14 5,34 1,1737 416  3 236982,1875 1
42,64 5584 1897 143,76 60,81 24,28 25,14 5,34 1,2316 416  3 236325,875 1
42,85 5651 1880 140,39 60,5 24,49 25,14 5,34 1,3035 416  3 233896,75 1
43,1 5560 1889 137,71 60,18 24,39 25,14 5,34 1,3403 416  3 232146,90625 1
43,27 5622 1910 135,13 59,33 24,11 25,14 5,34 1,4269 417  3 232304,90625 1
43,46 5546 1884 134,85 59,49 24,44 25,14 5,34 1,4589 417  3 230734,5625 1
43,56 5461 1855 131,25 60,1 24,83 25,14 5,34 1,4935 417  3 229185,3125 1
43,62 5489 1892 132,59 58,73 24,34 25,14 5,34 1,5125 417  3 229802,515625 1
43,72 5542 1883 129,0 59,87 24,46 25,14 5,34 1,5336 417  3 229185,3125 1
43,76 5409 1821 129,92 60,28 25,28 25,14 5,34 1,5496 417  3 228265,71875 1
43,79 5321 1826 127,18 59,53 25,22 25,14 5,34 1,5676 417  3 227960,8125 1
43,8 5395 1832 128,96 58,31 25,13 25,14 5,34 1,5644 417  3 226749,328125 1
32,02 302 802 287,71 375,4 77,07 25,14 5,34 0,1728 400  2 329366,34375 1
32,07 338 814 288,49 367,23 74,63 25,14 5,34 0,198 400  2 312767,25 1
32,03 1526 1270 249,42 196,08 37,63 25,14 5,34 0,2664 400  2 297242,375 1
34,69 4311 1598 228,72 129,22 28,97 25,14 5,34 0,3578 400  2 285554,9375 1
36,17 5547 1885 194,82 88,15 24,44 25,14 5,34 0,4441 402  2 275416,90625 1
37,5 5630 1913 187,32 79,05 24,08 25,14 5,34 0,5309 404  2 266389,1875 1
38,68 5536 1918 173,58 73,7 24,02 25,14 5,34 0,6179 407  2 261491,3125 1
39,52 5626 1912 166,28 69,98 24,1 25,14 5,34 0,7648 412  2 257545,265625 1
40,23 5585 1897 161,29 67,08 24,28 25,14 5,34 0,8401 413  3 251103,484375 1
40,88 5651 1920 161,29 65,65 23,99 25,14 5,34 0,9153 414  3 245681,375 1
40,88 5641 1917 152,38 64,76 24,15 25,14 5,34 0,9986 415  3 241168,15625 1
41,84 5739 1951 149,16 63,51 23,62 25,14 5,34 1,055 415  3 239644,28125 1
42,25 5556 1915 144,15 62,55 24,05 25,14 5,34 1,1049 416  3 237146,828125 1
42,59 5519 1875 144,74 60,57 24,57 25,14 5,34 1,1657 416  3 234700,890625 1
42,86 5560 1846 139,73 60,1 24,95 25,14 5,34 1,2148 416  3 236162,359375 1
43,07 5664 1924 136,88 60,26 23,94 25,14 5,34 1,3088 417  3 233896,75 1
43,27 5500 1868 133,9 60,57 24,65 25,14 5,34 1,3414 417  3 230423,046875 1
43,38 5411 1838 132,23 60,83 25,05 25,14 5,34 1,3666 417  3 229647,90625 1
43,49 5501 1869 132,77 59,49 24,64 25,14 5,34 1,41 417  3 230112,359375 1
43,64 5511 1830 131,38 59,57 25,17 25,14 5,34 1,4364 417  3 228418,46875 1
43,66 5391 1831 131,07 60,57 25,15 25,14 5,34 1,4611 417  3 228571,421875 1
43,73 5382 1828 127,01 59,19 25,19 25,14 5,34 1,4877 417  3 227505,0 1
43,74 5433 1845 131,38 58,99 24,95 25,14 5,34 1,5189 417  3 226448,46875 1
43,75 5431 1845 129,09 58,83 24,96 25,14 5,34 1,5309 417  3 226749,328125 1
31,86 304 802 292,03 374,13 76,89 25,14 5,34 0,1547 400  2 329048,84375 1
31,85 273 776 297,12 373,88 79,19 25,14 5,34 0,1686 400  2 314206,8125 1
32,92 1288 1069 260,9 236,91 47,2 25,14 5,34 0,237 400  2 299590,40625 1
34,6 5133 1574 226,72 131,38 29,43 25,14 5,34 0,3216 400  2 286754,40625 1
36,11 5199 1767 192,66 89,51 26,08 25,14 5,34 0,4025 401  2 276308,6875 1
37,44 5421 1841 181,02 80,95 25,01 25,14 5,34 0,4921 403  2 268484,53125 1
38,57 5543 1915 173,94 74,91 24,06 25,14 5,34 0,6703 409  2 260692,46875 1
39,45 5547 1884 168,15 70,08 24,44 25,14 5,34 0,7509 411  2 257351,09375 1
39,45 5511 1872 166,34 68,55 24,6 25,14 5,34 0,8271 412  2 247283,265625 1
40,2 5607 1905 155,56 66,54 24,18 25,14 5,34 0,9177 413  3 243577,546875 1
41,34 5677 1929 156,29 64,0 23,88 25,14 5,34 0,984 414  3 241509,4375 1
41,83 5577 1895 149,62 62,74 24,31 25,14 5,34 1,0411 414  3 239981,25 1
42,25 5633 1914 143,08 62,21 24,07 25,14 5,34 1,1076 415  3 236653,578125 1
42,51 5671 1927 139,16 61,48 23,9 25,14 5,34 1,1733 415  3 235673,1875 1
42,82 5529 1854 136,92 61,37 24,84 25,14 5,34 1,2322 415  3 234700,890625 1
43,04 5681 1930 135,72 60,04 23,86 25,14 5,34 1,3198 416  3 233416,90625 1
43,2 5582 1896 135,68 59,49 24,29 25,14 5,34 1,3647 416  3 231360,140625 1
43,36 5542 1883 132,59 60,5 24,46 25,14 5,34 1,3988 416  3 231046,9375 1
43,49 5366 1887 130,54 59,81 24,41 25,14 5,34 1,4244 416  3 228571,421875 1
43,57 5446 1850 130,81 59,45 24,89 25,14 5,34 1,4465 416  3 230734,5625 1
43,66 5460 1855 126,71 59,45 24,83 25,14 5,34 1,4655 416  3 229185,3125 1
43,6 5347 1864 127,05 59,09 24,7 25,14 5,34 1,4794 416  3 227051,0 1
43,73 5423 1842 128,96 59,61 25,0 25,14 5,34 1,4959 416  3 227353,46875 1
43,75 5385 1829 125,73 59,19 25,17 25,14 5,34 1,5422 416  3 227051,0 1
31,78 321 808 285,68 356,58 75,73 25,14 5,34 0,1967 400  2 328099,96875 1
31,72 300 801 293,91 367,48 77,15 25,14 5,34 0,2151 400  2 314206,8125 1
32,9 1184 1157 256,7 207,62 42,38 25,14 5,34 0,2773 400  2 298542,28125 1
34,6 5003 1702 207,13 105,33 27,11 25,14 5,34 0,3576 400  2 285316,25 1
36,09 5397 1833 192,39 89,42 25,12 25,14 5,34 0,4374 401  2 276085,1875 1
37,42 5543 1882 178,95 78,44 24,48 25,14 5,34 0,5125 403  2 267223,375 1
38,57 5622 1910 172,12 74,76 24,11 25,14 5,34 0,6845 408  2 260294,859375 1
38,57 5652 1921 168,03 71,11 23,98 25,14 5,34 0,7759 410  2 257351,09375 1
39,47 5629 1913 159,07 69,42 24,08 25,14 5,34 0,8496 411  3 248001,9375 1
40,14 5574 1894 159,82 66,03 24,32 25,14 5,34 0,9207 412  3 245504,671875 1
41,33 5625 1905 153,62 63,66 24,18 25,14 5,34 1,009 413  3 241680,4375 1
41,81 5572 1893 143,61 61,75 24,33 25,14 5,34 1,0783 413  3 238305,796875 1
42,23 5424 1842 144,74 61,7 25,0 25,14 5,34 1,1298 414  3 236162,359375 1
42,56 5546 1884 140,77 61,35 24,44 25,14 5,34 1,1821 414  3 235673,1875 1
42,78 5355 1860 139,87 61,16 24,76 25,14 5,34 1,2719 414  3 234217,75 1
43,06 5411 1838 137,71 59,53 25,05 25,14 5,34 1,3083 414  3 233257,40625 1
43,21 5606 1905 135,03 59,47 24,18 25,14 5,34 1,3476 414  3 231517,0625 1
43,21 5371 1824 132,63 59,49 25,24 25,14 5,34 1,3783 415  3 229493,5 1
43,51 5440 1848 131,29 58,47 24,39 25,14 5,34 1,4246 415  3 228877,96875 1
43,59 5327 1857 131,12 59,25 24,79 25,14 5,34 1,4489 415  3 229185,3125 1
43,6 5412 1838 129,09 59,91 25,05 25,14 5,34 1,471 415  3 227808,671875 1
43,69 5406 1836 133,35 58,27 25,07 25,14 5,34 1,4875 415  3 226448,46875 1
43,71 5359 1838 129,84 59,27 25,05 25,14 5,34 1,5359 415  3 228877,96875 1
43,76 5127 1743 127,14 58,49 26,44 25,14 5,34 1,5578 415  3 228265,71875 1
31,77 284 787 292,13 364,14 78,36 25,14 5,34 0,1754 400  2 330003,21875 1
31,8 276 779 288,49 369,98 78,97 25,14 5,34 0,1866 400  2 315659,6875 1
32,95 3996 1552 226,49 135,03 29,9 25,14 5,34 0,2462 400  2 299590,40625 1
34,63 5127 1743 210,59 105,8 26,45 25,14 5,34 0,3241 400  2 286995,53125 1
36,23 5435 1846 193,7 90,94 24,94 25,14 5,34 0,4092 401  2 278791,1875 1
36,23 5496 1867 184,11 82,61 24,67 25,14 5,34 0,5767 406  2 268484,53125 1
37,49 5522 1882 174,88 74,91 24,48 25,14 5,34 0,6736 408  2 262901,15625 1
38,59 5565 1890 167,18 69,94 24,36 25,14 5,34 0,7601 410  2 252403,25 1
39,48 5696 1936 161,95 66,72 23,8 25,14 5,34 0,8354 411  2 248182,265625 1
40,84 5669 1926 159,07 66,41 23,91 25,14 5,34 0,9045 412  3 244100,125 1
41,38 5564 1915 153,98 65,12 24,05 25,14 5,34 0,9702 413  3 242194,890625 1
41,83 5531 1879 146,96 62,55 24,51 25,14 5,34 1,0408 413  3 239140,59375 1
42,25 5566 1891 142,31 61,27 24,35 25,14 5,34 1,1023 414  3 236489,609375 1
42,52 5592 1900 141,2 61,25 24,24 25,14 5,34 1,2198 414  3 235836,015625 1
42,81 5560 1902 136,09 59,53 24,21 25,14 5,34 1,2709 414  3 234217,75 1
43,0 5545 1884 137,57 60,2 24,44 25,14 5,34 1,3223 414  3 232304,90625 1
43,0 5495 1867 135,72 61,66 24,67 25,14 5,34 1,3624 414  3 231203,4375 1
43,35 5487 1864 132,77 59,43 24,7 25,14 5,34 1,4067 415  3 229802,515625 1
43,53 5579 1811 134,12 58,89 25,43 25,14 5,34 1,4393 415  3 230112,359375 1
43,57 5312 1805 129,48 59,17 25,52 25,14 5,34 1,4584 415  3 227656,734375 1
43,63 5379 1827 129,05 59,57 25,2 25,14 5,34 1,4961 415  3 227202,125 1
43,65 5307 1803 128,92 58,87 25,54 25,14 5,34 1,5255 415  3 227202,125 1
43,69 5341 1814 129,84 58,95 25,38 25,14 5,34 1,5646 415  3 226298,34375 1
43,75 5232 1778 125,22 58,53 25,91 25,14 5,34 1,5888 415  3 224956,0625 1
31,75 255 757 291,44 368,6 80,59 25,14 5,34 0,1621 400  2 328731,9375 1
31,78 784 785 288,69 369,1 78,54 25,14 5,34 0,1667 400  2 317420,96875 1
33,02 3365 1454 230,66 143,13 32,11 25,14 5,34 0,2213 400  2 300645,90625 1
34,69 4782 1665 206,92 108,0 27,73 25,14 5,34 0,3009 400  2 286995,53125 1
34,69 5316 1806 195,35 91,78 25,51 25,14 5,34 0,4754 403  2 278791,1875 1
36,21 5468 1857 191,49 82,41 24,79 25,14 5,34 0,5561 406  2 269971,0 1
37,45 5582 1878 174,88 75,09 24,53 25,14 5,34 0,6363 408  2 258129,5625 1
38,61 5550 1885 166,73 72,81 24,43 25,14 5,34 0,7168 409  2 252403,25 1
40,24 5472 1859 168,03 67,65 24,78 25,14 5,34 0,7926 410  2 248724,796875 1
40,86 5602 1903 159,07 67,02 24,2 25,14 5,34 0,8678 411  3 245328,21875 1
41,35 5667 1926 151,14 63,51 23,92 25,14 5,34 0,9321 412  3 243057,203125 1
41,8 5566 1891 144,79 63,46 24,35 25,14 5,34 0,9972 412  3 238305,796875 1
42,2 5732 1948 142,4 62,27 23,65 25,14 5,34 1,0365 413  3 238139,53125 1
42,52 5668 1926 140,44 61,39 24,22 25,14 5,34 1,1545 413  3 235510,578125 1
42,78 5641 1860 138,32 59,95 24,76 25,14 5,34 1,2316 413  3 234057,140625 1
42,78 5605 1904 134,35 60,53 24,18 25,14 5,34 1,27 414  3 231674,203125 1
42,98 5637 1915 133,49 57,86 24,04 25,14 5,34 1,3138 414  3 232146,90625 1
43,29 5495 1866 134,85 59,83 24,67 25,14 5,34 1,352 414  3 229493,5 1
43,44 5504 1870 129,57 61,0 24,63 25,14 5,34 1,3812 414  3 229031,53125 1
43,54 5390 1831 130,06 60,06 25,15 25,14 5,34 1,4082 414  3 227808,671875 1
43,57 5478 1861 127,92 59,29 24,74 25,14 5,34 1,4348 414  3 227808,671875 1
43,65 5368 1823 126,5 59,65 25,25 25,14 5,34 1,4831 414  3 227656,734375 1
43,65 5400 1834 128,87 59,39 25,11 25,14 5,34 1,4992 414  3 226598,8125 1
43,68 5337 1813 128,26 59,95 25,4 25,14 5,34 1,5199 414  3 225252,96875 1
31,8 288 791 288,89 369,47 78,07 25,14 5,34 0,1659 400  2 326530,625 1
31,91 660 1026 261,35 252,22 50,08 25,14 5,34 0,1677 400  2 320400,5 1
33,13 3307 1445 234,92 148,21 32,34 25,14 5,34 0,2198 400  2 303048,25 1
33,13 4974 1691 212,96 110,55 27,28 25,14 5,34 0,2944 400  2 289429,0625 1
34,84 5315 1806 196,14 93,53 25,51 25,14 5,34 0,4709 403  2 277883,3125 1
36,27 5483 1862 185,55 83,22 24,73 25,14 5,34 0,5557 405  2 268695,875 1
37,63 5529 1878 172,3 76,16 24,52 25,14 5,34 0,6298 407  2 257157,203125 1
38,7 5644 1918 168,09 72,12 24,02 25,14 5,34 0,7049 409  2 253339,9375 1
40,25 5542 1883 165,21 69,65 24,46 25,14 5,34 0,7686 410  2 247462,546875 1
40,83 5617 1932 150,84 64,5 23,84 25,14 5,34 0,8357 411  3 245681,375 1
41,38 5714 1942 149,06 62,97 23,72 25,14 5,34 0,9044 412  3 242539,078125 1
41,81 5668 1926 144,98 62,42 23,91 25,14 5,34 0,9698 412  3 239140,59375 1
42,17 5592 1900 143,08 62,17 24,24 25,14 5,34 1,0959 413  3 237311,703125 1
42,17 5556 1888 143,32 60,79 24,39 25,14 5,34 1,1691 413  3 234378,578125 1
42,45 5560 1912 137,76 60,18 24,08 25,14 5,34 1,2055 413  3 233098,109375 1
42,7 5624 1911 134,31 59,57 24,1 25,14 5,34 1,2545 413  3 231203,4375 1
43,18 5556 1888 136,14 60,14 24,39 25,14 5,34 1,3059 413  3 229802,515625 1
43,3 5590 1904 139,64 59,43 24,18 25,14 5,34 1,3353 413  3 229802,515625 1
43,44 5401 1834 130,67 58,12 25,1 25,14 5,34 1,3591 413  3 228265,71875 1
43,55 5459 1854 131,25 61,37 24,83 25,14 5,34 1,3856 413  3 227656,734375 1
43,57 5569 1892 126,62 58,91 24,34 25,14 5,34 1,4511 413  3 226598,8125 1
43,59 5303 1801 128,35 59,37 25,56 25,14 5,34 1,4627 413  3 229339,3125 1
43,68 5324 1808 126,71 58,23 25,47 25,14 5,34 1,486 413  3 226298,34375 1
43,68 5398 1834 126,41 59,67 25,11 25,14 5,34 1,5031 413  3 224364,59375 1
31,85 288 792 287,23 369,47 78,02 25,14 5,34 0,1861 400  2 323130,3125 1
31,85 621 1008 268,43 263,21 51,47 25,14 5,34 0,1852 400  2 320400,5 1
31,99 3042 1402 232,54 152,07 33,47 25,14 5,34 0,2334 400  2 301442,4375 1
33,26 4855 1675 212,38 112,63 27,55 25,14 5,34 0,3848 401  2 289183,84375 1
34,99 5258 1786 202,21 94,84 25,79 25,14 5,34 0,4751 402  2 277883,3125 1
36,45 5473 1859 187,32 82,97 25,21 25,14 5,34 0,5604 405  2 260891,71875 1
37,67 5525 1877 173,53 77,54 24,53 25,14 5,34 0,6506 407  2 257934,515625 1
39,58 5546 1884 169,18 73,11 24,44 25,14 5,34 0,7318 408  2 251844,5625 1
40,27 5464 1888 164,82 69,53 24,39 25,14 5,34 0,8084 409  2 246925,484375 1
40,92 5495 1867 150,48 64,7 24,67 25,14 5,34 0,8948 410  3 244800,375 1
41,4 5545 1884 151,04 63,89 24,44 25,14 5,34 0,9879 411  3 242023,15625 1
41,83 5634 1914 144,34 62,46 24,06 25,14 5,34 1,0875 412  3 237476,8125 1
41,83 5712 1941 144,0 62,27 23,73 25,14 5,34 1,1414 412  3 236817,765625 1
42,23 5568 1843 140,44 61,25 24,98 25,14 5,34 1,1946 412  3 234539,625 1
42,54 5510 1872 140,11 61,41 24,6 25,14 5,34 1,2332 412  3 232621,53125 1
42,84 5498 1868 135,31 60,53 24,65 25,14 5,34 1,278 412  3 230578,703125 1
43,18 5513 1873 136,14 59,97 24,58 25,14 5,34 1,2986 412  3 230578,703125 1
43,31 5605 1904 133,72 59,01 24,18 25,14 5,34 1,328 412  3 227960,8125 1
43,42 5530 1878 129,84 59,33 24,51 25,14 5,34 1,3596 413  3 227656,734375 1
43,56 5433 1846 128,79 59,05 24,94 25,14 5,34 1,3881 413  3 228724,59375 1
43,57 5468 1857 130,23 58,97 24,78 25,14 5,34 1,4428 413  3 226749,328125 1
43,65 5346 1870 126,8 59,29 24,62 25,14 5,34 1,4691 413  3 225550,65625 1
43,67 5267 1789 127,44 58,65 25,73 25,14 5,34 1,4974 413  3 224807,90625 1
43,67 5371 1824 128,92 58,69 25,23 25,14 5,34 1,5218 413  3 224364,59375 1
31,98 286 790 288,98 368,1 78,17 25,14 5,34 0,1941 400  2 322824,71875 1
32,01 459 947 270,8 283,17 56,72 25,14 5,34 0,19 400  2 321608,03125 1
32,1 2960 1388 231,76 157,09 33,85 25,14 5,34 0,3034 400  2 303048,25 1
33,51 4648 1646 215,57 115,25 28,06 25,14 5,34 0,3912 401  2 289920,71875 1
35,09 5249 1783 202,96 95,35 25,83 25,14 5,34 0,4792 402  2 269119,59375 1
36,59 5462 1855 186,18 84,47 24,82 25,14 5,34 0,5603 405  2 262901,15625 1
38,86 5561 1903 176,73 75,11 24,2 25,14 5,34 0,6362 406  2 256192,140625 1
39,64 5534 1880 168,49 72,59 24,49 25,14 5,34 0,7211 408  2 251473,484375 1
40,4 5668 1926 158,91 66,68 23,91 25,14 5,34 0,7897 409  2 247462,546875 1
40,94 5634 1867 154,51 64,96 24,67 25,14 5,34 0,8587 410  3 243925,671875 1
40,94 5782 1966 146,71 63,01 23,44 25,14 5,34 0,9414 410  3 242194,890625 1
41,48 5737 1950 144,79 60,98 23,62 25,14 5,34 1,0685 411  3 237973,5 1
41,93 5601 1903 143,52 61,62 24,2 25,14 5,34 1,143 411  3 235024,09375 1
42,29 5679 1859 141,63 60,08 24,77 25,14 5,34 1,2078 411  3 232146,90625 1
42,57 5476 1860 139,35 61,0 24,75 25,14 5,34 1,2483 411  3 232146,90625 1
43,06 5478 1861 135,31 60,61 24,74 25,14 5,34 1,2769 412  3 229957,328125 1
43,19 5558 1888 138,69 60,4 24,39 25,14 5,34 1,3012 412  3 229647,90625 1
43,34 5455 1853 131,25 58,51 24,84 25,14 5,34 1,3378 412  3 227505,0 1
43,47 5389 1831 131,83 59,67 25,15 25,14 5,34 1,3754 412  3 228571,421875 1
43,52 5463 1855 129,27 58,67 24,81 25,14 5,34 1,4469 412  3 228113,171875 1
43,59 5411 1838 127,14 59,45 25,05 25,14 5,34 1,4699 412  3 225104,421875 1
43,59 5470 1862 129,13 59,49 24,72 25,14 5,34 1,4982 412  3 225998,671875 1
43,64 5464 1856 126,28 58,95 24,8 25,14 5,34 1,5245 412  3 223776,21875 1
43,66 5285 1795 125,77 58,41 25,65 25,14 5,34 1,5419 412  3 224956,0625 1
32,08 280 803 288,3 370,23 76,71 25,14 5,34 0,2042 400  2 325285,90625 1
32,07 650 910 272,46 296,01 60,59 25,14 5,34 0,1992 400  2 322824,71875 1
32,21 2672 1339 240,79 166,68 35,3 25,14 5,34 0,3108 400  2 305762,90625 1
33,7 4584 1637 217,03 119,79 28,22 25,14 5,34 0,3982 401  2 289183,84375 1
35,22 5242 1781 206,92 96,82 25,86 25,14 5,34 0,477 402  2 269971,0 1
36,68 5391 1859 181,82 84,65 24,77 25,14 5,34 0,5655 404  2 262295,09375 1
38,95 5491 1865 175,77 78,25 24,68 25,14 5,34 0,654 406  2 254853,15625 1
39,73 5605 1904 163,93 68,07 24,18 25,14 5,34 0,742 407  2 251844,5625 1
40,48 5564 1896 155,87 68,07 24,29 25,14 5,34 0,8285 408  2 248001,9375 1
40,48 5620 1910 151,96 65,87 24,11 25,14 5,34 0,9141 409  3 242711,546875 1
41,03 5770 1961 151,4 63,63 23,49 25,14 5,34 1,0566 410  3 242711,546875 1
41,54 5508 1871 150,07 63,38 24,61 25,14 5,34 1,114 410  3 238305,796875 1
41,97 5710 1941 146,02 62,08 23,73 25,14 5,34 1,1654 411  3 234862,390625 1
42,29 5637 1921 141,54 60,65 23,98 25,14 5,34 1,2072 411  3 232463,109375 1
42,9 5563 1890 139,59 59,61 24,36 25,14 5,34 1,2495 411  3 231517,0625 1
43,09 5631 1854 137,76 60,61 24,83 25,14 5,34 1,2943 411  3 229339,3125 1
43,2 5533 1885 132,05 59,05 24,43 25,14 5,34 1,3227 411  3 229185,3125 1
43,33 5463 1855 132,41 59,69 24,81 25,14 5,34 1,3607 411  3 227505,0 1
43,45 5509 1871 128,31 59,29 24,6 25,14 5,34 1,4265 411  3 227808,671875 1
43,45 5407 1837 127,14 58,49 25,06 25,14 5,34 1,451 411  3 226148,40625 1
43,53 5333 1812 128,61 58,69 25,41 25,14 5,34 1,4993 411  3 225699,796875 1
43,6 5596 1862 127,57 58,47 24,73 25,14 5,34 1,5024 411  3 224956,0625 1
43,64 5398 1834 125,35 59,91 25,11 25,14 5,34 1,5106 411  3 224659,9375 1
43,68 5251 1784 127,31 58,21 25,81 25,14 5,34 1,5265 411  3 224956,0625 1
32,23 280 761 289,18 364,63 80,29 25,14 5,34 0,2183 400  2 323130,3125 1
32,22 539 878 277,86 324,89 64,55 25,14 5,34 0,2547 400  2 321003,125 1
32,35 2483 1306 242,59 174,29 36,37 25,14 5,34 0,3224 400  2 306862,4375 1
33,82 4561 1634 212,24 120,11 28,28 25,14 5,34 0,4034 401  2 278336,5 1
35,43 5316 1806 198,82 97,31 25,5 25,14 5,34 0,4966 402  2 270827,8125 1
38,07 5369 1861 183,99 84,59 24,74 25,14 5,34 0,5775 404  2 262698,8125 1
39,09 5679 1865 174,88 78,57 24,68 25,14 5,34 0,6588 408  2 255808,140625 1
39,86 5592 1900 164,77 69,35 24,24 25,14 5,34 0,741 410  2 251288,34375 1
39,86 5581 1912 157,68 66,79 24,08 25,14 5,34 0,827 412  3 245681,375 1
40,6 5698 1937 148,51 66,03 23,78 25,14 5,34 0,9573 415  3 244624,9375 1
41,14 5669 1927 146,71 64,26 23,9 25,14 5,34 1,0351 415  3 240488,5 1
41,63 5696 1936 148,91 62,1 23,79 25,14 5,34 1,1114 416  3 236653,578125 1
42,02 5522 1876 141,2 61,89 24,54 25,14 5,34 1,1656 416  3 234700,890625 1
42,69 5641 1891 141,2 60,94 24,34 25,14 5,34 1,2119 417  3 230423,046875 1
42,93 5450 1851 137,34 60,5 24,87 25,14 5,34 1,262 417  3 230112,359375 1
43,14 5623 1911 134,12 59,07 24,1 25,14 5,34 1,3214 417  3 228571,421875 1
43,29 5565 1861 135,4 59,89 24,73 25,14 5,34 1,3837 417  3 228418,46875 1
43,42 5481 1862 132,19 59,55 24,73 25,14 5,34 1,4151 417  3 227051,0 1
43,42 5566 1891 128,92 59,65 24,34 25,14 5,34 1,4621 418  3 227505,0 1
43,52 5557 1888 132,23 59,33 24,39 25,14 5,34 1,487 418  3 226749,328125 1
43,58 5363 1850 127,66 59,83 24,89 25,14 5,34 1,4966 418  3 225699,796875 1
43,66 5508 1871 126,88 58,81 24,6 25,14 5,34 1,5448 418  3 225998,671875 1
43,7 5527 1877 124,88 58,21 24,52 25,14 5,34 1,5699 418  3 224217,203125 1
43,7 5367 1823 129,84 58,35 25,25 25,14 5,34 1,6007 418  3 223776,21875 1
32,3 298 784 282,12 371,86 78,62 25,14 5,34 0,2313 400  2 319500,78125 1
32,25 494 864 275,61 332,34 66,38 25,14 5,34 0,2664 400  2 322519,6875 1
32,49 2187 1252 243,25 186,5 38,29 25,14 5,34 0,3349 400  2 289429,0625 1
34,0 4444 1617 215,57 124,2 28,59 25,14 5,34 0,4144 400  2 277431,59375 1
37,0 5226 1775 200,91 99,17 25,94 25,14 5,34 0,5026 402  2 269971,0 1
38,19 5521 1875 185,43 85,34 24,55 25,14 5,34 0,5852 404  2 261691,796875 1
38,19 5670 1927 167,47 73,35 23,9 25,14 5,34 0,6677 407  2 256770,3125 1
39,18 5599 1902 163,27 69,25 24,2 25,14 5,34 0,7468 410  2 249269,71875 1
39,94 5580 1936 158,21 67,08 23,79 25,14 5,34 0,825 411  3 248362,84375 1
40,67 5789 1968 152,02 64,46 23,41 25,14 5,34 0,9603 414  3 242711,546875 1
41,23 5537 1881 149,16 64,35 24,48 25,14 5,34 1,0211 415  3 239644,28125 1
41,67 5021 1708 143,08 61,91 23,83 25,14 5,34 1,0886 415  3 232939,03125 1
42,1 4919 1693 139,64 61,83 24,05 25,14 5,34 1,1342 416  3 233416,90625 1
42,72 4828 1671 138,65 61,18 24,37 25,14 5,34 1,184 416  3 231989,125 1
42,98 5067 1723 134,67 59,67 23,61 25,14 5,34 1,2324 416  3 229647,90625 1
43,16 4839 1673 132,59 60,61 24,44 25,14 5,34 1,2828 416  3 227656,734375 1
43,34 4925 1685 131,74 59,81 24,16 25,14 5,34 1,3401 417  3 229647,90625 1
43,34 4823 1671 130,54 59,45 24,38 25,14 5,34 1,4054 417  3 226448,46875 1
43,45 4573 1635 129,35 59,63 24,93 25,14 5,34 1,4412 417  3 227656,734375 1
43,51 4658 1648 129,92 59,61 24,73 25,14 5,34 1,4865 417  3 225401,71875 1
43,66 4584 1624 128,65 59,47 25,11 25,14 5,34 1,5171 417  3 223336,96875 1
43,72 4621 1642 125,94 59,61 24,82 25,14 5,34 1,5378 417  3 223629,609375 1
43,76 4568 1630 126,37 58,89 25,01 25,14 5,34 1,545 417  3 225699,796875 1
43,77 4327 1594 125,09 58,83 25,61 25,14 5,34 1,5746 417  3 223923,03125 1
32,38 193 684 275,24 358,39 76,21 25,14 5,34 0,2545 400  2 318606,09375 1
32,43 234 734 279,18 348,93 72,69 25,14 5,34 0,2882 400  2 319500,78125 1
32,73 1440 1103 248,07 194,36 39,88 25,14 5,34 0,3533 400  2 287964,0 1
34,16 3236 1434 218,28 125,81 28,79 25,14 5,34 0,4318 400  2 276532,53125 1
37,18 4210 1602 197,61 95,74 25,48 25,14 5,34 0,5163 402  2 267014,34375 1
37,18 4623 1643 176,31 77,44 24,82 25,14 5,34 0,5991 404  2 259306,15625 1
38,35 4919 1684 168,78 73,78 24,18 25,14 5,34 0,6765 407  2 254094,296875 1
39,3 5038 1713 162,55 69,02 24,48 25,14 5,34 0,7491 409  2 248906,171875 1
40,08 5054 1709 162,06 67,33 23,81 25,14 5,34 0,9001 412  3 244976,078125 1
40,69 5072 1724 150,28 64,92 23,59 25,14 5,34 0,9647 413  3 241509,4375 1
41,32 5021 1707 149,06 64,13 23,83 25,14 5,34 1,0304 414  3 235999,078125 1
41,8 5024 1709 144,79 63,03 23,81 25,14 5,34 1,0922 414  3 234862,390625 1
42,55 4926 1738 141,4 61,43 23,4 25,14 5,34 1,15 415  3 231360,140625 1
42,85 4607 1709 139,64 62,19 23,81 25,14 5,34 1,2007 415  3 231831,5625 1
43,07 4994 1698 134,31 59,61 23,96 25,14 5,34 1,244 415  3 228724,59375 1
43,07 4602 1640 135,03 60,18 24,48 25,14 5,34 1,2923 416  3 227960,8125 1
43,22 4734 1653 133,49 59,27 24,65 25,14 5,34 1,3557 416  3 226448,46875 1
43,39 4673 1650 129,75 59,73 24,7 25,14 5,34 1,3911 416  3 226148,40625 1
43,52 4688 1652 130,81 59,67 24,67 25,14 5,34 1,4366 416  3 225699,796875 1
43,61 4535 1630 130,94 59,41 25,01 25,14 5,34 1,4716 416  3 225252,96875 1
43,67 4402 1640 126,5 58,71 24,85 25,14 5,34 1,4992 416  3 222753,96875 1
43,72 4733 1658 126,32 59,49 24,57 25,14 5,34 1,517 416  3 222608,703125 1
43,78 4282 1594 124,46 58,95 25,62 25,14 5,34 1,5116 416  3 223629,609375 1
43,78 4383 1602 123,16 59,09 25,48 25,14 5,34 1,5346 416  3 222753,96875 1
32,5 177 692 280,98 353,45 75,6 25,14 5,34 0,2712 400  2 318606,09375 1
32,55 218 715 282,12 348,34 74,0 25,14 5,34 0,3001 400  2 305489,25 1
32,86 1350 1083 246,98 204,62 40,89 25,14 5,34 0,3673 400  2 289429,0625 1
34,37 3045 1403 219,99 130,54 29,52 25,14 5,34 0,4535 400  2 277431,59375 1
35,94 4778 1566 196,14 99,01 26,11 25,14 5,34 0,5343 402  2 268062,8125 1
37,3 5003 1701 174,88 77,36 23,92 25,14 5,34 0,6193 404  2 258520,578125 1
38,49 4987 1696 170,67 72,49 23,99 25,14 5,34 0,7081 407  2 256384,578125 1
39,39 5016 1706 162,55 69,14 23,85 25,14 5,34 0,8741 411  3 249634,328125 1
40,17 4998 1716 155,61 66,34 23,7 25,14 5,34 0,9455 413  3 244274,8125 1
40,81 5080 1727 151,25 64,94 23,55 25,14 5,34 1,0165 414  3 238472,28125 1
41,37 4999 1700 147,31 63,89 23,94 25,14 5,34 1,0706 414  3 234862,390625 1
42,19 5065 1722 144,79 61,5 23,62 25,14 5,34 1,1243 415  3 233576,640625 1
42,58 5049 1690 142,02 60,83 24,08 25,14 5,34 1,1773 415  3 231203,4375 1
42,84 5024 1708 137,29 60,96 23,81 25,14 5,34 1,2324 416  3 231203,4375 1
42,84 4885 1679 136,41 60,4 24,25 25,14 5,34 1,2696 416  3 227656,734375 1
43,08 4877 1678 134,53 59,73 24,25 25,14 5,34 1,31 416  3 227353,46875 1
43,24 5029 1710 132,63 59,75 23,79 25,14 5,34 1,3835 416  3 227202,125 1
43,43 4869 1677 128,39 58,75 24,28 25,14 5,34 1,4187 417  3 224512,171875 1
43,53 4837 1673 131,56 59,91 24,34 25,14 5,34 1,4541 417  3 223483,1875 1
43,6 4601 1639 130,45 60,06 24,86 25,14 5,34 1,4875 417  3 222463,609375 1
43,74 4369 1649 127,57 59,11 24,7 25,14 5,34 1,5239 417  3 223776,21875 1
43,78 4358 1605 125,22 60,75 25,43 25,14 5,34 1,5511 417  3 224659,9375 1
43,78 4291 1595 126,41 57,86 25,59 25,14 5,34 1,5824 417  3 223190,9375 1
43,82 4556 1626 125,3 59,73 25,08 25,14 5,34 1,5949 417  3 223336,96875 1
32,55 177 697 282,31 360,95 75,27 25,14 5,34 0,2782 400  2 318606,09375 1
32,6 193 684 279,08 359,0 76,19 25,14 5,34 0,303 400  2 303587,3125 1
32,93 1198 1049 250,44 215,71 42,8 25,14 5,34 0,366 400  2 287964,0 1
34,45 2774 1357 227,02 137,71 30,68 25,14 5,34 0,4416 400  2 278336,5 1
36,01 4555 1633 185,99 85,74 24,97 25,14 5,34 0,5266 401  2 269119,59375 1
37,42 4965 1690 175,65 78,2 24,08 25,14 5,34 0,601 403  2 259898,484375 1
38,5 5073 1725 165,61 73,5 23,58 25,14 5,34 0,6801 406  2 254094,296875 1
39,44 5053 1715 158,8 68,48 23,72 25,14 5,34 0,8457 410  3 250000,0 1
40,21 5060 1720 154,45 67,15 23,65 25,14 5,34 0,9223 411  3 242711,546875 1
40,83 4933 1686 153,93 64,79 24,15 25,14 5,34 1,0098 412  3 237973,5 1
41,4 4925 1685 148,11 64,07 24,16 25,14 5,34 1,0925 413  3 236162,359375 1
42,24 5037 1713 146,21 62,99 23,75 25,14 5,34 1,1453 413  3 232146,90625 1
42,59 4964 1690 137,76 62,04 24,08 25,14 5,34 1,1942 414  3 230267,59375 1
42,59 4986 1696 136,46 60,06 23,99 25,14 5,34 1,2424 414  3 228877,96875 1
42,87 4691 1652 135,45 60,71 24,66 25,14 5,34 1,2807 414  3 228571,421875 1
43,13 5040 1698 133,58 59,33 23,96 25,14 5,34 1,3699 414  3 226298,34375 1
43,29 4884 1679 130,41 60,2 24,25 25,14 5,34 1,4057 414  3 226298,34375 1
43,41 4523 1628 136,09 60,06 25,04 25,14 5,34 1,4493 415  3 225401,71875 1
43,55 4736 1658 134,62 59,01 24,56 25,14 5,34 1,4915 415  3 225401,71875 1
43,69 4619 1642 128,74 59,61 24,82 25,14 5,34 1,5292 415  3 223045,09375 1
43,7 4372 1631 127,18 58,57 25,0 25,14 5,34 1,5531 415  3 223776,21875 1
43,79 4482 1623 124,29 58,97 25,13 25,14 5,34 1,5743 415  3 223190,9375 1
43,82 4504 1626 125,6 58,18 25,08 25,14 5,34 1,6035 415  3 221023,09375 1
43,82 4435 1584 124,5 58,75 25,78 25,14 5,34 1,6473 415  3 220167,703125 1
32,6 169 653 285,87 366,36 78,49 25,14 5,34 0,2825 400  2 317420,96875 1
32,6 197 690 279,46 360,95 75,78 25,14 5,34 0,3059 400  2 306037,0625 1
33,0 932 985 252,99 224,73 47,02 25,14 5,34 0,3691 400  2 290909,09375 1
34,49 4471 1621 201,94 100,12 25,17 25,14 5,34 0,4482 400  2 276532,53125 1
36,09 4651 1646 190,0 85,74 24,75 25,14 5,34 0,5248 401  2 268695,875 1
37,46 4776 1664 178,23 79,19 24,48 25,14 5,34 0,6089 403  2 260493,515625 1
38,57 5172 1757 170,79 74,25 23,13 25,14 5,34 0,7811 408  3 256000,0 1
39,51 5019 1708 161,95 69,25 23,81 25,14 5,34 0,8539 410  3 251103,484375 1
40,25 5073 1725 157,09 67,7 23,58 25,14 5,34 0,9247 411  3 241680,4375 1
40,9 5075 1725 149,97 64,63 23,57 25,14 5,34 1,0077 412  3 237311,703125 1
41,94 5135 1745 146,26 64,22 23,3 25,14 5,34 1,0784 413  3 234378,578125 1
41,94 4988 1699 145,57 62,12 23,95 25,14 5,34 1,1411 413  3 231360,140625 1
42,35 5122 1741 139,35 61,41 23,35 25,14 5,34 1,1943 414  3 229802,515625 1
42,67 4907 1682 137,34 59,49 24,2 25,14 5,34 1,2526 414  3 228724,59375 1
42,92 4868 1677 134,12 60,0 24,28 25,14 5,34 1,3511 414  3 229185,3125 1
43,15 4871 1706 131,29 59,69 23,84 25,14 5,34 1,4014 414  3 226749,328125 1
43,37 4930 1685 131,56 58,95 24,15 25,14 5,34 1,4403 415  3 224807,90625 1
43,45 4592 1638 131,07 60,02 24,88 25,14 5,34 1,4701 415  3 225401,71875 1
43,73 4875 1678 130,19 59,61 24,26 25,14 5,34 1,5049 415  3 223483,1875 1
43,75 4588 1638 130,06 58,99 24,89 25,14 5,34 1,5475 415  3 223629,609375 1
43,81 4547 1632 127,23 58,14 24,98 25,14 5,34 1,5688 415  3 222174,0 1
43,84 4670 1649 123,87 58,2 24,7 25,14 5,34 1,6022 415  3 222463,609375 1
43,84 4636 1644 125,9 58,63 24,78 25,14 5,34 1,6172 415  3 220737,234375 1
43,82 4339 1583 124,84 61,14 25,79 25,14 5,34 1,6356 415  3 221885,15625 1
32,66 186 676 285,19 359,36 76,78 25,14 5,34 0,2872 400  2 317716,40625 1
32,64 183 671 276,36 356,58 77,12 25,14 5,34 0,3028 400  2 306311,6875 1
33,1 2676 981 255,57 243,0 47,29 25,14 5,34 0,3621 400  2 291405,8125 1
34,7 3832 1583 201,32 102,07 25,81 25,14 5,34 0,439 400  2 279705,0 1
36,23 4776 1664 189,49 89,42 24,48 25,14 5,34 0,5223 401  2 267642,4375 1
37,56 5005 1702 175,12 80,46 23,9 25,14 5,34 0,685 406  2 261291,140625 1
38,71 5192 1764 168,03 72,2 23,04 25,14 5,34 0,781 408  3 252216,75 1
39,53 5061 1717 161,57 69,02 23,69 25,14 5,34 0,8429 409  3 245504,671875 1
40,35 4998 1700 157,84 66,5 23,94 25,14 5,34 0,9188 410  3 241509,4375 1
41,49 5027 1709 153,31 66,0 23,8 25,14 5,34 0,987 411  3 237311,703125 1
41,49 5061 1721 148,76 63,14 23,64 25,14 5,34 1,0628 412  3 233736,59375 1
41,96 4989 1697 138,18 61,83 23,98 25,14 5,34 1,1126 412  3 231360,140625 1
42,37 5077 1726 139,02 61,25 23,56 25,14 5,34 1,1822 413  3 230578,703125 1
42,64 4805 1668 138,37 60,3 24,41 25,14 5,34 1,2298 413  3 228724,59375 1
42,93 4930 1685 139,07 60,42 24,15 25,14 5,34 1,311 413  3 226900,0625 1
43,2 5041 1689 133,13 59,69 24,1 25,14 5,34 1,3871 414  3 225699,796875 1
43,37 4906 1682 132,19 59,87 24,2 25,14 5,34 1,4102 414  3 225550,65625 1
43,48 4989 1694 132,59 58,75 24,02 25,14 5,34 1,4504 414  3 223776,21875 1
43,67 4647 1646 128,7 58,87 24,75 25,14 5,34 1,4836 414  3 222318,71875 1
43,81 4858 1675 128,0 59,35 24,29 25,14 5,34 1,4953 414  3 223776,21875 1
43,85 4474 1621 127,92 59,93 25,15 25,14 5,34 1,521 414  3 223190,9375 1
43,85 4452 1618 124,12 59,91 25,2 25,14 5,34 1,5546 414  3 221597,0625 1
43,86 4576 1636 128,48 59,55 24,91 25,14 5,34 1,5767 414  3 221166,3125 1
43,83 4313 1606 121,21 59,45 25,4 25,14 5,34 1,5811 414  3 220880,0625 1
32,69 194 686 274,86 361,31 76,03 25,14 5,34 0,2926 400  2 316831,6875 1
32,75 163 645 282,89 362,66 79,05 25,14 5,34 0,3061 400  2 309365,5625 1
33,22 2584 1396 219,25 137,76 29,67 25,14 5,34 0,3595 400  2 291654,8125 1
34,81 3929 1542 200,23 104,66 26,56 25,14 5,34 0,4338 400  2 278563,65625 1
36,37 4687 1652 191,1 89,9 24,67 25,14 5,34 0,5075 401  2 269331,9375 1
37,69 5067 1723 177,5 80,24 23,61 25,14 5,34 0,6795 405  2 261291,140625 1
38,82 5122 1741 169,35 75,83 23,35 25,14 5,34 0,7601 407  3 253152,046875 1
39,65 5016 1735 163,55 69,35 23,43 25,14 5,34 0,8301 409  3 245681,375 1
40,44 5060 1720 154,3 67,52 23,64 25,14 5,34 0,909 410  3 239644,28125 1
41,03 4998 1695 150,79 64,98 24,01 25,14 5,34 0,993 410  3 238305,796875 1
41,61 5043 1741 145,42 63,25 23,35 25,14 5,34 1,0668 411  3 236653,578125 1
42,03 4962 1690 142,11 62,5 24,08 25,14 5,34 1,1178 412  3 233098,109375 1
42,44 4997 1700 139,31 60,57 23,94 25,14 5,34 1,1764 412  3 230423,046875 1
42,79 5011 1704 136,14 60,81 23,87 25,14 5,34 1,2805 412  3 228724,59375 1
43,03 4858 1675 132,05 58,73 24,29 25,14 5,34 1,3432 412  3 227051,0 1
43,24 5000 1680 132,01 59,95 24,23 25,14 5,34 1,379 413  3 225401,71875 1
43,42 4685 1651 136,32 60,02 24,67 25,14 5,34 1,4143 413  3 225849,140625 1
43,68 4897 1681 130,94 59,11 24,21 25,14 5,34 1,4342 413  3 224956,0625 1
43,78 4598 1696 127,31 59,57 23,99 25,14 5,34 1,4665 413  3 223483,1875 1
43,78 4583 1637 128,74 58,97 24,89 25,14 5,34 1,5096 413  3 222174,0 1
43,81 4434 1616 126,58 58,67 25,24 25,14 5,34 1,5315 413  3 221453,28125 1
43,89 4359 1605 127,44 59,13 25,42 25,14 5,34 1,5939 413  3 221166,3125 1
43,92 4691 1652 125,43 59,15 24,65 25,14 5,34 1,6059 413  3 219742,484375 1
43,93 4494 1602 125,35 59,03 25,47 25,14 5,34 1,6162 413  3 221741,015625 1
32,75 197 689 277,58 354,65 75,83 25,14 5,34 0,3005 400  2 316244,59375 1
32,77 658 912 256,7 270,43 53,22 25,14 5,34 0,3068 400  2 308248,03125 1
33,37 2411 1345 219,47 141,01 30,99 25,14 5,34 0,36 400  2 291904,21875 1
34,93 4098 1567 203,03 105,87 26,09 25,14 5,34 0,4337 400  2 279247,34375 1
36,45 4868 1677 195,28 90,24 24,28 25,14 5,34 0,5914 402  2 268273,5 1
37,83 4989 1697 180,35 80,67 23,98 25,14 5,34 0,6746 405  2 261091,28125 1
38,88 4996 1699 171,19 74,25 23,94 25,14 5,34 0,7488 407  2 249451,890625 1
39,78 5120 1751 163,82 70,43 23,21 25,14 5,34 0,8501 408  3 244976,078125 1
40,51 5118 1740 159,02 66,72 23,37 25,14 5,34 0,9161 409  3 239476,140625 1
41,2 5004 1721 154,77 64,9 23,62 25,14 5,34 0,9812 410  3 237642,140625 1
41,69 5113 1712 145,72 61,89 23,75 25,14 5,34 1,0294 410  3 234539,625 1
42,11 4989 1693 143,08 60,79 24,02 25,14 5,34 1,1059 411  3 231203,4375 1
42,53 5044 1715 140,44 61,33 23,71 25,14 5,34 1,2284 411  3 230890,640625 1
42,86 4846 1674 135,58 61,02 24,32 25,14 5,34 1,2822 412  3 228418,46875 1
43,09 4819 1670 135,95 60,18 24,38 25,14 5,34 1,3365 412  3 225849,140625 1
43,32 4928 1691 137,62 60,36 24,06 25,14 5,34 1,3819 412  3 224807,90625 1
43,63 4810 1669 129,97 59,49 24,39 25,14 5,34 1,4118 412  3 225104,421875 1
43,73 5004 1696 129,62 58,73 23,99 25,14 5,34 1,4417 412  3 221741,015625 1
43,73 4864 1668 129,62 59,31 24,4 25,14 5,34 1,4779 412  3 221597,0625 1
43,81 4721 1656 129,22 59,57 24,58 25,14 5,34 1,5231 412  3 221309,703125 1
43,89 4545 1632 127,48 59,61 24,98 25,14 5,34 1,5528 412  3 221885,15625 1
43,92 4627 1643 128,96 59,43 24,79 25,14 5,34 1,5965 412  3 221453,28125 1
44,0 4656 1647 127,14 58,61 25,21 25,14 5,34 1,6162 412  3 221597,0625 1
43,99 4472 1621 121,67 57,8 25,15 25,14 5,34 1,6217 412  3 220452,09375 1
32,8 197 653 279,65 367,23 78,44 25,14 5,34 0,3036 400  2 315951,875 1
32,81 541 879 260,11 285,97 56,85 25,14 5,34 0,3052 400  2 310491,21875 1
33,41 2206 1337 233,97 147,46 31,21 25,14 5,34 0,3522 400  2 292154,0625 1
35,04 3769 1517 207,41 110,03 27,02 25,14 5,34 0,4949 401  2 280164,15625 1
36,56 4541 1631 190,13 92,9 25,0 25,14 5,34 0,5756 402  2 270398,71875 1
37,82 4938 1686 180,29 82,38 24,13 25,14 5,34 0,6531 404  2 253528,09375 1
38,93 5101 1734 169,52 75,7 23,45 25,14 5,34 0,7263 407  2 250000,0 1
39,78 4898 1729 161,57 71,11 23,52 25,14 5,34 0,7916 410  3 244274,8125 1
40,54 5091 1730 159,55 68,46 23,49 25,14 5,34 0,867 411  3 240827,84375 1
41,15 5051 1717 153,0 64,37 23,68 25,14 5,34 0,9434 413  3 235999,078125 1
41,69 5139 1699 147,41 62,65 23,94 25,14 5,34 1,0253 414  3 234217,75 1
42,19 5114 1738 142,4 61,21 23,38 25,14 5,34 1,0986 415  3 232780,171875 1
42,5 5042 1714 138,37 61,48 23,72 25,14 5,34 1,2189 416  3 230267,59375 1
42,86 4960 1689 138,83 59,53 24,08 25,14 5,34 1,2667 416  3 227202,125 1
43,12 4802 1737 134,21 59,39 23,4 25,14 5,34 1,3083 416  3 225252,96875 1
43,36 4787 1666 135,03 60,83 24,44 25,14 5,34 1,3486 416  3 224364,59375 1
43,65 4900 1681 130,72 58,87 24,2 25,14 5,34 1,3947 416  3 223190,9375 1
43,65 4736 1658 127,66 59,67 24,55 25,14 5,34 1,4259 417  3 223483,1875 1
43,74 4763 1649 128,35 59,05 24,7 25,14 5,34 1,4623 417  3 223336,96875 1
43,88 4724 1657 125,01 59,61 24,58 25,14 5,34 1,4899 417  3 220880,0625 1
43,89 4683 1651 126,62 59,07 24,67 25,14 5,34 1,5461 417  3 219318,90625 1
43,93 4589 1638 124,58 59,05 24,88 25,14 5,34 1,5664 417  3 223483,1875 1
43,94 4589 1638 123,49 59,33 24,88 25,14 5,34 1,6108 417  3 219742,484375 1
44,0 4450 1646 123,95 60,34 24,75 25,14 5,34 1,6339 417  3 221023,09375 1
32,88 179 666 274,12 361,44 77,49 25,14 5,34 0,3223 400  2 313917,84375 1
32,85 376 827 268,43 299,44 63,76 25,14 5,34 0,3186 400  2 311909,84375 1
33,55 2075 1295 237,15 152,58 32,43 25,14 5,34 0,3626 400  2 294422,09375 1
35,09 4154 1575 209,1 112,06 25,94 25,14 5,34 0,5127 401  2 281087,03125 1
36,62 4518 1628 191,81 92,49 25,05 25,14 5,34 0,5849 402  2 269757,625 1
37,89 4685 1651 180,35 83,17 24,67 25,14 5,34 0,6666 404  2 254473,15625 1
37,89 5090 1691 171,54 74,86 24,07 25,14 5,34 0,7553 407  3 249087,8125 1
39,83 5082 1728 163,44 71,86 23,53 25,14 5,34 0,8503 410  3 243751,484375 1
40,61 5133 1745 151,45 65,27 23,3 25,14 5,34 0,9143 412  3 241168,15625 1
41,22 5107 1736 149,16 63,16 23,41 25,14 5,34 0,9867 413  3 237146,828125 1
41,73 5035 1726 149,21 61,43 23,55 25,14 5,34 1,0587 414  3 231674,203125 1
42,2 4928 1685 142,79 62,93 24,15 25,14 5,34 1,2002 415  3 231046,9375 1
42,58 5100 1734 137,76 60,92 23,45 25,14 5,34 1,2421 416  3 229957,328125 1
42,86 4856 1675 139,02 62,21 24,29 25,14 5,34 1,2809 416  3 225550,65625 1
43,11 4996 1699 137,8 59,71 23,94 25,14 5,34 1,3256 416  3 226148,40625 1
43,35 5049 1728 132,32 59,83 23,52 25,14 5,34 1,3554 417  3 224956,0625 1
43,54 4989 1651 131,25 59,37 24,67 25,14 5,34 1,3891 417  3 223776,21875 1
43,66 4863 1676 130,19 59,75 24,28 25,14 5,34 1,4328 417  3 223629,609375 1
43,76 4652 1633 132,01 58,61 24,95 25,14 5,34 1,4588 417  3 222753,96875 1
43,84 4735 1658 126,88 59,57 24,55 25,14 5,34 1,5275 417  3 222174,0 1
43,89 4871 1677 128,65 59,25 24,26 25,14 5,34 1,5463 417  3 221453,28125 1
43,91 4407 1612 125,51 59,55 25,3 25,14 5,34 1,56 417  3 220880,0625 1
43,97 4621 1642 126,45 59,25 24,8 25,14 5,34 1,5735 417  3 220309,8125 1
43,99 4276 1634 125,6 59,13 24,93 25,14 5,34 1,6117 417  3 219601,109375 1
32,97 178 665 278,05 359,36 77,57 25,14 5,34 0,3327 400  2 315368,03125 1
32,97 329 811 271,9 321,6 66,32 25,14 5,34 0,3272 400  2 311909,84375 1
33,67 1846 1257 230,66 158,69 33,63 25,14 5,34 0,4335 400  2 294930,875 1
35,31 3870 1533 204,13 113,09 26,72 25,14 5,34 0,5101 400  2 280855,71875 1
36,83 4424 1614 191,87 92,62 25,27 25,14 5,34 0,599 402  2 262901,15625 1
36,83 4861 1676 179,62 83,56 24,29 25,14 5,34 0,6789 404  2 254663,015625 1
39,16 5182 1733 167,3 74,4 23,45 25,14 5,34 0,7726 407  3 248182,265625 1
39,98 5173 1705 165,33 70,7 23,85 25,14 5,34 0,853 410  3 242366,859375 1
40,71 5123 1741 153,2 66,32 23,34 25,14 5,34 0,9263 411  3 239981,25 1
41,34 5173 1758 156,51 64,72 23,12 25,14 5,34 0,9941 413  3 236817,765625 1
41,87 5035 1740 145,03 63,01 23,35 25,14 5,34 1,1119 415  3 231831,5625 1
42,3 5136 1746 144,49 61,56 23,28 25,14 5,34 1,2001 415  3 232304,90625 1
42,67 5042 1714 139,26 60,16 23,72 25,14 5,34 1,2503 416  3 226749,328125 1
42,95 4951 1688 138,55 60,96 24,1 25,14 5,34 1,298 416  3 226749,328125 1
43,21 5004 1702 134,62 61,18 23,82 25,14 5,34 1,3458 416  3 225699,796875 1
43,4 5006 1696 131,29 60,1 23,98 25,14 5,34 1,39 416  3 223336,96875 1
43,57 4997 1700 129,57 59,95 23,93 25,14 5,34 1,4358 417  3 221309,703125 1
43,75 4659 1690 129,66 58,71 24,07 25,14 5,34 1,4708 417  3 220737,234375 1
43,85 4785 1655 126,88 59,41 24,6 25,14 5,34 1,5271 417  3 221453,28125 1
43,91 4723 1657 126,8 60,04 24,58 25,14 5,34 1,5753 417  3 221597,0625 1
44,01 4925 1685 126,03 58,81 24,15 25,14 5,34 1,5904 417  3 220594,578125 1
44,03 4719 1656 123,95 59,39 24,58 25,14 5,34 1,5905 417  3 220452,09375 1
44,07 4536 1598 124,5 59,67 25,53 25,14 5,34 1,6103 417  3 220025,78125 1
44,02 4477 1622 121,67 59,13 25,13 25,14 5,34 1,6078 417  3 219318,90625 1
33,13 181 669 272,0 355,37 77,23 25,14 5,34 0,3484 400  2 311909,84375 1
33,08 289 793 273,75 337,67 68,74 25,14 5,34 0,3791 400  2 310773,90625 1
33,88 1725 1251 226,41 165,1 33,82 25,14 5,34 0,4484 400  2 295185,9375 1
33,88 3832 1527 203,79 114,86 26,83 25,14 5,34 0,5348 400  2 269971,0 1
35,48 4635 1644 193,18 94,26 24,78 25,14 5,34 0,6217 402  2 262295,09375 1
38,25 4904 1682 180,47 84,62 24,2 25,14 5,34 0,7046 404  2 252216,75 1
39,23 5173 1762 167,35 75,6 23,06 25,14 5,34 0,7773 407  3 247104,25 1
40,12 5110 1737 155,61 68,16 23,4 25,14 5,34 0,8425 410  3 241509,4375 1
40,85 5086 1729 151,81 64,37 23,51 25,14 5,34 0,9171 412  3 239812,640625 1
41,48 5060 1720 149,72 64,2 23,63 25,14 5,34 0,9804 413  3 235836,015625 1
41,95 5002 1695 146,96 64,07 23,99 25,14 5,34 1,1476 415  3 233098,109375 1
42,41 5124 1741 145,18 62,27 23,34 25,14 5,34 1,1921 415  3 231046,9375 1
42,79 4942 1687 139,64 60,71 24,11 25,14 5,34 1,2524 416  3 226900,0625 1
43,05 5050 1717 137,48 59,81 23,68 25,14 5,34 1,3197 416  3 226298,34375 1
43,36 4910 1694 137,76 60,1 24,02 25,14 5,34 1,3706 417  3 224659,9375 1
43,5 4949 1688 132,86 60,34 24,1 25,14 5,34 1,401 417  3 222608,703125 1
43,63 5097 1733 134,67 59,75 23,45 25,14 5,34 1,4329 417  3 222318,71875 1
43,81 4990 1650 127,36 58,97 24,68 25,14 5,34 1,4717 417  3 220025,78125 1
43,88 4830 1682 127,79 58,61 24,18 25,14 5,34 1,5477 417  3 220452,09375 1
43,98 4838 1673 127,7 59,71 24,33 25,14 5,34 1,5882 417  3 220737,234375 1
44,02 4546 1632 123,37 58,23 24,97 25,14 5,34 1,5898 417  3 219884,046875 1
44,09 4609 1641 125,35 59,29 24,83 25,14 5,34 1,6239 417  3 220025,78125 1
44,1 4654 1644 124,16 58,81 24,77 25,14 5,34 1,6188 417  3 218896,96875 1
44,1 4601 1619 121,58 59,49 25,17 25,14 5,34 1,6318 417  3 218476,640625 1
33,23 194 686 275,42 354,17 76,01 25,14 5,34 0,3721 400  2 311625,0625 1
33,21 259 762 265,99 303,93 61,83 25,14 5,34 0,4027 400  2 313054,125 1
33,21 2048 1226 228,49 169,81 34,67 25,14 5,34 0,4666 400  2 294676,25 1
34,09 3730 1511 207,55 117,02 27,13 25,14 5,34 0,5656 401  2 269971,0 1
35,74 4729 1657 192,33 95,65 24,57 25,14 5,34 0,6472 402  2 260692,46875 1
38,42 5050 1717 178,71 83,22 23,68 25,14 5,34 0,7245 404  2 252777,09375 1
39,4 5244 1782 164,38 70,89 22,8 25,14 5,34 0,7997 407  3 246035,5625 1
40,24 5155 1752 155,92 68,53 23,19 25,14 5,34 0,8849 410  3 241680,4375 1
40,93 5094 1732 152,79 66,43 23,47 25,14 5,34 0,9693 412  3 238639,015625 1
41,51 5086 1729 147,41 64,26 23,51 25,14 5,34 1,1102 414  3 235999,078125 1
42,04 5151 1715 148,31 61,87 23,7 25,14 5,34 1,1703 415  3 231360,140625 1
42,5 5233 1778 143,86 62,33 22,84 25,14 5,34 1,2579 416  3 227656,734375 1
42,5 5116 1739 141,83 62,14 23,37 25,14 5,34 1,2944 416  3 225401,71875 1
43,11 5109 1737 134,67 61,1 23,4 25,14 5,34 1,3365 416  3 225550,65625 1
43,35 4965 1715 137,94 60,85 23,7 25,14 5,34 1,3834 417  3 223776,21875 1
43,52 5015 1706 129,97 59,65 23,84 25,14 5,34 1,4313 417  3 222463,609375 1
43,7 5041 1714 132,86 59,65 23,72 25,14 5,34 1,4623 417  3 220880,0625 1
43,86 4624 1643 129,97 59,73 24,79 25,14 5,34 1,5144 417  3 220737,234375 1
43,95 4838 1681 128,65 60,57 24,2 25,14 5,34 1,5366 417  3 220452,09375 1
43,98 4833 1672 127,31 59,87 24,34 25,14 5,34 1,56 417  3 221023,09375 1
44,09 4853 1675 126,15 59,19 24,29 25,14 5,34 1,572 417  3 219601,109375 1
44,17 4560 1634 128,57 59,55 24,94 25,14 5,34 1,6115 417  3 217918,703125 1
44,17 4856 1659 126,75 58,97 24,53 25,14 5,34 1,6273 417  3 218197,3125 1
44,1 4461 1620 124,04 59,07 25,17 25,14 5,34 1,6334 417  3 218896,96875 1
33,39 197 689 271,17 352,26 75,75 25,14 5,34 0,3867 400  2 311340,84375 1
33,39 222 720 266,17 347,76 73,6 25,14 5,34 0,4193 400  2 311057,09375 1
33,42 1402 1213 230,35 173,82 35,15 25,14 5,34 0,4861 400  2 282015,96875 1
34,33 3865 1532 214,4 120,93 26,73 25,14 5,34 0,5557 400  2 268695,875 1
37,41 4660 1648 193,05 96,65 24,72 25,14 5,34 0,6306 401  2 260294,859375 1
38,61 5137 1700 181,45 84,47 23,93 25,14 5,34 0,7143 403  3 250918,890625 1
39,6 5077 1726 160,64 70,53 23,55 25,14 5,34 0,8093 406  3 247642,078125 1
40,36 5212 1771 159,93 67,06 22,94 25,14 5,34 0,8792 409  3 242539,078125 1
41,11 5092 1731 153,78 66,34 23,48 25,14 5,34 1,0387 412  3 237807,703125 1
41,75 5116 1739 147,61 64,79 23,37 25,14 5,34 1,0959 413  3 236982,1875 1
42,19 5189 1756 145,57 62,63 23,14 25,14 5,34 1,1559 413  3 228265,71875 1
42,19 5029 1710 140,25 61,79 23,77 25,14 5,34 1,2218 414  3 226148,40625 1
42,99 5061 1721 138,32 61,16 23,62 25,14 5,34 1,2717 414  3 225849,140625 1
43,25 5015 1706 141,01 61,35 23,84 25,14 5,34 1,3089 415  3 225252,96875 1
43,49 4984 1693 135,49 61,08 24,02 25,14 5,34 1,3892 415  3 221023,09375 1
43,66 5023 1708 131,29 59,75 23,8 25,14 5,34 1,4204 415  3 222608,703125 1
43,81 4892 1680 134,03 60,3 24,21 25,14 5,34 1,4744 415  3 220167,703125 1
43,94 4999 1669 129,53 58,97 24,38 25,14 5,34 1,5248 415  3 219742,484375 1
44,03 4752 1661 130,28 59,49 24,51 25,14 5,34 1,5763 415  3 218057,921875 1
44,16 4848 1674 128,39 58,91 24,3 25,14 5,34 1,5931 415  3 217918,703125 1
44,13 4744 1659 129,48 59,85 24,53 25,14 5,34 1,607 415  3 218616,5625 1
44,16 4728 1657 123,28 61,21 24,56 25,14 5,34 1,627 415  3 216949,15625 1
44,24 4486 1623 126,58 59,03 25,11 25,14 5,34 1,6415 415  3 217087,125 1
44,23 4354 1604 120,93 59,01 25,42 25,14 5,34 1,6484 415  3 216124,953125 1
